year,vrs-13 (vostok stack),B31 3.43W,B32 0.00667E,B33 6.4983E,FB96DML01,FB96DML02,FB97DML03,FB97DML04,FB97DML05,FB97DML06,FB97DML07,FB97DML08,FB97DML09,FB97DML10,FB9803,FB9804,FB9805,FB9807,FB9808,FB9809,FB9810,FB9811,FB9812,FB9813,FB9814,FB9815,FB9816,FB9817,SPOLE 0EW,D66 136.9352E,LGB65 77.07472E,GV2 145.2631 E,ITASE-02-7,ITASE-02-4,Law Dome (2015),105 km,200 km,BerknerR25 45.716W,Gomez,"JRI (Aristarain et al., 2004)",Dyer Plateau,Bruce Plateau,Beethoven,Ferrigno,Bryan coast,DIV2010,THW2010,PIG2010,WD05A 112.125W,WD05Q 112.086W,WAIS 2014,CWA-A,CWA-D,SDM-94,UP-C,RIDS-A,RIDS-B,RIDS-C,ITASE-99-1,ITASE-00-1,ITASE-00-3,ITASE-00-4,ITASE-00-5,ITASE-01-1,ITASE-01-2,ITASE-01-3,ITASE-01-4,ITASE-01-5,Hercules Neve 165.4 E,Talos Dome 159.07575E,GV7 158.8624E,GV5 158.5369 E,RICE,Fimbulisen s20,Fimbulisen s100,Ekstroem B04,FB9802,Derwael Ice Rise,H72 41.08333E
2010,,,,,,,,,,,,,,,,,,,,,,,,,,,,,,,,,,,606.0,,,,,,,,,844.879500971075,696.382330792881,288.4,187.9,467.0,,,,,,,,,,,,,,,,,,,,,,78.0,,,247.029114461913,,,,,641.013390305568,
2009,,,,,,,,,,,,,,,,,,,,,,,,,,,,,,,,,,,864.0,,,,,,,2513.0,,300.9004217165,427.390451825377,367.6,238.5,297.7,,,,,,,,,,,,,,,,,,,,,,45.0,,,170.849706890251,,,,,823.889134153408,
2008,,,,,,,,,,,,,,,,,,,,,,,,,,,,,,,,,,,837.0,,,,,,,3296.9,,602.093643806874,588.967933779675,372.4,291.5,407.0,,,,,,,,,,,,,,,,,,,,,,51.0,,,214.9099486795,,,,,650.592241791329,
2007,,,,,,,,,,,,,,,,,,,,,,,,,,,,,,,,,,,572.0,,,,,,,2050.2,,431.91087843185,456.923398435928,522.7,266.8,414.9,,,,,,,,,,,,,,,,,,,,,,52.0,,,200.128333832015,,,,,286.662710542812,
2006,,,,,,,,,,,,,,,,,,,,,,,,,,,,,,,,,,,674.0,,,,1779.0,,,3238.5,,391.992629198425,645.067017888029,369.9,278.7,384.5,,,,,,,,,,,,,,,,,,,,,,90.0,,,208.239023313527,,,,,418.971173637981,
2005,,,41.8,,,,,,,,,,,,,,,,,,,,,,,,,,,,,,,,725.0,,,,874.855943414623,,,2199.7,,412.33971550693,568.909842316813,449.6,399.3,534.4,,,146.396225223096,,,,,,,,,,,,,,,,,,,52.0,,,163.341796660594,,,,,660.950408637193,
2004,,,57.8,,,,,,,,,,,,,,,,,,,,,,,,,,,,,,,,762.0,,,,1359.04918924571,,,2658.9,,392.458813932745,528.643251730612,483.1,279.7,456.8,204.0,141.0,167.698015402982,,,,,,,,,,,,,,,,,,,60.0,352.0,151.0,204.700054095977,,,,,680.821953746457,
2003,,,44.9,,,,,,,,,,,,,,,,,,,,,,,,,,,153.0,,46.0,,,657.0,,,,1089.4942252134,,,3165.4,,322.189423582984,398.069129165105,457.6,275.2,482.7,199.0,223.0,162.618867956736,,,,,,,,,,,,,,,,,,,62.0,113.0,109.0,282.877569511845,,,,,666.402039144575,
2002,,,29.7,,,,,,,,,,,,,,,,,,,,,,,,,,,242.0,,139.0,56.5370628,108.91943888,752.0,,,,876.494227018416,,,2023.6,,392.854144885952,674.583745075474,494.5,208.8,434.2,237.0,193.0,232.203695480704,,,,,,,,,,,,,,,,,,,125.0,290.0,145.0,207.0647902079,,,,,621.127021888685,
2001,,,68.4,,,,,,,,,,,,,,,,,,,,,,,,,,,179.84379,,109.8245,57.4918416,76.4205396906666,1105.0,,,,1137.89662073226,,,3124.6,,282.238665780852,514.761894511678,317.3,311.7,355.4,150.0,201.0,200.103593299684,,,,,,,,,,,,,257.66812469,429.27531,288.75571,313.760552,429.894524,,80.0,173.745971235273,91.7221864367871,251.453318218775,,,,,891.221013265391,
2000,,,33.4,,,,,,,,,,,,,,,,,,,,,,,,,,,217.62758,,131.7894,58.44662,77.2508095359999,643.0,,,,1082.42351816787,,,2822.6,,584.905227934267,811.574192293586,523.1,325.6,512.3,282.0,232.0,182.6926577867,,,,,,,,,270.916794,371.982271723636,388.035664,192.367529,457.655399017081,625.451211,487.030476,324.187022219355,506.989458,,82.0,272.310046884759,119.018964866589,171.784663092486,,,,,490.348621389029,
1999,10.49429375,,42.2,,,,,,,,,,,,,,,,,,,,,,,,,,,181.72119,,90.49078,81.9230767999999,51.9618008213333,437.0,,,,1176.56380984002,,,2944.4,,524.838855202894,565.826067693428,407.8,269.3,459.4,216.0,172.0,239.07730359279,,,,,,,,,264.19241,226.042647168755,179.199611,154.109229,296.648047831906,491.876617,333.986477,320.687424000101,383.204694,,82.0,290.294190653998,176.331560530905,184.311923310391,,323.0,,,466.088860584177,223.2
1998,26.85913125,,61.0,,,,,,,,,,,,,,,,,,,,,,,,,,,196.1445,,134.9376,60.7142192,52.330809536,695.0,,,,1285.09338063264,,,2831.7,,626.118889143907,491.43222588088,395.5,288.1,423.9,122.0,191.0,215.392159600249,,,,,,,,95.2175714285714,293.49049,117.323579132609,167.003601,165.66163,420.384244001663,522.742262,391.197326,377.887874585938,503.088259,,82.0,237.750305743291,123.320189865494,159.72095829968,,290.0,,,495.67953656728,215.892632995803
1997,9.02589375,,58.1,,,,,,,,,,,,323.4,,67.5,84.0,112.9,73.0,112.0,88.1,,46.9,104.4,32.8,39.0,119.5,,239.7185,,139.1544,70.5279358940476,130.336088888616,786.0,,,,1047.49833851708,679.0,,1526.6,,323.494723298665,389.460144015903,395.4,268.7,318.3,185.0,179.0,211.865519183052,,,,,,,,89.3288571428571,259.133205,120.606412365217,108.241008,107.498473,324.1287968428,446.450044,310.789582,331.29318139375,375.28722,,82.0,233.147395783614,142.704801351256,134.35286326274,,248.0,,152.4,587.586518838791,206.992057279976
1996,19.5846166666667,,72.4,,,,,,71.3,48.5,58.7,59.2,,46.9,323.7,47.2,70.9,90.1,82.8,87.0,119.7,59.3,41.0,53.8,69.5,34.8,44.1,62.9,,228.64757,144.0,115.9893,87.8930227173809,199.925229179487,878.0,,,,935.38198107618,500.0,,2687.4,,445.009730756854,521.501619580977,368.2,369.8,354.8,166.0,178.0,191.635750661788,,,,79.704,,,,121.249142857143,155.771442,165.24274566087,190.664439,100.631373,256.859039237707,470.825952,301.115999,301.574881642996,410.540946,,37.8,231.570398806125,250.03169295183,162.704765536921,359.4,231.0,,106.7,801.19625039663,341.189442353516
1995,6.593875,,47.1,,,58.6,88.0,52.2,30.9,48.5,58.7,74.7,44.2,46.9,169.0,59.7,54.2,111.5,86.6,78.4,76.3,47.9,41.0,41.5,115.5,63.2,68.4,48.8,,236.18685,119.0,150.3565,65.0913633438095,175.150226753283,663.0,,,,833.169435898375,349.0,,2673.1,,435.129250866273,522.24587259105,401.4,259.5,397.6,134.0,171.0,180.853345304143,,,,121.716,208.069291338583,135.680838709677,151.6,139.334142857143,274.483552,219.935868826087,103.369233,89.542276,342.967332164461,333.000641,315.284518,326.364641805589,343.907171,,155.4,251.999381805788,78.6327831893729,219.445017088948,349.5,153.0,,204.5,421.903614790066,267.828778604806
1994,15.5274916666667,,52.2,,,47.9,88.0,52.2,85.4,48.5,58.7,62.7,44.2,46.9,222.8,48.6,93.2,85.6,131.7,121.7,122.4,34.1,46.8,50.0,42.9,51.0,46.9,89.0,,167.826605,164.0,104.1908479,66.0759233616666,119.140088175609,562.0,,,,815.45623817454,399.0,,2472.3,,283.51167874813,341.440174183825,399.3,286.2,436.9,250.0,234.0,150.946960683515,,,115.2785046,95.1555000000001,229.191496062992,193.922677419355,89.3,118.480714285714,220.833516,275.670543545652,157.746971,92.067807,413.524006902343,532.040877,312.34133,365.12758326,393.513724,,70.0,222.187924833198,143.750556768072,200.04377497281,328.3,205.0,,97.2,495.432970515076,412.032798130431
1993,11.2330166666667,,54.5,,41.7,68.4,88.0,52.2,78.9,48.5,58.7,99.3,44.2,46.9,176.3,47.9,76.5,74.4,124.2,106.4,89.8,52.8,35.1,63.6,48.0,67.3,44.1,76.8,,227.98934,141.0,131.4070602,50.2030597092857,122.423580760975,729.0,,,,993.3642481757,668.0,,2632.2,,344.396270575145,432.285800852842,409.5,351.6,461.6,357.0,222.0,218.223894427287,95.2743562500001,196.2325005,123.9700936,90.4267166999998,240.784881889764,154.913929032258,148.6,177.398571428571,298.853769,280.936476455434,235.872827,118.087325,426.840310526247,555.302502,425.380459,304.415869164705,260.02127,,94.0,293.132045351799,107.723257957901,290.453558221101,272.7,197.0,,148.2,570.74696926653,270.23638610617
1992,13.9562791666667,,,,41.1,59.2,88.0,52.2,78.9,48.5,58.7,54.9,44.2,46.9,224.0,41.9,36.5,61.0,90.1,101.2,72.6,92.0,34.5,33.1,106.8,57.9,53.9,68.1,,246.4911,136.0,140.33328,50.4189230599996,95.8655521232492,780.0,,,134.1,965.605731351302,606.0,,2742.5,,466.198318553496,474.763862876769,593.4,315.9,495.2,191.0,276.0,275.702861223457,41.5910585700003,318.29329022,158.7476634,126.9529413,304.107086614173,190.286235483871,129.1,172.956,271.625715,435.49353360326,246.388139,130.450939,430.650035676623,607.431024,430.331145,430.066203616911,382.383305,81.73116,94.8,390.077412582868,105.820071511038,280.112528210644,412.0,347.0,,100.5,868.654522885483,366.043449191132
1991,21.35785,,,,41.1,58.5,85.8,52.2,82.5,48.5,58.7,,44.2,46.9,216.8,51.8,29.6,45.3,47.7,96.9,127.8,46.4,53.7,42.3,40.8,51.8,42.2,61.9,92.0,179.982,116.0,113.44858,38.7659491279998,141.831556525532,878.0,,,156.3,788.605253803366,349.0,,1696.9,916.582281767669,365.075096992278,306.449037326487,356.2,272.7,373.6,184.0,195.0,262.875072189624,60.53238714,110.56272559,123.4609346,85.2705881999999,230.675118110236,191.019138709677,82.2,167.8,315.110077,340.965703523912,154.283249,136.341774,325.004052161851,381.994498,361.885722,282.1704165625,361.667588,99.89364,117.6,302.068679417874,146.049189606142,134.645003478348,104.8,304.0,,91.4,500.695229762565,412.562062923716
1990,13.7353,70.4,63.1,60.4,41.2,58.1,89.0,51.7,55.5,47.9,58.7,59.4,44.2,46.4,201.7,62.4,40.3,94.5,99.7,60.1,75.5,56.7,34.7,51.0,28.6,51.4,37.4,29.5,132.5603759,211.68708,116.0,137.70176,63.9815827930006,117.729072555319,754.0,,,158.2,789.008456167977,1068.0,,1877.0,739.63283640388,344.925642700688,411.792145170539,253.9,267.6,330.1,182.0,177.0,234.094650838868,167.26433995,112.47865587,72.5876636,182.8875,232.200570866142,153.613438709677,94.4,178.122,260.691692,282.638137191303,205.934806,82.112813,263.781530928525,481.370648,273.96426,283.890142107581,395.772208,172.2084,130.2,220.015912241537,101.010068260537,129.105188955131,332.0,262.0,,71.1,538.0198057347,280.192523147735
1989,29.881625,85.3,93.2,54.6,41.0,71.3,88.0,52.4,124.9,49.1,58.7,43.6,44.2,,163.6,57.3,37.5,63.2,47.0,103.3,118.4,64.4,41.0,51.3,86.6,51.0,68.8,110.0,44.3733934,248.88428,186.0,131.05915,62.1766152210005,120.388591704256,861.0,,,139.8,1273.56108589576,877.0,852.0,2964.2,1083.1381351011,456.729845065549,663.786920786053,391.3,241.4,435.0,181.0,166.0,164.899743326883,51.0864788000001,151.426185000001,93.5618692000001,163.2772059,206.5695,152.053519354839,45.6,179.8905946,195.423038,234.511378093478,157.019696,102.230404,341.270523447251,472.692332,393.557562,417.455074827449,369.612915,92.1648,94.5,189.742686409636,66.0617043497538,235.918397816683,58.0,188.0,,66.1,675.866793999757,306.240598808807
1988,20.6977333333333,63.6,99.4,37.9,41.4,38.6,90.2,52.2,59.6,48.5,58.7,49.0,44.2,,169.0,51.3,49.4,48.4,103.8,150.3,103.4,58.3,41.0,51.3,96.4,57.9,57.2,76.6,162.8489254,165.15905,191.0,117.39825,56.7451848299994,162.343453914894,703.0,,433.803113605656,112.1,855.792582827782,518.0,517.0,2136.0,1149.51971068091,467.166762839008,520.207208607286,451.7,339.8,494.7,198.0,233.0,188.342542561742,98.78087055,200.6461308,111.8792524,65.8111764000001,210.5715,128.683093548387,111.3,202.398440511247,184.002171,421.816131026088,252.362792,98.722453,407.998804930403,405.162352,323.228478,380.219965830303,353.093784,74.6699,70.0,212.067578104914,108.375208691221,216.44033597301,158.3,300.0,,139.7,931.933590477044,172.029410602661
1987,26.56765,66.9,67.7,40.6,41.1,54.4,106.4,52.2,45.1,48.5,58.7,49.7,44.2,,158.2,64.3,46.9,86.3,81.5,90.3,107.9,81.6,30.2,51.9,55.1,56.6,37.3,50.4,105.7674048,170.3988,166.0,126.79011,63.3136353499988,77.1804504638298,707.0,,395.946932530725,155.3,733.79107821911,472.0,502.0,1542.8,1058.63539795694,396.32010469995,552.250471128191,390.0,217.7,391.3,181.0,217.0,240.455612722797,162.35376186,252.63327306,82.5106544000001,110.320588199998,184.8326,139.393938709678,58.1,122.829206059612,200.321502,318.134601891304,142.756677,104.501466,293.948042347158,528.944774,345.815785,327.208861077584,328.140737,134.1626,140.25,250.703586792275,147.784375488028,199.053276333611,165.2,286.0,,147.2,631.546041728414,273.998393591462
1986,6.944025,53.6,44.7,58.2,,69.0,97.2,52.2,71.3,48.5,58.8,56.7,44.2,47.5,231.3,45.1,56.4,101.8,51.6,72.7,91.7,56.1,30.2,44.8,32.9,40.0,47.4,52.6,95.7580954000001,262.71905,114.0,139.28565,87.0572103787012,106.820440353192,814.0,,188.8676448675,94.4,714.916884842165,737.0,511.0,1906.7,889.213092025206,244.020797227035,261.433157015427,350.4,251.4,397.3,197.0,197.0,179.336530131762,82.2933927199997,191.784481079997,52.0502803,111.114705899999,276.4227,172.917077419355,105.4,82.5672994674603,190.814617,318.712635845652,169.320313,187.193406,377.555826389686,477.858483,241.71571,336.709653977097,221.761419,189.5969,93.9999999999999,242.182408923741,167.339314965158,193.360842304327,261.8,226.0,,82.3,603.123848636077,322.394007512262
1985,23.1670375,53.5,39.9,65.6,41.2,77.8,111.9,52.2,102.1,48.5,57.6,57.6,44.2,46.9,120.2,43.0,39.0,60.6,40.8,64.3,133.5,56.7,30.4,58.1,46.5,49.5,64.3,84.5,64.6660200000001,280.97705,145.0,128.81882,94.2783656467996,88.4777196786304,766.0,,238.427442424421,122.8,997.890882203358,329.0,605.0,2273.3,1168.70683621862,518.743979965326,771.640308052588,382.2,281.3,544.2,228.0,190.0,159.10989731687,78.2419006100001,251.357730209996,59.5054204,67.0499999999996,252.4672,153.505216129032,126.5,146.392119827668,254.123851,355.391675530435,162.102009,109.220654,500.887501991446,537.603206,349.43836,455.160904210645,475.414231,115.2567,43.0500000000001,197.547190416131,131.269628323263,196.475879597875,202.0,319.0,,110.4,511.919969837839,280.610540029994
1984,24.3512041666667,73.6,56.6,59.4,41.7,64.1,93.0,51.9,47.9,48.5,59.1,51.7,44.2,46.9,157.5,35.2,69.9,82.6,69.1,61.3,143.4,57.0,55.4,68.2,71.7,55.6,51.3,64.7,164.1335474,130.829,130.0,118.90968,123.8989573638,79.9748599163046,908.0,,328.25163373374,173.1,1064.43581634346,588.0,340.0,2302.1,1342.79128914322,346.042638498014,637.277197133905,505.0,380.8,496.2,247.0,238.0,235.972490734776,261.38164077,249.457965639993,137.131499,89.8447058999994,246.7586,114.586312903226,63.9,117.193385118108,379.624671,447.665899265217,168.808993,139.478467,397.914007923,562.985857,308.865913,410.828110414146,475.971302,77.0964000000002,59.4499999999999,153.05384440626,111.074300888914,244.382280952004,266.3,158.0,,178.8,543.267466243063,393.343473245946
1983,38.119534625,83.2,68.0,65.1,40.8,44.2,117.1,,52.9,48.5,53.3,,43.9,46.9,234.4,36.9,40.1,70.1,58.4,94.9,122.8,57.2,58.5,45.3,91.8,26.2,43.3,86.1,49.9616399999999,182.449982,130.0,127.89562,130.45603241,80.4064966097828,726.0,,288.573529900939,210.9,943.443576994725,495.0,571.0,2447.9,1305.30653617035,356.357746152956,484.195138964871,471.9,281.4,373.7,162.0,176.0,258.813142753376,187.372847400001,196.982422159999,79.2479999999999,90.3529413000001,243.3696,178.081,80.5,184.88291362558,363.821902,374.990486001087,210.293137,109.602524,342.869113724954,531.709153,345.908514,378.042722206288,350.81872,155.2121,73.8000000000001,305.281866416867,214.395105873417,196.920839215777,177.8,217.0,,145.4,672.601401122095,369.204925107299
1982,17.316484875,61.7,48.4,70.9,26.3,39.6,72.2,52.2,72.4,48.4,70.8,59.6,,46.9,143.4,68.1,39.2,117.5,53.1,39.5,86.0,57.4,41.0,55.3,80.3,39.5,36.5,38.9,25.0908126,123.90888,222.0,121.55625,124.057431249999,50.4732512032608,690.0,,202.73533006104,134.8,1104.40427551216,757.0,509.0,2022.3,1024.41236590872,356.467728868485,509.079568727981,409.8,287.4,492.9,224.0,232.0,193.415337036034,74.5250418200003,226.850380419997,116.452594,125.065146900001,240.9796,139.284,138.4,110.809824175108,304.181069,288.59652966087,247.196305,127.195007,301.027519479257,475.889178,362.39195,363.041656874999,380.020525,146.4344,49.4999999999999,267.980753527054,85.1686485081245,261.88476676741,125.4,195.0,,119.5,671.368152633531,444.517773159657
1981,36.1632233333333,58.8,48.8,56.5,34.6,35.7,93.2,38.1,45.7,,52.2,40.7,44.5,46.9,145.2,56.1,44.2,52.4,109.1,100.7,75.3,57.6,41.0,55.8,56.6,50.5,72.6,50.3,67.2532318000001,200.48656,146.0,136.143,170.6428974275,50.6713690532608,1082.0,378.05430510075,304.436181996438,160.4,906.092549528183,886.0,665.0,1870.2,1249.91432874693,407.627576623176,619.252545203107,479.6,348.6,395.7,209.0,249.0,206.266958797046,113.627941279999,215.924797079997,108.7882214,80.0872059000007,243.6304,137.2666,115.4,249.748045170857,257.569346,386.147570657609,142.714155,131.951549,413.053314373162,466.80579,314.446366,279.851135352059,406.179725,197.0709,63.0000000000001,190.492342868629,73.0016987212491,176.748925486268,247.4,198.0,264.0,92.5,669.886686522755,276.084281519427
1980,18.4130358333333,75.0,83.2,48.2,70.1,71.6,120.2,66.8,79.7,,44.6,35.0,44.2,46.9,144.6,65.4,45.4,50.1,71.9,80.5,72.5,57.9,41.0,56.4,80.8,27.8,39.2,48.2,25.3460852,245.22165,116.0,125.833371,88.3287204074039,122.80324519674,969.0,,343.513852513376,175.6,585.476808180216,552.185,409.999999999999,1498.0,1216.41608338839,244.680440239429,361.559495588013,302.2,253.9,369.7,254.0,219.0,240.717115378275,154.846304829999,263.212646689995,264.3692703,68.9558823000006,293.749400000001,103.9164,91.6,144.39707073851,168.917967,348.159385995652,277.786682,178.358173,358.669378297775,540.295175,393.02039,314.876899482353,199.255118,140.5623,67.5,237.141680421045,188.080765455441,158.536624842082,353.5,262.0,441.0,181.3,561.621176129529,386.926975375064
1979,26.6355788365,73.3,94.5,59.6,33.7,57.2,94.9,51.6,54.2,,80.6,83.9,44.2,39.7,182.3,50.8,44.5,68.1,61.3,113.3,79.9,60.4,32.3,46.5,75.6,45.9,42.8,46.1,42.3913144,222.186515,91.0,138.1603872,93.1028631068156,171.046985680016,711.0,,347.897133082182,108.6,850.058942231198,839.053,393.000000000001,2249.8,845.716669273685,397.851539858571,442.233396152205,426.2,273.0,465.6,223.0,233.0,277.039981319973,149.911559279998,172.813799769998,101.7907686,173.640441300002,265.7694,89.2818000000002,109.4,104.189437083516,132.236603,467.14268048913,212.974154,153.128764,427.393523398396,553.745887,308.747397,342.12309946298,357.068742,79.7796000000001,107.5,169.438447909075,80.4504255544532,210.055466567532,310.3,259.0,572.0,103.9,743.954631120239,305.223250240809
1978,28.881213496625,80.4,63.8,67.8,48.2,57.5,131.1,52.2,127.2,33.6,46.5,62.2,44.2,66.8,319.5,74.9,46.1,35.7,56.2,105.6,78.4,51.5,49.6,64.1,118.9,41.7,38.8,84.2,59.6498593999999,117.49776,142.0,116.5728267,68.6005376051377,102.219950059616,531.0,,191.612187921926,112.2,1096.77789003871,577.644,423.0,2137.6,1380.40645994222,346.925366211883,560.513048110584,313.7,235.7,423.9,172.0,157.0,220.119514155962,147.508848000003,121.572664900001,76.8251284000003,58.2772059000001,177.319,164.182799999999,92.9384,79.5244025843806,143.675912,339.884031910869,154.534939,98.730694,247.412696658068,473.521241,367.45681,307.91125897312,333.586181,140.322,118.85,298.858440881877,164.064055739273,204.035832515546,197.1,232.0,409.0,129.8,469.862555689232,368.915804836637
1977,19.141425816375,82.7,66.9,53.0,33.9,75.3,45.3,40.1,104.6,47.7,67.5,49.1,44.2,44.5,172.7,71.6,111.4,81.1,67.2,63.0,41.7,36.5,41.0,50.7,33.6,48.8,50.2,72.9,42.8166292,63.64462,171.0,114.6829541,43.8174109767933,197.886881632692,813.0,,250.232792439844,108.3,908.183370356203,851.119,524.999999999999,1835.4,1245.58205290375,377.682403433476,434.215819194738,431.5,271.5,449.2,200.0,193.0,135.187692840419,115.47224,181.459415760004,170.2661028,128.9086764,249.062600000001,119.82,92.7432000000002,84.0311538263551,221.155687,452.991567456521,182.960115,158.81375,309.704527082831,413.978602,321.536353,354.570085719697,244.076852,182.1248,37.8,248.957618819262,161.563079279833,173.259711303761,490.3,150.0,200.0,129.1,616.659323111459,123.993862565979
1976,24.156990417625,65.0,88.4,45.5,41.2,46.3,123.7,42.6,76.7,31.8,67.5,84.1,44.2,41.4,155.2,58.1,73.5,95.5,45.3,50.6,85.5,93.6,41.0,50.3,75.7,56.2,32.6,61.0,55.8948922999999,275.42469,170.0,129.68208,65.165884096781,144.594421390189,753.0,424.159864082749,278.695694136437,202.1,700.889226536317,817.16,296.0,1371.8,947.48964939389,316.620241411328,363.858624093943,452.4,244.8,359.2,153.0,205.0,231.762804694343,137.980407999999,153.331009130004,118.7220204,139.747867800002,239.068,160.1491,134.5552,118.186183151472,120.26072,432.237831897824,144.423654,130.816784,409.012841609504,399.223394,484.539333,281.738866412973,331.232639,147.3108,63.0000000000001,206.531585477659,132.775977826002,123.993563377995,349.0,224.0,285.0,134.7,490.347445152137,372.978059424571
1975,20.098847508375,57.5,77.5,52.3,40.7,71.4,59.6,72.1,55.9,61.5,33.7,85.3,44.2,38.9,176.4,50.1,29.6,56.4,41.5,119.5,74.2,35.6,41.0,50.3,86.7,23.1,69.6,82.8,47.5291015000002,173.00666,175.0,120.076,78.4178809000017,98.087541828571,876.0,295.019483617772,191.272117336216,133.9,663.51672378895,769.772,447.999999999999,1581.5,877.946618751266,418.885448916409,490.468324136409,290.0,185.9,378.6,236.0,154.0,199.565959421512,130.289843999998,157.71815059,92.6105084000001,83.1908823000007,212.6403,100.2493,92.2695999999999,187.033309129667,235.487918,286.658059196738,151.183095,116.699268,264.857824351334,466.681078,245.081134,322.246480610625,252.270419,106.9536,81.6,198.795400006037,73.1722468949317,254.419073926309,285.4,240.0,257.0,198.7,558.49606951555,313.246532967088
1974,20.940659823,49.9,66.1,47.0,41.2,57.9,65.0,54.0,72.7,52.4,69.7,64.2,44.2,39.3,213.6,65.8,45.0,85.8,79.7,96.9,41.3,57.7,41.0,50.3,57.1,65.4,72.4,64.0,86.9043392000001,214.87465,117.0,130.08582,83.3943532908199,98.7603375897959,863.0,351.784594799235,261.777174837014,230.6,701.504827332508,915.29,685.0,2046.0,1080.4245656651,337.329244494006,360.728094018584,305.2,272.1,442.9,161.0,183.0,191.954577990875,151.861523999999,182.521886090003,144.4683895,59.6602941000005,219.413899999999,90.3266999999998,132.746,102.882890304504,197.086521,295.652302486957,179.209003,134.252662,337.738031774016,388.847691,344.701156,319.096957842214,239.184094,106.6428,58.4999999999999,268.221388854181,136.622307139488,155.250853640237,438.9,337.0,354.0,57.9,642.245071853341,223.797799327791
1973,17.9767661735,46.7,74.5,55.6,41.6,58.2,156.6,52.2,52.7,82.8,58.7,101.3,44.2,32.8,154.2,51.6,38.9,60.6,48.4,92.4,43.3,84.1,41.0,50.3,51.4,61.3,31.4,47.8,87.5130583999997,125.91528,170.0,126.0454,83.4081805911245,118.832245702041,676.0,,307.015800682897,108.6,701.850602612971,964.675,298.0,2005.7,1425.14131529962,327.238921599007,444.070870437016,357.0,214.5,413.6,177.0,197.0,147.113148503161,188.361979999997,241.742926890002,166.8524,71.8544118000006,182.1072,140.702,110.9716,126.050596630706,194.257648,378.820490239131,207.888347,85.13022,235.004533387499,430.556998,301.683727,252.403787369696,225.168656,126.9,40.5000000000001,222.579819623135,94.1517022983737,301.394305812844,158.0,183.0,198.0,152.5,477.499094154212,307.070414440319
1972,27.899388888125,56.1,71.6,57.3,40.9,59.6,44.4,32.9,65.2,78.1,85.0,50.9,44.2,42.6,152.4,85.0,46.3,37.5,71.7,103.9,39.2,72.5,41.0,50.3,75.7,40.8,37.0,90.0,79.2599424000002,226.99006,120.0,116.3496,84.7872923560011,79.1788042673465,738.0,,277.376041783817,100.6,730.772282650753,775.032,528.0,1607.6,966.678545972915,245.524296675194,386.914587963983,449.4,289.2,345.8,262.0,208.0,194.274858449694,123.395696999997,203.18111591,257.3921347,72.1402941000006,205.8885,166.5471,147.1616,183.835996572921,311.503021,398.172807920652,205.507154,128.008094,372.293861643751,329.116561,244.817099,363.530033433638,462.754777,85.4579999999996,125.35,237.358015926904,143.327639382136,288.912588143855,456.8,299.0,179.0,102.3,848.724047068925,356.587774538611
1971,28.580132918,53.0,50.2,61.0,32.8,48.4,108.0,71.4,76.1,24.2,55.7,63.2,28.6,43.9,194.1,39.6,46.3,62.2,93.1,82.8,70.9,42.5,26.9,50.3,84.3,77.3,48.3,67.4,119.6376106,245.60596,160.0,121.1975,75.4211424517482,111.873708200001,774.0,252.441979846327,257.856025817492,187.2,815.840114480046,704.991,463.999999999999,1716.2,1263.72220571847,337.687507267722,508.867140620505,461.1,275.9,517.8,167.0,179.0,288.212333286098,121.870806999999,189.269856700001,109.053458,86.5414706500007,294.407199999999,157.6388,161.1904,128.42918933103,176.204353,491.233380280435,173.54153,128.349348,356.24514925,504.436317,375.61627,481.45028064394,420.369484,242.612,78.8999999999999,331.004914876152,86.0982700791374,205.671909784845,314.2,421.0,262.0,161.5,595.49153527721,346.052825237688
1970,37.09720691,45.9,50.7,57.4,49.4,52.2,53.0,26.6,36.6,27.1,49.8,42.7,46.7,88.6,135.2,77.2,45.1,53.8,78.5,87.7,45.1,42.8,29.0,52.1,97.4,62.8,24.9,44.4,75.8835387,204.98474,107.0,109.8869,66.76630705069,91.732389183673,706.0,225.95728946113,138.970678230575,85.3,880.657523859492,606.644,342.000000000001,1748.3,1240.6576980568,389.018147975802,466.757651894645,423.9,283.6,503.3,199.0,180.0,168.958976119818,226.350580000001,293.790800549986,145.698,84.9233823000007,201.247,133.0984,71.2955999999998,130.329533038768,253.852083,442.378940147826,170.048139,162.426468,307.9784868925,356.566207,492.654568,310.072861486006,383.014707,110.7912,144.05,239.370503941112,96.8605538390295,251.561124103034,297.5,247.0,172.0,121.7,613.782593545098,367.454761404027
1969,12.8980369325,44.6,49.0,33.8,,56.1,62.4,37.2,78.6,45.7,54.3,49.9,58.1,43.9,175.3,75.7,43.9,99.6,110.7,81.8,71.1,57.7,57.7,53.1,58.2,56.1,43.7,33.9,80.7517506000003,125.09516,131.0,136.71288,61.8216833399997,112.060695918368,612.0,426.028618694032,321.787843313812,129.4,769.732264046554,676.445,380.000000000001,1141.5,1320.14443774792,297.020484171325,317.667256059398,279.8,232.2,315.2,197.0,151.0,228.645036384288,66.6858060000016,172.055752359988,89.8628771999997,73.1011764000006,253.7778,97.7896999999999,118.8761,200.412927436637,188.871633,333.946464838043,186.992831,135.33272,246.203187940001,387.380625,615.097056,273.903661247647,220.546257,106.6104,58.049999999995,101.014791533121,97.3730435418815,284.252185405119,96.1,154.0,469.0,172.0,348.218917903421,252.945522065181
1968,19.502166265,42.0,50.4,51.4,41.8,55.1,63.6,23.6,47.2,48.5,78.0,39.5,61.1,30.4,156.6,82.7,44.6,58.5,70.6,94.5,82.5,49.9,33.0,52.9,58.6,51.6,40.0,46.6,85.6699073999998,300.48985,71.0,106.33224,80.7536163599982,101.919905306122,600.0,258.354520653747,146.517185559346,188.8,655.570534231735,1069.59,273.0,2194.5,794.637753953269,491.791826755152,410.220367693727,265.0,233.0,314.1,171.0,257.0,178.575318858383,144.728996000002,139.683785579997,135.274386000001,97.9129413000008,202.144400000001,82.7910000000002,66.5980000000003,134.516935242802,201.451735,396.500079886956,237.845843,146.996147,272.121374634805,400.971487,251.753399,218.800836412647,227.670957,180.9734,71.9999999999999,269.443978563617,146.572055015674,217.343206530092,291.2,493.0,445.0,131.1,364.432342463108,416.767434192962
1967,22.616414557375,47.3,60.1,61.0,56.4,57.3,59.7,60.8,57.8,40.9,48.6,47.1,40.5,33.8,176.9,48.9,45.4,46.2,67.1,62.0,101.9,48.3,41.4,53.1,40.4,58.3,61.9,51.0,72.4789628000001,126.57291,88.0,125.284,56.323862062927,180.275424807733,681.0,260.009409189554,219.770365568479,125.3,722.35320891792,389.21,592.000000000001,1378.5,1031.62292618772,410.049314642953,511.748633091149,338.0,227.6,358.1,186.0,210.0,260.433760710841,197.801723000002,195.945551179995,175.1849301,154.1425132,202.8042,135.4623,104.6936,135.170103164694,228.123737,353.08505701413,162.067845,124.885058,325.172558812697,319.442987,291.02486,292.000694825,302.834091,114.0464,119.1,253.565818643527,141.065170376708,309.798081057906,109.5,309.0,322.0,111.8,636.05509933743,255.60490130114
1966,20.121922801125,56.2,71.5,49.9,36.8,57.2,52.0,50.9,61.8,74.3,40.3,32.9,37.2,50.7,139.4,32.8,46.1,59.1,48.1,76.3,114.7,50.7,54.1,53.1,117.5,48.7,63.2,49.6,40.9034673999999,272.00328,66.0,120.076,83.1653678165861,121.757174236667,576.0,377.736971943145,153.77565710387,110.8,763.663475814567,641.119,267.999999999999,1331.1,1232.3557286821,369.159060011652,391.529119006103,398.9,300.8,407.6,180.0,182.0,188.43228697796,141.146965000003,205.196673719995,91.2939999999998,65.2376036999986,268.584899999999,157.738500000001,129.0576,191.349726333065,273.536756,432.362874196739,223.229385,136.630475,401.227287305766,495.554028,345.651247,351.278844257354,264.258985,84.0756,94.500000000005,376.577897906516,119.362836472599,283.788365166125,262.9,224.0,256.0,172.0,428.502002595783,309.210979202026
1965,25.598544585,49.0,75.0,52.9,30.1,38.5,76.8,45.8,48.7,30.2,107.3,36.7,40.5,40.5,280.4,33.1,46.9,83.2,44.1,81.4,72.3,76.7,33.4,53.1,123.7,49.0,70.2,61.6,114.0325045,169.791,104.0,129.68208,66.8781468819517,122.066820226666,737.0,322.480782354758,284.236804535976,115.6,675.936158053677,623.313,557.0,1587.0,704.872239291083,328.345446772125,385.526709258171,368.0,281.9,424.9,240.0,231.0,171.22089871193,211.072933000005,228.74517733,117.3186,53.3950415999989,141.0465,106.0107,77.0304,207.51711055855,229.663474,372.124638563044,187.273413,114.095572,290.661938922482,403.568953,386.425148,318.818333338235,343.460396,169.35,90.0,252.932347360964,102.827724926611,401.188283675956,263.2,212.0,303.0,150.3,619.204575920397,426.248006239659
1964,14.1002608465,57.7,62.8,49.8,41.2,90.5,105.7,49.8,61.8,39.1,26.9,73.6,20.3,50.7,113.6,35.4,47.0,40.9,75.2,124.2,43.0,59.6,42.0,53.1,55.8,49.3,52.1,58.4,82.5704664000003,264.6103,82.0,110.46992,53.8304215881098,101.139826554444,513.0,354.352866092614,280.695315451436,134.6,857.598744010635,541.429,526.999999999999,2414.8,1221.34418413768,390.046656298599,495.904407965601,323.4,239.7,453.6,185.0,241.0,210.621848644764,191.051580000004,193.971740239997,123.2056,96.018594899998,147.4761,155.1872,121.1712,114.06293159952,214.331764,447.855466252175,153.96476,95.404868,392.556414866748,531.14248,243.999136,381.494499247415,272.228906,138.2962,70.9500000000003,211.093782044149,80.5671160418956,227.630029217717,147.3,163.0,295.0,81.6,554.174365081175,468.688669413448
1963,18.7785464315,63.1,53.5,49.9,41.2,58.5,106.8,107.4,101.9,57.8,53.1,96.3,64.2,55.1,286.1,39.9,56.8,99.6,39.9,120.7,130.0,59.7,51.0,53.1,85.1,49.7,53.8,57.0,82.9152054999999,240.36656,85.0,125.67415,91.1725810125,78.8557015577791,525.0,179.164413896838,225.499192630844,129.6,905.214481900054,664.338,409.000000000001,1493.1,1122.53349232447,379.95954566672,475.136709636647,402.7,255.0,403.5,213.0,171.0,225.863037524671,68.8755920000015,227.624386699995,113.647799999999,84.9123962999956,242.806,200.920000000001,166.4032,205.402975285871,222.351598,461.759952674999,197.740125,173.316884,252.911690476337,384.104198,393.343278,328.734935757576,285.213265,92.0003000000002,171.5,392.568556737579,153.954632444213,217.355566564817,329.0,254.0,371.0,140.7,594.887506060968,314.435057659435
1962,15.418015611625,49.7,56.2,44.7,41.0,38.7,115.3,67.4,71.3,48.9,73.0,65.5,44.1,46.3,141.4,38.1,49.7,69.5,77.9,102.8,92.3,59.9,41.0,53.1,48.9,50.0,53.5,82.0,120.3509558,223.7283,95.0,129.40625,116.458424875,161.891578586667,600.0,358.58753019038,255.603054870522,124.4,1163.23963634213,769.855,563.000000000001,2057.2,1276.5195595739,482.876712328766,438.294732134257,334.6,250.3,406.9,177.0,180.0,220.336170295955,139.157420000007,238.936158379998,72.9163076000003,84.8688013500004,237.987,209.757199999999,138.677400000001,199.833446704217,192.875609,322.92297373913,185.965754,143.445048,292.490445474287,422.278184,325.72144,423.678300974611,345.79239,112.5537,73.5000000000002,175.947907625382,152.858869935715,149.507859849671,176.4,155.0,375.0,133.6,590.190076297387,315.721156999022
1961,14.49669546,37.0,67.6,52.2,41.2,46.9,94.6,56.9,67.3,57.5,58.0,45.4,45.4,53.4,325.5,32.0,53.6,50.1,85.4,108.8,79.5,60.1,41.0,53.1,64.0,50.3,44.1,74.9,93.0343860000001,218.21202,104.0,108.70125,49.4766350000001,120.790314146667,985.0,,367.409982250169,140.1,601.54296563193,483.169,305.999999999999,1683.0,1079.22874517086,472.860369130131,393.017992698569,352.0,279.1,302.0,193.0,156.0,198.429596433344,150.389441000004,225.985340900002,147.899077,119.6715912,225.9016,261.8072,150.504,151.457093279277,140.758355,385.686804397826,219.28971,114.397457,326.086986646646,334.449696,307.729231,277.741161621621,285.873059,112.266,29.4,201.083323000437,96.1504607398848,244.778459258356,263.7,219.0,382.0,74.4,439.777993032723,418.148436938222
1960,7.141645179375,44.6,52.9,59.8,40.9,54.5,88.2,25.7,92.4,120.6,55.7,100.4,53.4,64.6,308.8,49.4,67.9,54.6,63.7,70.8,127.5,60.2,41.0,53.1,47.4,50.6,36.8,76.8,116.7650691,188.67974,99.0,118.89535,49.1407306000001,132.176861733333,661.0,,288.749233276147,156.0,820.548516384711,529.995,551.0,2209.0,1286.24124785441,411.407199625992,624.271622679516,469.2,254.3,550.7,202.0,245.0,148.627628240286,194.132282000014,144.259732600005,112.7395388,90.8062505999963,189.5614,195.535999999999,132.0384,123.933536339284,268.076098,632.670770173913,143.816991,144.253243,408.280914571178,503.957384,395.717623,401.32961378267,421.262292,89.5859999999997,61.25,240.776059368419,125.039049687211,267.084766230576,223.7,187.0,299.0,102.8,525.911154975346,196.591588471886
1959,32.04334232,90.2,41.4,41.8,40.7,48.8,66.4,59.2,72.7,70.1,48.1,98.0,28.5,32.7,335.2,34.4,67.8,65.8,75.9,98.6,49.3,47.9,41.0,53.1,76.3,50.9,54.3,54.2,75.0790176000001,208.69632,93.0,129.01025,101.869215888167,97.602836788235,633.0,305.690023111396,485.207824490931,138.9,773.690264076948,607.664,436.0,1241.5,762.225862258057,391.019644527599,556.39414489381,415.0,275.2,373.6,169.0,182.0,280.068336554695,109.996744999998,311.590359500003,151.336,122.125000799997,242.1562,128.7747,97.4236000000008,226.55728090623,253.864702,392.409687808697,226.592149,144.715743,350.963424998221,364.199799,349.172911,290.925609896312,259.741121,87.4223999999999,101.1,195.063050987012,125.039049687211,212.451458928402,387.2,467.0,390.0,141.8,520.458812353252,339.748447468096
1958,2.597562714375,82.6,46.7,41.5,46.7,77.2,162.5,66.8,73.0,42.2,81.6,38.9,46.4,62.3,251.1,36.6,47.2,99.2,83.6,91.7,145.5,89.1,41.0,53.1,54.2,51.2,21.3,47.5,56.4618796000001,210.83509,153.0,144.49148,53.9066700593333,73.8428658401958,773.0,399.563609194085,246.397899314965,135.9,745.30642580972,443.95,438.000000000001,1616.1,1042.46728004947,350.009748488984,503.33109992363,325.9,219.9,355.4,232.0,221.0,175.993986352592,150.435546000006,215.097045830002,86.3376000000001,76.9375004999984,278.4532,89.8106,92.9412,199.464258358833,238.475108,409.439793450001,222.702795,234.135258,327.169125325379,407.05685,264.116109,297.996548648649,354.619879,131.1849,43.1999999999999,112.436820235634,119.355456519611,233.143086479895,435.0,348.0,353.0,141.8,715.821642320718,347.925418606659
1957,7.9958260125,49.9,69.9,50.3,33.0,71.7,97.1,65.0,80.4,57.8,44.1,46.4,25.2,47.7,186.9,38.9,47.1,62.3,48.8,49.7,133.7,84.5,41.0,53.4,60.7,51.5,49.6,95.3,84.9326943999999,216.57597,195.0,108.36861,106.563075875834,115.735266932353,687.0,125.20788504994,259.72652211608,137.1,554.369425173117,580.817,423.999999999999,1455.3,935.764308138125,401.63838502048,602.400762434253,313.4,247.2,302.4,189.0,193.0,193.774649589278,231.304009000002,228.120872279998,64.7292116000005,108.500000699998,273.798600000001,84.4185,150.9554,115.081541592067,200.143941,389.88329775652,177.337912,176.410273,248.328744745553,490.546605,348.600353,281.109622432432,260.740574,65.3085,63.6000000000001,272.540396161889,152.774478762319,249.070072496577,427.0,519.0,265.0,131.1,673.040137505607,273.968159792931
1956,16.8234820125,56.1,76.0,67.9,43.1,39.2,104.6,48.9,53.6,64.4,44.2,57.7,50.8,51.7,206.6,32.4,65.5,42.5,85.9,112.3,146.2,65.5,41.0,57.4,116.7,51.8,84.3,38.8,75.7292846000001,196.20962,84.0,113.74524,37.9732819321669,94.4231113205876,875.0,341.78531457625,231.240818654271,134.5,1137.95037960952,611.098,295.000000000002,2501.1,1092.02508562025,288.490809038752,451.974907692324,469.6,318.9,461.9,215.0,203.0,243.060434105414,99.1025880000139,132.074002129996,119.741941799999,109.288750200011,209.085999999999,112.868499999999,115.535200000001,184.380179575894,260.97195,430.390735280435,189.72123,147.558949,374.001452160952,361.011094,298.152351,379.483830694287,308.29796,170.0518,110.7,235.867066787319,116.936242882227,186.958718126152,231.0,328.0,228.0,157.0,528.498905139911,199.234218963
1955,34.8154436295,68.1,62.7,76.5,50.4,55.4,102.4,69.8,93.8,45.4,44.4,65.9,39.7,35.5,189.2,49.9,32.7,95.2,67.3,97.0,88.3,42.1,41.0,28.0,68.1,52.1,51.0,73.4,99.7278747,188.7963,167.0,108.3288,91.9412711455001,105.076389318628,827.0,313.547551230961,280.661044119094,141.5,847.37361624459,512.342,570.999999999998,2172.6,1564.38069390528,474.097208666798,332.080536589104,342.2,234.1,374.5,189.0,123.0,213.500286798161,127.809411999998,194.498463340028,93.6171845,62.6579999999996,251.713000000001,158.6171,148.3048,168.996731694901,173.714307,295.52788882174,144.287393,94.49169,233.452895260989,305.790368,304.963488,305.347018189714,408.449435,146.2,107.099999999995,207.865126151176,157.458703286959,131.656158410844,,198.0,442.0,87.2,655.427475724648,213.439515057693
1954,26.005357989,68.8,58.4,65.5,32.0,80.1,50.0,50.0,60.8,38.4,50.9,88.6,26.2,49.6,240.8,30.4,51.2,131.1,67.4,86.7,123.2,63.3,41.0,57.8,56.1,67.6,50.3,78.6,100.0938118,319.00075,123.0,135.411,46.3970209365001,84.3572757176466,669.0,439.853680970873,270.214801352221,210.5,564.537193553122,659.859,414.999999999999,1808.0,902.85716330251,340.174304188925,398.202321952937,244.2,203.7,364.8,156.0,194.0,158.904295334346,90.8761230000012,129.807869889998,238.5555194,78.5250000000002,162.3078,153.6381,122.7318,184.840570620238,177.786458,392.977870817392,147.700041,117.18442,251.315995035515,287.949823,213.259577,243.112929672222,195.784167,144.4,96.0999999999996,172.717299934225,162.26170672199,168.467250055903,,251.0,283.0,121.4,666.305211140092,241.535526862962
1953,12.2975151615,65.1,68.1,39.5,32.4,68.3,57.8,48.1,79.9,48.9,39.8,48.7,55.1,39.2,149.5,28.4,39.1,51.2,107.1,141.0,47.0,56.8,41.0,22.6,111.1,80.1,72.8,60.5,62.1419240000003,153.26246,133.0,134.3903465,52.5795934927869,72.8686741350033,681.0,,326.636158042891,143.5,833.723440310245,547.102,383.000000000003,1560.7,853.425099473062,371.264502519629,440.486313275465,498.8,347.7,420.1,205.0,218.0,191.110190292319,172.341255000005,178.201835770006,170.6582142,78.7500000000002,229.393599999999,275.0912,85.7856000000002,119.834053570653,266.683278,384.175501147826,247.089838,134.325699,380.256971387281,474.146516,420.907995,337.366393125,351.044238,144.977599999999,63.7000000000006,207.592150907503,116.51318904988,231.828414328373,,285.0,285.0,190.4,457.488161855777,373.611515608666
1952,8.148437526625,71.5,76.8,34.6,37.6,49.2,115.6,53.0,57.2,44.2,40.3,75.3,44.4,36.6,205.5,37.2,49.6,60.8,91.0,71.8,84.3,57.4,59.2,67.5,83.1,58.0,75.9,65.0,67.0735226000003,347.59253,117.0,114.6708046,75.775403891379,82.5204489108104,790.0,,359.495212682234,126.3,852.698706026747,601.904,398.999999999997,1993.2,1149.91687045077,237.291314950291,409.372465367827,278.5,257.7,460.0,243.0,243.0,248.481884114049,123.149957999987,171.239034069989,111.3503571,78.9750000000002,279.2296,190.5937,53.7797999999998,106.95344377895,238.060481,373.953119860869,238.702992,235.933192,344.510244607851,351.353455,292.807472,414.113873240556,305.026509,175.154200000001,73.5000000000048,272.431833806857,125.519039411225,119.490604053833,,325.0,339.0,54.3,647.76912476451,333.391755533761
1951,20.321223399,67.8,63.9,42.1,53.4,86.6,56.2,30.5,63.4,40.2,40.4,45.2,48.1,47.4,185.5,26.4,47.7,68.1,65.5,139.2,91.9,58.0,30.5,58.3,62.7,42.7,34.1,80.9,72.0333164999993,212.7496,150.0,130.3077325,69.5254344956893,96.5886486364868,537.0,,281.683922835319,154.5,1045.05848522074,603.185,624.000000000002,1751.1,1153.74786286331,392.15379683994,451.995507374936,531.1,227.5,339.8,243.0,237.0,210.613934957586,147.835537999998,,108.1613714,116.234999999999,243.821099999999,127.693899999999,107.960000000001,125.049137840418,246.074315,418.980427704348,180.540883,173.115755,310.692110770202,463.839512,344.856869,340.92730052,486.523142,74.9823999999997,63.7,301.418745101914,171.874555471067,288.385926710924,,394.0,417.0,100.4,382.532538733428,317.098629592146
1950,25.6045300965,48.4,52.9,40.1,41.2,35.3,80.6,31.1,33.5,43.8,96.0,56.4,23.6,60.7,185.2,50.7,54.4,51.6,32.8,145.4,59.8,58.6,33.2,33.5,65.4,34.1,49.4,71.4,81.8421182000008,221.45936,95.0,88.6092581,84.1478286491378,138.587681998648,698.0,281.666386671788,258.420831908257,163.7,739.127661307678,638.904,277.999999999999,1815.8,964.097975617942,412.958125420387,412.406786571759,309.0,274.0,364.6,263.0,196.0,278.504408392233,111.199528999999,,82.0209000000002,95.7241304999998,280.9836,69.8160000000006,124.794899999999,143.509302504301,209.156989,423.841658465217,199.049584,93.946986,323.071558204804,305.780117,352.390907,267.929564607501,269.476245,96.425,117.6,458.16290563932,153.651363557607,197.900121985052,,363.0,401.0,118.0,470.460761948024,272.65600202278
1949,4.267308416,44.1,59.0,44.5,41.1,51.2,33.3,54.2,57.6,36.4,78.0,41.0,28.1,46.6,187.4,35.5,42.4,32.8,51.6,133.1,112.3,43.2,53.6,49.0,96.7,34.1,30.2,50.7,86.8972684999998,208.2808,150.0,141.41114,91.3507905879311,97.4863747054057,682.0,226.952594814253,303.36995862681,130.4,556.690270874364,597.925,398.0,1364.1,648.849718755875,320.19280426924,405.541386930649,337.5,225.2,382.9,173.0,153.0,189.129570407531,133.678883999999,,93.8825,162.586956599972,226.514000000001,151.6592,114.454800000001,126.244917222399,277.813146,285.716066302174,235.906409,125.584234,366.50853013855,416.55744,301.98407,286.745930302498,319.097778,95.3835999999995,69.7500000000002,217.47459282918,94.7324196370209,127.272301837075,,404.0,295.0,115.6,392.948858438292,339.973733349393
1948,4.099021882,53.1,68.4,48.0,31.4,47.6,124.2,71.2,96.7,42.8,56.0,59.2,63.8,49.7,244.5,35.6,40.8,72.4,63.0,139.9,47.4,61.9,28.3,40.0,56.1,40.6,49.5,37.2,101.6718207,184.21428,126.0,114.21669,63.2798735120684,79.6970630215629,884.0,388.965967208226,292.557024457388,96.9,787.301345747597,604.512,388.999999999999,1391.3,,444.312239721952,448.507556452494,354.3,218.7,398.1,173.0,212.0,226.65842279439,152.814224999989,,173.5623078,82.7608694999982,171.856000000001,199.128,136.5144,125.923822733371,171.139029,359.305558145652,212.107158,141.980905,341.303089288509,406.739477,300.817039,311.764963135002,266.935636,95.9582000000003,148.5,189.899179477792,106.892498847487,205.133688380625,,166.0,279.0,78.1,386.16623051734,379.758806694211
1947,22.183290237,59.1,76.4,44.4,35.4,43.5,164.3,44.3,87.6,43.2,37.4,67.0,59.3,66.0,207.3,33.6,36.9,76.9,71.5,87.6,64.9,71.8,51.4,64.3,40.2,83.4,42.9,65.9,77.6879426000001,207.82055,137.0,125.09447,54.5456492388772,95.4801936695652,772.0,359.048224209084,275.241228252172,191.8,633.659824553427,666.859,364.000000000001,1653.5,,330.793387264768,642.432003041667,403.7,311.1,342.0,164.0,187.0,181.855425237455,139.842354999998,,159.3107689,134.452173899997,270.845999999999,194.1898,76.5563999999993,94.849675134811,171.400351,450.296614999998,167.357365,107.79911,312.80991298809,369.018767,347.436579,323.455883253751,349.141863,112.125,161.399999999994,199.647590052162,72.3814238718376,240.70413358699,,234.0,376.0,78.0,474.512726345828,264.658634761011
1946,22.137491408125,69.2,74.9,34.7,46.0,44.7,104.6,41.9,64.2,49.8,52.6,82.9,38.4,40.0,227.0,40.6,57.2,104.4,84.3,130.9,52.4,58.4,22.4,55.3,47.4,70.8,32.1,76.5,77.8693258000001,118.7546,126.0,97.90002,88.2830973741935,143.929139243479,653.0,263.358412890814,131.275515696049,127.8,913.125085486078,719.012,475.999999999999,1728.5,,403.296565555274,477.644758796412,421.8,330.0,441.4,210.0,214.0,239.403226822529,66.9658249999984,,68.7600000000006,189.174769399997,259.444500000001,171.419999999999,98.5428000000007,95.1983677601135,230.011232,402.75224802826,183.620483,121.013015,380.53842181864,457.360073,332.582792,259.515360857055,245.741755,111.983299999999,61.1999999999989,180.474518230023,178.347828420209,142.001821013624,,236.0,504.0,95.2,388.64700913804,314.823361387054
1945,14.585802404875,70.8,75.3,33.6,48.1,80.9,124.1,42.2,44.8,56.6,64.1,36.2,58.6,53.9,228.3,38.6,57.8,48.5,45.3,76.1,47.4,57.3,67.9,24.3,49.9,63.3,85.7,79.4,87.8158375999999,177.5994,143.0,111.8586,108.792136022581,132.438948456522,530.0,329.985522131798,137.999122179581,108.5,470.788007446188,736.966,315.000000000001,990.5,,403.470409818721,479.430301799193,362.2,236.6,370.6,180.0,237.0,163.53086157424,182.427347999998,,120.329999999999,174.383999999996,260.325999999999,178.1685,82.2143999999992,95.3767814411124,228.339144,412.256978306521,185.947634,136.782763,336.660342482205,385.369214,318.478917,264.167414100004,393.660616,69.7697000000005,91.7999999999984,234.280698866359,61.3794474433189,198.922102025926,,345.0,428.0,136.0,477.273926448784,415.042946102843
1944,20.7811106385,66.6,69.3,50.2,39.7,53.8,82.6,64.9,68.3,31.7,87.2,61.5,49.1,29.9,215.1,36.5,31.3,57.8,80.1,133.8,84.9,57.8,35.8,39.7,54.7,107.2,48.1,33.6,97.8325988000005,207.07505,86.0,139.82325,61.6511716290323,120.144907232609,707.0,,278.075695373893,213.5,770.0395042171,622.272,536.000000000001,1235.1,,403.644404020763,438.909123385605,474.7,269.9,345.0,199.0,152.0,257.001159223287,216.200152,,80.2200000000003,165.188399999997,205.166100000001,149.0757,115.2736,95.3767814411124,213.922432,461.03862669022,248.944085,137.314597,462.577046417519,503.770138,309.286375,315.556400803179,366.784653,75.4125,76.4999999999986,240.541797545401,115.353136602614,319.987537102025,,214.0,426.0,132.1,470.835888242144,227.863717376805
1943,15.586221948125,56.7,66.9,48.3,31.4,37.0,110.6,67.5,61.5,51.1,45.7,29.4,67.3,39.2,127.8,22.9,31.3,58.4,121.0,65.1,60.1,58.2,27.4,19.9,47.7,58.8,62.4,36.0,107.917066199999,238.56895,132.0,117.45153,110.776664841935,144.5597208815,605.0,,253.912145986773,105.1,948.520728878616,717.765,355.999999999998,2940.7,,362.401261344651,330.121933362849,307.2,258.0,389.6,196.0,205.0,204.891290500426,99.6103760000041,,120.575613899999,59.5619999999987,262.029599999999,131.303599999999,126.99,95.3767814411124,197.976172,349.836962315221,185.500535,122.436414,281.041230672796,253.877998,237.884693,404.333279617144,386.050199,75.4125,147.299999999998,291.86657538045,164.311877969249,372.954578661841,,212.0,422.0,166.2,552.215635494419,281.823591675704
1942,5.5721714265,36.9,89.1,29.3,49.1,43.9,56.7,52.2,41.0,64.1,61.2,78.2,61.0,48.9,210.9,27.7,56.2,65.9,30.7,112.3,77.8,58.7,25.4,48.7,88.3,56.6,43.2,86.2,78.6903550000001,187.57777,178.0,89.48688,49.1280423043778,119.155427251961,561.0,,210.21687317524,119.3,809.18571401616,488.557,344.000000000001,1113.1,,383.260223019153,569.106331021564,360.3,390.3,497.3,225.0,192.0,167.473652539461,66.3947120000029,,86.5057895000002,107.233654499998,175.276000000001,101.428700000001,105.640199999999,164.741714716219,356.416839,491.581763673913,270.339128,141.641444,457.91102955,573.315265,188.27757,336.917946048736,393.092071,125.4864,81.0000000000002,311.145606846796,82.4546878536592,248.968482715818,,243.0,194.0,79.8,394.058782592657,343.292293822656
1941,27.585942947,39.4,80.0,47.0,51.7,73.0,93.4,35.4,110.1,51.3,57.6,59.2,29.2,47.4,307.4,43.6,56.4,40.6,86.1,96.3,93.3,59.2,56.5,48.7,81.5,45.4,43.8,55.3,78.8553498000001,189.08615,146.0,137.90568,56.5379767885717,118.925541494118,631.0,370.542493226133,256.003819864292,148.9,645.831756558367,529.731,559.999999999999,1122.2,,300.511057205438,409.151033967592,449.3,334.3,393.7,230.0,239.0,290.313513860501,92.6946080000064,,150.6870594,131.589423099997,364.268799999999,149.1074,83.862,183.057333320942,268.055454,471.410172703259,213.524364,173.761572,337.945725154695,556.534019,265.530525,380.649454411767,409.936338,125.5362,129.6,198.581147234902,118.902049875928,196.703737352666,,131.0,389.0,103.1,483.282940608167,200.830244886643
1940,11.480897652,58.6,56.4,58.8,38.2,71.8,,37.7,109.4,57.7,34.7,59.2,36.2,44.4,270.8,25.1,33.9,48.1,68.2,39.0,71.3,59.7,41.0,48.7,50.6,43.2,55.5,38.7,69.1298839000003,197.66886,128.0,103.42926,56.9172556328574,97.6062418745091,601.0,507.214840071353,347.553082007478,99.7,751.853264720638,400.929,446.000000000001,1113.4,,414.628208853253,410.365519390771,431.8,272.4,407.4,224.0,244.0,158.77544911727,73.1030480000035,,139.7248,71.5788461999985,226.486600000002,238.505199999999,157.622399999999,128.37805962531,220.189358,429.894107198261,197.086037,158.321368,379.596287928119,423.887171,484.435928,372.306678655461,283.084746,100.8012,96.2999999999994,130.269232586095,168.733339884141,226.003191998092,,265.0,260.0,79.7,653.469124950518,337.666437059975
1939,27.26418527,65.7,62.1,64.5,59.3,48.3,,48.5,50.8,32.0,61.8,59.2,55.4,34.5,258.8,31.8,51.9,36.3,69.2,101.5,43.6,59.7,41.0,48.7,31.4,50.1,69.1,48.5,79.1578466000001,208.45321,122.0,114.9214,42.9368437028569,132.838438825555,886.0,409.205279597616,330.016699911178,126.4,684.777587702204,768.765,340.999999999997,1123.8,,311.10552447992,506.082699530402,475.7,352.7,425.7,213.0,181.0,247.952737110482,64.855592000005,,105.0984,130.870192199997,157.4346,119.7083,136.1322,128.700327500876,264.876041,473.81378552087,188.518381,170.353776,389.618939753794,497.499385,269.940047,372.418145861928,450.789436,98.9904000000005,79.4999999999987,227.736416326249,155.939251461442,160.499371798742,,305.0,343.0,100.9,583.504395681081,309.777923003945
1938,20.14683376825,58.2,70.2,60.9,22.8,66.2,,51.2,76.8,49.7,45.1,78.9,55.4,39.5,195.9,51.8,56.3,92.0,89.9,128.9,56.7,63.0,41.0,48.7,68.0,93.8,43.6,31.7,64.4330016999995,281.7247,116.0,114.9214,57.5331472028574,107.879821435556,603.0,,201.326996941543,126.3,675.733438236088,595.884,457.000000000001,1313.4,,414.954064270725,430.279660893513,354.0,243.2,387.7,217.0,197.0,281.613418390598,,,152.492730000001,106.727884499998,240.029099999999,138.2994,114.005999999999,163.248509677384,183.374788,284.928802651086,134.766251,125.153516,353.784747510702,422.016614,322.560217,383.208011277839,315.977556,98.1406999999989,91.7999999999984,261.220161647773,82.8970741969749,335.870241170695,,342.0,477.0,128.4,537.132950747819,339.433353237978
1937,25.037731291375,71.7,83.2,41.8,32.9,78.3,,74.6,63.6,36.7,58.7,47.3,67.5,48.0,245.1,20.2,44.9,62.9,102.9,106.2,49.2,28.8,41.0,48.7,61.0,41.4,66.4,39.1,59.5671942000005,133.1278,55.0,86.766,57.5774997000003,96.3048852888884,869.0,414.515076105807,398.343048044927,120.9,811.025638100544,951.053,420.999999999999,1491.2,,373.620152844607,319.21684186891,410.1,261.6,309.5,179.0,242.0,196.455460851567,,,147.7910138,88.7028846999991,234.963000000001,163.2366,91.5528,148.855109863713,222.229756,401.059455796737,148.742023,180.8595,337.815742549794,326.448491,344.349107,288.362533085407,385.819539,122.519600000001,91.7999999999984,229.86503885156,100.206859548538,200.66163654006,,240.0,314.0,113.4,401.527603773326,416.372720123651
1936,24.082569928125,68.4,76.4,57.3,60.4,59.0,,39.8,91.6,80.2,32.3,51.4,52.7,48.0,211.6,33.4,67.3,62.8,88.2,149.5,72.3,45.6,41.0,48.7,78.2,41.5,36.5,41.7,74.5786647999993,208.7204,140.0,115.688,64.7705108314281,108.785919853333,853.0,413.404745966633,315.11523736264,153.7,1004.67149030699,626.231,442.0,1833.7,,280.32090608778,458.507570799962,306.6,231.3,398.3,220.0,183.0,222.501077779668,,,83.1045537999993,100.4135261,261.7521,127.615700000001,137.9004,162.751933090032,223.020049,404.251125619566,256.446099,153.631314,270.33035137317,394.494723,340.05612,369.262258080504,397.380432,151.978799999999,91.7999999999984,200.897304286298,146.347257578351,215.694038204561,,208.0,382.0,106.6,475.364049541554,377.755664773555
1935,34.730831322625,56.7,61.2,67.1,49.1,41.6,,47.0,48.8,36.2,35.2,47.6,73.5,50.7,174.0,53.7,54.2,70.1,105.8,107.2,87.3,38.5,41.0,49.4,68.5,62.3,61.6,73.8,89.6731606000007,196.79352,128.0,121.4724,91.9604511226385,84.7706409200002,731.0,630.982059002507,376.165999072371,102.5,647.65615886922,654.945,447.000000000003,822.2,,477.722791751569,459.932100610748,342.8,289.7,443.3,202.0,204.0,189.427808846473,,,93.5280000000001,47.3949998,275.5645,140.2639,51.8939999999999,131.25600711039,218.042059,392.276866521739,161.532769,213.933478,434.746669863225,445.450988,268.730099,327.156135038839,317.858407,129.105600000001,113.249999999999,161.478937215175,48.7824191927837,156.256861120112,,243.0,285.0,138.6,403.841720358065,367.906702470911
1934,9.037557157,60.1,72.4,74.3,22.2,70.2,,55.5,96.3,43.1,50.1,59.7,54.4,56.6,175.0,72.6,72.9,113.9,65.5,96.3,71.5,94.6,24.1,43.0,26.9,46.1,38.8,32.0,69.8769499999994,126.48132,141.0,104.1192,99.9856904615381,121.255678537778,574.0,303.830069147866,238.669856766701,161.0,889.201893887396,705.486,405.999999999999,2006.0,,436.415161176056,435.187742764168,486.6,339.2,390.3,225.0,216.0,228.199347737152,,,108.5489,89.1499994999991,186.366499999999,195.762,202.576800000001,156.02303538376,275.211424,451.294897826085,229.551655,175.99199,390.845774684091,449.63936,326.994511,369.020946590791,461.874335,152.011799999999,118.8,239.78339912287,97.5648383855673,233.048512042988,,340.0,322.0,185.8,445.426703891766,292.20695418851
1933,1.8116535465,78.6,70.8,55.9,31.6,65.1,,79.8,75.7,55.5,83.7,75.9,43.7,35.0,174.1,59.9,27.5,38.9,50.4,74.7,68.9,51.3,43.3,38.7,46.5,57.5,41.0,69.0,59.9846790000005,204.77928,116.0,167.85121,66.6512705230767,141.581107095283,768.0,249.018663695061,459.710351086785,187.5,599.372339394,844.246,405.999999999999,1496.4,,197.508308264165,471.412249380271,340.4,239.8,342.4,210.0,200.0,240.508396572902,,,156.680894800001,71.5899996000006,270.614999999998,264.173,110.2296,170.475807292993,213.511729,435.415792321738,229.020209,176.970214,325.548636975482,451.697516,397.524524,319.875951249561,397.343568,148.7889,64.8000000000002,230.050993834358,105.793198249407,180.524428361955,,306.0,255.0,173.1,414.157514593322,292.83018359824
1932,20.242116928875,77.9,56.3,51.0,34.1,48.0,,43.1,109.0,43.4,51.4,83.8,64.7,37.7,314.2,34.9,48.3,55.9,90.1,55.9,53.8,39.2,55.5,80.7,78.2,32.1,27.3,66.6,80.1072630000002,214.46705,153.0,91.81797,59.9849874461538,87.2498133849046,798.0,299.015175553794,455.930348879152,119.9,773.439857018861,555.557,321.000000000001,1165.3,,405.491623147992,481.627712439771,377.4,271.0,348.4,182.0,204.0,153.028681541746,,,101.3924696,180.023333599999,226.056000000001,209.7942,98.7476,153.315914474336,186.939766,331.669421520653,164.607792,106.451793,524.463287274444,418.918094,302.445152,312.887455561109,284.511963,125.001600000001,97.2000000000003,272.698439879444,117.678151461635,210.725697040558,,244.0,361.0,100.2,488.407587015151,341.132536319085
1931,7.296403417875,66.3,52.5,56.0,36.8,53.0,,40.9,80.7,39.8,27.8,51.3,58.2,26.9,155.6,42.1,32.2,39.0,47.2,85.0,61.7,61.1,41.0,65.3,58.3,78.0,36.5,77.0,80.2514980000002,183.8289,159.0,118.4748,86.6827911384616,174.790951930189,772.0,356.595816039384,188.746876941852,101.5,1035.23747110441,394.909,591.000000000001,1985.8,,374.459232642257,368.7673988858,460.7,263.3,396.5,197.0,194.0,312.391368833577,,,90.7161130000001,126.908333099998,226.5484,123.791499999999,116.322,103.017243971349,318.710644,484.192846486957,152.767535,100.178381,352.571969761549,409.012048,355.951567,409.587216974445,399.973051,179.434,145.8,268.680348946293,175.08041556845,286.153282498153,,249.0,382.0,157.7,497.953500266455,470.651732300576
1930,20.092240572875,63.6,66.0,50.3,55.0,62.7,,54.6,58.8,46.5,55.7,27.5,31.6,61.2,196.9,39.7,39.0,51.2,105.7,47.7,64.5,65.9,41.0,81.2,26.7,36.7,34.5,103.1,110.567273,289.86086,86.0,118.4748,93.4091708307691,109.471370009433,710.0,429.071670232059,256.876941922599,134.0,571.08090304592,360.409,276.0,1332.5,,280.950691734657,422.51251567789,301.9,284.5,327.8,237.0,263.0,194.703595083206,,,79.8877118000003,109.364999399998,279.090499999999,93.0300000000013,104.8284,88.9626245649192,131.574338,428.246960302174,200.818743,140.86397,383.742525501743,502.726648,288.102278,286.321632840001,314.481897,103.850499999999,64.8000000000002,254.498534472835,121.484369986269,296.83652052916,,461.0,456.0,97.2,246.626761392794,213.963271669377
1929,19.388166164,50.8,63.8,65.5,39.2,88.7,,47.9,,46.5,75.0,27.8,36.2,53.8,257.8,49.0,77.8,36.7,58.6,193.2,44.0,29.3,41.0,62.1,77.3,36.7,70.2,35.5,90.6676759,197.61216,81.0,111.8188,58.9426729293701,89.7020852348657,724.0,395.661567764581,312.090316977582,156.7,494.139724953713,513.624,428.999999999999,1649.4,,270.619776060556,494.357645099106,244.1,226.6,274.0,139.0,155.0,226.050762222753,,,109.366799999999,140.5299997,240.882999999998,111.8376,116.689000000001,161.331491416988,95.168158,365.711216006522,133.907837,164.765847,369.197165900248,541.676385,274.353484,248.647663709999,328.497399,88.3,116.1,257.971264838209,127.245933216633,159.916769310799,,141.0,315.0,140.0,581.580059122289,306.637280569041
1928,25.722722477,51.7,54.4,49.8,34.2,37.4,,74.3,,76.7,45.0,99.9,25.3,47.5,178.5,32.6,34.2,51.4,87.9,74.5,101.6,39.0,41.0,59.0,33.9,55.1,45.3,91.8,65.5911834000005,192.32772,127.0,117.704,52.287234438636,95.817033808697,414.0,254.513504890437,245.304203157809,121.2,474.490335285455,410.842,462.0,1330.9,,229.058211074304,336.287793608526,385.8,303.2,392.4,217.0,185.0,225.56466040724,,,169.071200000002,73.6700003999995,241.5795,130.769099999998,70.2074999999995,144.245022496944,152.485391,517.723268397824,160.44936,141.517944,270.190226920254,451.741607,283.738208,297.579926091025,296.028393,101.371,47.399999999999,201.161567399543,90.0934502299231,289.535248297188,,279.0,362.0,162.0,411.728909534404,329.486382926489
1927,27.8862677595,57.4,55.4,42.0,32.0,55.0,,35.8,,48.5,44.2,33.8,28.9,70.9,238.4,65.1,34.1,51.5,48.8,80.2,68.2,94.9,41.0,39.7,68.2,41.4,87.8,76.0,50.5166175999999,210.94008,150.0,117.704,98.0896826659086,119.964181826086,634.0,255.318859766251,430.714004744719,107.2,697.845583634847,682.817,272.000000000002,1171.6,,364.49704142012,372.494395642759,413.2,245.5,360.8,221.0,206.0,185.294720594629,,,118.015999999998,185.225001,327.7414,112.303200000002,52.7669999999999,143.165011901683,305.61402,406.363229439129,225.815236,207.616478,372.676844007616,397.902637,319.143385,372.577812952311,422.737798,101.371,153.100000000001,223.432772752645,90.0934502299231,252.694102095193,,281.0,375.0,147.5,535.508115634474,185.511847595341
1926,18.006460632,55.0,71.8,36.3,48.9,45.1,,68.5,,42.6,80.7,52.7,77.1,51.1,178.6,34.8,47.7,58.9,97.9,91.3,95.0,94.4,41.0,64.8,31.9,43.7,34.8,93.0,80.9360944000002,250.6612,120.0,94.1632,39.2702902545455,84.1032016086961,901.0,,178.921390965341,134.1,776.423085793705,409.342,418.999999999997,1296.7,,302.119095536876,506.898367796662,497.2,332.1,377.9,230.0,257.0,216.823958313419,,,79.2995000000012,199.226667299998,236.8998,106.244199999999,105.7914,199.171996028917,202.99444,480.234919782609,298.999883,131.896164,361.427432183811,483.356864,327.663478,349.502654959487,346.792718,125.1994,85.5000000000018,237.397321049685,185.089945370312,252.910969383289,,358.0,197.0,154.4,504.287765949588,278.608166551352
1925,9.57638430875,77.7,65.3,42.1,44.3,92.2,,56.4,,61.9,69.9,72.8,65.9,51.2,243.6,41.8,29.6,71.2,69.4,99.6,161.0,74.7,38.8,70.0,44.4,55.6,42.3,80.1,60.7896858000006,188.0594,96.0,118.64984,125.024716181818,60.1533241826093,764.0,,289.431540587331,107.0,650.457024666487,391.082,495.000000000001,1621.1,,364.74164133738,294.134653105394,328.1,222.2,482.2,144.0,141.0,197.305733962334,,,108.808499999999,156.83708385,243.983200000001,56.3183999999999,106.1577,126.4751153125,253.744889,386.746888644565,225.445833,165.147155,370.852704358603,489.400957,372.979061,367.152582051281,391.949244,150.825,82.650000000001,231.65555165474,112.394507862663,184.0628254009,,401.0,323.0,164.2,415.404836528307,387.039721003222
1924,13.96249707475,80.0,61.2,56.9,57.0,62.0,,34.9,,47.3,69.6,72.4,44.2,47.8,112.4,57.9,20.6,73.7,72.7,170.3,66.0,45.8,29.8,40.2,52.1,60.7,27.2,81.0,71.0151661999995,188.1864,126.0,119.0552,99.7477921051747,132.596816008696,623.0,,359.593354227741,114.8,698.774369304694,530.731,372.0,1687.6,,427.420628652665,527.205483933864,436.7,336.8,361.2,189.0,191.0,154.540452000682,,,68.3088000000003,240.374999400002,131.997199999999,175.313600000001,106.5042,163.1089259375,184.817092,445.379213044564,169.327408,132.504939,302.461556299304,453.50081,380.963193,462.735026015246,528.905196,180.5477,51.3000000000011,217.862537556141,152.073741019071,285.851748565603,,183.0,306.0,216.4,416.40517486233,388.004973679926
1923,19.397424536,42.1,64.3,49.1,47.8,70.4,,48.9,,42.0,65.6,64.2,65.3,47.8,279.5,27.8,36.7,64.1,111.8,73.4,174.2,60.8,29.6,81.4,37.5,47.1,58.6,43.4,86.3662511000001,150.54912,96.0,119.0552,53.7894660369242,131.759965081158,843.0,,271.024379931555,105.2,689.680321340058,568.945,340.0,1383.5,,302.453284873384,528.818634585758,350.6,276.1,402.3,176.0,158.0,167.887098457322,,,60.8748000000005,172.252368600002,251.013799999999,188.34,190.0834,130.0594996875,179.328674,401.11993320326,215.038814,132.933273,323.529663638875,305.836972,320.213124,351.475992239159,405.511888,155.106,102.600000000002,318.718042490505,138.19399481495,177.824869438307,,511.0,269.0,182.1,606.624036461994,299.199427369656
1922,25.9374019105,53.7,65.9,66.6,34.6,73.1,,48.9,,50.1,46.7,59.2,46.8,51.3,195.9,30.1,57.6,89.5,46.1,87.3,132.1,61.0,44.3,75.4,55.1,54.5,69.7,90.3,91.606033,238.12637,108.0,119.0552,60.7406435861525,119.67798365625,654.0,273.995167875152,202.456071531512,149.5,543.610679619702,520.925,393.000000000001,1955.4,,281.683461766453,413.385186925274,285.1,256.8,342.1,165.0,174.0,276.636638979599,,,195.3639,108.574999999999,218.448600000001,188.759999999998,89.2680000000014,165.231805125,224.475332,403.867573473913,122.976525,207.461489,441.606518715038,478.479174,338.338235,311.707807810003,355.083665,255.651,88.3500000000015,200.83702906749,102.408174107902,170.209773274807,,254.0,216.0,192.9,377.779790549231,385.939043859695
1921,18.739900722,57.2,96.8,62.8,67.0,52.8,,90.2,,46.8,68.2,40.8,58.7,61.9,195.9,27.7,46.3,42.5,64.3,84.9,135.9,61.2,59.6,57.8,55.3,38.1,57.2,72.7,86.6639293000001,181.08692,96.0,92.35236,40.6275825569232,119.965491939584,635.0,296.739877749684,321.470631862422,145.3,612.795308863844,653.817,338.999999999999,1934.9,,417.424302316387,369.257401968962,448.5,288.2,433.5,251.0,207.0,168.056769118851,,,147.1014,108.194736800001,345.7626,,119.162,124.675548,173.133993,468.363610218696,160.096912,166.713113,288.154574313752,448.954878,337.9231,273.564900777365,607.316528,102.401299999999,153.900000000003,260.462412817931,160.978311028773,234.076001764759,,328.0,235.0,150.3,725.071207176659,334.274254373835
1920,9.874706299375,38.5,82.3,38.7,24.0,45.2,,48.1,,39.9,83.5,92.1,30.5,34.5,,34.6,25.5,65.4,41.4,123.2,72.5,61.3,43.7,58.1,70.5,54.7,52.3,88.4,97.0273855000008,224.07567,138.0,118.93518,101.973570206155,84.1412704270839,635.0,480.828812044945,392.721266929502,146.8,707.184990551681,459.342,410.0,1410.6,,386.285443113059,541.794856000397,371.5,306.6,410.7,218.0,243.0,193.77667897271,,,149.073640799999,155.261842350001,314.0249,,83.5080000000004,101.3707332,260.539527,489.756904732175,209.941417,167.347345,347.243167072479,471.053794,366.679823,252.941472903233,315.737106,78.6625,94.0500000000009,168.213611184046,123.875503282366,179.587916801095,,219.0,469.0,100.7,339.124562003482,421.513243405661
1919,35.426398992125,35.2,47.7,22.1,21.0,85.5,,37.8,,57.0,38.7,44.7,39.3,48.5,,55.7,34.9,85.9,98.7,57.4,129.4,61.5,47.2,58.2,75.8,83.2,40.3,46.9,92.082481,191.73872,95.0,118.93518,75.0352137523084,84.2738960520839,672.0,453.810444750871,366.373973756467,137.9,613.306903406319,571.899,472.000000000001,1799.5,,359.225252337075,507.125604189903,496.4,300.4,332.1,196.0,243.0,330.67543557681,,,119.577797100001,201.889670899998,234.455999999999,,53.7264,101.9764488,257.556222,443.543285450436,188.042254,139.861152,333.424237951249,347.699059,324.644954,348.410277554288,377.776721,131.523700000001,51.3000000000011,243.308127103444,185.79573033099,218.81055704098,,362.0,434.0,142.0,422.471010969052,411.257093661362
1918,24.138286208,41.0,40.9,18.3,60.6,,,39.9,,38.8,75.5,,43.4,34.7,,67.9,25.7,30.4,65.0,120.3,138.0,61.9,34.7,58.2,78.5,28.5,59.2,86.0,81.9810150000002,193.7445,238.0,84.9537,123.05252541143,125.169860347383,775.0,256.408903975572,212.753186613195,138.9,516.173928884212,445.776,327.999999999999,1751.2,,255.792761133496,326.71853621898,267.0,298.7,282.0,280.0,226.0,205.961100041597,,,113.9562706,145.5335,275.270200000003,,119.506,102.4177096,224.01777,540.339871304348,213.901059,140.186522,321.834134876308,367.264846,324.580479,336.122026925573,302.092229,105.1376,87.1500000000049,171.354273490213,137.366843318346,273.754050771851,,400.0,435.0,129.1,547.622496225053,276.095614892753
1917,4.981215084,50.2,48.7,38.1,34.7,,,56.8,,47.5,86.7,,59.4,66.2,,21.2,30.4,78.7,119.6,57.6,62.3,57.0,41.0,59.2,43.2,59.5,45.0,70.2,61.5651193999997,226.03525,149.0,120.10888,54.7432030976567,132.300664534885,552.0,412.694072032665,248.646265693938,132.2,759.330754555652,526.342,344.000000000001,2112.5,,283.810779004874,281.794885741342,402.3,270.5,,146.0,176.0,257.894546959225,,,127.208305,111.08625,242.5073,,131.559999999999,131.8837201,264.775264,429.653607749783,171.571061,225.130651,373.619527101463,353.640083,161.469328,280.564534589271,652.793544,157.0035,47.6999999999998,226.356102403306,74.927369082734,173.311235213597,,439.0,546.0,94.2,491.104191729624,412.912752226706
1916,18.8675025295,49.5,61.2,49.8,29.7,,,59.9,,39.7,28.3,,19.9,38.4,,47.4,47.0,89.1,67.7,118.6,89.2,59.9,41.0,25.1,58.5,69.7,52.4,41.5,90.9315995899999,159.34595,183.0,100.27144,82.3171536953121,92.8032718186042,847.0,377.22437537374,320.246724195713,104.4,671.65777768853,620.272,381.0,1563.7,,276.404580667573,346.014808289201,378.5,357.0,,215.0,212.0,212.105776231136,,,170.8506,98.6450000000007,216.3245,,131.560000000002,80.778717,157.920076,508.964520236088,100.196833,168.902234,292.489920139097,372.195609,462.577881,411.544890194124,471.929232,129.912699999999,47.700000000001,270.878043923765,125.35204756447,236.526385158027,,258.0,328.0,94.1,351.29565101186,383.512593115721
1915,24.365951081,52.2,74.4,53.1,40.9,,,39.3,,67.8,43.6,,47.8,55.9,,33.4,28.3,56.1,67.8,74.8,37.8,70.0,50.3,64.6,38.2,48.6,16.7,54.4,130.22623655,266.81592,140.0,117.9664,48.1304589257819,119.527608558139,560.0,266.71988416954,278.737821638087,87.3,565.032621744375,376.235,448.999999999998,1201.2,,367.928857920492,310.123517843014,253.6,284.7,,163.0,185.0,188.460077828236,,,69.2275999999997,188.409250000003,230.610600000003,,59.7999999999988,81.04804125,331.031336,334.399239068479,129.822099,154.935603,280.637231524999,366.639771,311.571227,462.181734856218,309.783029,130.810000000001,79.4999999999993,155.425582581971,138.867792218243,181.525761018108,,325.0,360.0,131.7,426.717438946066,304.429926528134
1914,17.373548959,60.0,69.5,30.4,35.7,,,42.5,,36.3,52.4,,59.9,67.8,,62.2,66.3,66.5,70.5,74.9,80.9,40.0,31.6,29.5,48.4,73.7,98.5,69.8,123.8029096,154.6815,159.0,100.27144,82.7002021679683,146.310590825583,643.0,,329.537080413187,164.2,594.565157154794,517.384,398.000000000003,2040.1,,317.161833850468,274.052437140682,375.5,255.4,,200.0,165.0,174.68713323099,,,87.9987304000004,108.971000000003,244.62,,71.7600000000007,97.61315725,216.192345,414.191578063914,194.208981,164.495748,298.752314312503,414.87468,294.974909,262.472362489361,419.783923,78.1049999999997,67.45,289.450074926436,101.836380960044,181.654467767884,,219.0,410.0,128.6,577.326833967274,381.182698630915
1913,6.278544408,61.0,50.1,31.3,30.3,,,74.7,,48.6,54.8,,39.9,57.0,,28.7,35.7,64.1,112.6,69.4,83.6,50.1,41.0,26.9,40.7,19.8,36.3,75.2,108.5395643,185.6178,110.0,130.84502,55.2671102421879,152.845991776841,857.0,,216.29407288357,146.8,517.154612514329,560.536,384.0,1017.1,,238.276624854415,393.512764041068,254.7,227.2,,212.0,223.0,234.430444523892,,,88.1975652000004,147.891,244.881,,77.7399999999995,97.78956925,181.365015,446.639822157827,213.91131,164.373262,336.61188830625,476.869379,278.425968,270.233948780483,328.767876,128.905,111.3,288.07174123631,102.45357114768,301.721781014529,,256.0,410.0,145.1,487.352730907525,164.252379520879
1912,17.625737028,56.3,40.9,44.2,72.0,,,65.7,,36.5,50.5,,63.7,59.2,,67.1,74.1,61.6,47.2,83.4,97.5,102.9,41.0,63.1,89.0,44.8,26.7,75.5,93.187813,167.33036,173.0,109.4157,55.3740237929681,101.101113803192,644.0,,647.578022908993,212.6,351.52419697653,534.45,424.999999999997,1220.3,,278.410553954822,293.350498309986,399.3,279.0,,166.0,196.0,206.703043665533,,,50.4904348000012,200.168999999999,265.679800000001,,131.560000000002,97.81497025,280.707717,445.506307640001,194.381942,141.107118,299.838102962497,465.324037,275.643861,306.248128048785,263.022889,171.828,131.05,231.207234818658,177.634166987041,325.826129429986,,329.0,312.0,114.2,463.548385484756,470.25819078994
1911,11.04318047525,54.3,37.8,46.0,36.1,,,38.7,,52.6,68.3,,31.9,24.6,,55.2,38.4,51.3,36.7,91.8,78.8,85.8,41.0,19.4,76.2,67.2,34.1,65.3,62.2036157999997,223.6392,131.0,121.573,53.6855026450158,113.87345081383,627.0,336.251480704885,485.377597795656,84.3,838.617220612291,736.904,243.000000000002,1705.1,,402.487279879276,459.277160382321,382.3,241.2,,205.0,216.0,222.968779819469,,,132.851478099998,149.132,266.774800000001,,161.355,97.84037125,182.689537,461.799618906522,184.582089,133.639416,299.235493681254,296.122621,275.030655,198.524239558066,479.404734,98.0056000000006,97.2000000000003,221.99368513028,88.3124978277965,278.400454201916,,269.0,312.0,73.2,472.979232744043,275.970776569572
1910,19.616853564,57.7,39.9,43.6,58.4,,,59.4,,68.3,64.2,,56.5,49.9,,43.3,70.0,69.3,44.5,80.9,73.6,70.9,41.0,41.2,58.4,24.9,14.6,39.3,88.2273409000001,169.88292,107.0,115.49435,86.4770354380946,114.075064606383,642.0,460.518697407934,132.539419677372,88.8,722.459829297012,394.429,597.000000000001,1634.8,,263.540875601675,497.225614969644,264.1,279.9,,142.0,93.0,208.833885952856,,,165.335469600001,143.140999999999,164.774399999997,,89.5469999999993,65.24102575,217.400989,321.042816134783,165.059496,110.914276,276.78814075,262.688719,379.1808,453.216256963751,418.291361,48.3663999999994,97.2000000000003,232.997643024477,139.472841397005,144.367816304432,,371.0,299.0,178.7,348.872313576453,353.146380601287
1909,24.85234104625,48.7,66.5,36.0,28.0,,,35.0,,60.8,53.8,,44.2,49.7,,43.4,36.3,64.2,62.9,55.9,150.8,53.4,41.0,55.8,48.3,39.8,34.1,70.9,77.9500272000003,333.47388,96.0,66.4346,93.4179267698416,101.601646382979,696.0,576.775609009883,219.770222274877,119.6,595.685237300314,840.71,286.999999999999,1115.2,,247.936706797765,378.325629067872,381.6,236.2,,197.0,187.0,161.317070867306,,,83.1228999999994,97.8750000000014,179.005500000004,,137.1758,97.8827065,167.6919,418.600705652174,123.940731,158.754812,333.750324999997,421.18958,288.418147,296.471603757407,536.8878,72.3260000000008,64.8000000000047,229.733531974221,121.676795037556,224.763850353591,,444.0,499.0,118.5,491.554177403306,403.795774663925
1908,15.0384152615,45.1,65.2,31.7,45.0,,,42.0,,36.1,37.6,,30.7,70.9,,60.5,45.9,46.2,78.7,131.5,68.9,53.4,25.7,24.2,38.2,59.7,34.1,34.2,49.9390353600001,233.32197,167.0,95.88064,46.8038713222224,107.286129413526,724.0,388.378994757976,147.69202760365,133.5,723.069481925792,671.706,549.0,1700.1,,364.525000923839,490.128541462556,333.1,258.8,,184.0,169.0,212.963971424343,,,141.282486000002,104.646,179.192799999999,,95.3326000000002,146.871687,251.564731,323.657277765217,186.915097,206.992427,273.474566572821,298.732804,350.689446,433.672428265261,510.683672,167.721499999999,89.0999999999951,217.896764450671,125.547500161861,176.706096201114,,452.0,229.0,73.7,542.920830029452,269.761351697674
1907,4.425598042875,53.1,45.0,35.1,45.0,,,91.1,,40.0,,,57.6,17.3,,43.8,43.4,82.2,86.9,86.5,85.6,48.3,36.3,48.5,58.7,62.1,43.9,79.2,69.7704772600002,164.85525,239.0,125.84334,127.278433441271,55.3722465523798,675.0,581.758845953072,395.443182760849,89.3,563.576102335101,724.639,278.999999999996,2288.8,,365.280606470118,472.73580636124,251.9,259.6,,172.0,107.0,215.137932494829,,,89.9373329999981,203.481999999999,165.469200000001,,154.838299999999,114.2924365,179.762968,296.242154256522,137.59904,175.873737,199.956818536266,228.706513,303.828267,347.574756941054,337.444044,101.257100000001,98.9999999999998,178.214752062907,175.005606286231,302.481507501845,,306.0,414.0,147.6,452.173323017637,312.584157238298
1906,19.015238636625,47.8,56.3,53.5,29.2,,,56.0,,44.0,,,31.5,46.9,,73.3,36.1,43.8,66.2,77.9,118.9,50.8,48.6,41.3,38.3,42.3,26.8,100.8,80.7986249199997,169.99268,75.0,101.87318,68.2333809698406,110.912409778571,656.0,507.463896696023,360.398096896727,105.6,596.374069122144,593.445,335.999999999999,1383.1,,249.317182451957,380.807057539329,278.9,223.6,,130.0,220.0,160.910115567862,,,128.353904800002,125.189000000001,296.6099,,90.0480000000013,163.5441645,108.645078,412.217661195653,160.532146,189.598116,273.399441950785,344.099264,306.54791,323.359887029266,351.093607,163.0079,104.499999999999,204.877389343014,152.42516525399,180.018423884739,,567.0,344.0,118.8,562.137589722683,185.529080047103
1905,20.370284900875,47.9,49.8,50.7,30.1,,,63.0,,61.4,,,36.5,46.9,,76.4,28.8,59.4,79.8,122.2,58.1,30.5,60.8,39.1,64.0,62.3,56.1,61.5,101.788958040001,202.68358,137.0,107.86572,69.0707388095236,125.044992963096,709.0,277.35557059804,361.651131231725,123.9,557.644006827113,465.124,440.000000000005,1430.4,,298.019164601886,297.684375433815,314.5,257.4,,201.0,157.0,125.574156326097,,,114.988184,98.9999999999991,200.2744,,164.2144,201.175160246638,162.963375,345.065676408696,209.724997,158.090062,172.712202696148,455.124034,194.195981,289.747778894948,537.806096,190.415399999999,102.600000000001,242.454142951822,169.515679812778,335.874348068321,,385.0,416.0,92.9,353.798192242889,309.50384252727
1904,18.812486534125,58.1,38.0,34.3,39.7,,,,,30.6,,,40.5,46.9,,80.3,38.3,82.8,66.6,120.8,99.8,45.7,36.6,27.0,25.6,62.4,31.8,108.2,104.559982,260.761,81.0,127.80033,76.0959541666669,83.5283436273813,642.0,355.612478877099,208.504281574641,173.0,626.266318063716,489.251,439.0,1955.2,,177.444474572989,251.492058769759,425.6,303.0,,249.0,300.0,185.401327957358,,,147.677036799999,211.2,304.504399999999,,153.5,79.6169540523153,308.030914,472.841875,211.928341,138.599133,493.571238833917,362.346368,334.721243,312.066436885714,483.70256,138.437100000001,68.4000000000049,272.646599748376,175.263657263072,147.587524722415,,315.0,489.0,194.8,270.51318918392,302.232719525552
1903,2.584819104,60.4,40.2,45.9,65.4,,,,,66.3,,,52.6,46.9,,63.7,69.4,46.7,87.8,93.7,58.4,35.5,37.7,49.2,71.9,70.0,41.7,134.3,80.0982702399994,266.49467,93.0,103.45741,76.2197214285717,139.512654479761,1026.0,,363.641124968771,118.6,469.621783152852,621.619,320.999999999998,1564.6,,286.680784095817,363.811075416952,425.6,286.5,,181.0,187.0,301.107955535775,,,107.5458588,105.6,194.179200000001,,168.345,79.6968461727285,248.667535,326.535482608695,200.632875,138.544205,326.418922402046,401.440752,269.088342,406.916629847369,402.565688,82.6685999999994,51.3000000000011,234.865894457663,88.5443988215684,297.059879767507,,193.0,432.0,153.6,270.90730660497,457.90709309792
1902,15.684441452375,65.5,58.3,47.9,39.4,,,,,65.8,,,59.9,46.9,,36.1,28.8,54.6,55.8,57.0,55.7,30.5,31.5,22.3,41.2,30.1,44.2,82.3,82.2878507600002,192.71522,124.0,97.37168,62.4536475000002,119.84217639625,616.0,357.788928072213,387.050742103761,134.1,479.233949099998,643.986,441.000000000003,2027.3,,404.513643354184,495.43028230636,331.0,241.1,,265.0,226.0,252.131890094649,,,126.9698518,141.9,257.072399999998,,,99.7334177905446,267.170051,473.480921086956,218.874385,197.190208,526.247309440503,640.228405,376.98617,280.506967105264,326.548694,77.4294,70.9500000000003,224.231022961174,113.486482996659,264.397311639887,,267.0,549.0,83.8,447.721776423341,404.482295675164
1901,15.200185403625,64.4,66.6,30.5,36.3,,,,,31.2,,,28.4,46.9,,74.9,52.9,52.1,23.9,107.8,69.8,38.3,36.7,27.3,38.7,62.8,44.4,30.1,89.2109522000009,168.56051,118.0,121.7146,55.5839076190474,150.188306625,717.0,397.993597508604,470.049031881783,125.7,675.351541516751,633.322,394.999999999996,1127.9,,324.261089810831,337.138867279265,529.0,262.8,,255.0,256.0,227.582112349059,,,156.784493400001,79.2000000000007,285.504400000003,,,99.8587138498977,254.605829,457.987307461957,237.221826,157.450231,309.410107700173,340.30699,278.824257,281.247550578943,657.075624,73.4785999999997,67.1999999999935,142.297576361467,77.4051826960863,239.855981977439,,380.0,304.0,71.2,314.141637985677,339.024485367689
1900,26.36829683225,43.3,66.1,25.2,35.9,,,,,48.5,,,48.0,46.9,,66.7,55.4,83.6,55.8,70.7,100.6,84.6,28.6,34.9,43.9,22.7,51.9,52.0,73.5531832000004,245.43232,93.0,121.0012,55.6493704761902,75.2534263512511,521.0,556.410904027771,203.972033673079,104.1,636.620275671358,589.512,341.999999999999,1714.4,,324.824178176933,281.33836193684,418.3,310.2,,205.0,227.0,265.627614703786,,,78.2770044000006,122.189999999999,237.268399999997,,,99.9842402122788,274.198566,490.344880375002,189.510907,177.187248,375.478258528845,528.23355,395.955739,471.317412775278,540.9306,122.049199999999,117.6,186.765568974425,226.003749135439,274.437097355327,,385.0,377.0,149.3,281.010254475537,378.602878817152
1899,22.185174981,40.7,64.5,36.9,46.8,,,,,68.4,,,36.0,,,48.5,29.0,57.6,53.1,42.3,67.0,43.8,40.8,62.5,88.3,68.2,29.8,95.7,63.1060771999988,189.7035,114.0,90.7509,,150.69401388125,821.0,322.245072866117,226.753585627609,117.9,646.361993238021,495.144,425.000000000004,,,284.686284445678,403.901293916206,381.3,226.2,,212.0,205.0,240.782372565733,,,91.2269603999981,86.0579999999993,258.725200000003,,,186.756583888359,290.305726,360.390240505437,247.528102,118.373924,391.925876433124,434.454581,419.20361,431.003598064346,429.715929,73.4786000000011,56.0000000000002,233.368025232805,167.61944727544,216.413218934322,,270.0,537.0,146.7,399.244762724874,207.234234327507
1898,20.943644658,75.3,48.5,47.1,32.0,,,,,,,,28.0,,,43.2,31.4,83.8,37.2,56.3,108.6,45.6,49.0,67.5,41.7,43.1,32.4,84.6,84.2275106000002,325.79612,126.0,102.85102,,75.423770502499,844.0,307.303880311572,331.792544239347,111.9,440.929046864458,420.582,423.999999999999,,,244.361353668583,414.055386284169,412.8,218.3,,229.0,218.0,201.759811152765,,,52.0518150000012,119.439,217.197599999997,,,192.380323208285,276.577,428.253408044565,133.723531,99.353046,268.324705160042,251.395303,319.07886,324.678532442853,383.623799,135.232000000001,83.9999999999998,277.842220501452,158.202624394789,258.224168971611,,310.0,364.0,71.9,273.699378213967,422.696592550451
1897,4.47590838,67.4,47.0,52.0,46.6,,,,,,,,28.0,,,40.5,19.3,34.1,45.2,96.2,141.6,45.6,59.1,52.5,73.3,45.6,45.0,40.9,84.3251010000002,264.92437,144.0,108.90108,,89.6834005612513,635.0,244.780724522988,422.677250723355,150.9,657.621443704853,509.19,369.0,,,371.187161630822,301.594453437878,250.1,203.7,,156.0,177.0,254.036487880756,,,102.936,86.4610000000017,196.513300000001,,,171.406925151749,209.494776,296.940207173913,237.625143,101.693241,232.08386098714,396.918204,294.68768,288.319241021428,404.52002,82.1375,86.7999999999995,222.490702229005,149.775821158403,245.194721896355,,387.0,452.0,130.8,316.211807098718,239.211685266551
1896,20.31035431225,38.7,65.5,43.8,35.8,,,,,,,,,,,32.9,67.8,62.9,63.9,111.0,85.9,45.5,41.0,60.0,92.0,35.4,37.7,100.7,68.5848394999996,191.30785,108.0,108.30792,,133.990254249999,460.0,618.304806122202,499.412083886998,159.3,550.138779989155,452.971,335.000000000001,,,404.622816975643,481.537152741858,358.3,290.7,,213.0,244.0,163.882882173171,,,182.131099999999,160.067999999999,239.129000000002,,,150.329956448498,183.630398,447.979051034782,162.907407,101.847673,283.321600334114,309.84976,212.990397,286.980377302714,440.65795,136.676799999998,67.2000000000003,242.420422903624,231.556418136568,287.755802717149,,267.0,409.0,166.9,274.58197234441,157.031647366742
1895,16.12569554975,63.9,78.4,28.7,32.6,,,,,,,,,,,55.8,48.6,81.3,61.2,51.4,85.8,51.5,41.0,54.9,41.9,75.7,30.3,57.1,97.7115163000014,95.4,168.0,102.01071,,104.3259115,420.0,246.466597376624,350.446773371241,188.5,569.361433857443,524.144,338.000000000001,,,405.461610624749,283.704044357844,214.7,208.6,,152.0,157.0,298.145669672781,,,80.6812666999994,174.031000000001,176.1985,,,119.270857604731,231.982973,267.072266167391,163.624495,122.423163,222.627633637186,409.873153,262.534985,268.956169825114,385.653315,160.332400000001,67.1999999999935,186.16212471912,174.355569354082,186.342101983712,,311.0,263.0,104.7,603.915799027714,432.145051524255
1894,3.848672436,70.6,65.0,57.9,,,,,,,,,,,,71.1,38.9,52.4,37.3,154.3,38.8,46.3,62.9,42.3,62.6,78.0,58.4,100.5,95.1957206000001,211.4042,144.0,108.01134,,89.5238214999991,952.0,618.300065957711,472.579750670926,119.9,530.453421443902,371.169,297.999999999995,,,369.33119404164,378.831947106456,382.7,261.5,,209.0,163.0,178.182178502029,,,75.5856000000006,154.1,233.062499999999,,,95.4421542887751,159.579528,418.56841762826,180.424056,143.238185,322.15586048839,458.953714,264.890213,270.052990949306,584.985899,106.450199999999,50.3999999999985,260.03585158105,81.9337190826946,144.056126218686,,235.0,351.0,225.7,529.431308519476,385.751981321942
1893,34.270599326875,55.1,54.7,57.0,,,,,,,,,,,,66.1,63.4,81.1,50.6,111.5,69.4,48.8,40.6,57.0,54.6,62.8,68.9,73.3,76.7717946999999,130.2484,108.0,120.0126,,104.64900375,951.0,,466.752409271435,139.1,766.452445258355,356.429,346.000000000004,,,328.875570137976,493.430398657854,425.5,444.7,,220.0,201.0,164.03772894535,,,200.228133299999,113.899999999999,284.265399999999,,,95.5734531478875,184.782223,551.2428246,230.623442,143.747061,259.246398947527,307.429872,354.371323,427.019528453041,325.528886,81.4804000000006,50.3999999999985,278.301776447547,136.556198471158,161.075820473724,,274.0,308.0,108.3,496.838696101159,394.300568082273
1892,10.807976673125,51.7,66.8,41.6,,,,,,,,,,,,35.6,22.0,70.5,47.9,65.8,72.4,51.3,19.3,51.9,119.0,37.7,43.4,51.6,63.5912278000007,338.92004,161.0,84.57888,,171.57571975,739.0,383.416052548527,407.463642275241,157.7,717.088928761333,476.71,436.999999999998,,,329.413326027707,456.38515392929,397.3,238.1,,99.0,181.0,228.16546012293,,,164.8692502,100.499999999999,250.962200000001,,,95.703671435555,291.468853,436.782977391304,231.866821,169.224935,260.381812894891,382.665939,321.454544,374.081275057139,321.531523,106.59,67.199999999998,218.210699233355,146.884636071782,220.59542152169,,274.0,323.0,161.8,362.578215622251,229.091291305294
1891,10.459857814,48.8,69.1,46.3,,,,,,,,,,,,53.3,26.9,57.5,55.8,94.7,123.0,25.7,53.6,46.8,72.6,37.8,48.4,65.5,84.8692530000003,293.8815,99.0,121.2794,,83.5048861111114,779.0,571.990779459903,164.375350066842,138.7,639.069560418059,488.276,250.0,,,371.221726234257,428.651247447839,400.2,333.3,,247.0,201.0,260.245878928274,,,99.0826529000014,87.1000000000017,151.5606,,,172.492436015958,147.9626,400.419790029347,149.251948,121.303474,257.679741326662,456.713837,394.534231,362.516543279037,624.990086,105.944000000001,69.9999999999989,132.900538951494,144.983389073786,220.729835219332,,353.0,,109.6,363.211400679233,205.597313743579
1890,12.158491380875,50.0,62.1,42.5,,,,,,,,,,,,37.9,41.7,52.4,61.2,51.8,86.9,61.7,28.4,61.7,65.0,27.7,35.6,87.8,95.5876196000001,129.6641,142.0,90.95955,,83.6464338888891,531.0,533.757527184769,149.390964422369,174.5,521.786093636156,480.297,358.000000000004,,,371.894476374414,400.759666834034,364.4,279.5,,218.0,195.0,197.981518530549,,,,154.1,252.767300000001,,,134.333853443579,251.463627,418.164677808694,199.080701,97.29499,216.045327608312,541.841185,330.944897,271.657996301164,323.19457,106.59,146.500000000001,215.318163564459,120.505674035355,297.380603087063,,237.0,,218.8,490.877646985591,284.926728746045
1889,24.6006186165,47.6,75.9,55.7,,,,,,,,,,,,30.2,27.1,55.2,40.0,83.6,59.0,28.3,41.0,32.3,83.5,37.8,35.6,55.2,61.1310508499993,193.8855,124.0,121.2794,,134.1203925,726.0,454.460070832802,363.892346163427,129.8,550.559280436887,430.71,562.999999999995,,,273.160909956638,516.263831881784,321.0,324.5,,204.0,218.0,204.771334001138,,,,114.019999999999,258.469199999999,,,127.212493656571,242.993687,351.419781306522,147.751074,121.7747,314.749012243546,,292.629813,317.664657870136,470.686005,136.784200000001,51.3000000000011,299.960268761606,158.163697171403,268.567488873403,,356.0,,106.0,449.546802777096,245.654377729555
1888,22.96966013275,51.3,73.5,56.5,,,,,,,,,,,,62.6,37.0,60.6,50.8,52.0,78.9,56.7,28.1,45.0,76.1,60.5,35.6,52.7,42.5543322000011,181.15545,124.0,91.4302,,151.1645475,572.0,293.050420688042,303.511085693432,97.8,511.549439088065,358.409,442.0,,,356.459624533655,402.26894868312,315.2,235.8,,195.0,231.0,282.088042880897,,,,147.980999999999,256.929599999999,,,109.147132863826,298.552319,363.926946765219,180.083441,121.886723,387.596392241411,,373.883877,350.938321586501,453.686248,163.493400000001,68.4000000000015,252.238610742228,121.615325922673,216.787470693528,,237.0,,113.1,433.484451349014,428.362922051397
1887,9.503133695125,63.4,64.2,39.6,,,,,,,,,,,,72.2,37.1,82.0,104.7,83.7,84.7,74.8,36.9,40.2,60.7,60.8,30.4,38.9,63.8736157999988,253.57722,118.0,104.6877,,84.0887491666669,733.0,334.438936386338,381.168905709642,109.3,650.552501581582,433.797,392.000000000003,,,323.828455997854,306.915895066104,329.9,239.5,,235.0,198.0,233.602208230375,,,,121.437000000002,199.772800000001,,,91.0319936927518,169.145568,,213.019749,210.387171,389.373745736242,,259.144284,367.975094974757,490.983318,154.299199999999,51.3000000000011,292.687126147057,159.320540775525,182.238955499298,,322.0,,110.3,451.304822895382,397.351508249446
1886,21.5674811285,55.9,59.1,31.6,,,,,,,,,,,,47.5,77.0,63.8,72.8,144.2,39.6,36.3,57.9,47.9,77.0,50.9,17.8,69.5,63.9238946000007,104.03168,161.0,80.0553,,122.74234155,603.0,335.222717837998,521.203502429291,116.0,482.242304998327,690.189,496.000000000002,,,249.444421561222,432.265018186613,315.4,229.2,,187.0,187.0,262.240716579576,,,,94.675999999998,207.566399999999,,,91.0586493684008,235.84035,,180.683745,152.611918,273.05767157921,,308.236202,264.709880409301,399.649949,120.402,54.1500000000008,213.623101077552,162.481662616308,260.536163060705,,208.0,,195.1,469.192748294711,278.608461589063
1885,14.02150596875,52.4,41.2,30.2,,,,,,,,,,,,57.9,55.1,42.6,48.7,72.2,56.6,70.3,41.0,53.4,40.0,38.4,53.4,61.2,31.9807039999994,170.59378,118.0,117.0039,,136.573502624999,565.0,413.806394666447,484.394512604856,132.1,512.074646820667,571.975,284.999999999997,,,291.380927002838,394.481154986424,377.1,305.6,,147.0,133.0,154.557117887187,,,,108.442,179.4816,,,72.8336329001394,234.572362,,144.522738,122.251061,339.779508149462,,291.85964,302.6161228093,324.717439,107.024,59.8500000000001,183.969019711303,120.275363561382,276.008890399363,,241.0,,145.8,402.142609855483,270.960618057443
1884,9.51010881,66.6,60.4,45.8,,,,,,,,,,,,33.0,30.3,32.0,35.3,110.0,102.0,70.7,41.0,20.4,93.6,46.2,20.4,94.7,45.3263839500005,132.096,82.0,110.80314,,123.0595254,735.0,382.091090853864,346.200322511351,126.6,591.801425955416,484.602,426.000000000002,,,170.859346016775,308.301361922465,378.2,268.8,,230.0,250.0,152.210753713601,,,,190.384000000001,273.676599999997,,,72.8218231704214,177.387174,,205.064191,122.613103,299.245437018916,,389.264671,345.03290623535,401.460958,61.821,122.55,144.782991845683,77.8010573454003,302.218162069459,,317.0,,174.3,394.367770958409,263.284196155171
1883,9.399548908,78.8,80.3,64.6,,,,,,,,,,,,63.9,32.9,64.2,68.0,63.8,85.2,63.2,51.6,40.8,72.4,54.2,38.3,36.2,117.427653000002,296.4676,139.0,92.26485,,136.660677075001,533.0,,463.871658877786,151.3,512.426666891334,440.363,317.0,,,250.271933162798,337.634937645728,343.1,299.1,,205.0,223.0,202.690621390011,,,,136.466,231.0455,,,72.8100134407035,226.138152,,130.719038,153.825773,367.597517776811,,321.788181,310.975426126666,429.122272,89.297,53.0999999999995,396.117630611524,142.847842994834,120.977520522788,,517.0,,103.2,488.686562012101,287.527802677983
1882,27.50998084,83.7,80.6,55.2,,,,,,,,,,,,38.6,45.9,61.7,57.3,93.1,99.7,92.5,33.6,43.4,78.0,54.4,61.5,55.8,96.2009204000001,184.6604,114.0,123.0198,,111.701406124999,520.0,483.322371975324,504.426933079976,110.2,413.864610375936,529.144,298.999999999999,,,334.130512145572,415.429589231488,478.0,338.7,,256.0,249.0,187.519172338703,,,,130.015000000001,282.273,,,109.192876917834,254.661075,,242.764564,155.682536,347.044486802362,,311.981667,214.450665533331,445.463312,123.642,88.4999999999991,203.218468097655,107.294945124822,233.449421024739,,321.0,,93.3,285.307421723527,215.897105032963
1881,37.309419459125,70.8,68.5,35.5,,,,,,,,,,,,49.1,48.7,83.3,90.3,119.4,77.2,55.6,30.3,40.9,45.7,64.6,87.5,50.3,64.1947807999988,104.02144,82.0,104.56683,,104.117991183333,755.0,,380.746146584841,195.4,631.658263614158,429.036,372.0,,,334.639956359511,396.722470687277,374.5,205.9,,186.0,162.0,291.174342774124,,,,144.123000000001,210.274899999999,,,72.7804888461384,303.056594,,255.451774,121.523037,475.301834812778,,407.755658,189.578810635307,467.344976,197.909,53.1000000000085,179.525075030697,92.2383414537808,220.462466206789,,285.0,,139.0,285.69404015271,424.166188243367
1880,24.273281654125,55.6,59.8,20.8,,,,,,,,,,,,57.0,59.2,91.6,38.3,81.7,91.6,42.5,41.1,43.5,85.9,23.2,54.1,50.3,101.739775300001,234.04824,158.0,110.99202,,133.767408835715,830.0,340.651077972229,562.460023340823,112.6,572.417137547871,900.899,286.000000000001,,,377.067967343348,387.623413223961,362.3,297.2,,176.0,162.0,170.903204422061,,,,213.546999999999,246.640000000002,,,109.14858880977,188.256513,,176.874499,121.823724,348.482005768435,,284.918058,235.688609693176,494.854743,129.219,58.9999999999998,226.145271925527,144.945965141656,211.915150638989,,319.0,,,456.512021433864,272.567493155865
1879,15.6249013325,47.1,52.2,35.5,,,,,,,,,,,,62.3,48.8,72.9,49.2,70.1,54.4,79.8,35.9,51.2,37.5,64.4,33.5,36.3,85.7690228000003,269.59504,196.0,92.95035,,118.842884671429,619.0,466.059987212691,485.632788232208,93.9,503.559206898971,757.399,275.999999999996,,,335.713544821017,271.66006875513,341.2,327.9,,224.0,259.0,222.736110257578,,,,103.499999999999,275.793199999997,,,72.7509637110328,235.813639,,197.132267,138.974348,386.403294153751,,310.171819,272.627555543183,421.626785,185.457,59.0000000000009,241.712485274747,125.764869082998,212.132341828084,,400.0,,,508.574645446103,325.025922034929
1878,47.75196385575,46.0,48.9,60.0,,,,,,,,,,,,46.8,53.9,62.2,35.5,126.1,134.4,50.5,38.5,35.9,64.2,59.2,46.4,47.5,73.1037234000004,204.3146,158.0,92.95035,,133.946249452382,696.0,525.738034718526,368.570646803358,109.4,679.129730782411,608.379,382.000000000005,,,332.009481974111,437.211312464748,307.1,279.6,,220.0,214.0,337.537480350575,,,,248.400000000002,239.839800000004,,,54.51994994548,259.379073,,140.845754,173.116704,328.534765032498,,288.293313,317.93893800909,500.834222,173.075,53.0999999999995,261.594336049917,94.3739999999934,185.721084492361,,242.0,,,432.812501852356,293.298228463519
1877,13.96278313175,41.7,78.5,51.5,,,,,,,,,,,,39.0,35.9,48.7,57.4,47.1,88.5,50.5,38.5,33.3,117.6,43.8,25.8,75.9,73.1624371125003,198.1284,134.0,105.34373,,118.904855309523,584.0,619.393348733531,377.390327679185,94.3,356.115185610572,451.69,413.999999999994,,,446.220062583484,447.665612329161,376.7,278.9,,222.0,199.0,249.573037086637,,,,151.799999999999,233.1906,,,72.5905810084906,215.294507,,147.201721,206.749737,299.032799375525,,235.746936,338.823939999998,685.417027,207.199,53.1000000000006,335.089386100026,95.657999999994,493.65333064062,,201.0,,,459.235052585203,394.1923599091
1876,22.230929298375,46.4,69.7,32.2,,,,,,,,,,,,54.8,33.3,70.4,87.5,100.3,94.5,87.6,51.6,48.7,99.4,36.3,33.5,59.4,44.5987917699991,142.05882,141.0,99.14704,,58.0254930952379,668.0,260.915883839332,243.43730452775,186.7,692.307020899841,424.797,292.999999999999,,,286.734095230972,370.355582503313,484.1,313.5,,251.0,223.0,222.812234056478,,,,103.500000000001,306.995999999996,,,72.4732261437429,191.089432,,253.317478,154.621463,280.404615897152,,290.314855,219.356512000005,415.845654,118.548,35.3999999999985,147.89505808884,201.88799999999,158.878339258999,,448.0,,,331.941541955958,209.481544554193
1875,2.534173488,66.5,45.5,34.3,,,,,,,,,,,,70.8,35.8,56.9,65.9,85.6,80.4,53.0,38.2,30.7,81.0,39.0,41.2,65.4,91.1495185049994,231.6174,109.0,113.73258,,159.88622404762,608.0,303.321977816728,172.415379856154,74.5,563.84609509024,434.384,387.0,,,282.866181768193,380.625880231958,311.9,322.8,,184.0,207.0,234.075261140339,,,,152.012000000002,183.386,,,90.4265020717356,253.699112,,266.819941,137.97979,404.472162500952,,354.354922,180.611535048457,476.977859,167.56,82.3000000000002,220.760428171634,167.699999999995,211.981551539893,,194.0,,,375.178841873779,314.474264321275
1874,42.37526649425,66.0,52.2,38.9,,,,,,,,,,,,63.2,53.8,76.0,69.0,70.7,57.5,45.0,25.7,33.3,37.9,36.6,43.9,45.7,106.59224268,300.01537,109.0,102.06992,,101.987178333332,548.0,430.029675039884,363.496545968679,133.0,682.229821394595,439.124,365.000000000002,,,380.493209501804,410.499037215886,399.0,269.2,,170.0,171.0,301.260976315157,,,,145.949999999998,287.343,,,102.993463542585,310.285239,,131.194401,121.323015,429.038334538257,,325.121749,164.005063364614,789.825475,81.36,69.6000000000004,210.254568553539,195.749999999996,166.38569939693,,283.0,,,303.107772071383,205.863752755882
1873,7.83486854,64.0,70.8,41.6,,,,,,,,,,,,47.6,28.3,57.1,38.8,35.3,103.8,50.4,38.5,25.6,51.5,60.5,28.5,54.5,82.9900656999999,279.7371,173.0,121.20803,,116.783734047619,747.0,,157.207711569515,132.0,712.343559394104,482.842,349.000000000004,,,381.110397852209,430.701642561385,416.2,271.3,,224.0,234.0,158.645115838727,,,,167.886000000001,311.120000000001,,,81.2564976420992,283.174321,,223.104178,116.890612,394.866231804452,,360.718987,225.54551577846,344.720939,166.11,104.400000000001,226.460218921648,163.800000000001,262.832962364441,,336.0,,,333.465334779875,391.849272803759
1872,29.469936910875,77.3,85.7,36.0,,,,,,,,,,,,47.8,41.2,62.8,89.2,47.0,80.8,82.3,38.5,64.1,76.1,31.7,26.0,57.5,81.4479133799998,170.39175,166.0,82.93181,,160.969321190477,565.0,,229.175185521983,124.0,465.455476182241,561.057,282.999999999994,,,296.855495142375,284.214533567393,343.8,218.6,,158.0,179.0,211.385425089144,,,,147.838000000001,185.8234,,,64.8976780644688,210.75514,,197.075554,116.563715,348.223704666534,,345.379091,266.818603858464,571.643067,105.09,98.599999999999,354.901260043846,147.550000000001,157.800517855702,,192.0,,,419.548438652954,234.646114178951
1871,36.959556201375,75.8,70.4,36.6,,,,,,,,,,,,47.7,38.7,98.6,64.2,91.0,57.8,45.2,53.4,28.3,59.9,87.5,26.0,77.3,80.979234950001,189.18726,151.0,120.28421,,175.6792304625,611.0,,253.511438540778,185.4,594.56000855557,507.036,278.000000000006,,,339.708938093169,490.744504353568,201.9,254.1,,174.0,160.0,176.22183668796,,,,191.376000000005,178.745400000001,,,80.987697153219,233.243278,,171.103144,100.309765,435.282324487171,,271.651765,376.734984478086,530.570543,149.16,110.2,109.640974722078,93.6210000000005,333.336873400585,,162.0,,,493.089749604013,275.342534085458
1870,17.071463073,64.0,45.4,45.4,,,,,,,,,,,,42.4,38.7,68.7,80.9,117.7,101.3,34.6,35.3,54.3,38.2,29.1,28.7,57.1,56.7263085900001,266.0208,85.0,93.381,,73.3581825250013,612.0,,182.028823828156,94.2,396.466502011249,422.322,506.0,,,327.425266391372,452.224472654513,268.4,173.8,,107.0,149.0,143.927288512047,,,,114.092,149.214199999997,,,64.6883370880217,250.156012,,245.44168,134.131867,303.9578446651,,233.084713,294.396297804873,522.933373,98.31,86.9999999999982,250.607942221892,120.434999999993,116.480096973162,,372.0,,,429.782390202522,405.327812570175
1869,25.328158973625,66.1,45.3,44.0,,,,,,,,,,,,42.4,59.5,74.2,119.9,94.5,89.6,58.6,35.2,26.0,62.8,74.2,31.4,56.9,73.5246380549996,107.23582,164.0,93.381,,102.847465500001,829.0,,278.319389602214,146.0,505.342593300103,554.838,291.999999999994,,,255.452172859542,413.515111950415,422.8,233.3,,171.0,178.0,167.282803698226,,,,,231.732800000002,,,113.503246795476,227.550304,,233.07131,134.028668,367.446491052631,,276.015033,336.478140136254,460.638121,125.43,52.2000000000003,338.332649833031,215.480999999988,179.31180438964,,211.0,,,379.102850198561,405.930668445736
1868,31.3721848475,83.3,60.4,48.8,,,,,,,,,,,,50.3,46.7,85.3,58.5,50.3,66.4,53.4,30.1,41.7,24.6,42.4,39.4,51.1,55.4515475699995,134.6654,111.0,112.0572,,132.279624737501,897.0,278.855641099646,174.667819389865,185.2,664.443466935303,665.119,322.000000000003,,,349.53517406854,275.987304292,361.1,265.5,,194.0,194.0,223.113831005789,,,,,224.254799999998,,,114.083292407553,151.199867,,181.714422,117.159915,354.600733277122,,381.75746,241.327145526253,627.987318,101.7,84.1000000000008,331.937414844617,122.630999999999,170.457229811134,,299.0,,,353.983912415978,365.876473616602
1867,28.23516775375,84.7,59.1,44.7,,,,,,,,,,,,44.9,62.4,66.1,78.0,100.6,80.8,61.7,30.6,15.7,65.8,26.5,44.8,76.9,78.2270289600004,215.46464,125.0,105.8318,,116.468491777717,560.0,647.971021819676,343.390914719314,89.5,615.632358079542,514.95,366.999999999997,,,303.054782786507,424.375344588701,464.2,351.1,,231.0,252.0,194.159364444623,,,,,239.0058,,,98.2473481978675,303.130544,,206.11738,155.163239,398.751350989476,,405.896657,261.962218193749,328.379075,108.48,55.0999999999999,126.984758913818,67.932000000003,368.243087900796,,370.0,,,560.504776069841,366.358342232279
1866,42.287887570125,55.3,65.5,36.0,,,,,,,,,,,,42.4,57.4,69.0,92.0,148.0,72.2,53.8,35.1,60.5,85.1,74.2,53.2,25.7,66.6393071550006,168.254,164.0,112.73028,,81.5226222847815,575.0,607.440041730004,319.999305835812,103.7,605.215001170306,368.669,352.000000000004,,,341.908543060209,345.861933784665,444.1,,,227.0,227.0,255.356758204067,,,,,291.023,,,121.079590925884,376.371566,,176.482789,132.846688,382.821542589393,,423.46319,376.573709203755,414.283001,61.02,87.0000000000005,300.957518978775,163.170000000007,215.946109291087,,243.0,,,252.505923032571,342.381479681172
1865,12.830279576625,45.6,75.9,46.5,,,,,,,,,,,,61.8,52.3,58.1,47.4,77.0,110.1,70.2,49.8,47.6,71.6,66.5,37.5,77.2,87.0207549599994,134.6032,141.0,94.22235,,95.107697984782,705.0,267.111843449453,385.082105850174,120.9,416.391126163097,689.991,384.0,,,299.560572614826,455.198875411766,265.1,,,129.0,144.0,164.514378085354,,,,,171.580000000003,,,139.161650153391,278.863028,,192.950527,110.616216,276.734169298984,,265.040797,272.220010524997,394.586508,135.2,75.3999999999996,232.281630899089,162.348000000011,279.151562037604,,121.0,,,338.668158858196,432.576264723347
1864,19.1084130195,68.6,73.7,53.4,,,,,,,,,,,,29.9,44.5,63.9,39.0,92.0,46.5,56.8,48.8,50.0,35.9,26.6,54.0,63.1,89.8139315949989,201.9048,167.0,94.22235,,81.5191456891315,600.0,434.491011505169,563.674170930427,176.1,357.749316735084,416.842,350.999999999999,,,342.785396733063,307.135265343449,415.9,,,232.0,173.0,294.696124345274,,,,,223.799999999998,,,104.914815058551,204.526802,,193.397812,177.492456,323.111790724459,,263.249342,440.74003369291,456.119858,60.84,69.6000000000004,152.711219705756,190.162000000012,180.274508746091,,419.0,,,502.439065963567,261.5744319708
1863,8.0569802765,59.5,65.9,39.3,,,,,,,,,,,,63.2,31.5,64.1,83.8,112.9,78.7,78.3,28.2,60.3,58.0,42.7,46.2,43.1,78.215603390001,,179.0,106.78533,,203.969181410869,660.0,658.772772328995,314.330344691768,101.8,406.976468606801,333.255,302.0,,,287.447581296187,297.525319346862,266.6,,,156.0,141.0,162.347767217398,,,,,186.5,,,105.21694429355,148.792591,,184.23703,155.302497,259.030539170731,,211.481563,286.449214891892,334.637478,109.13,69.6000000000004,249.348177314259,149.250000000006,189.390946120249,,289.0,,,361.524462844304,229.085829529035
1862,45.94120168675,54.1,60.2,44.0,,,,,,,,,,,,39.0,62.8,89.3,67.2,56.5,78.9,72.8,29.1,57.5,55.3,26.7,43.8,37.3,80.7211209649993,,160.0,100.50384,,68.1419585086962,543.0,,542.090059560801,147.4,497.934412973326,490.536,375.999999999998,,,244.805183340348,287.884966926812,296.7,,,161.0,218.0,206.239044085063,,,,,171.604400000003,,,87.8581102043725,223.804819,,136.037326,108.404595,324.102629619331,,394.42924,,399.797578,68.57,147.9,166.66835783596,108.48,282.772089889637,,414.0,,,426.590703664496,81.8811754703356
1861,23.412220958,67.9,50.2,48.7,,,,,,,,,,,,59.1,47.0,47.7,59.0,59.5,96.5,48.5,31.8,39.0,69.3,29.5,33.1,37.3,77.5208933500011,,115.0,94.55205,,96.0160165798412,822.0,398.962404736881,185.85664262938,130.9,287.575242943168,418.409,440.000000000005,,,430.009925252064,407.497240694732,299.5,,,200.0,193.0,150.318728521467,,,,,283.937199999997,,,88.019312770732,242.279666,,221.416601,174.074153,368.229183279943,,294.096831,,465.682223,116.569,78.2999999999993,221.487519064221,135.599999999999,155.218509398638,,373.0,,,427.323029683933,270.284070444577
1860,17.88219462125,50.5,51.8,28.8,,,,,,,,,,,,58.9,70.4,47.8,59.1,101.2,55.6,62.1,54.6,49.4,30.5,50.9,24.8,77.5,81.6626153999993,,115.0,94.55205,,99.0600340909075,578.0,313.396370039613,454.670662724274,120.6,497.284336515177,459.95,177.999999999997,,,258.370265582824,477.774091543684,441.4,,,208.0,169.0,262.04163398854,,,,,224.570400000003,,,136.485940985509,130.686516,,221.202818,152.85128,303.947986799503,,273.372065,,389.998552,69.039,69.6000000000004,268.29105317007,204.12,283.315257312983,,248.0,,,285.985996222539,409.90121259315
1859,35.4084572255,61.0,72.1,30.9,,,,,,,,,,,,39.0,49.4,81.8,28.2,68.5,85.0,62.2,38.5,62.5,52.8,56.2,46.8,77.5,51.7547835999994,,156.0,113.46246,,113.42243909091,654.0,486.944743759542,398.666583399074,85.8,567.024023986909,616.185,311.0,,,344.878520644753,518.431572488284,190.2,,,169.0,190.0,204.016147194949,,,,,187.436,,,101.445180426216,181.134119,,178.999335,152.905523,237.304210394804,,335.914952,,338.537153,186.948,121.800000000001,236.487140645698,163.800000000001,164.621231047327,,327.0,,,656.740089184595,365.321617218975
1858,24.0610765695,73.2,60.7,34.0,,,,,,,,,,,,44.4,46.8,39.6,42.3,89.4,64.5,40.7,38.5,20.8,55.5,50.8,30.1,43.0,65.4143900000007,,156.0,69.33817,,99.4292347727279,679.0,401.361770212719,375.014035949925,140.8,656.013089655099,544.644,292.000000000002,,,302.146937467362,389.366007516773,241.1,,,189.0,161.0,183.625873866198,,,,,249.157499999999,,,122.014190337789,259.081243,,158.018225,127.701316,280.63835170425,,,,418.912505,173.024,95.6999999999994,188.95596261216,122.850000000001,156.842580316709,,289.0,,,386.619057452444,349.333152941714
1857,28.22487525225,48.5,52.0,57.0,,,,,,,,,,,,35.9,39.0,84.6,59.4,92.5,41.1,46.2,53.3,60.0,47.1,48.1,51.9,63.2,43.6325820000011,,156.0,113.6871,,99.5391299999984,791.0,489.019694345433,326.655443878966,57.1,377.920702960273,650.536,388.999999999996,,,216.039714788679,399.852270246218,385.8,,,242.0,218.0,162.830681890192,,,,,236.572500000002,,,81.5064887562413,190.531072,,237.030142,166.347771,325.631231862008,,,,381.329108,152.24,34.8000000000002,172.781090903083,138.705999999993,286.243712327984,,289.0,,,348.418940267396,230.418268030595
1856,5.2861456515,48.0,51.0,60.2,,,,,,,,,,,,71.3,33.8,73.1,59.5,71.7,146.9,62.6,22.4,49.6,69.3,21.3,43.5,63.4,88.9565591100001,,85.0,95.11365,,128.014849772729,842.0,446.605050215964,433.901598053217,56.4,747.526234041028,555.669,308.0,,,302.73868121342,430.409689099744,284.3,,,166.0,149.0,128.682240938867,,,,,223.477499999999,,,183.773678602443,208.444303,,211.503289,184.830856,,,,,664.929157,121.278,75.9999999999991,236.135913340893,168.08399999999,184.835710727441,,254.0,,,387.739899669933,205.888340671983
1855,16.3476757285,55.2,46.1,37.7,,,,,,,,,,,,65.4,33.8,81.2,76.6,71.8,58.8,27.3,28.9,31.4,38.8,40.0,24.4,66.5,68.8146771899986,,104.0,126.8182,,56.9083988636358,708.0,447.538348859839,221.224430175352,91.5,,555.255,315.000000000005,,,216.460811055192,370.806561505015,431.8,,,176.0,202.0,160.649291806045,,,,,146.892499999998,,,102.323592787942,249.046093,,111.370179,166.455972,,,,,361.67492,92.742,72.0000000000005,250.780328049405,84.0419999999949,147.949829898252,,502.0,,,427.183064004319,346.128238356768
1854,25.985754327125,46.4,48.5,28.8,,,,,,,,,,,,49.0,46.8,47.5,73.8,71.9,64.7,62.7,48.3,60.3,63.6,21.3,59.3,43.5,56.2865511100007,,85.0,76.09092,,105.464021522077,818.0,186.495349978455,205.104471976468,66.4,,698.342,393.000000000001,,,411.71849166813,391.316274603019,441.8,,,211.0,221.0,332.725018001893,,,,,290.736800000002,,,110.045643282336,212.999924,,195.447248,201.292993,,,,,437.862814,64.206,90.0,296.853688573434,170.214000000008,249.81081642341,,528.0,,,406.309115326701,140.259213366979
1853,24.88950056525,54.7,51.3,28.3,,,,,,,,,,,,38.1,59.8,53.1,68.1,51.0,79.5,51.9,47.6,42.0,36.0,50.8,37.8,34.8,80.383251479999,,104.0,95.11365,,121.679324100001,653.0,,328.862747235787,104.7,,536.582,339.999999999996,,,325.496569172007,492.345736176251,424.8,,,201.0,181.0,214.406027473072,,,,,241.728000000001,,,91.8475530835862,213.253373,,224.153239,128.777318,,,,,346.901279,180.175,90.0,,111.210000000003,223.874025970941,,261.0,,,389.683921768147,255.884231751732
1852,25.892022976875,59.1,46.4,44.6,,,,,,,,,,,,40.8,44.4,64.5,79.3,72.0,61.9,51.9,30.5,42.1,66.4,34.9,29.7,37.8,72.5049439000001,,176.0,114.64422,,76.068004257142,699.0,449.811212019106,189.315586205026,69.1,,707.507,219.999999999999,,,304.150397891136,301.775969280539,209.8,,,181.0,163.0,202.091401100355,,,,,187.1532,,,110.388484328797,172.835036,,126.313763,96.667525,,,,,543.115561,86.484,95.9999999999991,,97.0560000000023,196.046001305576,,438.0,,,498.316372403113,264.358948658115
1851,4.303419225,43.6,60.4,61.5,,,,,,,,,,,,46.1,60.4,44.9,65.1,75.1,67.8,32.8,35.1,21.1,41.5,62.0,32.4,34.9,104.602514279999,,156.0,102.13168,,91.3108840142869,545.0,319.112012092729,428.901796996611,78.6,,467.669,325.000000000003,,,260.973839525382,433.053799007776,413.9,,,189.0,227.0,268.634628773915,,,,,248.705999999999,,,73.6936165682518,244.807488,,196.273963,193.615807,,,,,376.379321,114.61,111.300000000001,,125.829999999996,158.823972094839,,323.0,,,343.586613848616,248.048960341929
1850,27.8716024035,51.9,75.1,60.1,,,,,,,,,,,,29.8,42.2,56.3,68.1,33.1,65.0,68.4,26.0,65.9,38.8,46.1,62.3,52.4,73.9952678600007,,104.0,102.13168,,137.201118000001,535.0,583.240818574233,156.979571151808,117.5,,555.884,338.999999999999,,,282.997079318724,403.343054389076,362.7,,,220.0,202.0,211.23741056616,,,,,197.798399999999,,,92.1851991301402,226.204048,,186.050634,162.022125,,,,,442.552304,164.519,109.8,,126.062999999992,196.305922479342,,168.0,,,439.197812287947,330.996490225682
1849,22.8993956295,77.4,58.3,39.1,,,,,,,,,,,,46.2,58.3,70.5,56.9,111.4,79.9,71.4,37.2,34.3,74.8,87.3,16.3,55.4,89.1339674500009,,169.0,95.74845,,76.3597876428563,633.0,364.450569410972,256.427710017237,169.6,,618.077,295.000000000002,,,261.486600928384,474.565487138154,234.6,,,152.0,187.0,173.96881551147,,,,,261.075600000003,,,92.2501312342345,226.895283,,167.714887,134.680776,,,,,519.754698,204.91,73.1999999999994,,168.08399999999,311.839706219306,,296.0,,,392.32513088776,414.184626826827
1848,33.950263752,76.5,55.9,36.5,,,,,,,,,,,,49.0,39.9,59.3,74.3,108.7,89.0,52.5,46.9,45.1,47.2,76.7,46.2,43.8,87.8363148000003,,113.0,118.35931,,76.4576053999992,853.0,541.468376655142,314.795576573702,118.6,,398.69,247.0,,,414.491230961141,353.814811976054,401.1,,,249.0,211.0,251.861200547438,,,,,231.530399999998,,,73.8468560391776,219.40172,,223.939049,167.529261,,,,,394.813325,133.38,108.900000000001,,82.3209999999972,179.752797328393,,254.0,,,392.915944637549,248.838232720272
1847,16.747762527,65.5,78.1,32.9,,,,,,,,,,,,57.4,32.0,67.9,48.7,60.5,98.2,72.2,47.3,64.2,44.5,65.7,24.4,78.9,94.7747574749999,,132.0,96.4836,,107.204980585715,648.0,489.637417452327,497.928081802781,159.7,,421.0,360.999999999997,,,305.820477930268,435.207906368775,396.0,,,160.0,160.0,332.195222579344,,,,,231.890399999998,,,112.346684230137,200.046614,,167.86389,149.540564,,,,,432.829773,178.017,34.8000000000002,,81.7200000000048,227.175698662475,,218.0,,,436.806958282803,166.022503293907
1846,33.37213394175,57.8,81.2,32.4,,,,,,,,,,,,46.7,42.8,48.2,66.0,93.9,47.6,50.2,24.7,56.7,55.8,32.9,46.1,46.8,68.7267965499999,,132.0,96.4836,,122.754739485713,611.0,375.526366455982,382.642593073617,142.9,,466.0,350.000000000001,,,306.150167141102,374.914594668702,448.9,,,200.0,218.0,177.226235381192,,,,,255.496400000004,,,94.9452426077574,200.328689,,278.41907,187.433607,,,,,566.40246,101.745,163.559999999966,,68.100000000004,331.62142418717,,505.0,,,350.876930339483,207.636425049114
1845,4.600711434375,39.0,67.2,39.3,,,,,,,,,,,,44.1,37.5,59.6,40.2,124.3,41.7,64.3,65.7,48.9,75.6,57.5,37.8,49.8,52.2594134999995,,113.0,109.34808,,123.008187871432,694.0,500.282812438317,325.060835290969,96.6,,378.0,286.999999999999,,,372.183661912784,446.390305025686,302.3,,,173.0,175.0,174.959433606435,,,,,224.783399999999,,,95.0137317968781,214.995293,,204.348692,131.169647,,,,,308.693411,90.087,104.400000000001,,81.7200000000025,152.958072159779,,344.0,,,446.685563600205,332.434286324357
1844,30.635400572875,34.0,61.9,44.2,,,,,,,,,,,,27.6,32.2,59.6,57.4,60.6,142.9,53.2,42.7,54.6,59.0,32.9,51.2,99.8,55.0373758000009,,183.0,70.75464,,77.02965977143,782.0,634.628873712963,509.192224438582,83.6,,742.0,460.000000000001,,,346.347840054008,385.970746070719,327.6,,,182.0,222.0,220.500384259015,,,,,224.8684,,,76.0602977617776,273.438776,,272.695191,199.880092,,,,,569.321933,71.01,46.400000000001,,190.680000000011,229.594991974993,,378.0,,,395.391279416117,374.375872182736
1843,21.66327249825,46.4,56.6,50.7,,,,,,,,,,,,55.3,40.3,62.4,106.3,48.5,53.7,61.6,26.3,55.1,59.2,49.6,53.7,55.9,68.8333017799999,,155.0,109.78674,,138.960424685715,645.0,502.54633394595,661.067752790075,118.0,,422.0,298.000000000002,,,399.460796801658,406.749539632494,506.9,,,222.0,211.0,211.068006413008,,,,,310.300899999999,,,95.1493404453912,218.420464,,237.217362,212.345617,,,,,511.869846,71.01,71.9999999999982,,181.019999999999,191.504987687848,,256.0,,,439.348177245334,316.505701254036
1842,23.82821743725,70.8,47.3,42.3,,,,,,,,,,,,74.8,32.3,48.2,34.5,30.3,71.7,72.8,33.1,60.6,42.4,80.5,37.5,32.4,74.3858588999991,,168.0,97.58025,,75.4644665083048,505.0,548.157717453412,386.1024557383,154.4,,460.0,440.999999999995,,,391.211310406943,417.408339210611,344.0,,,236.0,196.0,229.708235924794,,,,,225.009599999999,,,76.21371370757,198.950771,,189.495566,159.304417,,,,,295.105293,92.313,107.999999999997,,125.549999999998,239.567043705471,,181.0,,,309.897364464853,208.429812755337
1841,13.852589002875,85.9,44.7,29.5,,,,,,,,,,,,33.3,43.2,65.1,86.2,60.6,68.9,30.8,38.5,22.0,70.9,53.1,26.7,67.9,70.2976593000008,,121.0,97.58025,,72.7166114744166,587.0,285.677651425827,403.612228973154,101.0,,528.0,253.0,,,396.134490302916,417.900086639712,437.0,,,209.0,197.0,220.436164763766,,,,,240.436200000002,,,114.48494448011,188.986784,,190.168329,106.37225,,,,,570.58923,84.708,116.400000000001,,111.374999999998,249.341847984984,,378.0,,,397.055710614853,258.617453409343
1840,13.791011734125,70.9,64.7,33.3,,,,,,,,,,,,88.8,75.8,36.7,51.9,124.4,57.0,33.6,38.5,74.4,34.1,44.9,101.5,53.3,90.4859305799989,,114.0,110.59095,,101.983521548837,681.0,321.816948931983,303.426511980069,128.9,,590.0,334.000000000003,,,308.482579980972,367.331731029034,307.8,,,211.0,194.0,273.566644020485,,,,,224.836999999999,,,95.5547966612019,170.809792,,175.570279,106.51262,,,,,372.30693,63.405,50.4000000000019,,67.3230000000012,236.925730787926,,171.0,,,341.208145360974,150.283014068114
1839,16.2118740945,59.6,64.7,39.8,,,,,,,,,,,,47.2,40.8,65.1,66.4,66.8,81.2,61.6,38.5,77.1,65.6,73.3,61.8,50.4,75.0890316200016,,108.0,110.59095,,116.810118176743,645.0,,438.663141299969,188.0,,823.0,,,,352.934063481906,429.04018517052,356.4,,,164.0,141.0,192.213860911079,,,,,209.321400000003,,,118.041577849095,325.714208,,241.145636,99.216021,,,,,505.165068,147.945,67.2000000000025,,107.520000000004,170.704131986767,,213.0,,,311.256953058622,275.644156238194
1838,13.909520655375,48.2,44.3,45.1,,,,,,,,,,,,52.9,41.0,65.3,72.3,118.4,78.3,56.0,38.5,19.2,65.7,19.7,72.9,47.5,66.2958849999988,,148.0,65.2489,,146.287354711628,655.0,416.955955186441,498.629169113553,162.0,,512.0,,,,397.537215473695,368.143537332697,348.5,,,241.0,247.0,161.516275615344,,,,,241.001499999996,,,101.344332715516,211.78998,,161.380929,178.894995,,,,,526.984024,62.424,84.0000000000032,,55.1040000000012,246.738572089697,,258.0,,,311.626605473773,292.592773391563
1837,13.12456235625,51.1,55.7,55.2,,,,,,,,,,,,47.5,41.1,65.6,58.0,85.0,42.2,70.1,38.5,41.2,68.5,33.7,35.2,98.2,66.3320921000006,,128.0,110.92313,,73.2018087906956,718.0,282.966879297446,779.103787025871,130.3,,510.0,,,,398.058018291107,419.737438914635,340.7,,,156.0,188.0,217.184308692909,,,,,210.610800000002,,,169.239426592011,197.638194,,177.696018,199.062902,,,,,411.259347,141.078,84.0000000000032,,179.424000000004,228.008076041427,,217.0,,,390.192635492868,251.013764296942
1836,22.820977062125,64.7,60.2,48.1,,,,,,,,,,,,58.9,66.1,60.2,49.4,75.8,66.3,70.1,20.7,35.6,62.7,50.3,48.9,53.6,55.3055034000009,,128.0,97.87335,,116.828659531398,691.0,463.065044456497,357.118834972908,135.5,,388.0,,,,442.885098371175,420.21780388224,428.9,,,158.0,136.0,185.96865747287,,,,,211.258799999997,,,118.44713428091,162.851592,,118.471429,239.880413,,,,,425.679401,107.488,53.9999999999986,,70.3800000000001,185.467537555576,,128.0,,,312.531709364165,251.201593812711
1835,21.39535566175,60.1,60.2,47.0,,,,,,,,,,,,56.3,60.9,43.1,52.4,72.7,84.4,84.1,33.0,38.3,79.8,66.7,46.3,65.4,88.5406926000002,,108.0,104.39824,,86.8436777249987,739.0,418.848473041319,315.237877299831,72.9,,827.0,,,,310.416925172496,379.62435687663,258.0,,,169.0,216.0,220.050508455577,,,,,235.084800000003,,,118.264820708023,271.497065,,228.876928,205.273552,,,,,369.029319,151.634,113.999999999999,,111.491999999998,293.158473391407,,258.0,,,395.48951430824,167.592517698885
1834,31.113772274,57.8,75.0,42.6,,,,,,,,,,,,70.7,44.2,51.8,67.0,69.7,81.5,78.4,36.4,76.3,48.4,63.6,24.5,38.6,77.2484456699991,,108.0,78.29868,,188.345639249998,803.0,,366.725739965744,153.9,,512.0,,,,266.324002153636,410.846381774629,352.6,,,233.0,242.0,223.350615094375,,,,,250.4732,,,67.4980419685558,230.9614,,242.841594,205.00756,,,,,320.334731,83.04,60.5999999999995,,110.807999999997,283.764172323963,,347.0,,,356.926750887533,335.35094419506
1833,24.1177832665,53.3,64.8,29.3,,,,,,,,,,,,36.9,30.4,60.4,58.4,63.7,130.2,42.0,36.5,29.9,48.5,52.3,76.5,94.8,68.1519250400005,,121.0,98.14815,,144.939284325001,1073.0,374.986836871845,341.779596468053,92.6,,405.0,,,,355.437344388358,462.751737724147,397.4,,,251.0,211.0,176.636069196734,,,,,218.911600000001,,,83.2380887063502,177.635462,,135.456428,143.934063,,,,,380.172615,110.72,73.1999999999971,,69.7679999999991,303.758554502894,,225.0,,,266.065815657135,335.681628378812
1832,11.3107427565,54.5,49.5,46.7,,,,,,,,,,,,36.9,74.5,74.6,49.7,76.0,118.5,58.8,43.3,67.8,60.0,22.1,32.8,65.1,65.0001628324993,,148.0,98.14815,,159.250220325001,625.0,,419.055906035605,101.5,,558.0,,,,324.691836404382,360.293995896753,332.9,,,164.0,169.0,273.215666848793,,,,,265.836099999997,,,132.5727034375,266.538995,,176.002506,123.790286,,,,,365.237816,104.916,109.799999999996,,55.4039999999986,293.272789025964,,293.0,,,357.675037743314,411.613247142332
1831,5.560909964,65.3,46.1,62.4,,,,,,,,,,,,48.2,49.6,48.7,111.2,91.4,81.9,36.4,40.1,62.3,94.4,47.0,71.3,80.2,79.1839945749997,,82.0,98.14815,,74.7508472093036,916.0,,308.777305246425,120.9,,,,,,267.126539103749,360.635998942368,392.5,,,221.0,202.0,161.255614404228,,,,,164.856300000001,,,176.4046728125,256.260549,,221.351689,146.844004,,,,,577.45511,70.13,54.8999999999978,,69.8309999999992,342.551999539966,,171.0,,,540.933212324794,
1830,23.84379400275,61.9,71.8,46.1,,,,,,,,,,,,25.5,71.5,71.6,70.3,64.1,99.8,50.5,63.7,27.1,43.0,72.2,38.5,68.6,92.1450759400001,,129.0,111.23457,,89.644188604649,660.0,376.598537404786,351.962177579377,160.2,,,,,,374.3354395574,391.938711621614,529.9,,,208.0,236.0,254.009610825528,,,,,,,,88.2133240625,209.132968,,190.289009,190.00868,,,,,367.536416,169.374,71.9999999999982,,129.843000000005,293.937289667614,,302.0,,,359.018351912518,
1829,36.0692925425,65.5,92.5,36.0,,,,,,,,,,,,53.9,54.8,74.5,76.3,76.4,72.3,56.3,34.1,27.1,63.1,52.9,57.8,53.9,110.551401780001,,116.0,100.478255,,89.5821944186071,814.0,,326.824403202573,87.1,,,,,,365.846023859871,320.025267037823,304.9,,,181.0,153.0,293.663074318658,,,,,,,,88.3744771875,228.312607,,237.076834,148.25374,,,,,314.595649,93.47,109.799999999996,,144.270000000006,298.295012376572,,343.0,,,272.395855450492,
1828,9.22986622775,66.9,71.5,31.8,,,,,,,,,,,,53.9,38.3,40.2,55.8,125.7,117.7,42.3,38.5,70.4,46.0,22.3,49.6,39.0,77.8328310000005,,109.0,103.18496,,89.520200232556,765.0,,318.731272742378,124.3,,,,,,348.387632398017,423.685819296841,294.9,,,189.0,196.0,182.548702265256,,,,,,,,110.6947178125,228.518366,,177.468151,169.507305,,,,,443.937636,122.23,74.399999999996,,28.8540000000012,219.06483560539,,342.0,,,403.332640810159,
1827,22.406276697,55.1,60.2,47.0,,,,,,,,,,,,73.8,24.6,46.0,88.3,49.2,63.6,65.1,38.5,37.9,54.7,55.9,66.2,69.2,95.9680818999999,,102.0,96.7359,,149.256873255816,718.0,,482.254807913925,178.2,,,,,,348.76119271551,506.980223851044,420.6,,,239.0,222.0,204.40365851203,,,,,,,,105.235741047239,176.69931,,192.968995,161.722552,,,,,247.254933,115.04,74.399999999996,,189.738000000002,229.249702872509,,269.0,,,273.201967049807,
1826,11.62742621175,61.5,57.3,60.2,,,,,,,,,,,,65.3,57.2,51.8,53.1,52.3,94.3,53.9,47.7,73.1,66.3,39.1,85.7,66.3,77.9415276000005,,109.0,83.83778,,104.600406511627,844.0,,337.014885621078,146.6,,,,,,268.54081242276,362.506796633565,369.5,,,169.0,197.0,253.940087241591,,,,,,,,81.3010046480865,212.203199,,193.030046,159.165409,,,,,446.787538,158.18,86.7999999999961,,72.3449999999957,209.444916923368,,425.0,,,408.56202158032,
1825,28.3510315095,65.7,55.6,46.0,,,,,,,,,,,,48.4,43.4,34.6,41.4,110.7,48.8,71.0,29.3,40.7,43.3,69.7,41.5,48.3,100.2788112,,120.0,103.18496,,116.883381330889,679.0,406.67299438817,346.110667497814,160.9,,,,,,277.721396916628,476.968207339146,388.0,,,244.0,213.0,182.620429821476,,,,,,,,81.43571550725,318.841019,,194.418067,179.130471,,,,,426.920526,129.42,106.749999999997,,173.62799999999,248.274441357513,,215.0,,,396.074611393142,
1824,18.31634823375,79.3,59.7,54.1,,,,,,,,,,,,45.6,51.5,72.2,71.0,107.6,91.6,59.6,32.0,46.2,69.3,75.1,38.7,81.6,78.0479876000004,,140.0,110.01317,,100.912841810867,820.0,,372.470008790875,118.5,,,,,,403.535847033229,477.54064516705,471.3,,,224.0,233.0,266.323237042675,,,,,,,,101.984081529761,231.202013,,236.166789,179.195773,,,,,358.564294,111.58,51.8499999999995,,99.9049999999988,377.771771237126,,132.0,,,579.811861769238,
1823,19.19920367825,77.8,75.2,52.9,,,,,,,,,,,,77.0,27.1,72.3,41.5,58.4,79.3,39.8,45.0,38.1,57.6,58.3,58.1,93.8,61.3551018999998,,148.0,97.87335,,101.004908808698,828.0,334.701331977983,347.157026243936,105.3,,,,,,350.135271525118,332.516638802358,413.6,,,285.0,247.0,312.75115822488,,,,,,,,122.6771086973,196.126514,,205.153798,142.563866,,,,,207.380125,151.305,36.5999999999985,,113.100000000009,238.905009385154,,218.0,,,449.953678056207,
1822,16.266583002,54.8,72.3,33.5,,,,,,,,,,,,79.7,24.4,98.3,56.2,89.3,103.5,96.6,46.8,40.9,60.4,55.5,44.3,60.5,89.2965274000002,,120.0,97.87335,,101.099267780433,584.0,335.116472853526,494.554112004087,188.2,,,,,,206.675026303006,426.455877595956,247.4,,,159.0,194.0,179.659380296735,,,,,,,,102.521776680684,232.266863,,170.825897,125.825166,,,,,622.899173,86.46,36.5999999999985,,71.0700000000043,371.953989791572,,306.0,,,450.644768764243,
1821,37.16808718125,61.1,66.7,31.8,,,,,,,,,,,,76.5,32.6,83.9,53.2,52.5,109.7,62.5,44.3,82.0,71.7,53.1,41.5,51.3,78.1847518000005,,134.0,65.2489,,86.7742062391319,550.0,426.997488345534,209.929072164669,86.3,,,,,,431.685988813949,353.975244412207,459.5,,,209.0,209.0,201.072423012319,,,,,,,,164.592055611738,260.67708,,202.952536,146.83583,,,,,381.276543,69.9115,73.1999999999971,,158.010000000008,201.296562286673,,217.0,,,442.60155420007,
1820,35.844120204,58.4,81.2,45.8,,,,,,,,,,,,33.9,57.2,57.9,112.3,55.6,119.4,51.3,37.5,66.0,68.8,28.0,63.8,45.3,50.2855456999999,,148.0,123.97291,,101.396955469563,777.0,427.602708317953,279.410053105984,194.1,,,,,,288.114849461239,291.731743545838,433.2,,,197.0,210.0,253.605292268437,,,,,,,,97.6334447672314,163.369978,,179.852816,125.923263,,,,,302.610929,74.49,36.5999999999985,,99.7400000000061,241.786776395489,,228.0,,,478.215358692733,
1819,22.3134670365,52.8,66.3,49.8,,,,,,,,,,,,70.3,40.9,58.0,59.0,61.9,116.9,57.1,25.4,38.7,86.5,47.9,39.0,63.3,55.895401399999,,232.0,78.29868,,115.984052152662,510.0,336.518290795929,297.090397229879,259.2,,,,,,396.535557811569,312.803210408455,254.4,,,176.0,184.0,222.690450198313,,,,,,,,78.2793485703693,204.650617,,149.196694,105.084535,,,,,427.650171,67.041,76.2499999999977,,130.455999999999,312.547856368486,,507.0,,,409.053312915543,
1818,26.14849733475,54.1,64.7,51.2,,,,,,,,,,,,45.0,49.2,93.1,35.4,77.5,138.5,57.2,38.5,55.6,101.7,79.4,58.7,90.3,58.1555044399995,,119.0,68.511345,,86.5591779999997,509.0,254.358332990144,418.936889475989,99.1,,,,,,288.691201590029,386.130543184792,355.9,,,185.0,182.0,213.147187766487,,,,,,,,157.018944978116,225.094861,,172.879574,147.364126,,,,,305.290238,145.2555,64.0499999999997,,173.705,203.671154161101,,389.0,,,322.21057527588,
1817,7.99344129675,54.8,57.3,41.1,,,,,,,,,,,,39.6,54.8,46.7,68.0,121.0,126.2,60.2,38.5,61.5,61.4,59.9,56.1,63.3,76.0868348800018,,99.0,103.79408,,101.143675999997,534.0,291.349690205167,245.862749356079,116.0,,,,,,306.996139922379,407.396145824155,412.7,,,170.0,223.0,157.734234235903,,,,,,,,177.195254147129,218.843581,,211.423301,105.119163,,,,,402.303753,126.0805,64.0499999999997,,85.0800000000072,254.767636332631,,392.0,,,558.676673656054,
1816,43.863161726875,83.4,45.8,45.1,,,,,,,,,,,,45.6,33.0,29.2,65.2,102.5,73.9,48.8,38.5,22.5,58.8,28.5,45.0,45.4,68.8512782399987,,126.0,110.28121,,144.786071777777,538.0,,202.697577390653,173.5,,,,,,415.758844956497,533.379542243521,413.2,,,193.0,197.0,218.005660584649,,,,,,,,177.376750363164,269.042083,,257.098392,126.081344,,,,,333.21642,133.026,58.2499999999982,,72.9240000000073,336.660060996172,,342.0,,,367.174643054694,
1815,20.185149907125,81.5,44.7,48.1,,,,,,,,,,,,54.5,71.6,96.5,41.6,130.6,67.8,117.6,38.5,39.4,91.0,68.4,73.5,88.0,98.4362264725005,,119.0,97.30695,,58.0098726666665,676.0,402.468759105322,463.915428443425,100.0,,,,,,497.732668426306,596.948493435665,397.4,,,282.0,208.0,216.544667406491,,,,,,,,78.8875331643556,249.865918,,205.085016,84.170099,,,,,377.809211,94.107,74.399999999996,,72.2160000000076,183.756694990156,,262.0,,,420.144578173042,
1814,29.04500774525,57.3,46.5,57.1,,,,,,,,,,,,69.5,49.8,49.9,110.1,105.8,98.9,45.9,46.0,67.7,96.6,19.9,90.7,45.6,118.4121464375,,185.0,90.81982,,101.643174666669,757.0,430.62385688878,464.70787509572,225.9,,,,,,471.234692622547,419.38067779304,276.8,,,164.0,183.0,284.108132537623,,,,,,,,118.392939611337,268.638296,,171.726806,189.749181,,,,,298.804505,86.868,55.799999999997,,58.056000000006,153.814576262423,,480.0,,,368.222839178737,
1813,30.961073411625,66.3,61.2,74.3,,,,,,,,,,,,70.2,47.1,79.5,62.7,105.9,77.4,63.1,31.0,79.2,78.8,68.3,42.5,42.7,84.1440235000014,,178.0,72.97653,,130.919526444442,865.0,523.431779462637,386.927669203145,140.3,,,,,,344.778051839616,482.811039594739,341.8,,,224.0,217.0,188.378322416264,,,,,,,,98.7172869283097,209.820964,,171.436165,84.572342,,,,,332.000676,115.957,74.399999999996,,259.569000000024,205.167413420004,,303.0,,,281.145627225099,
1812,17.681811146125,71.7,82.9,51.0,,,,,,,,,,,,67.6,50.1,38.3,47.8,46.8,74.3,68.8,44.5,90.8,84.7,51.2,88.0,103.8,56.124456799999,,159.0,106.14768,,42.7801945270557,681.0,524.233351740597,378.753987231397,146.2,,,,,,236.103488585435,420.265230666554,408.4,,,213.0,244.0,194.567613575292,,,,,,,,59.2550280488531,152.950837,,165.613123,105.949059,,,,,269.832663,116.128,49.5999999999981,,117.810000000009,184.733259223342,,393.0,,,294.546223081868,
1811,19.128037207875,63.9,73.6,48.2,,,,,,,,,,,,38.2,47.3,85.7,89.8,115.4,114.4,57.4,32.4,99.3,67.2,54.0,31.2,49.0,78.6110742000005,,86.0,99.51345,,70.5967502086963,611.0,,309.30826990952,142.2,,,,,,390.791123386501,336.493940981892,277.7,,,200.0,116.0,237.809769631169,,,,,,,,98.8098842255145,172.356438,,133.112228,146.808174,,,,,192.615741,65.322,55.799999999997,,148.302000000012,256.738905771336,,349.0,,,413.068342377927,
1810,53.566072171625,52.1,42.6,54.8,,,,,,,,,,,,44.0,19.5,56.1,72.0,96.7,147.9,46.0,,36.9,43.8,42.7,36.9,79.7,44.9408234000012,,153.0,86.24499,,155.582760658697,491.0,,370.991722905484,184.8,,,,,,363.909372064544,389.405012005542,471.2,,,119.0,262.0,231.383718302123,,,,,,,,118.783327989325,172.63816,,113.951828,81.312461,,,,,305.214374,72.58,61.9999999999982,,141.876000000007,143.876262927775,,212.0,,,387.360116672645,
1809,14.766136665,69.6,50.2,42.6,,,,,,,,,,,,35.2,66.8,73.8,42.0,43.7,98.6,60.4,,87.8,61.3,76.9,45.5,76.7,67.4370923999987,,181.0,106.02068,,127.562301899996,676.0,,564.474549332947,120.1,,,,,,373.382242582471,526.806046141869,321.7,,,228.0,172.0,216.406095611257,,,,,,,,99.1857528737872,128.442951,,113.790804,183.505918,,,,,451.300729,115.348,75.600000000004,,86.223,154.216589227937,,133.0,,,282.723298229823,
1808,16.392969519375,67.2,49.1,36.0,,,,,,,,,,,,46.8,50.1,79.6,45.0,78.0,108.3,57.6,,48.1,73.0,131.4,85.4,64.5,69.1569185800007,,91.0,66.0883,,113.471747686958,762.0,,196.629315834386,61.5,,,,,,309.930932554586,411.325448301322,387.1,,,180.0,164.0,204.91371619037,,,,,,,,99.3672496303625,192.955982,,188.707427,204.556339,,,,,437.28303,115.168,75.600000000004,,114.964,302.943608526055,,174.0,,,370.623606992662,
1807,33.138288632125,35.1,50.3,42.7,,,,,,,,,,,,35.1,36.2,44.2,77.9,109.5,108.7,60.6,,73.7,55.5,28.6,54.2,39.9,75.6592347999995,,112.0,92.52362,,127.69907793261,781.0,,275.893851736526,105.1,,,,,,237.189317004794,390.58129959241,351.8,,,200.0,231.0,200.375575840108,,,,,,,,102.316062485195,193.205376,,168.728977,122.523945,,,,,350.608311,93.574,75.600000000004,,57.482,222.42769557955,,310.0,,,489.436151117904,
1806,16.110952688625,59.8,70.4,35.5,,,,,,,,,,,,26.3,89.3,56.0,71.9,87.9,80.8,40.5,,99.3,70.2,68.9,40.0,61.4,56.277966200001,,146.0,99.13245,,84.0112004826077,1138.0,443.274213708565,223.459957913967,141.7,,,,,,328.652792421221,274.653380514343,214.4,,,137.0,155.0,219.404243942108,,,,,,,,81.9908878781494,176.872829,,183.972351,101.928751,,,,,391.117189,105.255,37.800000000002,,98.1400000000031,171.982337356125,,185.0,,,459.50207261039,
1805,9.023883484,71.7,71.7,24.4,,,,,,,,,,,,99.6,87.1,56.0,95.9,69.2,80.8,75.4,,39.8,81.9,100.9,77.3,39.9,67.5625206000008,,167.0,92.52362,,97.3688867826088,968.0,482.455281411367,320.481080618036,91.9,,,,,,452.345177323882,348.852696575898,422.1,,,153.0,157.0,191.186655948163,,,,,,,,102.661157765734,227.564945,,146.267779,169.550599,,,,,360.671977,147.357,94.500000000005,,190.903000000012,242.950219420001,,253.0,,,416.320312868938,
1804,39.934267557875,69.6,69.5,31.7,,,,,,,,,,,,70.5,50.9,53.1,51.0,100.8,102.5,66.9,,54.0,102.6,57.9,63.1,36.8,87.3144855999988,,181.0,119.17464,,111.311376626089,417.0,389.934280319372,408.975580470063,198.4,,,,,,411.703078086796,518.531292532104,458.1,,,228.0,183.0,199.153202710355,,,,,,,,185.158908981271,213.542641,,200.936631,85.740873,,,,,300.469239,92.637,56.700000000003,,104.151000000006,194.492120530779,,221.0,,,526.582000871088,
1803,17.037477714,75.7,78.0,41.1,,,,,,,,,,,,82.4,22.7,73.8,48.1,119.8,118.2,49.5,,62.6,79.4,116.0,40.3,43.0,45.0870590000012,,132.0,86.38214,,111.341978228258,482.0,343.770901770485,524.277638931639,77.3,,,,,,366.341824889769,455.514259002773,326.3,,,218.0,234.0,209.82833246583,,,,,,,,102.797893322383,246.065806,,185.393034,128.399095,,,,,307.374967,65.277,44.1000000000008,,132.810000000009,122.916430876745,,311.0,,,417.699023272311,
1802,26.6364854,66.2,63.3,45.1,,,,,,,,,,,,88.5,62.6,41.3,93.3,110.5,71.9,55.5,,88.2,64.9,127.6,31.7,43.0,67.6566041999988,,94.0,99.6717,,111.321690467393,829.0,437.438453859672,171.809063954866,82.2,,,,,,320.844738305757,509.030627059559,380.5,,,225.0,202.0,194.341201151013,,,,,,,,102.703842488297,197.030678,,164.402065,170.988806,,,,,381.785039,137.807,93.299999999997,,61.8059999999969,215.234996238502,,212.0,,,444.611000082194,
1801,5.794958652,52.0,62.9,44.6,,,,,,,,,,,,41.3,51.4,53.2,54.2,47.4,103.5,64.3,,48.3,76.9,43.5,26.0,67.7,22.5591214000016,,81.0,66.4478,,181.037928384236,652.0,671.562039565911,569.752753899797,52.3,,,,,,275.229347320134,413.98578309468,375.9,,,177.0,190.0,237.404247891347,,,,,,,,103.78204196696,197.222804,,145.755669,214.355863,,,,,317.151922,90.6625,74.399999999996,,88.9559999999892,205.101988860342,,172.0,,,418.89514151994,
1800,30.37148763375,79.0,80.8,45.7,,,,,,,,,,,,,122.6,47.4,,,,,,90.9,,,54.9,27.7,,,101.0,93.02692,,56.0491491750006,709.0,485.491680131556,269.692906554071,80.3,,,,,,321.34299785774,382.464836429761,333.4,,,172.0,139.0,212.032008320484,,,,,,,,105.44255101021,230.336097,,147.336907,204.886982,,,,,358.670143,111.627,117.799999999995,,88.9559999999892,246.331335729587,,387.0,,,415.071310378214,
1799,23.48565336675,83.7,78.6,48.6,,,,,,,,,,,,,,47.6,,,,,,,,,,,,,141.0,139.73431,,112.071564150001,710.0,252.045109274694,438.340109018418,115.8,,,,,,229.703582203482,318.952491573011,276.5,,,188.0,189.0,212.678993095903,,,,,,,,168.501116813231,164.693775,,184.96825,160.896372,,,,,381.550276,138.3215,94.7200000000043,,133.433999999984,259.801973181403,,438.0,,,420.023184816991,
1798,1.351882546,53.6,72.6,38.1,,,,,,,,,,,,,,35.8,,,,,,,,,,,,,127.0,66.6241,,140.039328774999,654.0,,518.861897511506,119.4,,,,,,416.64883861419,319.170633273689,341.5,,,157.0,209.0,181.804805960035,,,,,,,,105.203439292337,214.330356,,,120.934717,,,,,385.476216,119.424,70.4000000000019,,144.626999999987,155.973289369384,,306.0,,,464.543514726508,
1797,40.024770821,79.0,73.8,48.2,,,,,,,,,,,,,,41.9,,,,,,,,,,,,,107.0,99.93615,,70.0405065999972,676.0,,386.391133958989,108.2,,,,,,391.19585604162,361.996368105072,244.5,,,158.0,128.0,160.434174101228,,,,,,,,147.467409640583,189.984359,,,221.449794,,,,,345.659865,115.692,57.6000000000022,,112.254999999991,239.341607883654,,306.0,,,377.290005724101,
1796,12.7335705,104.3,72.0,50.0,,,,,,,,,,,,,,39.1,,,,,,,,,,,,,148.0,73.28651,,126.371937800002,613.0,,297.948977175589,135.7,,,,,,293.664922207602,340.953590080699,410.9,,,259.0,164.0,206.420982886603,,,,,,,,126.627501613698,192.061434,,,157.093458,,,,,281.746151,111.996,115.200000000004,,175.174999999986,249.945203017599,,352.0,,,324.987804513312,
1795,20.442055125,84.9,83.3,44.3,,,,,,,,,,,,,,66.3,,,,,,,,,,,,,87.0,106.59856,,126.763444399998,578.0,,289.380675356409,117.1,,,,,,325.584497596985,405.21296488741,480.4,,,203.0,327.0,213.774948899361,,,,,,,,142.278052595589,262.195338,,,131.968128,,,,,445.787969,71.56,57.6000000000022,,85.0849999999946,166.717878526503,,219.0,,,598.026779186165,
1794,9.5285255625,58.4,82.0,49.2,,,,,,,,,,,,,,108.2,,,,,,,,,,,,,121.0,111.191385,,110.222209194022,634.0,,325.329505211821,146.1,,,,,,369.118393496755,491.001247598615,242.3,,,235.0,185.0,289.409604779889,,,,,,,,120.198589609531,226.972309,,,112.956644,,,,,243.236677,110.918,92.800000000002,,105.189999999998,251.70856766936,,218.0,,,423.030059329044,
1793,25.598506,56.1,65.3,58.0,,,,,,,,,,,,,,65.8,,,,,,,,,,,,,107.0,68.7268,,68.7892548586965,691.0,,379.20979509398,138.6,,,,,,277.073703928446,427.355105327513,368.6,,,132.0,181.0,160.284695767683,,,,,,,,140.468523643315,241.863032,,,150.43098,,,,,439.725386,93.104,108.800000000001,,222.075000000018,209.929228181755,,176.0,,,344.378422083996,
1792,12.819950625,61.5,52.2,71.7,,,,,,,,,,,,,,32.8,,,,,,,,,,,,,185.0,103.0902,,137.920905619567,836.0,,495.769863846889,88.6,,,,,,231.045373939723,374.238173330558,366.8,,,238.0,211.0,203.384359467062,,,,,,,,221.57346356221,207.491316,,,150.745632,,,,,234.566969,120.992,39.0000000000009,,120.555000000008,157.523977541004,,175.0,,,468.0125175068,
1791,14.923729625,71.0,48.6,61.5,,,,,,,,,,,,,,20.9,,,,,,,,,,,,,178.0,109.96288,,96.7416975760862,809.0,413.488991284269,290.899629139932,162.6,,,,,,369.924674530645,438.773665523357,339.0,,,278.0,209.0,237.223427938951,,,,,,,,178.722718698042,294.509752,,,132.275105,,,,,293.276537,120.992,117.000000000003,,90.1949999999943,220.658611677761,,177.0,,,468.685107509264,
1790,,69.9,50.4,53.3,,,,,,,,,,,,,,47.6,,,,,,,,,,,,,82.0,75.59948,,138.107483554349,766.0,584.911098113187,335.934976345788,109.6,,,,,,400.693908877496,396.298645379123,426.5,,,202.0,253.0,277.487708952745,,,,,,,,133.850104439277,225.71237,,,136.688905,,,,,280.184153,137.079,81.2500000000023,,135.701999999987,231.382206128629,,177.0,,,337.224732615239,
1789,43.9053106875,48.7,52.8,47.9,,,,,,,,,,,,,,68.4,,,,,,,,,,,,,212.0,68.7268,,123.859096357362,839.0,302.390908695513,381.091112115541,173.7,,,,,,479.184105153038,450.251989494846,336.4,,,210.0,196.0,249.447631548593,,,,,,,,134.353871100906,156.515764,,,118.853327,,,,,521.542415,69.021,123.500000000001,,170.165999999986,157.408836143197,,185.0,,,346.396424898498,
1788,13.8915830625,58.3,68.4,46.9,,,,,,,,,,,,,,35.7,,,,,,,,,,,,,99.0,133.9682,,95.3753826530633,552.0,349.895931844645,354.670004296831,128.2,,,,,,417.45364715975,321.842704476861,307.6,,,156.0,214.0,227.821639003931,,,,,,,,117.969642375859,278.592966,,,119.131259,,,,,280.121225,113.145,120.250000000001,,123.671999999988,210.077990595249,,229.0,,,337.966582102124,
1787,9.5567079375,87.6,59.6,39.2,,,,,,,,,,,,,,68.4,,,,,,,,,,,,,106.0,66.9841,,95.3128712244871,516.0,255.724753412735,382.000877121906,93.5,,,,,,417.874110522084,526.173711046118,412.8,,,260.0,164.0,181.750673023967,,,,,,,,135.039141982942,245.606089,,,119.37718,,,,,460.460158,95.602,40.1999999999998,,148.259999999982,325.993229548066,,202.0,,,338.328322061553,
1786,23.532609,70.4,58.5,34.8,,,,,,,,,,,,,,38.7,,,,,,,,,,,,,120.0,107.17456,,136.053297755104,510.0,,382.466318972746,156.4,,,,,,278.832615589163,429.923971857382,401.2,,,200.0,223.0,212.456904349211,,,,,,,,168.923943421872,180.112149,,,179.15474,,,,,307.072079,161.788,80.3999999999996,,158.849999999979,347.560541976405,,356.0,,,404.797913566388,
1785,17.22616,43.6,68.1,42.8,,,,,,,,,,,,,,62.5,,,,,,,,,,,,,63.0,87.07933,,95.2521873469361,646.0,,373.939335546021,148.2,,,,,,283.669352314116,430.293293349986,,,,194.0,204.0,289.101750843507,,,,,,,,210.903876831587,252.213896,,,159.410358,,,,,239.005829,120.852,80.3999999999996,,194.328999999998,304.655258427213,,308.0,,,427.351473462083,
1784,23.5659085,49.6,62.2,35.5,,,,,,,,,,,,,,62.6,,,,,,,,,,,,,127.0,80.38092,,122.600727755103,597.0,,212.446482676628,90.1,,,,,,279.206029043588,430.66120045599,,,,248.0,246.0,212.380852839524,,,,,,,,220.478021557711,216.488411,,,140.253844,,,,,318.349469,105.376,40.1999999999998,,135.891000000001,220.82794578094,,309.0,,,295.63908555504,
1783,18.2043858125,64.6,77.2,36.1,,,,,,,,,,,,,,56.7,,,,,,,,,,,,,99.0,101.6757,,54.5374677551039,738.0,,365.664669268463,115.6,,,,,,419.128504670184,387.901179239168,,,,218.0,220.0,249.064741409443,,,,,,,,220.856574708792,299.826415,,,100.199739,,,,,391.361945,142.662,83.75,,212.420000000002,357.899365999689,,360.0,,,384.095414733204,
1782,17.108007875,74.3,69.5,49.1,,,,,,,,,,,,,,59.7,,,,,,,,,,,,,128.0,101.6757,,68.3642734349692,630.0,,501.293488044498,145.5,,,,,,466.172747205553,388.197026217179,,,,176.0,187.0,264.627836819362,,,,,,,,140.831442728192,174.291337,,,120.259951,,,,,209.63312,120.19,100.5,,197.106000000003,253.070915065637,,348.0,,,384.547420072445,
1781,22.5177995625,71.9,56.4,50.8,,,,,,,,,,,,,,65.8,,,,,,,,,,,,,93.0,67.7838,,109.841800558333,641.0,,375.658597412447,125.6,,,,,,298.638993978664,410.087236510862,,,,163.0,244.0,224.360195806492,,,,,,,,96.6965511526406,261.743174,,,100.266351,,,,,286.631181,127.26,133.699999999999,,107.578000000003,211.305604441334,,395.0,,,345.296016528875,
1780,9.6936483125,57.0,65.4,44.6,,,,,,,,,,,,,,32.9,,,,,,,,,,,,,107.0,101.6757,,109.961897504167,455.0,,448.360380378851,84.3,,,,,,326.86936899806,323.972153685351,,,,224.0,179.0,197.005793019151,,,,,,,,102.181552978185,224.792165,,,180.773023,,,,,443.129641,115.44,99.0000000000009,,175.845999999988,285.572173712112,,346.0,,,367.720697751691,
1779,6.39886275,51.1,64.3,40.1,,,,,,,,,,,,,,41.9,,,,,,,,,,,,,178.0,74.56218,,123.853262212502,620.0,,394.681573975748,94.7,,,,,,261.680789366744,280.935149735264,,,,179.0,139.0,227.765085655338,,,,,,,,153.491107131755,196.749617,,,199.019982,,,,,,146.04,99.0000000000009,,115.839999999989,169.369042033726,,313.0,,,341.655349938139,
1778,32.29523125,68.5,53.0,40.1,,,,,,,,,,,,,,69.0,,,,,,,,,,,,,182.0,108.23616,,110.271805386458,606.0,387.508647516911,585.292997480796,179.1,,,,,,327.312957960994,389.257044449,,,,215.0,279.0,162.728629196637,,,,,,,,153.778642795547,180.395499,,,117.572074,,,,,,146.04,72.6000000000022,,104.255999999991,180.095664354065,,265.0,,,342.009564882904,
1777,33.4016906875,82.5,48.2,40.7,,,,,,,,,,,,,,51.1,,,,,,,,,,,,,84.0,101.4714,,110.462955717708,556.0,496.357857783492,404.86162036747,100.2,,,,,,421.173757035772,357.069805623106,,,,265.0,201.0,209.467039010004,,,,,,,,282.976080836906,245.848853,,,117.732448,,,,,,111.105,79.2000000000007,,106.427999999992,190.790390693534,,177.0,,,298.222173606453,
1776,6.4112355,93.4,76.7,47.6,,,,,,,,,,,,,,78.4,,,,,,,,,,,,,84.0,67.6476,,154.491445568929,659.0,496.879894826829,341.825996373057,101.3,,,,,,407.520777904957,400.648671495688,,,,187.0,184.0,184.394439187273,,,,,,,,160.283760383811,197.978501,,,137.557218,,,,,,122.956200000003,85.7999999999993,,,399.802738006954,,313.0,,,386.777530565662,
1775,21.68545,88.7,74.4,55.0,,,,,,,,,,,,,,54.4,,,,,,,,,,,,,91.0,115.00092,,85.468566195655,651.0,354.419681059611,151.56570352225,143.2,,,,,,328.174490192702,466.01592443267,,,,215.0,228.0,230.528639789237,,,,,,,,187.555719994147,119.947656,,,137.466149,,,,,,106.660799999997,100.5,,,313.737386882361,,178.0,,,343.071694378987,
1774,28.0618585,53.7,53.3,44.8,,,,,,,,,,,,,,51.5,,,,,,,,,,,,,119.0,81.17712,,142.699913441301,405.0,307.058198697399,415.064006669042,129.8,,,,,,307.384071844234,477.281472881598,,,,,130.0,258.43947471932,,,,,,,,187.986623102336,154.086882,,,117.570978,,,,,,66.663,60.2999999999997,,,227.425990037844,,319.0,,,343.425566922518,
1773,,48.3,51.5,32.9,,,,,,,,,,,,,,30.3,,,,,,,,,,,,,84.0,74.77734,,85.7537322782637,514.0,307.320065105465,342.811195366811,85.2,,,,,,338.687049689829,358.22405421988,,,,,245.0,279.744699482194,,,,,,,,187.948270688121,205.280734,,,202.562578,,,,,,88.884,60.2999999999997,,,267.86723939872,,340.0,,,299.610937237625,
1772,,65.9,50.3,32.4,,,,,,,,,,,,,,24.3,,,,,,,,,,,,,133.0,101.9691,,71.496159443479,551.0,,270.383111852036,141.8,,,,,,260.015549012882,401.938723176866,,,,,217.0,263.716540060614,,,,,,,,154.120446924643,274.105173,,,115.264825,,,,,,133.326,83.75,,,182.292260603884,,391.0,,,317.54040098554,
1771,,64.8,63.1,31.3,,,,,,,,,,,,,,36.4,,,,,,,,,,,,,140.0,101.9691,,85.8339350413024,892.0,,325.257934747345,66.1,,,,,,291.463886312122,456.63069068015,,,,,220.0,159.645996534288,,,,,,,,225.905717582134,205.10466,,,138.013316,,,,,,108.3025,40.1999999999998,,,128.743790618419,,583.0,,,300.166214644648,
1770,,57.7,63.8,30.2,,,,,,,,,,,,,,45.5,,,,,,,,,,,,,70.0,81.57528,,129.087289872386,792.0,,207.16047473732,106.6,,,,,,310.471665123098,511.462181607744,,,,,204.0,221.504423511529,,,,,,,,251.167630219128,239.501177,,,114.757369,,,,,,131.4775,40.1999999999998,,,236.175336813658,,223.0,,,300.426456473397,
1769,,68.7,51.0,36.5,,,,,,,,,,,,,,48.6,,,,,,,,,,,,,101.0,74.77734,,144.544126170216,946.0,,444.343159023901,151.8,,,,,,320.100302449313,446.550511778364,,,,,201.0,212.028977537968,,,,,,,,269.683396370032,240.018648,,,207.813946,,,,,,,60.2999999999997,,,182.650995942769,,178.0,,,344.875569833702,
1768,,77.4,54.7,40.0,,,,,,,,,,,,,,51.6,,,,,,,,,,,,,123.0,85.66491,,101.251638936169,1171.0,,490.522742617789,143.2,,,,,,254.364504509745,425.102991702162,,,,,197.0,261.179859629002,,,,,,,,170.498385294104,207.700971,,,139.95939,,,,,,,80.3999999999996,,,290.438361232334,,224.0,,,433.624788634633,
1767,,75.1,57.2,39.0,,,,,,,,,,,,,,57.7,,,,,,,,,,,,,72.0,103.69575,,115.778358297871,779.0,,290.141353381512,114.6,,,,,,377.075215147796,294.478612057441,,,,,187.0,191.081075005055,,,,,,,,205.182965398158,215.623872,,,99.320216,,,,,,,80.3999999999996,,,198.329503848798,,223.0,,,429.753349254045,
1766,,63.6,43.2,36.7,,,,,,,,,,,,,,57.7,,,,,,,,,,,,,116.0,103.69575,,86.8033719148972,671.0,,619.617503354393,116.4,,,,,,424.569450286863,436.581211715497,,,,,229.0,181.442063972535,,,,,,,,171.083288339337,216.088515,,,114.440377,,,,,,,80.3999999999996,,,231.61202041229,,353.0,,,346.280039975438,
1765,,44.7,51.8,28.8,,,,,,,,,,,,,,45.6,,,,,,,,,,,,,125.0,69.1305,,101.208583191488,570.0,,620.568967758917,73.1,,,,,,424.95814467594,436.926110421657,,,,,191.0,245.822203199334,,,,,,,,170.950355730242,270.445805,,,134.446809,,,,,,,67.0000000000005,,,198.698328712767,,310.0,,,435.080182216045,
1764,,64.9,67.7,42.1,,,,,,,,,,,,,,57.7,,,,,,,,,,,,,118.0,117.52185,,86.6970565957434,756.0,394.348550814284,254.707740504754,138.2,,,,,,236.274809712183,393.519936180324,,,,,232.0,248.741500123683,,,,,,,,65.4930689521108,191.321631,,,135.097965,,,,,,,85.0,,,243.056091387703,,264.0,,,329.470239204586,
1763,,91.3,71.5,53.1,,,,,,,,,,,,,,76.0,,,,,,,,,,,,,96.0,75.86945,,74.6458944013859,760.0,396.605572458222,410.860025067016,129.6,,,,,,298.45900064246,393.797453823893,,,,,183.0,193.5835939217,,,,,,,,130.927536655159,213.606299,,,76.932568,,,,,,,83.8000000000011,,,349.422748456981,,356.0,,,391.718276620889,
1762,,78.3,60.0,44.5,,,,,,,,,,,,,,70.0,,,,,,,,,,,,,74.0,68.7823,,75.2181354000005,571.0,224.12688651908,457.224050511628,177.6,,,,,,351.884483473169,459.793044768086,,,,,154.0,248.785294097319,,,,,,,,114.497499626373,194.123802,,,76.694826,,,,,,,39.6000000000004,,,229.642841861334,,528.0,,,445.264234435289,
1761,,61.0,39.8,42.8,,,,,,,,,,,,,,45.7,,,,,,,,,,,,,74.0,103.17345,,75.1811251434788,729.0,310.738509969253,209.633962658453,103.9,,,,,,357.946372537734,460.168263113192,,,,,231.0,226.763588887544,,,,,,,,212.72334867976,251.319179,,,76.457084,,,,,,,39.6000000000004,,,240.818053232739,,353.0,,,436.98065551713,
1760,,45.7,59.5,31.3,,,,,,,,,,,,,,67.1,,,,,,,,,,,,,162.0,75.66053,,75.1441148869571,534.0,498.383748113707,550.020202865496,110.3,,,,,,318.024724179191,482.486596818374,,,,,262.0,252.006771624456,,,,,,,,246.871752300052,278.819807,,,85.51054,,,,,,,99.0000000000009,,,131.446727179661,,87.0,,,348.99703035713,
1759,,46.3,75.1,31.9,,,,,,,,,,,,,,57.9,,,,,,,,,,,,,96.0,116.92991,,75.1071046304353,594.0,364.201041565916,302.158581561348,129.9,,,,,,241.32028120793,482.895400325364,,,,,165.0,242.582045348778,,,,,,,,154.698375649641,258.642043,,,118.025398,,,,,,,39.6000000000004,,,164.392113242464,,223.0,,,491.021998783457,
1758,,53.6,60.5,37.7,,,,,,,,,,,,,,61.0,,,,,,,,,,,,,110.0,68.7823,,90.2428691086934,754.0,215.399703012416,763.208310805399,122.0,,,,,,329.141489282119,263.544222536076,,,,,184.0,199.631998919603,,,,,,,,208.248916921978,221.463712,,,140.871521,,,,,,,90.0600000000031,,,120.607527913341,,332.0,,,394.265835170506,
1757,,54.9,73.1,35.4,,,,,,,,,,,,,,,,,,,,,,,,,,,110.0,82.69404,,60.3055934869599,880.0,456.149975639518,210.752247855728,103.0,,,,,,428.008447097558,373.57898487663,,,,,230.0,199.77136379576,,,,,,,,191.64830225399,153.191915,,,116.804847,,,,,,,63.6500000000001,,,241.720261546895,,332.0,,,354.853118490638,
1756,,51.9,77.7,39.5,,,,,,,,,,,,,,,,,,,,,,,,,,,88.0,103.56165,,136.107850291303,621.0,,349.347665308411,108.6,,,,,,215.413674901966,395.821734264012,,,,,123.0,168.992904060417,,,,,,,,208.891246909131,162.883277,,,117.073062,,,,,,,42.8800000000001,,,263.922119209115,,225.0,,,350.7852368835,
1755,,51.4,61.5,65.0,,,,,,,,,,,,,,,,,,,,,,,,,,,131.0,69.0411,,75.0198461650242,601.0,,580.660458891776,111.7,,,,,,332.734537705955,528.213073319015,,,,,189.0,211.878560956272,,,,,,,,158.818515155686,201.350794,,,141.193193,,,,,,,120.599999999999,,,297.181076474812,,227.0,,,351.137361234435,
1754,,71.7,48.3,64.4,,,,,,,,,,,,,,,,,,,,,,,,,,,87.0,103.56165,,118.3565579,551.0,,377.913100197434,104.1,,,,,,275.87326728473,341.364712351177,,,,,231.0,178.540012358315,,,,,,,,195.325399602302,201.383254,,,154.770111,,,,,,,40.1999999999998,,,330.570774487164,,415.0,,,307.183179207971,
1753,,59.0,43.8,39.5,,,,,,,,,,,,,,,,,,,,,,,,,,,109.0,82.84932,,118.79105,714.0,,461.586928326941,105.1,,,,,,247.469942209487,495.916880172886,,,,,164.0,172.126880256739,,,,,,,,177.413340448089,181.585167,,,105.232773,,,,,,,80.3999999999996,,,288.086511553415,,106.0,,,351.753395332785,
1752,,49.9,59.6,42.9,,,,,,,,,,,,,,,,,,,,,,,,,,,138.0,82.84932,,89.3763897600012,551.0,,341.653254413596,188.1,,,,,,247.59462380161,374.95068337272,,,,,181.0,230.324058841096,,,,,,,,266.560482445506,261.014862,,,126.831755,,,,,,,77.0499999999993,,,210.674516269374,,215.0,,,352.105312857553,
1751,,98.6,71.6,35.4,,,,,,,,,,,,,,,,,,,,,,,,,,,160.0,103.3809,,74.5210042288883,569.0,,341.96320084792,66.0,,,,,,314.424638335647,319.991485327511,,,,,207.0,230.41433901735,,,,,,,,184.273978771425,166.216378,,,169.929783,,,,,,,65.9999999999991,,,221.960578500337,,219.0,,,396.781158395782,
1750,,98.7,76.3,34.8,,,,,,,,,,,,,,,,,,,,,,,,,,,64.0,68.9206,,59.5739467999975,539.0,,555.666684177593,227.7,,,,,,257.411572065767,397.484481287644,,,,,164.0,230.504427104038,,,,,,,,229.435816813253,202.383471,,,148.716646,,,,,,,40.1999999999998,,,177.685130789508,,319.0,,,352.896852880854,
1749,,66.7,58.1,36.6,,,,,,,,,,,,,,,,,,,,,,,,,,,106.0,103.3809,,74.4138627711105,723.0,,407.725192116029,204.9,,,,,,419.741495653685,364.588910340338,,,,,173.0,233.407580680248,,,,,,,,295.406090445435,254.155582,,,186.254717,,,,,,,122.399999999998,,,233.386318637347,,205.0,,,486.264372643978,
1748,,59.4,50.2,32.0,,,,,,,,,,,,,,,,,,,,,,,,,,,76.0,82.70472,,59.4882332888913,629.0,,389.535231573023,157.6,,,,,,315.052200987463,320.573976421257,,,,,244.0,227.133080139366,,,,,,,,254.855019437006,224.451361,,,180.899728,,,,,,,40.7999999999993,,,190.239716775801,,411.0,,,398.211076330487,
1747,,55.7,60.1,30.3,,,,,,,,,,,,,,,,,,,,,,,,,,,137.0,82.70472,,149.819952428084,835.0,,362.001232245637,119.6,,,,,,315.250104617434,376.072678863667,,,,,236.0,189.635505235847,,,,,,,,294.68567271981,155.36131,,,115.015422,,,,,,,67.9999999999995,,,279.968228688252,,271.0,,,327.691122928102,
1746,,71.3,59.0,25.1,,,,,,,,,,,,,,,,,,,,,,,,,,,68.0,82.56768,,75.0902334545407,696.0,,390.248869672783,164.0,,,,,,200.7265200262,320.946027516643,,,,,175.0,178.192390408012,,,,,,,,214.796080518706,137.790622,,,131.366606,,,,,,,61.1999999999989,,,358.693704657439,,260.0,,,310.243897944972,
1745,,67.6,63.4,30.9,,,,,,,,,,,,,,,,,,,,,,,,,,,113.0,103.0383,,149.997519927273,855.0,,371.985169412258,122.1,,,,,,258.187673730309,343.272195760919,,,,,194.0,190.410407291676,,,,,,,,134.850229984831,154.476836,,,115.098011,,,,,,,61.1999999999989,,,179.526707493978,,133.0,,,354.86529880326,
1744,,54.7,64.0,39.2,,,,,,,,,,,,,,,,,,,,,,,,,,,,68.6922,,104.904269672729,559.0,,204.593667053018,123.8,,,,,,277.456868257107,432.15128703924,,,,,210.0,211.856201336758,,,,,,,,196.368471959301,173.541692,,,82.345134,,,,,,,96.9999999999959,,,224.195937057159,,348.0,,,355.216569296449,
1743,,64.0,65.8,45.7,,,,,,,,,,,,,,,,,,,,,,,,,,,,109.90752,,134.888157163636,533.0,,232.713054635478,111.0,,,,,,248.293585476869,343.710744280882,,,,,132.0,178.162048365084,,,,,,,,245.129544,174.522629,,,82.455358,,,,,,,41.9999999999982,,,246.794129942384,,142.0,,,,
1742,,57.8,65.1,58.7,,,,,,,,,,,,,,,,,,,,,,,,,,,,92.73447,,59.9546279999992,714.0,,540.703523530736,152.1,,,,,,240.019919587898,443.802579677558,,,,,217.0,165.853038078495,,,,,,,,205.05917175,226.050186,,,105.212454,,,,,,,62.9999999999973,,,292.018187049457,,305.0,,,,
1741,,49.7,51.6,56.4,,,,,,,,,,,,,,,,,,,,,,,,,,,,86.57125,,76.217906578817,898.0,,438.585255838717,124.8,,,,,,459.973459862772,477.452713540882,,,,,184.0,199.541743140949,,,,,,,,184.5923885,157.454407,,,117.655049,,,,,,,62.9999999999973,,,168.673120694053,,151.0,,,,
1740,,72.7,41.7,57.0,,,,,,,,,,,,,,,,,,,,,,,,,,,,70.1042,,92.4839448730448,795.0,,373.596775283819,175.4,,,,,,374.04518707374,388.882531835839,,,,,162.0,205.880848133565,,,,,,,,164.10603225,193.232635,,,117.877995,,,,,,,73.4999999999991,,,270.073405869791,,137.0,,,,
1739,,74.5,36.8,53.5,,,,,,,,,,,,,,,,,,,,,,,,,,,,70.1042,,107.905958363477,662.0,,215.000355499671,132.5,,,,,,374.315584303451,378.003790672764,,,,,198.0,196.505436544461,,,,,,,,205.16418475,138.940741,,,157.514034,,,,,,,115.499999999997,,,178.024596638206,,341.0,,,,
1738,,57.2,46.8,41.2,,,,,,,,,,,,,,,,,,,,,,,,,,,,105.1563,,92.4976978434748,595.0,,392.852427289946,90.5,,,,,,249.707055330624,500.6790179075,,,,,145.0,184.367894046865,,,,,,,,184.62626,245.277661,,,137.936751,,,,,,,104.999999999995,,,267.311402464695,,267.0,,,,
1737,,50.4,50.6,59.4,,,,,,,,,,,,,,,,,,,,,,,,,,,,84.12504,,138.905150133915,707.0,,458.731093156363,107.3,,,,,,201.777941547768,322.847965899762,,,,,220.0,245.806691728192,,,,,,,,225.1887645,228.754804,,,118.205397,,,,,,,41.9999999999982,,,167.226004440977,,166.0,,,,
1736,,46.7,47.6,69.4,,,,,,,,,,,,,,,,,,,,,,,,,,,,98.14588,,108.358261079998,670.0,,440.437881731759,104.4,,,,,,307.60660332591,300.729287108703,,,,,229.0,223.366203931096,,,,,,,,280.257107544729,177.469782,,,136.959817,,,,,,,62.9999999999973,,,200.88908435791,,,,,,
1735,,48.6,50.1,42.4,,,,,,,,,,,,,,,,,,,,,,,,,,,,76.86965,,169.574208053121,651.0,,365.846955916402,111.3,,,,,,288.547268060978,334.317247877918,,,,,181.0,239.654627797429,,,,,,,,176.075386850952,217.198063,,,168.979262,,,,,,,115.499999999997,,,290.502254496151,,,,,,
1734,,59.9,73.8,27.6,,,,,,,,,,,,,,,,,,,,,,,,,,,,69.8815,,75.7519258909093,754.0,,347.392969367442,126.5,,,,,,307.955283832211,345.649068600441,,,,,234.0,267.081277694743,,,,,,,,264.17198108718,271.314747,,,168.929972,,,,,,,182.299999999996,,,360.618023361143,,,,,,
1733,,80.0,87.5,37.0,,,,,,,,,,,,,,,,,,,,,,,,,,,,104.82225,,60.7012839272719,589.0,,460.316216046152,122.5,,,,,,452.605736063465,502.118284704306,,,,,170.0,215.052764973287,,,,,,,,198.961335206444,233.829227,,,112.601099,,,,,,,63.9000000000033,,,244.588293361453,,,,,,
1732,,71.8,81.3,45.3,,,,,,,,,,,,,,,,,,,,,,,,,,,,69.8815,,121.668550472731,665.0,,451.354655573357,141.9,,,,,,439.311763645116,379.621438921637,,,,,232.0,184.140184067995,,,,,,,,221.927005183479,198.758336,,,131.416299,,,,,,,42.6000000000022,,,268.125408958686,,,,,,
1731,,61.8,78.9,46.4,,,,,,,,,,,,,,,,,,,,,,,,,,,,87.351875,,60.9611999999992,584.0,,226.177472383023,92.4,,,,,,386.821283543344,335.141279254728,,,,,170.0,202.716502803913,,,,,,,,133.590150677221,180.809226,,,93.907203,,,,,,,63.9000000000033,,,291.672935620421,,,,,,
1730,,61.7,70.8,38.2,,,,,,,,,,,,,,,,,,,,,,,,,,,,90.84595,,106.604760436361,756.0,,499.044311657966,108.7,,,,,,331.644403500688,413.596415720154,,,,,181.0,285.904716033325,,,,,,,,178.419362254013,216.033924,,,93.939218,,,,,,,63.9000000000033,,,332.957246510891,,,,,,
1729,,76.6,57.2,38.8,,,,,,,,,,,,,,,,,,,,,,,,,,,,78.07888,,106.42332938182,613.0,,414.809195489235,79.0,,,,,,298.951438888244,402.671728219134,,,,,206.0,181.195985826542,,,,,,,,111.446351780445,198.839617,,,100.414409,,,,,,,95.8500000000049,,,379.196565604754,,,,,,
1728,,70.5,43.5,44.1,,,,,,,,,,,,,,,,,,,,,,,,,,,,106.4712,,166.46712942708,782.0,,386.908661972753,107.6,,,,,,347.893454108806,358.134592845346,,,,,165.0,227.068945544761,,,,,,,,244.964999484765,311.233765,,,81.646875,,,,,,,63.9000000000033,,,287.684148008761,,,,,,
1727,,51.9,59.0,38.8,,,,,,,,,,,,,,,,,,,,,,,,,,,,70.9808,,90.3489525574457,674.0,,302.4180112326,101.0,,,,,,280.417509111226,481.580710170199,,,,,168.0,300.964678606464,,,,,,,,155.731484709133,152.472696,,,147.025236,,,,,,,63.9000000000033,,,230.747691859782,,,,,,
1726,,51.3,70.2,30.6,,,,,,,,,,,,,,,,,,,,,,,,,,,,78.07888,,120.260120080853,697.0,,444.060053146091,131.4,,,,,,319.265556288861,280.128634426998,,,,,153.0,196.700159827397,,,,,,,,155.610669303849,272.125926,,,98.060297,,,,,,,84.2999999999984,,,323.444407987376,,,,,,
1725,,52.0,63.3,38.8,,,,,,,,,,,,,,,,,,,,,,,,,,,,92.27504,,135.051647259575,623.0,,699.290456112736,135.6,,,,,,406.591473241684,280.248978443329,,,,,157.0,224.040563541629,,,,,,,,155.789198267634,221.195672,,,179.705362,,,,,,,83.9999999999964,,,231.271118289908,,,,,,
1724,,52.7,63.5,42.3,,,,,,,,,,,,,,,,,,,,,,,,,,,,70.524,,90.0778378595734,678.0,,492.238899634686,67.0,,,,,,319.687396188379,370.126780265131,,,,,183.0,159.906148667583,,,,,,,,133.993363424565,228.136987,,,97.945059,,,,,,,125.999999999995,,,208.300999062277,,,,,,
1723,,57.8,62.4,57.0,,,,,,,,,,,,,,,,,,,,,,,,,,,,105.786,,165.347277740424,772.0,,275.280123537444,101.4,,,,,,281.094691518145,347.881760361028,,,,,140.0,230.291568237816,,,,,,,,,175.510016,,,97.891377,,,,,,,35.0,,,173.715171031632,,,,,,
1722,,57.8,58.1,52.4,,,,,,,,,,,,,,,,,,,,,,,,,,,,70.524,,119.090033687237,550.0,,530.797843394152,99.7,,,,,,300.6354375859,381.764671489889,,,,,201.0,165.906067408567,,,,,,,,,157.995681,,,118.320668,,,,,,,55.9999999999991,,,289.149762034966,,,,,,
1721,,60.4,62.0,23.0,,,,,,,,,,,,,,,,,,,,,,,,,,,,119.8908,,103.928169398935,722.0,,569.162261005896,118.3,,,,,,349.321306771417,393.225445620707,,,,,234.0,254.971686248349,,,,,,,,,210.77981,,,84.46669,,,,,,,41.9999999999982,,,162.054403549717,,,,,,
1720,,56.1,55.2,36.7,,,,,,,,,,,,,,,,,,,,,,,,,,,,91.6812,,74.2981294563846,816.0,,645.523477494391,174.1,,,,,,262.144115814634,292.24873588217,,,,,201.0,235.158537320875,,,,,,,,,289.779823,,,118.186063,,,,,,,70.0,,,138.969712705257,,,,,,
1719,,39.1,47.1,52.8,,,,,,,,,,,,,,,,,,,,,,,,,,,,49.58975,,104.106904586169,685.0,,361.713217680489,146.8,,,,,,339.987264798891,303.626536174394,,,,,238.0,184.365263908139,,,,,,,,,152.041134,,,101.239845,,,,,,,163.999999999992,,,324.505199524191,,,,,,
1718,,48.0,47.1,63.2,,,,,,,,,,,,,,,,,,,,,,,,,,,,106.26375,,104.263397412764,597.0,,305.06888821098,186.5,,,,,,398.521706607803,371.297629313476,,,,,226.0,205.958331572904,,,,,,,,,253.707314,,,84.401582,,,,,,,64.7999999999956,,,313.299393835624,,,,,,
1717,,50.6,61.6,56.2,,,,,,,,,,,,,,,,,,,,,,,,,,,,70.8425,,104.455928042557,665.0,,419.144218786714,161.9,,,,,,301.520351775806,416.556562615655,,,,,200.0,270.341231525583,,,,,,,,,237.490721,,,84.493374,,,,,,,64.7999999999956,,,233.029384007844,,,,,,
1716,,62.1,71.1,35.4,,,,,,,,,,,,,,,,,,,,,,,,,,,,70.8425,,133.296998623302,854.0,,647.40840711767,124.3,,,,,,399.013988492985,394.274151162746,,,,,319.0,205.857432457952,,,,,,,,,241.084281,,,101.513214,,,,,,,43.1999999999971,,,279.909780339003,,,,,,
1715,,67.9,53.5,42.0,,,,,,,,,,,,,,,,,,,,,,,,,,,,106.26375,,137.010995772732,673.0,,305.875347319177,189.4,,,,,,467.479103871337,439.614352574503,,,,,226.0,178.211374611528,,,,,,,,,243.461579,,,,,,,,,,71.9999999999982,,,280.190403996728,,,,,,
1714,,56.6,43.5,43.8,,,,,,,,,,,,,,,,,,,,,,,,,,,,70.8425,,123.590584363634,683.0,,420.159892457861,116.5,,,,,,370.373511331054,417.330215604182,,,,,108.0,230.501117772412,,,,,,,,,168.799354,,,,,,,,,,43.1999999999971,,,280.491286982207,,,,,,
1713,,50.3,47.3,45.6,,,,,,,,,,,,,,,,,,,,,,,,,,,,78.064,,206.377850113634,894.0,,534.640251713965,152.5,,,,,,195.043889558693,372.422769382301,,,,,241.0,165.951884654364,,,,,,,,,187.649672,,,,,,,,,,57.5999999999976,,,257.768766262549,,,,,,
1712,,58.1,53.6,51.6,,,,,,,,,,,,,,,,,,,,,,,,,,,,106.6755,,167.062527921472,659.0,,363.725190989558,194.6,,,,,,400.010396706266,259.675336880583,,,,,230.0,203.311706680491,,,,,,,,,177.763381,,,,,,,,,,140.4,,,281.483909862053,,,,,,
1711,,62.6,58.0,36.6,,,,,,,,,,,,,,,,,,,,,,,,,,,,71.117,,115.142182876597,584.0,,383.018985240892,134.4,,,,,,263.587730628429,,,,,,249.0,276.465810190258,,,,,,,,,280.609968,,,,,,,,,,129.599999999991,,,234.806187222464,,,,,,
1710,,60.2,64.9,29.4,,,,,,,,,,,,,,,,,,,,,,,,,,,,71.117,,158.384347914894,698.0,,354.698876520694,134.3,,,,,,312.548280511484,,,,,,125.0,199.845997545487,,,,,,,,,192.780124,,,,,,,,,,79.1999999999962,,,187.992895299384,,,,,,
1709,,70.5,70.0,51.0,,,,,,,,,,,,,,,,,,,,,,,,,,,,96.00795,,72.0171098553161,783.0,,364.465584024373,83.1,,,,,,302.941960534848,,,,,,212.0,224.450324836779,,,,,,,,,261.777322,,,,,,,,,,57.5999999999976,,,235.172838896288,,,,,,
1708,,71.9,57.4,59.4,,,,,,,,,,,,,,,,,,,,,,,,,,,,89.36515,,100.846997106383,645.0,,469.613782725553,110.3,,,,,,391.109399462775,,,,,,240.0,240.055767831647,,,,,,,,,193.972427,,,,,,,,,,107.999999999993,,,291.593160047567,,,,,,
1707,,56.5,48.6,46.2,,,,,,,,,,,,,,,,,,,,,,,,,,,,72.0548,,158.527502297873,664.0,,288.665865799475,168.4,,,,,,332.655831025582,,,,,,147.0,165.964380604556,,,,,,,,,144.021303,,,,,,,,,,86.0999999999967,,,280.198299874713,,,,,,
1706,,61.7,73.3,31.2,,,,,,,,,,,,,,,,,,,,,,,,,,,,108.0822,,130.873061218873,602.0,,384.286501369018,189.9,,,,,,205.568786723018,,,,,,159.0,279.687981843597,,,,,,,,,239.489956,,,,,,,,,,63.9000000000033,,,245.464908309323,,,,,,
1705,,58.5,78.4,35.4,,,,,,,,,,,,,,,,,,,,,,,,,,,,72.0548,,87.4868923695653,662.0,,546.900594459958,120.1,,,,,,264.400875184272,,,,,,120.0,150.654719999462,,,,,,,,,208.206445,,,,,,,,,,42.6000000000022,,,245.694410263199,,,,,,
1704,,52.1,55.7,46.2,,,,,,,,,,,,,,,,,,,,,,,,,,,,79.26028,,102.093248521738,777.0,,337.085285646085,128.6,,,,,,333.106836783153,,,,,,167.0,181.346447962124,,,,,,,,,227.624532,,,,,,,,,,63.9000000000033,,,269.362442307117,,,,,,
1703,,55.9,41.8,31.8,,,,,,,,,,,,,,,,,,,,,,,,,,,,79.3189,,102.129794815222,775.0,,452.003591722312,79.9,,,,,,274.470047276297,,,,,,215.0,252.267918079503,,,,,,,,,184.389546,,,,,,,,,,152.650000000008,,,186.406222289878,,,,,,
1702,,54.7,38.6,40.8,,,,,,,,,,,,,,,,,,,,,,,,,,,,108.22875,,102.237483304347,507.0,,538.402229049112,203.1,,,,,,,,,,,,209.0,240.270926129086,,,,,,,,,287.345893,,,,,,,,,,102.950000000005,,,314.841327108251,,,,,,
1701,,63.0,67.8,63.6,,,,,,,,,,,,,,,,,,,,,,,,,,,,72.1525,,146.265799793475,764.0,,251.706355919029,134.0,,,,,,,,,,,,187.0,251.549836307772,,,,,,,,,204.483968,,,,,,,,,,144.699999999993,,,210.127128113615,,,,,,
1700,,71.4,88.0,49.2,,,,,,,,,,,,,,,,,,,,,,,,,,,,72.1525,,72.2559051175238,605.0,,337.990582288277,130.7,,,,,,,,,,,,222.0,224.83426885373,,,,,,,,,237.711088,,,,,,,,,,44.399999999996,,,175.211052207731,,,,,,
1699,,73.9,65.9,54.7,,,,,,,,,,,,,,,,,,,,,,,,,,,,86.583,,114.699152807845,542.0,,338.191237046846,120.9,,,,,,,,,,,,333.0,167.723712343613,,,,,,,,,234.479433,,,,,,,,,,88.799999999992,,,175.311588063803,,,,,,
1698,,66.8,49.4,53.6,,,,,,,,,,,,,,,,,,,,,,,,,,,,86.583,,129.21922982941,667.0,,367.124956224636,129.6,,,,,,,,,,,,202.0,190.563546091947,,,,,,,,,179.262273,,,,,,,,,,44.399999999996,,,451.060681108754,,,,,,
1697,,63.6,60.3,39.8,,,,,,,,,,,,,,,,,,,,,,,,,,,,78.95272,,86.2536137254876,420.0,,597.355485388517,110.6,,,,,,,,,,,,240.0,213.433451589158,,,,,,,,,160.202569,,,,,,,,,,70.2999999999975,,,225.742885166062,,,,,,
1696,,73.3,73.8,41.0,,,,,,,,,,,,,,,,,,,,,,,,,,,,107.6628,,115.035864049021,549.0,,453.940595846258,184.5,,,,,,,,,,,,203.0,205.85086186212,,,,,,,,,249.219599,,,,,,,,,,66.599999999994,,,202.112731622638,,,,,,
1695,,75.3,89.3,42.8,,,,,,,,,,,,,,,,,,,,,,,,,,,,71.7752,,100.592165970588,617.0,,396.663684334701,130.7,,,,,,,,,,,,196.0,221.063020164812,,,,,,,,,226.660678,,,,,,,,,,103.600000000001,,,333.200900922493,,,,,,
1694,,59.9,87.6,46.5,,,,,,,,,,,,,,,,,,,,,,,,,,,,71.7752,,71.8148529823533,506.0,,387.298187893514,64.5,,,,,,,,,,,,237.0,217.330386887145,,,,,,,,,145.347135,,,,,,,,,,85.2000000000044,,,274.970418619147,,,,,,
1693,,53.6,68.5,37.5,,,,,,,,,,,,,,,,,,,,,,,,,,,,78.95272,,101.464797092155,752.0,,685.177227116752,128.7,,,,,,,,,,,,185.0,293.268917307098,,,,,,,,,277.635647,,,,,,,,,,85.2000000000044,,,227.320033273404,,,,,,
1692,,56.8,55.0,34.5,,,,,,,,,,,,,,,,,,,,,,,,,,,,78.95272,,133.497621155882,616.0,,656.861506789383,143.5,,,,,,,,,,,,183.0,217.405327207993,,,,,,,,,260.379709,,,,,,,,,,63.9000000000033,,,287.477546910865,,,,,,
1691,,54.3,58.1,40.6,,,,,,,,,,,,,,,,,,,,,,,,,,,,109.926,,118.579335038238,607.0,,599.635550186279,125.0,,,,,,,,,,,,288.0,186.757722097215,,,,,,,,,208.775706,,,,,,,,,,56.8000000000029,,,179.863294779083,,,,,,
1690,,62.0,63.7,53.3,,,,,,,,,,,,,,,,,,,,,,,,,,,,73.284,,148.424833644119,745.0,,571.16550792162,151.8,,,,,,,,,,,,235.0,240.290673996535,,,,,,,,,171.900123,,,,,,,,,,35.5000000000018,,,252.036377576168,,,,,,
1689,,76.1,54.8,44.9,,,,,,,,,,,,,,,,,,,,,,,,,,,,80.6124,,116.634947779544,716.0,,379.067351863348,119.5,,,,,,,,,,,,147.0,217.260909209968,,,,,,,,,246.632151,,,,,,,,,,85.2000000000044,,,348.653854687461,,,,,,
1688,,59.3,53.5,38.3,,,,,,,,,,,,,,,,,,,,,,,,,,,,80.4562,,127.018121953491,817.0,,504.384738669641,131.2,,,,,,,,,,,,165.0,228.861849217429,,,,,,,,,232.229086,,,,,,,,,,78.100000000004,,,180.504117954603,,,,,,
1687,,39.2,55.5,59.0,,,,,,,,,,,,,,,,,,,,,,,,,,,,87.7704,,84.8356517093024,562.0,,514.292306490517,151.3,,,,,,,,,,,,164.0,175.35293192797,,,,,,,,,199.864209,,,,,,,,,,68.3499999999958,,,228.811393112091,,,,,,
1686,,52.7,62.5,54.2,,,,,,,,,,,,,,,,,,,,,,,,,,,,87.25692,,113.277332697671,741.0,,514.571474776198,92.2,,,,,,,,,,,,196.0,208.799472228791,,,,,,,,,216.624785,,,,,,,,,,133.199999999988,,,289.315348323446,,,,,,
1685,,66.4,60.0,31.1,,,,,,,,,,,,,,,,,,,,,,,,,,,,72.2862,,99.1097550813962,927.0,,379.940492522305,144.3,,,,,,,,,,,,203.0,183.146134534347,,,,,,,,,149.681241,,,,,,,,,,48.0999999999995,,,144.771000294395,,,,,,
1684,,55.6,59.4,40.9,,,,,,,,,,,,,,,,,,,,,,,,,,,,72.2862,,84.9222331046512,881.0,,543.979437220093,151.2,,,,,,,,,,,,192.0,228.801474327356,,,,,,,,,187.929601,,,,,,,,,,155.399999999986,,,217.933522927947,,,,,,
1683,,51.9,60.1,61.7,,,,,,,,,,,,,,,,,,,,,,,,,,,,108.4293,,182.878749311218,749.0,,688.921443741022,204.5,,,,,,,,,,,,210.0,247.897819848267,,,,,,,,,241.167418,,,,,,,,,,62.8999999999951,,,278.821841187775,,,,,,
1682,,61.1,48.6,53.8,,,,,,,,,,,,,,,,,,,,,,,,,,,,79.51482,,98.1758870588206,549.0,,670.01048776778,139.8,,,,,,,,,,,,182.0,209.677588762686,,,,,,,,,223.44375,,,,,,,,,,44.399999999996,,,181.99687169596,,,,,,
1681,,67.2,60.2,46.5,,,,,,,,,,,,,,,,,,,,,,,,,,,,86.74344,,70.1036958823552,721.0,,593.145036535682,131.0,,,,,,,,,,,,111.0,197.393560037774,,,,,,,,,188.813965,,,,,,,,,,107.999999999993,,,194.266763318007,,,,,,
1680,,76.5,61.5,43.5,,,,,,,,,,,,,,,,,,,,,,,,,,,,79.61404,,154.222649215683,922.0,,545.152762054465,170.8,,,,,,,,,,,,195.0,205.988242085023,,,,,,,,,169.816187,,,,,,,,,,86.3999999999942,,,242.97830569508,,,,,,
1679,,66.6,51.9,38.0,,,,,,,,,,,,,,,,,,,,,,,,,,,,72.3764,,140.445930196078,754.0,,593.68302782269,116.7,,,,,,,,,,,,190.0,129.746343936056,,,,,,,,,168.542807,,,,,,,,,,61.1999999999989,,,304.689999159055,,,,,,
1678,,62.0,47.5,33.8,,,,,,,,,,,,,,,,,,,,,,,,,,,,72.3764,,98.4736972549042,714.0,,275.191014263623,107.6,,,,,,,,,,,,168.0,225.061135735907,,,,,,,,,218.817842,,,,,,,,,,93.6000000000058,,,329.507875952646,,,,,,
1677,,77.5,50.1,25.2,,,,,,,,,,,,,,,,,,,,,,,,,,,,108.5646,,72.1450519407764,706.0,,391.222979405608,107.6,,,,,,,,,,,,267.0,183.137862702178,,,,,,,,,251.821428,,,,,,,,,,86.3999999999942,,,281.098877324177,,,,,,
1676,,63.1,70.1,27.0,,,,,,,,,,,,,,,,,,,,,,,,,,,,79.61404,,161.505814081632,770.0,,430.023854624412,218.0,,,,,,,,,,,,177.0,244.107073919405,,,,,,,,,209.432787,,,,,,,,,,64.7999999999956,,,195.679166354489,,,,,,
1675,,46.2,72.1,25.2,,,,,,,,,,,,,,,,,,,,,,,,,,,,80.26189,,132.405829387756,622.0,,459.179655976263,134.2,,,,,,,,,,,,171.0,215.711262346742,,,,,,,,,213.146778,,,,,,,,,,111.599999999999,,,257.147119228648,,,,,,
1674,,61.8,69.0,40.6,,,,,,,,,,,,,,,,,,,,,,,,,,,,73.6721,,117.85309387755,832.0,,691.355804019846,116.3,,,,,,,,,,,,202.0,202.253123093426,,,,,,,,,177.302467,,,,,,,,,,133.199999999988,,,281.299608472778,,,,,,
1673,,63.8,60.0,60.9,,,,,,,,,,,,,,,,,,,,,,,,,,,,73.6721,,73.6782512244884,1020.0,,546.572294322684,114.1,,,,,,,,,,,,215.0,217.418545231678,,,,,,,,,142.039753,,,,,,,,,,62.8999999999951,,,232.609863056216,,,,,,
1672,,56.6,41.4,53.5,,,,,,,,,,,,,,,,,,,,,,,,,,,,73.6721,,117.911484081637,820.0,,508.074715481287,147.5,,,,,,,,,,,,178.0,198.351849479603,,,,,,,,,160.068732,,,,,,,,,,88.799999999992,,,318.625416172847,,,,,,
1671,,61.2,35.6,35.1,,,,,,,,,,,,,,,,,,,,,,,,,,,,73.6721,,117.926137521549,748.0,,498.84597842015,134.8,,,,,,,,,,,,243.0,244.187084491177,,,,,,,,,179.970408,,,,,,,,,,110.99999999999,,,159.472897162899,,,,,,
1670,,65.8,34.9,31.4,,,,,,,,,,,,,,,,,,,,,,,,,,,,73.6721,,132.672371855999,632.0,,402.250045545699,180.4,,,,,,,,,,,,220.0,144.975516887235,,,,,,,,,270.937548,,,,,,,,,,44.399999999996,,,393.655530659083,,,,,,
1669,,67.2,57.5,38.8,,,,,,,,,,,,,,,,,,,,,,,,,,,,,,103.217903460001,618.0,,286.240125727925,129.5,,,,,,,,,,,,190.0,236.591095723303,,,,,,,,,181.569286,,,,,,,,,,129.499999999998,,,270.977273559996,,,,,,
1668,,73.8,60.7,42.5,,,,,,,,,,,,,,,,,,,,,,,,,,,,,,103.242649272001,602.0,,480.017299224969,103.8,,,,,,,,,,,,209.0,221.308790290176,,,,,,,,,201.27308,,,,,,,,,,110.99999999999,,,258.942160319755,,,,,,
1667,,75.9,40.7,38.8,,,,,,,,,,,,,,,,,,,,,,,,,,,,,,132.959315808004,645.0,,228.409561526014,177.2,,,,,,,,,,,,162.0,244.136115159032,,,,,,,,,184.381768,,,,,,,,,,88.799999999992,,,209.795917057973,,,,,,
1666,,72.7,43.9,39.5,,,,,,,,,,,,,,,,,,,,,,,,,,,,,,103.681013856001,505.0,,257.571860952829,193.7,,,,,,,,,,,,203.0,198.401246767001,,,,,,,,,223.025967,,,,,,,,,,44.399999999996,,,197.575980472906,,,,,,
1665,,68.8,47.8,49.4,,,,,,,,,,,,,,,,,,,,,,,,,,,,,,89.0562303959993,474.0,,528.932897481518,146.3,,,,,,,,,,,,233.0,234.835171805155,,,,,,,,,205.822669,,,,,,,,,,44.399999999996,,,357.40282141143,,,,,,
1664,,50.5,38.7,47.0,,,,,,,,,,,,,,,,,,,,,,,,,,,,,,72.3760348199996,717.0,,364.414528940117,188.3,,,,,,,,,,,,209.0,199.334672314293,,,,,,,,,206.004237,,,,,,,,,,66.599999999994,,,296.208742208485,,,,,,
1663,,73.5,33.6,39.0,,,,,,,,,,,,,,,,,,,,,,,,,,,,,,185.281798259997,627.0,,519.636588827775,161.8,,,,,,,,,,,,162.0,276.191899966591,,,,,,,,,204.853644,,,,,,,,,,73.9999999999964,,,308.841035100205,,,,,,
1662,,78.8,48.5,31.0,,,,,,,,,,,,,,,,,,,,,,,,,,,,,,171.675907455001,879.0,,481.070357684642,122.5,,,,,,,,,,,,212.0,177.985229901953,,,,,,,,,259.531224,,,,,,,,,,147.999999999993,,,185.478305183831,,,,,,
1661,,56.5,64.0,30.4,,,,,,,,,,,,,,,,,,,,,,,,,,,,,,128.919180975,531.0,,374.599416463479,126.2,,,,,,,,,,,,221.0,228.574367513977,,,,,,,,,222.075374,,,,,,,,,,44.399999999996,,,411.391397266746,,,,,,
1660,,59.8,58.3,32.3,,,,,,,,,,,,,,,,,,,,,,,,,,,,,,100.273146479999,646.0,,326.259770298514,105.7,,,,,,,,,,,,262.0,248.897991793637,,,,,,,,,219.868749,,,,,,,,,,44.399999999996,,,262.117682449487,,,,,,
1659,,50.7,48.6,32.3,,,,,,,,,,,,,,,,,,,,,,,,,,,,,,85.9502722650032,685.0,,326.39306903018,83.0,,,,,,,,,,,,260.0,338.353407547776,,,,,,,,,255.131542,,,,,,,,,,66.599999999994,,,287.345579462648,,,,,,
1658,,55.4,48.0,42.3,,,,,,,,,,,,,,,,,,,,,,,,,,,,,,87.2563488122445,684.0,,423.538800536622,146.4,,,,,,,,,,,,224.0,234.668121754991,,,,,,,,,234.567783,,,,,,,,,,66.599999999994,,,200.036142325806,,,,,,
1657,,76.7,46.1,39.2,,,,,,,,,,,,,,,,,,,,,,,,,,,,,,145.431182459183,843.0,,287.864384809683,58.3,,,,,,,,,,,,190.0,175.639578257779,,,,,,,,,252.104862,,,,,,,,,,48.0999999999995,,,362.951408322559,,,,,,
1656,,62.9,52.6,24.3,,,,,,,,,,,,,,,,,,,,,,,,,,,,,,101.804754053063,993.0,,326.801589108291,140.6,,,,,,,,,,,,212.0,265.910589216803,,,,,,,,,232.733876,,,,,,,,,,110.99999999999,,,261.426112633248,,,,,,
1655,,52.4,43.5,38.6,,,,,,,,,,,,,,,,,,,,,,,,,,,,,,145.403233789795,757.0,,336.640206279206,75.3,,,,,,,,,,,,274.0,238.794207045149,,,,,,,,,239.023906,,,,,,,,,,81.3999999999987,,,373.987834200537,,,,,,
1654,,49.8,50.0,57.9,,,,,,,,,,,,,,,,,,,,,,,,,,,,,,116.238649606122,576.0,,482.397821564805,202.8,,,,,,,,,,,,240.0,169.743977023733,,,,,,,,,189.553629,,,,,,,,,,66.599999999994,,,224.566176963409,,,,,,
1653,,62.4,62.4,51.7,,,,,,,,,,,,,,,,,,,,,,,,,,,,,,72.6100191020379,726.0,,511.727004492081,136.8,,,,,,,,,,,,242.0,246.438457509795,,,,,,,,,278.267621,,,,,,,,,,66.599999999994,,,299.692729707073,,,,,,
1652,,66.5,47.5,36.1,,,,,,,,,,,,,,,,,,,,,,,,,,,,,,87.5411204326571,885.0,,599.367230907375,182.0,,,,,,,,,,,,219.0,335.878715420554,,,,,,,,,,,,,,,,,,,44.399999999996,,,264.229784632356,,,,,,
1651,,63.8,54.7,60.4,,,,,,,,,,,,,,,,,,,,,,,,,,,,,,58.6355369999988,570.0,,512.168697425109,147.0,,,,,,,,,,,,243.0,254.657919857256,,,,,,,,,,,,,,,,,,,66.599999999994,,,201.443567689603,,,,,,
1650,,90.5,57.4,62.8,,,,,,,,,,,,,,,,,,,,,,,,,,,,,,131.8580524,792.0,,531.817475942695,116.0,,,,,,,,,,,,223.0,203.21674914557,,,,,,,,,,,,,,,,,,,66.599999999994,,,226.837493385881,,,,,,
1649,,80.6,54.8,34.8,,,,,,,,,,,,,,,,,,,,,,,,,,,,,,117.123574799997,720.0,,347.330648577411,120.5,,,,,,,,,,,,215.0,254.868801934799,,,,,,,,,,,,,,,,,,,66.599999999994,,,328.151226417009,,,,,,
1648,,63.3,66.0,47.8,,,,,,,,,,,,,,,,,,,,,,,,,,,,,,102.4713118,500.0,,532.207065506607,133.3,,,,,,,,,,,,234.0,215.373606471586,,,,,,,,,,,,,,,,,,,88.799999999992,,,151.684841498563,,,,,,
1647,,72.6,56.9,46.5,,,,,,,,,,,,,,,,,,,,,,,,,,,,,,102.6058186,832.0,,415.714411938629,178.4,,,,,,,,,,,,247.0,327.536979627342,,,,,,,,,,,,,,,,,,,88.799999999992,,,164.404968926323,,,,,,
1646,,69.3,42.6,36.6,,,,,,,,,,,,,,,,,,,,,,,,,,,,,,117.438113600003,603.0,,581.259259085642,138.7,,,,,,,,,,,,184.0,256.963434931956,,,,,,,,,,,,,,,,,,,88.799999999992,,,187.119273533248,,,,,,
1645,,59.3,66.2,43.4,,,,,,,,,,,,,,,,,,,,,,,,,,,,,,143.839402718745,603.0,,484.191039905773,99.5,,,,,,,,,,,,251.0,251.98931278161,,,,,,,,,,,,,,,,,,,66.599999999994,,,299.641512261284,,,,,,
1644,,64.0,70.3,47.7,,,,,,,,,,,,,,,,,,,,,,,,,,,,,,70.9496922500035,703.0,,533.053726308232,113.3,,,,,,,,,,,,214.0,237.879182538853,,,,,,,,,,,,,,,,,,,59.1999999999962,,,187.430268540215,,,,,,
1643,,63.4,58.5,39.1,,,,,,,,,,,,,,,,,,,,,,,,,,,,,,99.4428584479153,581.0,,377.502022251999,186.3,,,,,,,,,,,,146.0,218.27100741818,,,,,,,,,,,,,,,,,,,73.9999999999964,,,150.016693866416,,,,,,
1642,,70.7,59.9,32.9,,,,,,,,,,,,,,,,,,,,,,,,,,,,,,113.809764197918,594.0,,319.232328111298,203.0,,,,,,,,,,,,190.0,193.734294995532,,,,,,,,,,,,,,,,,,,110.699999999997,,,325.242547970858,,,,,,
1641,,83.5,60.0,46.0,,,,,,,,,,,,,,,,,,,,,,,,,,,,,,99.6701367291653,565.0,,679.720888631376,196.4,,,,,,,,,,,,235.0,190.335036135577,,,,,,,,,,,,,,,,,,,131.400000000003,,,228.012814653899,,,,,,
1640,,68.8,52.7,47.3,,,,,,,,,,,,,,,,,,,,,,,,,,,,,,113.966569041668,685.0,,504.641519470407,129.8,,,,,,,,,,,,180.0,204.349236882658,,,,,,,,,,,,,,,,,,,65.7000000000016,,,190.123535677777,,,,,,
1639,,49.4,36.2,32.4,,,,,,,,,,,,,,,,,,,,,,,,,,,,,,71.2604363645868,717.0,,,129.2,,,,,,,,,,,,256.0,229.641188636123,,,,,,,,,,,,,,,,,,,109.500000000003,,,240.960729556788,,,,,,
1638,,50.7,56.0,37.4,,,,,,,,,,,,,,,,,,,,,,,,,,,,,,97.706677732868,503.0,,,130.3,,,,,,,,,,,,173.0,246.390869260123,,,,,,,,,,,,,,,,,,,109.500000000003,,,304.60819268124,,,,,,
1637,,60.0,79.0,63.7,,,,,,,,,,,,,,,,,,,,,,,,,,,,,,110.760430144444,694.0,,,96.4,,,,,,,,,,,,212.0,195.913999744492,,,,,,,,,,,,,,,,,,,104.000000000001,,,304.944198080438,,,,,,
1636,,80.0,64.5,60.6,,,,,,,,,,,,,,,,,,,,,,,,,,,,,,124.674955125928,663.0,,,232.1,,,,,,,,,,,,162.0,196.073895799521,,,,,,,,,,,,,,,,,,,68.400000000006,,,381.606214634502,,,,,,
1635,,77.3,68.4,38.8,,,,,,,,,,,,,,,,,,,,,,,,,,,,,,69.295647931484,521.0,,,156.9,,,,,,,,,,,,219.0,269.019580831263,,,,,,,,,,,,,,,,,,,68.400000000006,,,343.986025375343,,,,,,
1634,,70.1,73.2,48.8,,,,,,,,,,,,,,,,,,,,,,,,,,,,,,166.388073707407,735.0,,,179.6,,,,,,,,,,,,242.0,291.228777210501,,,,,,,,,,,,,,,,,,,91.200000000008,,,293.289407139132,,,,,,
1633,,73.0,54.9,52.0,,,,,,,,,,,,,,,,,,,,,,,,,,,,,,166.486392905555,847.0,,,160.2,,,,,,,,,,,,210.0,204.425163764991,,,,,,,,,,,,,,,,,,,68.400000000006,,,382.991879997159,,,,,,
1632,,57.7,51.6,41.3,,,,,,,,,,,,,,,,,,,,,,,,,,,,,,82.8677110962947,730.0,,,86.2,,,,,,,,,,,,313.0,240.689378549644,,,,,,,,,,,,,,,,,,,68.400000000006,,,344.008286238148,,,,,,
1631,,55.2,61.0,34.5,,,,,,,,,,,,,,,,,,,,,,,,,,,,,,109.978126111114,793.0,,,152.1,,,,,,,,,,,,213.0,305.099892449498,,,,,,,,,,,,,,,,,,,60.8000000000038,,,344.423238735196,,,,,,
1630,,68.8,71.8,37.0,,,,,,,,,,,,,,,,,,,,,,,,,,,,,,110.020931111104,713.0,,,167.9,,,,,,,,,,,,327.0,190.473932628286,,,,,,,,,,,,,,,,,,,75.9999999999991,,,549.276925086279,,,,,,
1629,,75.6,58.6,42.6,,,,,,,,,,,,,,,,,,,,,,,,,,,,,,123.824712407411,594.0,,,98.7,,,,,,,,,,,,195.0,202.610219587525,,,,,,,,,,,,,,,,,,,91.200000000008,,,229.054915539443,,,,,,
1628,,74.2,56.6,46.4,,,,,,,,,,,,,,,,,,,,,,,,,,,,,,123.877934814818,884.0,,,144.7,,,,,,,,,,,,244.0,162.463051965826,,,,,,,,,,,,,,,,,,,91.200000000008,,,152.804255130111,,,,,,
1627,,84.3,59.3,61.5,,,,,,,,,,,,,,,,,,,,,,,,,,,,,,165.25191592592,594.0,,,116.6,,,,,,,,,,,,238.0,249.042562655114,,,,,,,,,,,,,,,,,,,68.400000000006,,,293.05034777208,,,,,,
1626,,85.7,55.9,58.4,,,,,,,,,,,,,,,,,,,,,,,,,,,,,,96.2578907534927,715.0,,,128.0,,,,,,,,,,,,182.0,249.044625071364,,,,,,,,,,,,,,,,,,,68.400000000006,,,203.985923823646,,,,,,
1625,,70.9,53.2,38.9,,,,,,,,,,,,,,,,,,,,,,,,,,,,,,123.221242471704,649.0,,,129.7,,,,,,,,,,,,215.0,206.078475819831,,,,,,,,,,,,,,,,,,,114.00000000001,,,191.335740953823,,,,,,
1624,,65.7,42.5,35.2,,,,,,,,,,,,,,,,,,,,,,,,,,,,,,123.272841679241,618.0,,,177.3,,,,,,,,,,,,207.0,251.930703230869,,,,,,,,,,,,,,,,,,,57.0000000000027,,,191.458415207684,,,,,,
1623,,56.3,61.9,40.8,,,,,,,,,,,,,,,,,,,,,,,,,,,,,,95.9145502924517,770.0,,,130.2,,,,,,,,,,,,235.0,232.273832835673,,,,,,,,,,,,,,,,,,,91.200000000008,,,141.842957153247,,,,,,
1622,,64.6,84.7,40.2,,,,,,,,,,,,,,,,,,,,,,,,,,,,,,95.9933124481121,703.0,,,87.4,,,,,,,,,,,,162.0,179.175629480406,,,,,,,,,,,,,,,,,,,91.200000000008,,,206.450957166563,,,,,,
1621,,66.0,54.9,49.7,,,,,,,,,,,,,,,,,,,,,,,,,,,,,,123.629580933958,774.0,,,94.7,,,,,,,,,,,,275.0,246.373250871615,,,,,,,,,,,,,,,,,,,45.600000000004,,,180.807806361844,,,,,,
1620,,70.9,46.9,46.6,,,,,,,,,,,,,,,,,,,,,,,,,,,,,,123.865443183968,443.0,,,120.5,,,,,,,,,,,,226.0,268.76143696256,,,,,,,,,,,,,,,,,,,91.200000000008,,,193.853502206713,,,,,,
1619,,78.4,65.1,31.5,,,,,,,,,,,,,,,,,,,,,,,,,,,,,,115.632618332965,629.0,,,123.6,,,,,,,,,,,,188.0,271.974778964,,,,,,,,,,,,,,,,,,,115.520000000001,,,271.554921982485,,,,,,
1618,,61.4,61.9,35.3,,,,,,,,,,,,,,,,,,,,,,,,,,,,,,102.014102170591,687.0,,,103.3,,,,,,,,,,,,153.0,229.593175661974,,,,,,,,,,,,,,,,,,,76.0000000000036,,,245.894570793389,,,,,,
1617,,64.1,62.5,56.7,,,,,,,,,,,,,,,,,,,,,,,,,,,,,,131.394430394116,689.0,,,112.8,,,,,,,,,,,,226.0,223.945398120812,,,,,,,,,,,,,,,,,,,57.0000000000027,,,231.907425932145,,,,,,
1616,,59.3,51.0,72.5,,,,,,,,,,,,,,,,,,,,,,,,,,,,,,73.1054297470566,557.0,,,148.7,,,,,,,,,,,,244.0,187.518453952094,,,,,,,,,,,,,,,,,,,55.7300000000032,,,374.159926363173,,,,,,
1615,,57.3,48.3,63.8,,,,,,,,,,,,,,,,,,,,,,,,,,,,,,102.311374905886,774.0,,,128.4,,,,,,,,,,,,141.0,246.317568877877,,,,,,,,,,,,,,,,,,,57.7500000000055,,,206.657695754093,,,,,,
1614,,60.7,65.6,51.2,,,,,,,,,,,,,,,,,,,,,,,,,,,,,,102.217101282356,977.0,,,156.0,,,,,,,,,,,,263.0,221.150185771796,,,,,,,,,,,,,,,,,,,115.500000000011,,,219.741554841673,,,,,,
1613,,62.7,84.1,43.6,,,,,,,,,,,,,,,,,,,,,,,,,,,,,,116.704107105883,807.0,,,148.0,,,,,,,,,,,,250.0,272.529623446245,,,,,,,,,,,,,,,,,,,77.0000000000027,,,426.994217973205,,,,,,
1612,,74.2,90.2,47.4,,,,,,,,,,,,,,,,,,,,,,,,,,,,,,116.697567688567,950.0,,,243.3,,,,,,,,,,,,243.0,198.853665374027,,,,,,,,,,,,,,,,,,,95.0000000000045,,,207.775723719183,,,,,,
1611,,72.8,71.0,50.6,,,,,,,,,,,,,,,,,,,,,,,,,,,,,,116.590827067921,742.0,,,130.0,,,,,,,,,,,,238.0,257.349853084238,,,,,,,,,,,,,,,,,,,110.200000000004,,,299.007610779621,,,,,,
1610,,61.9,67.1,43.7,,,,,,,,,,,,,,,,,,,,,,,,,,,,,,101.91573493585,813.0,,,128.3,,,,,,,,,,,,212.0,209.878040036559,,,,,,,,,,,,,,,,,,,165.899999999992,,,156.136550872959,,,,,,
1609,,56.6,65.9,35.5,,,,,,,,,,,,,,,,,,,,,,,,,,,,,,145.457985058489,617.0,,,177.4,,,,,,,,,,,,199.0,232.514456962644,,,,,,,,,,,,,,,,,,,47.3999999999978,,,234.364981871738,,,,,,
1608,,61.5,46.5,46.3,,,,,,,,,,,,,,,,,,,,,,,,,,,,,,101.848306860378,798.0,,,152.3,,,,,,,,,,,,188.0,299.365285679753,,,,,,,,,,,,,,,,,,,39.4999999999982,,,234.536075230626,,,,,,
1607,,70.5,55.9,54.0,,,,,,,,,,,,,,,,,,,,,,,,,,,,,,87.3378784962319,621.0,,,171.2,,,,,,,,,,,,159.0,193.155473731574,,,,,,,,,,,,,,,,,,,75.0499999999965,,,274.655617689691,,,,,,
1606,,65.8,53.2,38.8,,,,,,,,,,,,,,,,,,,,,,,,,,,,,,101.940076362265,864.0,,,182.9,,,,,,,,,,,,267.0,177.428946233538,,,,,,,,,,,,,,,,,,,47.3999999999978,,,235.59504049518,,,,,,
1605,,52.2,66.6,33.7,,,,,,,,,,,,,,,,,,,,,,,,,,,,,,70.0991307926596,743.0,,,219.5,,,,,,,,,,,,196.0,170.652892517049,,,,,,,,,,,,,,,,,,,110.599999999995,,,170.2302978686,,,,,,
1604,,55.7,107.5,35.0,,,,,,,,,,,,,,,,,,,,,,,,,,,,,,111.108410740744,612.0,,,147.4,,,,,,,,,,,,118.0,282.756044920157,,,,,,,,,,,,,,,,,,,115.2,,,196.50938568045,,,,,,
1603,,77.2,94.0,45.8,,,,,,,,,,,,,,,,,,,,,,,,,,,,,,111.167014444437,815.0,,,118.3,,,,,,,,,,,,205.0,261.223422274042,,,,,,,,,,,,,,,,,,,69.2999999999984,,,196.649771389648,,,,,,
1602,,69.8,76.1,71.3,,,,,,,,,,,,,,,,,,,,,,,,,,,,,,69.5091438888909,615.0,,,143.8,,,,,,,,,,,,167.0,222.210853316798,,,,,,,,,,,,,,,,,,,46.1999999999989,,,236.220600882744,,,,,,
1601,,63.7,70.9,56.1,,,,,,,,,,,,,,,,,,,,,,,,,,,,,,83.4414679629653,679.0,,,215.5,,,,,,,,,,,,172.0,199.451966036604,,,,,,,,,,,,,,,,,,,69.2999999999984,,,196.289775751584,,,,,,
1600,,65.2,50.1,40.2,,,,,,,,,,,,,,,,,,,,,,,,,,,,,,153.067423703697,713.0,,,130.0,,,,,,,,,,,,238.0,198.82183910709,,,,,,,,,,,,,,,,,,,92.3999999999978,,,314.327786022004,,,,,,
1599,,54.1,46.8,42.7,,,,,,,,,,,,,,,,,,,,,,,,,,,,,,125.325558703707,812.0,,,160.5,,,,,,,,,,,,143.0,198.385945686319,,,,,,,,,,,,,,,,,,,69.2999999999984,,,340.85735429241,,,,,,
1598,,63.1,57.7,47.2,,,,,,,,,,,,,,,,,,,,,,,,,,,,,,132.547141529294,475.0,,,119.9,,,,,,,,,,,,269.0,235.144630947986,,,,,,,,,,,,,,,,,,,53.8999999999987,,,157.461449532506,,,,,,
1597,,74.2,66.7,58.0,,,,,,,,,,,,,,,,,,,,,,,,,,,,,,105.932701968007,542.0,,,146.7,,,,,,,,,,,,252.0,208.362932302052,,,,,,,,,,,,,,,,,,,114.300000000007,,,288.934705649584,,,,,,
1596,,62.4,72.9,48.5,,,,,,,,,,,,,,,,,,,,,,,,,,,,,,121.135511636996,755.0,,,101.4,,,,,,,,,,,,225.0,198.749907257089,,,,,,,,,,,,,,,,,,,114.00000000001,,,145.318093230411,,,,,,
1595,,60.3,73.7,38.3,,,,,,,,,,,,,,,,,,,,,,,,,,,,,,106.054443446997,771.0,,,148.1,,,,,,,,,,,,264.0,284.101569980824,,,,,,,,,,,,,,,,,,,96.9999999999936,,,370.183009998134,,,,,,
1594,,65.8,71.1,35.8,,,,,,,,,,,,,,,,,,,,,,,,,,,,,,151.604895209995,687.0,,,152.8,,,,,,,,,,,,184.0,271.597825393929,,,,,,,,,,,,,,,,,,,97.4999999999909,,,304.426234443568,,,,,,
1593,,68.5,84.1,38.4,,,,,,,,,,,,,,,,,,,,,,,,,,,,,,121.367390664007,743.0,,,105.0,,,,,,,,,,,,280.0,289.589522962498,,,,,,,,,,,,,,,,,,,195.0,,,251.766434054797,,,,,,
1592,,65.6,71.0,38.4,,,,,,,,,,,,,,,,,,,,,,,,,,,,,,,553.0,,,107.6,,,,,,,,,,,,234.0,175.253275760711,,,,,,,,,,,,,,,,,,,93.6000000000058,,,265.420444397556,,,,,,
1591,,55.2,37.5,34.6,,,,,,,,,,,,,,,,,,,,,,,,,,,,,,,551.0,,,178.8,,,,,,,,,,,,255.0,271.367111844473,,,,,,,,,,,,,,,,,,,183.300000000004,,,211.445606890504,,,,,,
1590,,57.2,51.0,32.1,,,,,,,,,,,,,,,,,,,,,,,,,,,,,,,701.0,,,153.9,,,,,,,,,,,,218.0,317.367224045376,,,,,,,,,,,,,,,,,,,109.199999999996,,,277.728087508515,,,,,,
1589,,48.2,62.5,40.4,,,,,,,,,,,,,,,,,,,,,,,,,,,,,,,667.0,,,120.1,,,,,,,,,,,,234.0,243.960423554642,,,,,,,,,,,,,,,,,,,19.0000000000009,,,397.333730581284,,,,,,
1588,,47.5,63.7,56.4,,,,,,,,,,,,,,,,,,,,,,,,,,,,,,,627.0,,,92.6,,,,,,,,,,,,162.0,228.364478273273,,,,,,,,,,,,,,,,,,,57.0000000000027,,,278.444177890376,,,,,,
1587,,59.3,75.1,47.4,,,,,,,,,,,,,,,,,,,,,,,,,,,,,,,616.0,,,132.6,,,,,,,,,,,,191.0,210.794724117133,,,,,,,,,,,,,,,,,,,57.0000000000027,,,238.955199058722,,,,,,
1586,,59.4,65.0,47.3,,,,,,,,,,,,,,,,,,,,,,,,,,,,,,,631.0,,,57.1,,,,,,,,,,,,186.0,264.158778694762,,,,,,,,,,,,,,,,,,,133.000000000006,,,267.315302314842,,,,,,
1585,,48.4,50.7,62.0,,,,,,,,,,,,,,,,,,,,,,,,,,,,,,,653.0,,,146.1,,,,,,,,,,,,266.0,221.113293317671,,,,,,,,,,,,,,,,,,,57.0000000000027,,,213.995109456073,,,,,,
1584,,56.9,46.0,51.1,,,,,,,,,,,,,,,,,,,,,,,,,,,,,,,530.0,,,215.8,,,,,,,,,,,,176.0,294.617484072238,,,,,,,,,,,,,,,,,,,93.2000000000016,,,240.91119031386,,,,,,
1583,,64.6,61.5,40.8,,,,,,,,,,,,,,,,,,,,,,,,,,,,,,,555.0,,,96.2,,,,,,,,,,,,248.0,286.7781020752,,,,,,,,,,,,,,,,,,,60.0,,,200.9114786502,,,,,,
1582,,55.7,62.9,33.1,,,,,,,,,,,,,,,,,,,,,,,,,,,,,,,712.0,,,128.5,,,,,,,,,,,,253.0,237.030301040181,,,,,,,,,,,,,,,,,,,40.0,,,147.393287371086,,,,,,
1581,,72.5,55.6,40.8,,,,,,,,,,,,,,,,,,,,,,,,,,,,,,,638.0,,,111.1,,,,,,,,,,,,204.0,148.864799935192,,,,,,,,,,,,,,,,,,,100.0,,,201.123590368225,,,,,,
1580,,74.6,71.3,46.7,,,,,,,,,,,,,,,,,,,,,,,,,,,,,,,605.0,,,160.4,,,,,,,,,,,,211.0,194.534847320109,,,,,,,,,,,,,,,,,,,60.0,,,374.412755028483,,,,,,
1579,,64.8,60.6,37.2,,,,,,,,,,,,,,,,,,,,,,,,,,,,,,,587.0,,,158.8,,,,,,,,,,,,183.0,206.950189196954,,,,,,,,,,,,,,,,,,,121.599999999999,,,321.277784139332,,,,,,
1578,,73.9,45.7,45.0,,,,,,,,,,,,,,,,,,,,,,,,,,,,,,,698.0,,,161.1,,,,,,,,,,,,198.0,202.973561019393,,,,,,,,,,,,,,,,,,,100.0,,,227.823879297305,,,,,,
1577,,65.5,41.6,61.3,,,,,,,,,,,,,,,,,,,,,,,,,,,,,,,515.0,,,216.2,,,,,,,,,,,,223.0,244.182222470128,,,,,,,,,,,,,,,,,,,100.0,,,241.453820897008,,,,,,
1576,,64.8,46.4,58.9,,,,,,,,,,,,,,,,,,,,,,,,,,,,,,,506.0,,,133.0,,,,,,,,,,,,163.0,221.455150868461,,,,,,,,,,,,,,,,,,,119.749999999999,,,201.399702057562,,,,,,
1575,,66.9,51.2,42.2,,,,,,,,,,,,,,,,,,,,,,,,,,,,,,,625.0,,,69.0,,,,,,,,,,,,196.0,167.848180573233,,,,,,,,,,,,,,,,,,,137.169999999996,,,254.705976705559,,,,,,
1574,,71.1,42.3,32.4,,,,,,,,,,,,,,,,,,,,,,,,,,,,,,,748.0,,,138.2,,,,,,,,,,,,258.0,187.146715671696,,,,,,,,,,,,,,,,,,,60.7500000000027,,,348.927586057131,,,,,,
1573,,59.9,53.8,27.9,,,,,,,,,,,,,,,,,,,,,,,,,,,,,,,741.0,,,127.7,,,,,,,,,,,,121.0,225.041649754422,,,,,,,,,,,,,,,,,,,141.750000000006,,,201.532550895788,,,,,,
1572,,53.7,61.3,37.6,,,,,,,,,,,,,,,,,,,,,,,,,,,,,,,599.0,,,53.9,,,,,,,,,,,,189.0,297.786127437058,,,,,,,,,,,,,,,,,,,60.7500000000027,,,215.142615678571,,,,,,
1571,,56.4,66.0,43.4,,,,,,,,,,,,,,,,,,,,,,,,,,,,,,,767.0,,,172.5,,,,,,,,,,,,181.0,278.70225823566,,,,,,,,,,,,,,,,,,,60.7500000000027,,,228.765823713571,,,,,,
1570,,62.0,63.9,31.0,,,,,,,,,,,,,,,,,,,,,,,,,,,,,,,526.0,,,130.6,,,,,,,,,,,,206.0,171.711267330758,,,,,,,,,,,,,,,,,,,154.949999999994,,,296.976073378955,,,,,,
1569,,75.2,59.2,44.6,,,,,,,,,,,,,,,,,,,,,,,,,,,,,,,517.0,,,138.0,,,,,,,,,,,,185.0,213.87276261722,,,,,,,,,,,,,,,,,,,77.9999999999927,,,310.874388480838,,,,,,
1568,,53.6,73.5,76.1,,,,,,,,,,,,,,,,,,,,,,,,,,,,,,,918.0,,,107.2,,,,,,,,,,,,211.0,232.926498554191,,,,,,,,,,,,,,,,,,,58.4999999999945,,,338.249304512157,,,,,,
1567,,47.3,64.1,70.4,,,,,,,,,,,,,,,,,,,,,,,,,,,,,,,670.0,,,137.4,,,,,,,,,,,,231.0,290.111718007378,,,,,,,,,,,,,,,,,,,116.999999999989,,,162.507765302069,,,,,,
1566,,56.4,44.4,61.5,,,,,,,,,,,,,,,,,,,,,,,,,,,,,,,970.0,,,118.0,,,,,,,,,,,,221.0,171.688060335482,,,,,,,,,,,,,,,,,,,109.699999999998,,,284.641572317214,,,,,,
1565,,57.8,56.1,45.4,,,,,,,,,,,,,,,,,,,,,,,,,,,,,,,677.0,,,217.6,,,,,,,,,,,,307.0,220.098771002274,,,,,,,,,,,,,,,,,,,78.9999999999964,,,204.079333246311,,,,,,
1564,,67.5,60.3,44.2,,,,,,,,,,,,,,,,,,,,,,,,,,,,,,,579.0,,,126.7,,,,,,,,,,,,222.0,335.965990946074,,,,,,,,,,,,,,,,,,,39.4999999999982,,,394.872198092302,,,,,,
1563,,75.9,60.4,44.9,,,,,,,,,,,,,,,,,,,,,,,,,,,,,,,636.0,,,173.4,,,,,,,,,,,,155.0,181.980167767853,,,,,,,,,,,,,,,,,,,59.2499999999973,,,218.051781797081,,,,,,
1562,,59.8,62.0,43.0,,,,,,,,,,,,,,,,,,,,,,,,,,,,,,,645.0,,,94.1,,,,,,,,,,,,168.0,133.007210288342,,,,,,,,,,,,,,,,,,,106.649999999995,,,272.782666798211,,,,,,
1561,,72.4,62.1,51.5,,,,,,,,,,,,,,,,,,,,,,,,,,,,,,,789.0,,,128.0,,,,,,,,,,,,165.0,237.960509953968,,,,,,,,,,,,,,,,,,,59.2499999999973,,,341.264128383664,,,,,,
1560,,82.8,75.4,39.8,,,,,,,,,,,,,,,,,,,,,,,,,,,,,,,681.0,,,98.7,,,,,,,,,,,,231.0,280.147743360717,,,,,,,,,,,,,,,,,,,59.2499999999973,,,272.416326565394,,,,,,
1559,,73.9,81.9,31.9,,,,,,,,,,,,,,,,,,,,,,,,,,,,,,,647.0,,,162.4,,,,,,,,,,,,192.0,217.073805698802,,,,,,,,,,,,,,,,,,,138.249999999994,,,218.078415257291,,,,,,
1558,,67.9,62.5,30.0,,,,,,,,,,,,,,,,,,,,,,,,,,,,,,,707.0,,,224.0,,,,,,,,,,,,234.0,238.148071011222,,,,,,,,,,,,,,,,,,,39.4999999999982,,,190.905145504265,,,,,,
1557,,51.2,45.1,60.6,,,,,,,,,,,,,,,,,,,,,,,,,,,,,,,681.0,,,131.6,,,,,,,,,,,,201.0,223.792693119761,,,,,,,,,,,,,,,,,,,51.3499999999976,,,286.546821182638,,,,,,
1556,,57.6,52.0,66.4,,,,,,,,,,,,,,,,,,,,,,,,,,,,,,,883.0,,,126.7,,,,,,,,,,,,209.0,287.246506723513,,,,,,,,,,,,,,,,,,,106.649999999995,,,163.860526425758,,,,,,
1555,,76.1,50.6,35.2,,,,,,,,,,,,,,,,,,,,,,,,,,,,,,,759.0,,,187.3,,,,,,,,,,,,238.0,224.011724642293,,,,,,,,,,,,,,,,,,,140.0,,,286.916180141986,,,,,,
1554,,73.4,54.7,31.9,,,,,,,,,,,,,,,,,,,,,,,,,,,,,,,700.0,,,113.0,,,,,,,,,,,,225.0,182.171081410993,,,,,,,,,,,,,,,,,,,80.0,,,249.818318731935,,,,,,
1553,,55.1,57.4,37.2,,,,,,,,,,,,,,,,,,,,,,,,,,,,,,,751.0,,,149.3,,,,,,,,,,,,247.0,252.071987339781,,,,,,,,,,,,,,,,,,,40.0,,,263.898122650613,,,,,,
1552,,53.0,55.4,30.7,,,,,,,,,,,,,,,,,,,,,,,,,,,,,,,651.0,,,98.1,,,,,,,,,,,,225.0,245.316388032025,,,,,,,,,,,,,,,,,,,75.9999999999991,,,194.610053687246,,,,,,
1551,,66.5,53.4,31.4,,,,,,,,,,,,,,,,,,,,,,,,,,,,,,,726.0,,,137.8,,,,,,,,,,,,281.0,259.220768929535,,,,,,,,,,,,,,,,,,,115.999999999999,,,375.696785152119,,,,,,
1550,,66.6,66.6,39.9,,,,,,,,,,,,,,,,,,,,,,,,,,,,,,,679.0,,,126.5,,,,,,,,,,,,211.0,217.157573376716,,,,,,,,,,,,,,,,,,,88.0000000000018,,,292.572064883833,,,,,,
1549,,58.8,68.1,51.1,,,,,,,,,,,,,,,,,,,,,,,,,,,,,,,758.0,,,83.2,,,,,,,,,,,,222.0,287.242975375501,,,,,,,,,,,,,,,,,,,122.91999999999,,,342.354210859066,,,,,,
1548,,56.6,68.2,50.5,,,,,,,,,,,,,,,,,,,,,,,,,,,,,,,636.0,,,159.8,,,,,,,,,,,,199.0,224.293004796413,,,,,,,,,,,,,,,,,,,149.309999999987,,,164.459207742037,,,,,,
1547,,58.6,66.8,41.3,,,,,,,,,,,,,,,,,,,,,,,,,,,,,,,617.0,,,84.7,,,,,,,,,,,,195.0,259.379729116713,,,,,,,,,,,,,,,,,,,106.649999999991,,,315.461081871358,,,,,,
1546,,48.0,45.3,59.1,,,,,,,,,,,,,,,,,,,,,,,,,,,,,,,723.0,,,123.8,,,,,,,,,,,,208.0,244.696086977601,,,,,,,,,,,,,,,,,,,56.0899999999992,,,288.316695074917,,,,,,
1545,,55.6,46.7,55.8,,,,,,,,,,,,,,,,,,,,,,,,,,,,,,,573.0,,,109.5,,,,,,,,,,,,217.0,183.362054733643,,,,,,,,,,,,,,,,,,,78.9999999999964,,,219.904643935394,,,,,,
1544,,67.5,73.1,41.4,,,,,,,,,,,,,,,,,,,,,,,,,,,,,,,747.0,,,216.4,,,,,,,,,,,,255.0,217.9575916994,,,,,,,,,,,,,,,,,,,105.78,,,165.803577556231,,,,,,
1543,,48.5,71.8,53.9,,,,,,,,,,,,,,,,,,,,,,,,,,,,,,,630.0,,,104.8,,,,,,,,,,,,170.0,222.362078688648,,,,,,,,,,,,,,,,,,,60.7500000000027,,,193.598171485421,,,,,,
1542,,52.8,68.3,56.5,,,,,,,,,,,,,,,,,,,,,,,,,,,,,,,664.0,,,158.1,,,,,,,,,,,,242.0,260.061313799257,,,,,,,,,,,,,,,,,,,81.0000000000036,,,207.59888118767,,,,,,
1541,,64.9,58.5,41.4,,,,,,,,,,,,,,,,,,,,,,,,,,,,,,,706.0,,,128.1,,,,,,,,,,,,197.0,229.502656489433,,,,,,,,,,,,,,,,,,,40.5000000000018,,,138.477509648498,,,,,,
1540,,64.4,32.8,31.5,,,,,,,,,,,,,,,,,,,,,,,,,,,,,,,623.0,,,209.0,,,,,,,,,,,,127.0,206.55524028386,,,,,,,,,,,,,,,,,,,81.0000000000036,,,235.542934825926,,,,,,
1539,,70.1,42.6,49.3,,,,,,,,,,,,,,,,,,,,,,,,,,,,,,,560.0,,,87.8,,,,,,,,,,,,258.0,202.827781571514,,,,,,,,,,,,,,,,,,,104.8,,,291.23525461554,,,,,,
1538,,64.6,67.0,48.0,,,,,,,,,,,,,,,,,,,,,,,,,,,,,,,786.0,,,90.6,,,,,,,,,,,,163.0,241.044821702796,,,,,,,,,,,,,,,,,,,102.399999999998,,,180.398421962124,,,,,,
1537,,71.1,86.0,32.2,,,,,,,,,,,,,,,,,,,,,,,,,,,,,,,946.0,,,85.1,,,,,,,,,,,,206.0,229.494993723721,,,,,,,,,,,,,,,,,,,60.7500000000027,,,292.938447784437,,,,,,
1536,,74.0,66.5,30.2,,,,,,,,,,,,,,,,,,,,,,,,,,,,,,,656.0,,,127.2,,,,,,,,,,,,338.0,245.119834860398,,,,,,,,,,,,,,,,,,,101.250000000005,,,321.164787706643,,,,,,
1535,,49.8,57.4,33.5,,,,,,,,,,,,,,,,,,,,,,,,,,,,,,,785.0,,,117.3,,,,,,,,,,,,245.0,290.725120833038,,,,,,,,,,,,,,,,,,,60.7500000000027,,,265.528434424201,,,,,,
1534,,54.1,62.3,40.0,,,,,,,,,,,,,,,,,,,,,,,,,,,,,,,667.0,,,66.4,,,,,,,,,,,,177.0,298.646956327425,,,,,,,,,,,,,,,,,,,40.5000000000018,,,209.788883441247,,,,,,
1533,,61.3,45.5,40.7,,,,,,,,,,,,,,,,,,,,,,,,,,,,,,,692.0,,,190.6,,,,,,,,,,,,194.0,191.39986024863,,,,,,,,,,,,,,,,,,,89.1000000000031,,,195.935099757209,,,,,,
1532,,58.5,44.8,38.7,,,,,,,,,,,,,,,,,,,,,,,,,,,,,,,676.0,,,55.4,,,,,,,,,,,,237.0,226.088708943702,,,,,,,,,,,,,,,,,,,72.8999999999996,,,222.128677270086,,,,,,
1531,,72.8,74.1,36.7,,,,,,,,,,,,,,,,,,,,,,,,,,,,,,,716.0,,,107.8,,,,,,,,,,,,212.0,214.414755300019,,,,,,,,,,,,,,,,,,,101.250000000005,,,250.084629083322,,,,,,
1530,,70.8,81.7,40.0,,,,,,,,,,,,,,,,,,,,,,,,,,,,,,,611.0,,,94.6,,,,,,,,,,,,241.0,229.953889270931,,,,,,,,,,,,,,,,,,,80.4999999999973,,,250.229752076066,,,,,,
1529,,53.0,58.0,36.7,,,,,,,,,,,,,,,,,,,,,,,,,,,,,,,653.0,,,119.1,,,,,,,,,,,,167.0,201.286383347096,,,,,,,,,,,,,,,,,,,94.8000000000002,,,236.544135641641,,,,,,
1528,,53.0,48.9,36.1,,,,,,,,,,,,,,,,,,,,,,,,,,,,,,,771.0,,,45.5,,,,,,,,,,,,219.0,256.678270313797,,,,,,,,,,,,,,,,,,,60.0,,,264.631088779513,,,,,,
1527,,57.4,58.0,56.5,,,,,,,,,,,,,,,,,,,,,,,,,,,,,,,768.0,,,103.1,,,,,,,,,,,,217.0,191.52847943018,,,,,,,,,,,,,,,,,,,40.0,,,250.912797701938,,,,,,
1526,,73.9,68.5,60.5,,,,,,,,,,,,,,,,,,,,,,,,,,,,,,,588.0,,,137.3,,,,,,,,,,,,217.0,222.380758623111,,,,,,,,,,,,,,,,,,,120.0,,,380.109788190423,,,,,,
1525,,71.8,60.2,46.8,,,,,,,,,,,,,,,,,,,,,,,,,,,,,,,989.0,,,113.6,,,,,,,,,,,,169.0,268.268160593523,,,,,,,,,,,,,,,,,,,175.999999999999,,,211.348624502998,,,,,,
1524,,48.8,42.0,36.3,,,,,,,,,,,,,,,,,,,,,,,,,,,,,,,567.0,,,123.8,,,,,,,,,,,,223.0,195.52413709225,,,,,,,,,,,,,,,,,,,41.0000000000036,,,197.384316000387,,,,,,
1523,,61.0,63.7,27.7,,,,,,,,,,,,,,,,,,,,,,,,,,,,,,,835.0,,,98.0,,,,,,,,,,,,228.0,187.897180506658,,,,,,,,,,,,,,,,,,,41.0000000000036,,,225.745712676856,,,,,,
1522,,61.0,76.4,35.6,,,,,,,,,,,,,,,,,,,,,,,,,,,,,,,613.0,,,101.2,,,,,,,,,,,,241.0,268.62026350679,,,,,,,,,,,,,,,,,,,82.0000000000027,,,254.186203428054,,,,,,
1521,,69.0,55.5,37.0,,,,,,,,,,,,,,,,,,,,,,,,,,,,,,,604.0,,,66.1,,,,,,,,,,,,180.0,210.961094310479,,,,,,,,,,,,,,,,,,,81.0000000000036,,,211.194062564791,,,,,,
1520,,82.0,41.5,48.2,,,,,,,,,,,,,,,,,,,,,,,,,,,,,,,698.0,,,85.2,,,,,,,,,,,,,218.763688265034,,,,,,,,,,,,,,,,,,,40.5000000000018,,,197.249248032775,,,,,,
1519,,68.4,35.9,65.4,,,,,,,,,,,,,,,,,,,,,,,,,,,,,,,501.0,,,164.6,,,,,,,,,,,,,244.789507122258,,,,,,,,,,,,,,,,,,,40.5000000000018,,,211.500854301548,,,,,,
1518,,75.7,33.1,62.1,,,,,,,,,,,,,,,,,,,,,,,,,,,,,,,587.0,,,70.8,,,,,,,,,,,,,210.984162290702,,,,,,,,,,,,,,,,,,,89.1000000000031,,,254.06026289153,,,,,,
1517,,78.7,41.6,59.5,,,,,,,,,,,,,,,,,,,,,,,,,,,,,,,604.0,,,112.3,,,,,,,,,,,,,303.350963007272,,,,,,,,,,,,,,,,,,,102.5,,,141.2505838298,,,,,,
1516,,73.1,44.4,62.2,,,,,,,,,,,,,,,,,,,,,,,,,,,,,,,701.0,,,169.3,,,,,,,,,,,,,199.920423413978,,,,,,,,,,,,,,,,,,,100.0,,,282.676266889109,,,,,,
1515,,65.2,35.2,48.3,,,,,,,,,,,,,,,,,,,,,,,,,,,,,,,666.0,,,118.8,,,,,,,,,,,,,188.096881399905,,,,,,,,,,,,,,,,,,,118.7,,,183.890181621074,,,,,,
1514,,55.0,49.3,44.4,,,,,,,,,,,,,,,,,,,,,,,,,,,,,,,640.0,,,70.7,,,,,,,,,,,,,237.554116499221,,,,,,,,,,,,,,,,,,,100.0,,,296.469179968054,,,,,,
1513,,50.7,72.6,46.4,,,,,,,,,,,,,,,,,,,,,,,,,,,,,,,713.0,,,116.0,,,,,,,,,,,,,254.247510340353,,,,,,,,,,,,,,,,,,,40.5000000000018,,,211.960143627606,,,,,,
1512,,67.4,57.0,39.1,,,,,,,,,,,,,,,,,,,,,,,,,,,,,,,952.0,,,178.2,,,,,,,,,,,,,201.762057723544,,,,,,,,,,,,,,,,,,,60.7500000000027,,,367.721403926022,,,,,,
1511,,77.5,43.7,43.1,,,,,,,,,,,,,,,,,,,,,,,,,,,,,,,538.0,,,89.2,,,,,,,,,,,,,191.924279729147,,,,,,,,,,,,,,,,,,,60.7500000000027,,,353.991573420924,,,,,,
1510,,84.8,60.6,35.2,,,,,,,,,,,,,,,,,,,,,,,,,,,,,,,485.0,,,92.6,,,,,,,,,,,,,234.537182765318,,,,,,,,,,,,,,,,,,,40.5000000000018,,,368.660529135089,,,,,,
1509,,106.5,56.4,24.6,,,,,,,,,,,,,,,,,,,,,,,,,,,,,,,645.0,,,157.2,,,,,,,,,,,,,237.774235610014,,,,,,,,,,,,,,,,,,,60.7500000000027,,,255.625593080946,,,,,,
1508,,94.1,60.6,21.3,,,,,,,,,,,,,,,,,,,,,,,,,,,,,,,710.0,,,140.1,,,,,,,,,,,,,222.7558289452,,,,,,,,,,,,,,,,,,,60.7500000000027,,,227.421619046059,,,,,,
1507,,76.7,67.8,24.6,,,,,,,,,,,,,,,,,,,,,,,,,,,,,,,669.0,,,162.4,,,,,,,,,,,,,216.110721506533,,,,,,,,,,,,,,,,,,,72.8999999999996,,,298.794906756044,,,,,,
1506,,74.5,58.7,38.5,,,,,,,,,,,,,,,,,,,,,,,,,,,,,,,887.0,,,101.1,,,,,,,,,,,,,239.10270671896,,,,,,,,,,,,,,,,,,,101.250000000005,,,170.948556714297,,,,,,
1505,,72.3,57.3,39.2,,,,,,,,,,,,,,,,,,,,,,,,,,,,,,,794.0,,,107.8,,,,,,,,,,,,,173.766993912986,,,,,,,,,,,,,,,,,,,40.5000000000018,,,285.188598556067,,,,,,
1504,,52.1,55.9,42.6,,,,,,,,,,,,,,,,,,,,,,,,,,,,,,,741.0,,,134.1,,,,,,,,,,,,,153.9243326094,,,,,,,,,,,,,,,,,,,68.8500000000022,,,256.689863535403,,,,,,
1503,,47.7,59.5,35.9,,,,,,,,,,,,,,,,,,,,,,,,,,,,,,,724.0,,,150.2,,,,,,,,,,,,,157.236975405011,,,,,,,,,,,,,,,,,,,61.0000000000036,,,214.045742057109,,,,,,
1502,,101.3,84.3,16.0,,,,,,,,,,,,,,,,,,,,,,,,,,,,,,,716.0,,,183.4,,,,,,,,,,,,,285.273136035559,,,,,,,,,,,,,,,,,,,41.0000000000036,,,214.185359116112,,,,,,
1501,,109.2,71.5,24.0,,,,,,,,,,,,,,,,,,,,,,,,,,,,,,,733.0,,,119.3,,,,,,,,,,,,,243.387504523711,,,,,,,,,,,,,,,,,,,61.5000000000055,,,257.246783427316,,,,,,
1500,,62.3,60.9,40.6,,,,,,,,,,,,,,,,,,,,,,,,,,,,,,,663.0,,,119.6,,,,,,,,,,,,,174.004714994922,,,,,,,,,,,,,,,,,,,61.5000000000055,,,257.441042503746,,,,,,
1499,,53.6,77.8,40.6,,,,,,,,,,,,,,,,,,,,,,,,,,,,,,,516.0,,,126.1,,,,,,,,,,,,,207.497423988713,,,,,,,,,,,,,,,,,,,123.000000000011,,,314.86313785765,,,,,,
1498,,71.7,58.0,44.6,,,,,,,,,,,,,,,,,,,,,,,,,,,,,,,673.0,,,103.4,,,,,,,,,,,,,257.995204796213,,,,,,,,,,,,,,,,,,,41.0000000000036,,,258.922596253646,,,,,,
1497,,59.4,59.5,40.7,,,,,,,,,,,,,,,,,,,,,,,,,,,,,,,685.0,,,115.3,,,,,,,,,,,,,188.183358032212,,,,,,,,,,,,,,,,,,,66.0999999999967,,,302.295994088569,,,,,,
1496,,51.5,75.1,30.7,,,,,,,,,,,,,,,,,,,,,,,,,,,,,,,745.0,,,63.1,,,,,,,,,,,,,254.685200296864,,,,,,,,,,,,,,,,,,,82.9999999999927,,,432.368236236132,,,,,,
1495,,79.1,58.8,38.0,,,,,,,,,,,,,,,,,,,,,,,,,,,,,,,568.0,,,101.0,,,,,,,,,,,,,246.236682519772,,,,,,,,,,,,,,,,,,,41.4999999999964,,,245.30285012185,,,,,,
1494,,90.1,52.5,46.1,,,,,,,,,,,,,,,,,,,,,,,,,,,,,,,720.0,,,89.1,,,,,,,,,,,,,192.382654268472,,,,,,,,,,,,,,,,,,,62.2499999999945,,,274.521237595186,,,,,,
1493,,73.4,61.0,62.8,,,,,,,,,,,,,,,,,,,,,,,,,,,,,,,789.0,,,111.2,,,,,,,,,,,,,247.419103828771,,,,,,,,,,,,,,,,,,,41.4999999999964,,,216.955354524181,,,,,,
1492,,78.6,68.2,54.1,,,,,,,,,,,,,,,,,,,,,,,,,,,,,,,721.0,,,84.6,,,,,,,,,,,,,241.863683098883,,,,,,,,,,,,,,,,,,,84.9000000000024,,,217.145945654493,,,,,,
1491,,78.6,64.7,33.4,,,,,,,,,,,,,,,,,,,,,,,,,,,,,,,747.0,,,69.2,,,,,,,,,,,,,219.995990505842,,,,,,,,,,,,,,,,,,,80.0,,,260.856480817586,,,,,,
1490,,68.5,59.1,40.2,,,,,,,,,,,,,,,,,,,,,,,,,,,,,,,588.0,,,71.4,,,,,,,,,,,,,273.570305115329,,,,,,,,,,,,,,,,,,,60.0,,,261.081653723071,,,,,,
1489,,59.0,50.7,61.0,,,,,,,,,,,,,,,,,,,,,,,,,,,,,,,671.0,,,92.2,,,,,,,,,,,,,212.571229627599,,,,,,,,,,,,,,,,,,,80.0,,,246.779824234909,,,,,,
1488,,45.2,37.1,53.0,,,,,,,,,,,,,,,,,,,,,,,,,,,,,,,608.0,,,79.2,,,,,,,,,,,,,277.073803671431,,,,,,,,,,,,,,,,,,,40.0,,,261.842461410186,,,,,,
1487,,72.1,49.3,29.5,,,,,,,,,,,,,,,,,,,,,,,,,,,,,,,687.0,,,99.3,,,,,,,,,,,,,305.668933080655,,,,,,,,,,,,,,,,,,,128.000000000002,,,276.62196384933,,,,,,
1486,,89.6,63.7,39.6,,,,,,,,,,,,,,,,,,,,,,,,,,,,,,,573.0,,,127.7,,,,,,,,,,,,,236.633421349436,,,,,,,,,,,,,,,,,,,60.7499999999891,,,335.157131022096,,,,,,
1485,,55.4,50.8,43.0,,,,,,,,,,,,,,,,,,,,,,,,,,,,,,,811.0,,,70.9,,,,,,,,,,,,,351.673169929644,,,,,,,,,,,,,,,,,,,60.7499999999891,,,350.092294725531,,,,,,
1484,,57.6,50.1,45.7,,,,,,,,,,,,,,,,,,,,,,,,,,,,,,,829.0,,,131.1,,,,,,,,,,,,,254.271343936465,,,,,,,,,,,,,,,,,,,101.249999999982,,,219.003700166102,,,,,,
1483,,72.9,66.6,39.7,,,,,,,,,,,,,,,,,,,,,,,,,,,,,,,645.0,,,85.9,,,,,,,,,,,,,208.42089456844,,,,,,,,,,,,,,,,,,,40.4999999999927,,,233.071875017459,,,,,,
1482,,57.6,78.1,31.0,,,,,,,,,,,,,,,,,,,,,,,,,,,,,,,672.0,,,98.2,,,,,,,,,,,,,197.326678557306,,,,,,,,,,,,,,,,,,,125.549999999994,,,131.164070288313,,,,,,
1481,,86.1,66.0,30.3,,,,,,,,,,,,,,,,,,,,,,,,,,,,,,,568.0,,,114.8,,,,,,,,,,,,,316.844125070523,,,,,,,,,,,,,,,,,,,40.5000000000018,,,204.129834639621,,,,,,
1480,,92.0,66.0,29.7,,,,,,,,,,,,,,,,,,,,,,,,,,,,,,,504.0,,,196.2,,,,,,,,,,,,,264.376281663655,,,,,,,,,,,,,,,,,,,97.1999999999844,,,175.079754476074,,,,,,
1479,,63.6,74.1,38.4,,,,,,,,,,,,,,,,,,,,,,,,,,,,,,,611.0,,,97.9,,,,,,,,,,,,,228.323781434863,,,,,,,,,,,,,,,,,,,40.4999999999927,,,365.226060546581,,,,,,
1478,,63.7,52.6,31.0,,,,,,,,,,,,,,,,,,,,,,,,,,,,,,,788.0,,,96.5,,,,,,,,,,,,,235.782493767499,,,,,,,,,,,,,,,,,,,40.4999999999927,,,248.638453750226,,,,,,
1477,,66.7,49.8,33.7,,,,,,,,,,,,,,,,,,,,,,,,,,,,,,,744.0,,,72.3,,,,,,,,,,,,,200.912055151178,,,,,,,,,,,,,,,,,,,40.4999999999927,,,234.191859695359,,,,,,
1476,,58.0,72.9,43.9,,,,,,,,,,,,,,,,,,,,,,,,,,,,,,,808.0,,,63.9,,,,,,,,,,,,,181.074844712633,,,,,,,,,,,,,,,,,,,40.4999999999927,,,264.291756487392,,,,,,
1475,,57.3,70.9,43.9,,,,,,,,,,,,,,,,,,,,,,,,,,,,,,,745.0,,,223.4,,,,,,,,,,,,,212.904017555781,,,,,,,,,,,,,,,,,,,40.4999999999927,,,337.991929743781,,,,,,
1474,,58.8,59.3,51.3,,,,,,,,,,,,,,,,,,,,,,,,,,,,,,,871.0,,,31.6,,,,,,,,,,,,,138.473901805657,,,,,,,,,,,,,,,,,,,101.249999999982,,,191.219245324724,,,,,,
1473,,56.6,60.0,47.3,,,,,,,,,,,,,,,,,,,,,,,,,,,,,,,678.0,,,126.1,,,,,,,,,,,,,162.371278394789,,,,,,,,,,,,,,,,,,,52.6499999999942,,,176.642491835182,,,,,,
1472,,58.9,53.4,42.6,,,,,,,,,,,,,,,,,,,,,,,,,,,,,,,552.0,,,133.6,,,,,,,,,,,,,223.916702225785,,,,,,,,,,,,,,,,,,,41.4999999999964,,,265.164074445837,,,,,,
1471,,72.1,54.1,42.6,,,,,,,,,,,,,,,,,,,,,,,,,,,,,,,677.0,,,112.8,,,,,,,,,,,,,190.119848829044,,,,,,,,,,,,,,,,,,,62.2499999999945,,,221.123345693673,,,,,,
1470,,65.5,57.7,31.8,,,,,,,,,,,,,,,,,,,,,,,,,,,,,,,756.0,,,101.0,,,,,,,,,,,,,201.087143805166,,,,,,,,,,,,,,,,,,,41.4999999999964,,,426.909610281729,,,,,,
1469,,53.0,59.8,44.7,,,,,,,,,,,,,,,,,,,,,,,,,,,,,,,838.0,,,156.5,,,,,,,,,,,,,216.276449823932,,,,,,,,,,,,,,,,,,,62.2499999999945,,,221.039125054922,,,,,,
1468,,55.2,60.5,58.2,,,,,,,,,,,,,,,,,,,,,,,,,,,,,,,652.0,,,98.0,,,,,,,,,,,,,268.230828844993,,,,,,,,,,,,,,,,,,,41.4999999999964,,,280.262252525519,,,,,,
1467,,50.8,66.3,40.6,,,,,,,,,,,,,,,,,,,,,,,,,,,,,,,696.0,,,170.5,,,,,,,,,,,,,193.3450249557,,,,,,,,,,,,,,,,,,,41.4999999999964,,,251.064361762378,,,,,,
1466,,65.6,59.2,28.5,,,,,,,,,,,,,,,,,,,,,,,,,,,,,,,643.0,,,114.1,,,,,,,,,,,,,294.434603300198,,,,,,,,,,,,,,,,,,,74.4499999999971,,,192.137894115558,,,,,,
1465,,73.7,45.5,29.1,,,,,,,,,,,,,,,,,,,,,,,,,,,,,,,512.0,,,133.8,,,,,,,,,,,,,169.393624860629,,,,,,,,,,,,,,,,,,,41.0000000000036,,,221.81357300552,,,,,,
1464,,49.4,39.8,30.5,,,,,,,,,,,,,,,,,,,,,,,,,,,,,,,617.0,,,115.1,,,,,,,,,,,,,293.419267295797,,,,,,,,,,,,,,,,,,,61.5000000000055,,,295.970756571448,,,,,,
1463,,50.9,28.2,54.3,,,,,,,,,,,,,,,,,,,,,,,,,,,,,,,563.0,,,111.4,,,,,,,,,,,,,224.424200896871,,,,,,,,,,,,,,,,,,,61.5000000000055,,,222.144809528755,,,,,,
1462,,76.0,45.6,53.0,,,,,,,,,,,,,,,,,,,,,,,,,,,,,,,466.0,,,92.2,,,,,,,,,,,,,217.721686688619,,,,,,,,,,,,,,,,,,,61.5000000000055,,,177.821930285871,,,,,,
1461,,70.1,73.9,45.5,,,,,,,,,,,,,,,,,,,,,,,,,,,,,,,626.0,,,130.2,,,,,,,,,,,,,250.830095157573,,,,,,,,,,,,,,,,,,,82.0000000000073,,,177.90126049737,,,,,,
1460,,42.1,72.5,46.9,,,,,,,,,,,,,,,,,,,,,,,,,,,,,,,727.0,,,167.0,,,,,,,,,,,,,251.876766656177,,,,,,,,,,,,,,,,,,,61.5000000000055,,,148.322979210473,,,,,,
1459,,62.8,70.4,38.1,,,,,,,,,,,,,,,,,,,,,,,,,,,,,,,681.0,,,97.0,,,,,,,,,,,,,182.623483816042,,,,,,,,,,,,,,,,,,,57.4000000000069,,,252.299369182984,,,,,,
1458,,82.0,70.4,32.0,,,,,,,,,,,,,,,,,,,,,,,,,,,,,,,683.0,,,146.3,,,,,,,,,,,,,224.486863829292,,,,,,,,,,,,,,,,,,,61.5000000000055,,,237.607796614113,,,,,,
1457,,76.2,56.7,26.6,,,,,,,,,,,,,,,,,,,,,,,,,,,,,,,565.0,,,225.9,,,,,,,,,,,,,198.061369251973,,,,,,,,,,,,,,,,,,,82.0000000000073,,,252.663832911918,,,,,,
1456,,74.0,64.0,40.9,,,,,,,,,,,,,,,,,,,,,,,,,,,,,,,604.0,,,116.8,,,,,,,,,,,,,156.433989882181,,,,,,,,,,,,,,,,,,,61.5000000000055,,,282.667286105322,,,,,,
1455,,66.0,65.5,43.6,,,,,,,,,,,,,,,,,,,,,,,,,,,,,,,657.0,,,117.1,,,,,,,,,,,,,302.751256840573,,,,,,,,,,,,,,,,,,,82.0000000000073,,,357.422871131727,,,,,,
1454,,76.5,57.6,42.3,,,,,,,,,,,,,,,,,,,,,,,,,,,,,,,620.0,,,159.1,,,,,,,,,,,,,244.336983250199,,,,,,,,,,,,,,,,,,,49.2399999999998,,,342.931392622196,,,,,,
1453,,59.5,57.7,52.5,,,,,,,,,,,,,,,,,,,,,,,,,,,,,,,720.0,,,116.7,,,,,,,,,,,,,149.759982362701,,,,,,,,,,,,,,,,,,,41.0800000000017,,,313.601981231929,,,,,,
1452,,46.2,51.2,50.5,,,,,,,,,,,,,,,,,,,,,,,,,,,,,,,714.0,,,122.7,,,,,,,,,,,,,243.48956786753,,,,,,,,,,,,,,,,,,,102.700000000004,,,403.772644766068,,,,,,
1451,,51.4,52.0,41.7,,,,,,,,,,,,,,,,,,,,,,,,,,,,,,,583.0,,,196.1,,,,,,,,,,,,,187.34766687489,,,,,,,,,,,,,,,,,,,102.700000000004,,,239.545900304769,,,,,,
1450,,44.7,50.6,41.0,,,,,,,,,,,,,,,,,,,,,,,,,,,,,,,677.0,,,132.6,,,,,,,,,,,,,264.095355911674,,,,,,,,,,,,,,,,,,,61.6200000000026,,,224.780394619314,,,,,,
1449,,44.0,52.0,42.4,,,,,,,,,,,,,,,,,,,,,,,,,,,,,,,604.0,,,117.2,,,,,,,,,,,,,186.292158549895,,,,,,,,,,,,,,,,,,,82.1600000000035,,,300.066966174277,,,,,,
1448,,50.8,60.8,40.3,,,,,,,,,,,,,,,,,,,,,,,,,,,,,,,795.0,,,73.4,,,,,,,,,,,,,275.348380294954,,,,,,,,,,,,,,,,,,,61.6200000000026,,,270.371638136559,,,,,,
1447,,65.8,52.0,38.3,,,,,,,,,,,,,,,,,,,,,,,,,,,,,,,833.0,,,141.8,,,,,,,,,,,,,158.844608405064,,,,,,,,,,,,,,,,,,,41.0800000000017,,,225.509989121648,,,,,,
1446,,72.6,58.5,40.4,,,,,,,,,,,,,,,,,,,,,,,,,,,,,,,542.0,,,154.8,,,,,,,,,,,,,287.510243738866,,,,,,,,,,,,,,,,,,,41.0800000000017,,,225.682364290086,,,,,,
1445,,61.4,60.7,38.3,,,,,,,,,,,,,,,,,,,,,,,,,,,,,,,634.0,,,87.7,,,,,,,,,,,,,155.663189706801,,,,,,,,,,,,,,,,,,,41.0800000000017,,,240.898307262893,,,,,,
1444,,74.8,62.8,35.6,,,,,,,,,,,,,,,,,,,,,,,,,,,,,,,684.0,,,165.1,,,,,,,,,,,,,166.257473560741,,,,,,,,,,,,,,,,,,,52.9880000000048,,,226.093350984547,,,,,,
1443,,84.4,83.2,41.1,,,,,,,,,,,,,,,,,,,,,,,,,,,,,,,733.0,,,112.6,,,,,,,,,,,,,260.200402704979,,,,,,,,,,,,,,,,,,,32.0319999999992,,,256.41714458687,,,,,,
1442,,78.3,71.5,65.8,,,,,,,,,,,,,,,,,,,,,,,,,,,,,,,594.0,,,141.8,,,,,,,,,,,,,229.397035861013,,,,,,,,,,,,,,,,,,,32.0319999999992,,,150.909016281218,,,,,,
1441,,60.3,65.7,63.8,,,,,,,,,,,,,,,,,,,,,,,,,,,,,,,663.0,,,99.0,,,,,,,,,,,,,314.21302472619,,,,,,,,,,,,,,,,,,,48.0479999999989,,,226.468405054753,,,,,,
1440,,40.9,74.5,41.2,,,,,,,,,,,,,,,,,,,,,,,,,,,,,,,607.0,,,138.6,,,,,,,,,,,,,291.384267685038,,,,,,,,,,,,,,,,,,,48.0479999999989,,,211.528432353762,,,,,,
1439,,57.1,71.6,36.4,,,,,,,,,,,,,,,,,,,,,,,,,,,,,,,572.0,,,170.9,,,,,,,,,,,,,153.273785378826,,,,,,,,,,,,,,,,,,,64.0639999999985,,,378.180277533137,,,,,,
1438,,59.4,73.1,41.3,,,,,,,,,,,,,,,,,,,,,,,,,,,,,,,684.0,,,96.9,,,,,,,,,,,,,179.003825750205,,,,,,,,,,,,,,,,,,,112.111999999997,,,211.986631390599,,,,,,
1437,,58.0,64.4,37.9,,,,,,,,,,,,,,,,,,,,,,,,,,,,,,,504.0,,,223.1,,,,,,,,,,,,,248.114725656538,,,,,,,,,,,,,,,,,,,60.0600000000122,,,151.487047590326,,,,,,
1436,,73.0,52.7,44.8,,,,,,,,,,,,,,,,,,,,,,,,,,,,,,,423.0,,,103.5,,,,,,,,,,,,,178.745269085654,,,,,,,,,,,,,,,,,,,48.048000000008,,,272.915577096521,,,,,,
1435,,66.4,52.0,58.0,,,,,,,,,,,,,,,,,,,,,,,,,,,,,,,556.0,,,104.7,,,,,,,,,,,,,288.1296713277,,,,,,,,,,,,,,,,,,,89.6480000000065,,,212.434487794855,,,,,,
1434,,42.6,51.3,53.9,,,,,,,,,,,,,,,,,,,,,,,,,,,,,,,455.0,,,146.4,,,,,,,,,,,,,205.432667113539,,,,,,,,,,,,,,,,,,,82.1600000000035,,,334.152903454996,,,,,,
1433,,45.6,65.2,57.4,,,,,,,,,,,,,,,,,,,,,,,,,,,,,,,746.0,,,86.5,,,,,,,,,,,,,283.670294942704,,,,,,,,,,,,,,,,,,,41.0800000000017,,,212.838754492404,,,,,,
1432,,63.6,69.7,40.1,,,,,,,,,,,,,,,,,,,,,,,,,,,,,,,693.0,,,80.1,,,,,,,,,,,,,217.602962620041,,,,,,,,,,,,,,,,,,,102.700000000004,,,197.768309448513,,,,,,
1431,,50.9,67.6,27.7,,,,,,,,,,,,,,,,,,,,,,,,,,,,,,,656.0,,,101.5,,,,,,,,,,,,,152.418335013567,,,,,,,,,,,,,,,,,,,139.67200000001,,,350.191292743954,,,,,,
1430,,49.4,58.9,38.7,,,,,,,,,,,,,,,,,,,,,,,,,,,,,,,703.0,,,55.2,,,,,,,,,,,,,229.559805023755,,,,,,,,,,,,,,,,,,,102.700000000004,,,289.553291682171,,,,,,
1429,,74.1,38.3,46.4,,,,,,,,,,,,,,,,,,,,,,,,,,,,,,,751.0,,,128.7,,,,,,,,,,,,,205.558610104807,,,,,,,,,,,,,,,,,,,82.1600000000035,,,259.283075505307,,,,,,
1428,,76.4,38.4,46.4,,,,,,,,,,,,,,,,,,,,,,,,,,,,,,,421.0,,,91.3,,,,,,,,,,,,,260.718012417592,,,,,,,,,,,,,,,,,,,61.6200000000026,,,427.688765029515,,,,,,
1427,,83.1,50.2,36.0,,,,,,,,,,,,,,,,,,,,,,,,,,,,,,,914.0,,,144.5,,,,,,,,,,,,,265.200784536146,,,,,,,,,,,,,,,,,,,61.6200000000026,,,229.374417857779,,,,,,
1426,,71.9,50.3,27.7,,,,,,,,,,,,,,,,,,,,,,,,,,,,,,,696.0,,,62.3,,,,,,,,,,,,,190.188950069232,,,,,,,,,,,,,,,,,,,45.1879999999983,,,306.135515737595,,,,,,
1425,,54.7,62.2,35.3,,,,,,,,,,,,,,,,,,,,,,,,,,,,,,,678.0,,,105.6,,,,,,,,,,,,,214.352023325684,,,,,,,,,,,,,,,,,,,41.0800000000017,,,383.169508009772,,,,,,
1424,,70.4,58.6,51.3,,,,,,,,,,,,,,,,,,,,,,,,,,,,,,,697.0,,,139.0,,,,,,,,,,,,,299.448952688041,,,,,,,,,,,,,,,,,,,41.0800000000017,,,306.894159662168,,,,,,
1423,,62.1,40.1,45.1,,,,,,,,,,,,,,,,,,,,,,,,,,,,,,,880.0,,,124.3,,,,,,,,,,,,,265.343682724195,,,,,,,,,,,,,,,,,,,82.1600000000035,,,184.354981316865,,,,,,
1422,,56.1,60.1,34.7,,,,,,,,,,,,,,,,,,,,,,,,,,,,,,,643.0,,,149.7,,,,,,,,,,,,,171.493379795881,,,,,,,,,,,,,,,,,,,103.999999999996,,,246.071605348609,,,,,,
1421,,59.1,61.0,45.2,,,,,,,,,,,,,,,,,,,,,,,,,,,,,,,513.0,,,137.9,,,,,,,,,,,,,279.759154221361,,,,,,,,,,,,,,,,,,,62.3999999999978,,,184.693666363597,,,,,,
1420,,60.0,35.7,51.4,,,,,,,,,,,,,,,,,,,,,,,,,,,,,,,535.0,,,123.3,,,,,,,,,,,,,167.89588976009,,,,,,,,,,,,,,,,,,,103.999999999996,,,261.844143163611,,,,,,
1419,,61.6,60.3,52.2,,,,,,,,,,,,,,,,,,,,,,,,,,,,,,,708.0,,,135.6,,,,,,,,,,,,,248.990540619643,,,,,,,,,,,,,,,,,,,166.399999999994,,,184.976046952374,,,,,,
1418,,52.7,88.7,54.3,,,,,,,,,,,,,,,,,,,,,,,,,,,,,,,617.0,,,191.1,,,,,,,,,,,,,222.330518089143,,,,,,,,,,,,,,,,,,,41.5999999999985,,,231.367379018031,,,,,,
1417,,64.8,70.0,53.6,,,,,,,,,,,,,,,,,,,,,,,,,,,,,,,598.0,,,94.1,,,,,,,,,,,,,230.143256780895,,,,,,,,,,,,,,,,,,,83.1999999999971,,,231.530157786997,,,,,,
1416,,75.6,43.2,52.3,,,,,,,,,,,,,,,,,,,,,,,,,,,,,,,737.0,,,138.8,,,,,,,,,,,,,346.381795402578,,,,,,,,,,,,,,,,,,,62.3999999999978,,,185.334596873847,,,,,,
1415,,66.7,49.8,46.0,,,,,,,,,,,,,,,,,,,,,,,,,,,,,,,617.0,,,104.8,,,,,,,,,,,,,163.555092500419,,,,,,,,,,,,,,,,,,,83.1999999999971,,,278.166004346603,,,,,,
1414,,62.9,62.5,34.9,,,,,,,,,,,,,,,,,,,,,,,,,,,,,,,572.0,,,179.2,,,,,,,,,,,,,288.911015715243,,,,,,,,,,,,,,,,,,,83.1999999999971,,,324.882987071713,,,,,,
1413,,63.7,54.3,25.8,,,,,,,,,,,,,,,,,,,,,,,,,,,,,,,655.0,,,189.8,,,,,,,,,,,,,165.01038182211,,,,,,,,,,,,,,,,,,,79.0399999999954,,,232.259692760504,,,,,,
1412,,67.5,49.0,24.4,,,,,,,,,,,,,,,,,,,,,,,,,,,,,,,972.0,,,110.9,,,,,,,,,,,,,236.764934720235,,,,,,,,,,,,,,,,,,,62.3999999999978,,,247.939723299609,,,,,,
1411,,78.9,49.8,28.6,,,,,,,,,,,,,,,,,,,,,,,,,,,,,,,712.0,,,83.7,,,,,,,,,,,,,273.631902499267,,,,,,,,,,,,,,,,,,,41.5999999999985,,,217.098386389638,,,,,,
1410,,78.9,55.0,37.7,,,,,,,,,,,,,,,,,,,,,,,,,,,,,,,674.0,,,126.7,,,,,,,,,,,,,202.719266907703,,,,,,,,,,,,,,,,,,,87.3599999999988,,,434.5370601172,,,,,,
1409,,62.9,59.4,43.3,,,,,,,,,,,,,,,,,,,,,,,,,,,,,,,945.0,,,74.0,,,,,,,,,,,,,237.966495651373,,,,,,,,,,,,,,,,,,,99.8399999999947,,,372.965690272139,,,,,,
1408,,55.3,50.5,37.0,,,,,,,,,,,,,,,,,,,,,,,,,,,,,,,756.0,,,96.6,,,,,,,,,,,,,264.824045190738,,,,,,,,,,,,,,,,,,,62.3999999999978,,,280.028478095594,,,,,,
1407,,67.4,54.2,41.8,,,,,,,,,,,,,,,,,,,,,,,,,,,,,,,717.0,,,151.8,,,,,,,,,,,,,245.824882620827,,,,,,,,,,,,,,,,,,,103.999999999996,,,280.457251740412,,,,,,
1406,,67.3,53.4,47.4,,,,,,,,,,,,,,,,,,,,,,,,,,,,,,,872.0,,,171.8,,,,,,,,,,,,,269.349929838884,,,,,,,,,,,,,,,,,,,41.5999999999985,,,233.990515278039,,,,,,
1405,,54.4,51.2,41.1,,,,,,,,,,,,,,,,,,,,,,,,,,,,,,,612.0,,,152.3,,,,,,,,,,,,,273.641495892881,,,,,,,,,,,,,,,,,,,137.280000000001,,,234.165785100446,,,,,,
1404,,53.6,71.2,52.8,,,,,,,,,,,,,,,,,,,,,,,,,,,,,,,605.0,,,185.0,,,,,,,,,,,,,259.194736232297,,,,,,,,,,,,,,,,,,,70.2000000000044,,,171.877099024062,,,,,,
1403,,76.3,69.1,64.6,,,,,,,,,,,,,,,,,,,,,,,,,,,,,,,632.0,,,167.6,,,,,,,,,,,,,300.259516137332,,,,,,,,,,,,,,,,,,,41.0800000000017,,,391.136092152561,,,,,,
1402,,69.7,60.2,61.0,,,,,,,,,,,,,,,,,,,,,,,,,,,,,,,568.0,,,100.5,,,,,,,,,,,,,312.769727362507,,,,,,,,,,,,,,,,,,,82.1600000000035,,,282.003138437861,,,,,,
1401,,48.6,58.0,46.5,,,,,,,,,,,,,,,,,,,,,,,,,,,,,,,716.0,,,71.9,,,,,,,,,,,,,308.158505818908,,,,,,,,,,,,,,,,,,,102.700000000004,,,282.32151995049,,,,,,
1400,,56.2,61.0,45.8,,,,,,,,,,,,,,,,,,,,,,,,,,,,,,,563.0,,,67.0,,,,,,,,,,,,,226.411949972597,,,,,,,,,,,,,,,,,,,102.960000000003,,,266.918591299534,,,,,,
1399,,63.2,69.2,57.7,,,,,,,,,,,,,,,,,,,,,,,,,,,,,,,844.0,,,64.2,,,,,,,,,,,,,152.846838439563,,,,,,,,,,,,,,,,,,,83.1999999999971,,,235.677922905433,,,,,,
1398,,74.8,53.6,52.9,,,,,,,,,,,,,,,,,,,,,,,,,,,,,,,652.0,,,152.3,,,,,,,,,,,,,206.27942675202,,,,,,,,,,,,,,,,,,,83.1999999999971,,,157.18881302795,,,,,,
1397,,67.3,39.5,46.7,,,,,,,,,,,,,,,,,,,,,,,,,,,,,,,533.0,,,105.4,,,,,,,,,,,,,247.461292248101,,,,,,,,,,,,,,,,,,,62.3999999999978,,,235.900033637467,,,,,,
1396,,57.4,54.4,47.5,,,,,,,,,,,,,,,,,,,,,,,,,,,,,,,523.0,,,110.9,,,,,,,,,,,,,296.0607866014,,,,,,,,,,,,,,,,,,,66.5599999999995,,,220.327775807303,,,,,,
1395,,51.3,61.2,46.1,,,,,,,,,,,,,,,,,,,,,,,,,,,,,,,785.0,,,139.3,,,,,,,,,,,,,207.572827793374,,,,,,,,,,,,,,,,,,,67.0799999999963,,,188.985027481234,,,,,,
1394,,54.4,51.5,41.2,,,,,,,,,,,,,,,,,,,,,,,,,,,,,,,683.0,,,197.2,,,,,,,,,,,,,226.357715399419,,,,,,,,,,,,,,,,,,,126.359999999986,,,189.113647788292,,,,,,
1393,,57.4,71.0,35.6,,,,,,,,,,,,,,,,,,,,,,,,,,,,,,,589.0,,,109.4,,,,,,,,,,,,,207.314828687451,,,,,,,,,,,,,,,,,,,84.2399999999907,,,299.655175125615,,,,,,
1392,,53.6,74.1,32.1,,,,,,,,,,,,,,,,,,,,,,,,,,,,,,,552.0,,,96.5,,,,,,,,,,,,,257.551373189465,,,,,,,,,,,,,,,,,,,63.179999999993,,,331.511482344038,,,,,,
1391,,48.2,46.4,32.8,,,,,,,,,,,,,,,,,,,,,,,,,,,,,,,849.0,,,167.7,,,,,,,,,,,,,308.620819120214,,,,,,,,,,,,,,,,,,,155.843999999997,,,316.003107174341,,,,,,
1390,,55.9,56.2,35.5,,,,,,,,,,,,,,,,,,,,,,,,,,,,,,,621.0,,,57.2,,,,,,,,,,,,,215.414713186998,,,,,,,,,,,,,,,,,,,84.2399999999907,,,142.308604589113,,,,,,
1389,,69.7,63.8,48.0,,,,,,,,,,,,,,,,,,,,,,,,,,,,,,,747.0,,,107.1,,,,,,,,,,,,,234.111430612038,,,,,,,,,,,,,,,,,,,105.299999999988,,,332.285042890862,,,,,,
1388,,82.7,51.8,48.0,,,,,,,,,,,,,,,,,,,,,,,,,,,,,,,903.0,,,102.4,,,,,,,,,,,,,285.39619423275,,,,,,,,,,,,,,,,,,,84.2399999999907,,,253.446228365461,,,,,,
1387,,82.7,54.8,34.8,,,,,,,,,,,,,,,,,,,,,,,,,,,,,,,808.0,,,91.0,,,,,,,,,,,,,204.329299612819,,,,,,,,,,,,,,,,,,,130.311999999994,,,285.384100424767,,,,,,
1386,,72.7,57.9,37.5,,,,,,,,,,,,,,,,,,,,,,,,,,,,,,,721.0,,,108.6,,,,,,,,,,,,,257.852338452382,,,,,,,,,,,,,,,,,,,124.799999999996,,,285.660126695578,,,,,,
1385,,70.4,52.6,56.4,,,,,,,,,,,,,,,,,,,,,,,,,,,,,,,663.0,,,87.9,,,,,,,,,,,,,204.275275036468,,,,,,,,,,,,,,,,,,,62.3999999999978,,,238.262866502271,,,,,,
1384,,47.4,53.4,63.4,,,,,,,,,,,,,,,,,,,,,,,,,,,,,,,566.0,,,49.4,,,,,,,,,,,,,132.200392134444,,,,,,,,,,,,,,,,,,,83.1999999999971,,,286.154673445956,,,,,,
1383,,55.0,80.5,48.8,,,,,,,,,,,,,,,,,,,,,,,,,,,,,,,639.0,,,98.4,,,,,,,,,,,,,207.861400861191,,,,,,,,,,,,,,,,,,,84.2399999999907,,,190.912554013542,,,,,,
1382,,83.2,83.6,36.3,,,,,,,,,,,,,,,,,,,,,,,,,,,,,,,928.0,,,146.5,,,,,,,,,,,,,226.671222539347,,,,,,,,,,,,,,,,,,,147.419999999984,,,238.841352892102,,,,,,
1381,,80.8,68.6,45.4,,,,,,,,,,,,,,,,,,,,,,,,,,,,,,,525.0,,,93.4,,,,,,,,,,,,,164.433283054532,,,,,,,,,,,,,,,,,,,42.1199999999953,,,191.196656500913,,,,,,
1380,,73.1,67.8,60.2,,,,,,,,,,,,,,,,,,,,,,,,,,,,,,,522.0,,,149.0,,,,,,,,,,,,,239.005038902987,,,,,,,,,,,,,,,,,,,46.3320000000022,,,462.488773849833,,,,,,
1379,,58.7,67.1,72.2,,,,,,,,,,,,,,,,,,,,,,,,,,,,,,,627.0,,,146.4,,,,,,,,,,,,,269.816338994843,,,,,,,,,,,,,,,,,,,62.6599999999962,,,207.554851836375,,,,,,
1378,,70.4,83.8,60.3,,,,,,,,,,,,,,,,,,,,,,,,,,,,,,,586.0,,,78.2,,,,,,,,,,,,,156.968723381375,,,,,,,,,,,,,,,,,,,103.999999999996,,,287.64580119109,,,,,,
1377,,87.8,98.2,35.0,,,,,,,,,,,,,,,,,,,,,,,,,,,,,,,739.0,,,113.3,,,,,,,,,,,,,238.878954715907,,,,,,,,,,,,,,,,,,,124.799999999996,,,287.872381184706,,,,,,
1376,,65.8,77.0,47.6,,,,,,,,,,,,,,,,,,,,,,,,,,,,,,,585.0,,,240.8,,,,,,,,,,,,,260.248552444826,,,,,,,,,,,,,,,,,,,116.479999999992,,,384.259811653666,,,,,,
1375,,49.8,52.8,50.4,,,,,,,,,,,,,,,,,,,,,,,,,,,,,,,643.0,,,95.3,,,,,,,,,,,,,144.415735672292,,,,,,,,,,,,,,,,,,,42.1199999999953,,,224.420707584313,,,,,,
1374,,50.7,46.8,42.7,,,,,,,,,,,,,,,,,,,,,,,,,,,,,,,814.0,,,213.7,,,,,,,,,,,,,298.009505048546,,,,,,,,,,,,,,,,,,,85.2799999999843,,,192.484157722345,,,,,,
1373,,52.2,52.7,44.8,,,,,,,,,,,,,,,,,,,,,,,,,,,,,,,439.0,,,176.3,,,,,,,,,,,,,211.336514179992,,,,,,,,,,,,,,,,,,,103.999999999996,,,481.603902221267,,,,,,
1372,,66.9,73.0,40.7,,,,,,,,,,,,,,,,,,,,,,,,,,,,,,,585.0,,,253.5,,,,,,,,,,,,,231.589849051158,,,,,,,,,,,,,,,,,,,62.3999999999978,,,385.855927313181,,,,,,
1371,,71.3,75.9,55.4,,,,,,,,,,,,,,,,,,,,,,,,,,,,,,,787.0,,,118.4,,,,,,,,,,,,,264.662407645769,,,,,,,,,,,,,,,,,,,62.3999999999978,,,305.848786997029,,,,,,
1370,,62.7,73.6,75.8,,,,,,,,,,,,,,,,,,,,,,,,,,,,,,,617.0,,,147.5,,,,,,,,,,,,,316.969148980514,,,,,,,,,,,,,,,,,,,134.679999999998,,,241.74320108786,,,,,,
1369,,67.9,57.1,68.2,,,,,,,,,,,,,,,,,,,,,,,,,,,,,,,767.0,,,171.6,,,,,,,,,,,,,203.609822450608,,,,,,,,,,,,,,,,,,,107.900000000018,,,290.33194770944,,,,,,
1368,,82.4,39.1,51.3,,,,,,,,,,,,,,,,,,,,,,,,,,,,,,,592.0,,,184.9,,,,,,,,,,,,,250.521746228056,,,,,,,,,,,,,,,,,,,64.7400000000107,,,242.152723577943,,,,,,
1367,,76.1,55.7,55.6,,,,,,,,,,,,,,,,,,,,,,,,,,,,,,,561.0,,,112.9,,,,,,,,,,,,,298.265387437781,,,,,,,,,,,,,,,,,,,64.7400000000107,,,242.39474900778,,,,,,
1366,,63.0,55.8,49.3,,,,,,,,,,,,,,,,,,,,,,,,,,,,,,,752.0,,,161.6,,,,,,,,,,,,,211.51727115783,,,,,,,,,,,,,,,,,,,43.1600000000071,,,226.435924977241,,,,,,
1365,,76.1,50.6,38.1,,,,,,,,,,,,,,,,,,,,,,,,,,,,,,,637.0,,,111.3,,,,,,,,,,,,,309.327541997132,,,,,,,,,,,,,,,,,,,94.6920000000046,,,194.212805605856,,,,,,
1364,,86.8,67.3,43.7,,,,,,,,,,,,,,,,,,,,,,,,,,,,,,,839.0,,,56.9,,,,,,,,,,,,,161.600683095123,,,,,,,,,,,,,,,,,,,106.59999999998,,,291.580085182746,,,,,,
1363,,80.7,61.3,45.1,,,,,,,,,,,,,,,,,,,,,,,,,,,,,,,725.0,,,184.3,,,,,,,,,,,,,250.463778230162,,,,,,,,,,,,,,,,,,,42.6399999999921,,,291.866967336458,,,,,,
1362,,61.5,62.1,40.9,,,,,,,,,,,,,,,,,,,,,,,,,,,,,,,706.0,,,120.0,,,,,,,,,,,,,200.412094948763,,,,,,,,,,,,,,,,,,,59.6959999999945,,,194.760823430241,,,,,,
1361,,38.4,72.0,36.0,,,,,,,,,,,,,,,,,,,,,,,,,,,,,,,619.0,,,64.8,,,,,,,,,,,,,182.615323706762,,,,,,,,,,,,,,,,,,,106.59999999998,,,308.617109640146,,,,,,
1360,,65.3,75.0,36.7,,,,,,,,,,,,,,,,,,,,,,,,,,,,,,,621.0,,,73.5,,,,,,,,,,,,,198.409720843443,,,,,,,,,,,,,,,,,,,107.119999999995,,,195.056736474403,,,,,,
1359,,77.6,58.3,32.5,,,,,,,,,,,,,,,,,,,,,,,,,,,,,,,624.0,,,134.2,,,,,,,,,,,,,266.237374675426,,,,,,,,,,,,,,,,,,,43.6800000000039,,,178.901087791423,,,,,,
1358,,46.9,51.5,43.1,,,,,,,,,,,,,,,,,,,,,,,,,,,,,,,591.0,,,139.7,,,,,,,,,,,,,255.069169705716,,,,,,,,,,,,,,,,,,,159.535999999998,,,260.41365619185,,,,,,
1357,,51.5,63.7,54.4,,,,,,,,,,,,,,,,,,,,,,,,,,,,,,,518.0,,,176.2,,,,,,,,,,,,,149.28726485979,,,,,,,,,,,,,,,,,,,141.439999999993,,,276.971313717563,,,,,,
1356,,73.0,52.3,39.6,,,,,,,,,,,,,,,,,,,,,,,,,,,,,,,746.0,,,71.6,,,,,,,,,,,,,255.114416503407,,,,,,,,,,,,,,,,,,,58.2399999999961,,,211.964929125169,,,,,,
1355,,76.9,79.0,38.2,,,,,,,,,,,,,,,,,,,,,,,,,,,,,,,700.0,,,140.4,,,,,,,,,,,,,211.853875969742,,,,,,,,,,,,,,,,,,,105.299999999988,,,489.612484253804,,,,,,
1354,,69.2,94.3,34.7,,,,,,,,,,,,,,,,,,,,,,,,,,,,,,,709.0,,,131.7,,,,,,,,,,,,,200.566420345263,,,,,,,,,,,,,,,,,,,126.359999999986,,,392.20188571927,,,,,,
1353,,66.9,82.3,34.8,,,,,,,,,,,,,,,,,,,,,,,,,,,,,,,708.0,,,127.0,,,,,,,,,,,,,156.981389080805,,,,,,,,,,,,,,,,,,,63.179999999993,,,343.629679171444,,,,,,
1352,,61.5,73.9,52.5,,,,,,,,,,,,,,,,,,,,,,,,,,,,,,,606.0,,,137.8,,,,,,,,,,,,,274.361348909912,,,,,,,,,,,,,,,,,,,63.6999999999898,,,196.579183952701,,,,,,
1351,,72.2,56.4,51.9,,,,,,,,,,,,,,,,,,,,,,,,,,,,,,,797.0,,,218.1,,,,,,,,,,,,,231.700338752001,,,,,,,,,,,,,,,,,,,42.6399999999921,,,245.885142341736,,,,,,
1350,,78.4,70.8,49.8,,,,,,,,,,,,,,,,,,,,,,,,,,,,,,,895.0,,,187.0,,,,,,,,,,,,,271.061033293796,,,,,,,,,,,,,,,,,,,85.2799999999843,,,246.043093362686,,,,,,
1349,,65.3,76.9,44.1,,,,,,,,,,,,,,,,,,,,,,,,,,,,,,,694.0,,,139.6,,,,,,,,,,,,,200.667406177426,,,,,,,,,,,,,,,,,,,68.2239999999911,,,279.078284090892,,,,,,
1348,,52.2,57.1,38.4,,,,,,,,,,,,,,,,,,,,,,,,,,,,,,,655.0,,,88.6,,,,,,,,,,,,,330.136871925542,,,,,,,,,,,,,,,,,,,136.447999999991,,,361.481999984247,,,,,,
1347,,43.0,66.9,49.1,,,,,,,,,,,,,,,,,,,,,,,,,,,,,,,847.0,,,130.7,,,,,,,,,,,,,325.599680516192,,,,,,,,,,,,,,,,,,,63.9599999999882,,,296.07083429221,,,,,,
1346,,55.3,68.5,44.8,,,,,,,,,,,,,,,,,,,,,,,,,,,,,,,829.0,,,81.9,,,,,,,,,,,,,145.077090973468,,,,,,,,,,,,,,,,,,,85.2799999999843,,,378.710779186255,,,,,,
1345,,61.4,72.4,35.6,,,,,,,,,,,,,,,,,,,,,,,,,,,,,,,665.0,,,241.7,,,,,,,,,,,,,188.521165698192,,,,,,,,,,,,,,,,,,,132.964000000002,,,247.278068435287,,,,,,
1344,,54.5,77.0,33.5,,,,,,,,,,,,,,,,,,,,,,,,,,,,,,,460.0,,,95.0,,,,,,,,,,,,,219.841402770351,,,,,,,,,,,,,,,,,,,43.1600000000071,,,197.987338682091,,,,,,
1343,,68.3,74.8,40.6,,,,,,,,,,,,,,,,,,,,,,,,,,,,,,,748.0,,,118.8,,,,,,,,,,,,,224.145307766704,,,,,,,,,,,,,,,,,,,60.4240000000027,,,165.086483923527,,,,,,
1342,,74.5,81.8,55.6,,,,,,,,,,,,,,,,,,,,,,,,,,,,,,,630.0,,,93.8,,,,,,,,,,,,,239.873784294665,,,,,,,,,,,,,,,,,,,73.8919999999871,,,198.209912282699,,,,,,
1341,,60.8,71.2,65.5,,,,,,,,,,,,,,,,,,,,,,,,,,,,,,,513.0,,,215.8,,,,,,,,,,,,,200.831608901748,,,,,,,,,,,,,,,,,,,66.3000000000011,,,330.592928542987,,,,,,
1340,,41.7,79.0,49.1,,,,,,,,,,,,,,,,,,,,,,,,,,,,,,,826.0,,,82.7,,,,,,,,,,,,,294.700527807462,,,,,,,,,,,,,,,,,,,66.3000000000011,,,297.817710874647,,,,,,
1339,,41.0,85.3,37.0,,,,,,,,,,,,,,,,,,,,,,,,,,,,,,,1090.0,,,73.7,,,,,,,,,,,,,148.639253103555,,,,,,,,,,,,,,,,,,,44.2000000000007,,,215.300409892049,,,,,,
1338,,62.0,73.1,39.1,,,,,,,,,,,,,,,,,,,,,,,,,,,,,,,554.0,,,112.5,,,,,,,,,,,,,227.413961289003,,,,,,,,,,,,,,,,,,,39.7800000000007,,,232.066156395126,,,,,,
1337,,66.0,84.9,45.4,,,,,,,,,,,,,,,,,,,,,,,,,,,,,,,1027.0,,,179.1,,,,,,,,,,,,,298.253550543219,,,,,,,,,,,,,,,,,,,53.0400000000009,,,248.854113234867,,,,,,
1336,,51.2,94.2,56.0,,,,,,,,,,,,,,,,,,,,,,,,,,,,,,,748.0,,,127.5,,,,,,,,,,,,,153.988262443948,,,,,,,,,,,,,,,,,,,43.9400000000023,,,199.223032634379,,,,,,
1335,,50.4,74.0,62.4,,,,,,,,,,,,,,,,,,,,,,,,,,,,,,,681.0,,,129.3,,,,,,,,,,,,,220.028951228209,,,,,,,,,,,,,,,,,,,96.0959999999977,,,265.809240096691,,,,,,
1334,,52.7,60.8,56.7,,,,,,,,,,,,,,,,,,,,,,,,,,,,,,,486.0,,,115.6,,,,,,,,,,,,,255.671527751438,,,,,,,,,,,,,,,,,,,39.7800000000007,,,232.738839642902,,,,,,
1333,,63.5,72.2,51.8,,,,,,,,,,,,,,,,,,,,,,,,,,,,,,,692.0,,,172.8,,,,,,,,,,,,,255.597403658951,,,,,,,,,,,,,,,,,,,44.2000000000007,,,316.118407501189,,,,,,
1332,,71.2,69.8,51.1,,,,,,,,,,,,,,,,,,,,,,,,,,,,,,,399.0,,,93.6,,,,,,,,,,,,,235.921415711934,,,,,,,,,,,,,,,,,,,66.3000000000011,,,249.765317404338,,,,,,
1331,,70.4,65.2,39.1,,,,,,,,,,,,,,,,,,,,,,,,,,,,,,,545.0,,,180.7,,,,,,,,,,,,,235.536406629419,,,,,,,,,,,,,,,,,,,66.3000000000011,,,300.025462474835,,,,,,
1330,,73.4,65.2,34.8,,,,,,,,,,,,,,,,,,,,,,,,,,,,,,,739.0,,,238.4,,,,,,,,,,,,,213.503295257676,,,,,,,,,,,,,,,,,,,92.8200000000015,,,250.297147216855,,,,,,
1329,,64.9,48.3,36.3,,,,,,,,,,,,,,,,,,,,,,,,,,,,,,,1069.0,,,164.3,,,,,,,,,,,,,246.915389336311,,,,,,,,,,,,,,,,,,,63.9599999999882,,,283.937086041392,,,,,,
1328,,55.7,53.0,31.3,,,,,,,,,,,,,,,,,,,,,,,,,,,,,,,725.0,,,181.5,,,,,,,,,,,,,236.82985236277,,,,,,,,,,,,,,,,,,,42.6399999999921,,,250.761809966897,,,,,,
1327,,61.1,73.7,31.3,,,,,,,,,,,,,,,,,,,,,,,,,,,,,,,801.0,,,124.9,,,,,,,,,,,,,192.31977014802,,,,,,,,,,,,,,,,,,,42.6399999999921,,,251.072855248204,,,,,,
1326,,57.3,80.7,35.6,,,,,,,,,,,,,,,,,,,,,,,,,,,,,,,879.0,,,153.0,,,,,,,,,,,,,275.790418097456,,,,,,,,,,,,,,,,,,,42.6399999999921,,,318.328064097407,,,,,,
1325,,44.2,72.3,47.8,,,,,,,,,,,,,,,,,,,,,,,,,,,,,,,785.0,,,108.7,,,,,,,,,,,,,200.222972515048,,,,,,,,,,,,,,,,,,,85.2799999999843,,,234.800416366966,,,,,,
1324,,71.3,59.2,63.6,,,,,,,,,,,,,,,,,,,,,,,,,,,,,,,517.0,,,155.2,,,,,,,,,,,,,196.662932978953,,,,,,,,,,,,,,,,,,,42.6399999999921,,,251.809123534027,,,,,,
1323,,80.8,50.0,49.4,,,,,,,,,,,,,,,,,,,,,,,,,,,,,,,941.0,,,66.9,,,,,,,,,,,,,185.643207393625,,,,,,,,,,,,,,,,,,,59.6959999999945,,,218.408082279152,,,,,,
1322,,70.9,52.4,45.2,,,,,,,,,,,,,,,,,,,,,,,,,,,,,,,755.0,,,141.3,,,,,,,,,,,,,243.696856892523,,,,,,,,,,,,,,,,,,,46.3839999999982,,,201.736389385046,,,,,,
1321,,76.5,53.1,43.1,,,,,,,,,,,,,,,,,,,,,,,,,,,,,,,912.0,,,225.8,,,,,,,,,,,,,220.216302981866,,,,,,,,,,,,,,,,,,,62.3999999999978,,,302.854402604531,,,,,,
1320,,67.3,43.2,35.2,,,,,,,,,,,,,,,,,,,,,,,,,,,,,,,999.0,,,72.6,,,,,,,,,,,,,161.980738368045,,,,,,,,,,,,,,,,,,,83.1999999999971,,,252.624664239834,,,,,,
1319,,63.5,40.9,36.7,,,,,,,,,,,,,,,,,,,,,,,,,,,,,,,670.0,,,137.6,,,,,,,,,,,,,275.340083908431,,,,,,,,,,,,,,,,,,,41.5999999999985,,,286.650117136506,,,,,,
1318,,63.6,67.1,35.3,,,,,,,,,,,,,,,,,,,,,,,,,,,,,,,689.0,,,121.7,,,,,,,,,,,,,228.042709423355,,,,,,,,,,,,,,,,,,,62.3999999999978,,,202.539505830784,,,,,,
1317,,48.7,75.6,32.4,,,,,,,,,,,,,,,,,,,,,,,,,,,,,,,573.0,,,121.2,,,,,,,,,,,,,201.381533742069,,,,,,,,,,,,,,,,,,,45.7600000000002,,,152.048148076753,,,,,,
1316,,39.3,57.2,39.6,,,,,,,,,,,,,,,,,,,,,,,,,,,,,,,531.0,,,78.3,,,,,,,,,,,,,284.108532191871,,,,,,,,,,,,,,,,,,,62.3999999999978,,,304.357277038647,,,,,,
1315,,45.6,51.8,41.0,,,,,,,,,,,,,,,,,,,,,,,,,,,,,,,768.0,,,238.0,,,,,,,,,,,,,290.890626121117,,,,,,,,,,,,,,,,,,,62.3999999999978,,,203.045710083492,,,,,,
1314,,47.3,63.4,39.6,,,,,,,,,,,,,,,,,,,,,,,,,,,,,,,670.0,,,118.5,,,,,,,,,,,,,227.112871243557,,,,,,,,,,,,,,,,,,,62.3999999999978,,,169.315466206606,,,,,,
1313,,69.4,58.1,51.1,,,,,,,,,,,,,,,,,,,,,,,,,,,,,,,800.0,,,88.5,,,,,,,,,,,,,248.099042869609,,,,,,,,,,,,,,,,,,,41.5999999999985,,,237.23923644344,,,,,,
1312,,90.9,47.3,44.6,,,,,,,,,,,,,,,,,,,,,,,,,,,,,,,610.0,,,80.1,,,,,,,,,,,,,228.383043382424,,,,,,,,,,,,,,,,,,,62.3999999999978,,,305.344410105082,,,,,,
1311,,76.8,55.0,41.7,,,,,,,,,,,,,,,,,,,,,,,,,,,,,,,514.0,,,198.8,,,,,,,,,,,,,170.098351967647,,,,,,,,,,,,,,,,,,,41.5999999999985,,,271.766853916071,,,,,,
1310,,66.6,46.5,48.8,,,,,,,,,,,,,,,,,,,,,,,,,,,,,,,756.0,,,148.0,,,,,,,,,,,,,251.945990875989,,,,,,,,,,,,,,,,,,,58.2399999999961,,,340.072261946507,,,,,,
1309,,51.6,50.3,40.9,,,,,,,,,,,,,,,,,,,,,,,,,,,,,,,597.0,,,97.6,,,,,,,,,,,,,339.037917066695,,,,,,,,,,,,,,,,,,,99.8400000000038,,,357.464388293748,,,,,,
1308,,51.7,54.2,43.1,,,,,,,,,,,,,,,,,,,,,,,,,,,,,,,752.0,,,115.0,,,,,,,,,,,,,236.044497839983,,,,,,,,,,,,,,,,,,,112.216000000017,,,221.510613095996,,,,,,
1307,,62.0,37.1,56.8,,,,,,,,,,,,,,,,,,,,,,,,,,,,,,,704.0,,,119.6,,,,,,,,,,,,,154.713984687677,,,,,,,,,,,,,,,,,,,91.9359999999961,,,255.759172183632,,,,,,
1306,,69.9,41.0,60.4,,,,,,,,,,,,,,,,,,,,,,,,,,,,,,,783.0,,,177.1,,,,,,,,,,,,,298.812387718392,,,,,,,,,,,,,,,,,,,45.7599999999911,,,341.394054292944,,,,,,
1305,,98.4,57.9,52.5,,,,,,,,,,,,,,,,,,,,,,,,,,,,,,,857.0,,,91.9,,,,,,,,,,,,,253.199897586434,,,,,,,,,,,,,,,,,,,95.5759999999918,,,324.651761218199,,,,,,
1304,,107.8,58.7,48.2,,,,,,,,,,,,,,,,,,,,,,,,,,,,,,,1016.0,,,89.1,,,,,,,,,,,,,240.73700842035,,,,,,,,,,,,,,,,,,,44.7199999999975,,,205.220180724636,,,,,,
1303,,83.9,63.3,49.0,,,,,,,,,,,,,,,,,,,,,,,,,,,,,,,508.0,,,230.1,,,,,,,,,,,,,272.187023378975,,,,,,,,,,,,,,,,,,,67.0799999999963,,,342.426088202468,,,,,,
1302,,80.6,64.9,45.4,,,,,,,,,,,,,,,,,,,,,,,,,,,,,,,575.0,,,96.4,,,,,,,,,,,,,219.387862160297,,,,,,,,,,,,,,,,,,,67.0799999999963,,,257.049651682841,,,,,,
1301,,90.1,60.4,49.1,,,,,,,,,,,,,,,,,,,,,,,,,,,,,,,685.0,,,197.4,,,,,,,,,,,,,236.607283345269,,,,,,,,,,,,,,,,,,,89.4399999999951,,,308.744777396082,,,,,,
1300,,95.6,62.7,37.5,,,,,,,,,,,,,,,,,,,,,,,,,,,,,,,568.0,,,101.0,,,,,,,,,,,,,300.116302538834,,,,,,,,,,,,,,,,,,,89.4400000000041,,,326.288203041222,,,,,,
1299,,101.9,49.6,39.0,,,,,,,,,,,,,,,,,,,,,,,,,,,,,,,548.0,,,153.1,,,,,,,,,,,,,220.680952092794,,,,,,,,,,,,,,,,,,,44.7199999999975,,,189.078666429759,,,,,,
1298,,81.4,46.5,48.4,,,,,,,,,,,,,,,,,,,,,,,,,,,,,,,540.0,,,91.9,,,,,,,,,,,,,236.47153866227,,,,,,,,,,,,,,,,,,,,,,258.004720521497,,,,,,
1297,,65.6,46.6,32.5,,,,,,,,,,,,,,,,,,,,,,,,,,,,,,,747.0,,,131.6,,,,,,,,,,,,,261.177998687074,,,,,,,,,,,,,,,,,,,,,,223.740890381142,,,,,,
1296,,58.4,47.4,28.2,,,,,,,,,,,,,,,,,,,,,,,,,,,,,,,684.0,,,53.3,,,,,,,,,,,,,220.638724409706,,,,,,,,,,,,,,,,,,,,,,344.561795789545,,,,,,
1295,,48.2,63.0,38.3,,,,,,,,,,,,,,,,,,,,,,,,,,,,,,,570.0,,,203.4,,,,,,,,,,,,,213.075714751136,,,,,,,,,,,,,,,,,,,,,,310.425237409191,,,,,,
1294,,49.7,66.1,41.2,,,,,,,,,,,,,,,,,,,,,,,,,,,,,,,553.0,,,90.0,,,,,,,,,,,,,232.9683342033,,,,,,,,,,,,,,,,,,,,,,207.091137651204,,,,,,
1293,,60.8,57.6,41.2,,,,,,,,,,,,,,,,,,,,,,,,,,,,,,,676.0,,,140.7,,,,,,,,,,,,,243.234954179746,,,,,,,,,,,,,,,,,,,,,,172.679533021159,,,,,,
1292,,60.8,59.3,47.0,,,,,,,,,,,,,,,,,,,,,,,,,,,,,,,669.0,,,92.3,,,,,,,,,,,,,181.77435381136,,,,,,,,,,,,,,,,,,,,,,241.947605659361,,,,,,
1291,,46.5,59.3,47.1,,,,,,,,,,,,,,,,,,,,,,,,,,,,,,,631.0,,,91.5,,,,,,,,,,,,,224.313911994491,,,,,,,,,,,,,,,,,,,,,,276.78296063567,,,,,,
1290,,48.1,57.0,37.7,,,,,,,,,,,,,,,,,,,,,,,,,,,,,,,526.0,,,139.4,,,,,,,,,,,,,217.363230167972,,,,,,,,,,,,,,,,,,,,,,311.677478370058,,,,,,
1289,,53.6,54.7,41.3,,,,,,,,,,,,,,,,,,,,,,,,,,,,,,,821.0,,,117.5,,,,,,,,,,,,,197.291527818871,,,,,,,,,,,,,,,,,,,,,,242.594861756875,,,,,,
1288,,74.2,56.2,37.7,,,,,,,,,,,,,,,,,,,,,,,,,,,,,,,530.0,,,213.0,,,,,,,,,,,,,300.73108472427,,,,,,,,,,,,,,,,,,,,,,416.207640468006,,,,,,
1287,,65.5,70.3,34.8,,,,,,,,,,,,,,,,,,,,,,,,,,,,,,,889.0,,,153.5,,,,,,,,,,,,,236.488487339786,,,,,,,,,,,,,,,,,,,,,,381.991191094093,,,,,,
1286,,60.0,67.1,49.4,,,,,,,,,,,,,,,,,,,,,,,,,,,,,,,793.0,,,230.6,,,,,,,,,,,,,252.400153529819,,,,,,,,,,,,,,,,,,,,,,295.446263628829,,,,,,
1285,,95.6,49.9,39.2,,,,,,,,,,,,,,,,,,,,,,,,,,,,,,,591.0,,,122.3,,,,,,,,,,,,,199.619553763502,,,,,,,,,,,,,,,,,,,,,,173.932366783915,,,,,,
1284,,82.3,53.8,34.9,,,,,,,,,,,,,,,,,,,,,,,,,,,,,,,634.0,,,122.0,,,,,,,,,,,,,194.198984385756,,,,,,,,,,,,,,,,,,,,,,261.070721799821,,,,,,
1283,,56.3,51.5,45.7,,,,,,,,,,,,,,,,,,,,,,,,,,,,,,,631.0,,,158.3,,,,,,,,,,,,,197.391003752923,,,,,,,,,,,,,,,,,,,,,,261.304081960195,,,,,,
1282,,65.1,41.4,38.5,,,,,,,,,,,,,,,,,,,,,,,,,,,,,,,655.0,,,95.8,,,,,,,,,,,,,225.606559121895,,,,,,,,,,,,,,,,,,,,,,244.093918875527,,,,,,
1281,,68.4,39.0,55.2,,,,,,,,,,,,,,,,,,,,,,,,,,,,,,,513.0,,,115.2,,,,,,,,,,,,,330.855735805122,,,,,,,,,,,,,,,,,,,,,,279.157827926244,,,,,,
1280,,61.4,46.1,51.5,,,,,,,,,,,,,,,,,,,,,,,,,,,,,,,701.0,,,177.3,,,,,,,,,,,,,253.759312045205,,,,,,,,,,,,,,,,,,,,,,349.21712308818,,,,,,
1279,,67.1,66.4,33.4,,,,,,,,,,,,,,,,,,,,,,,,,,,,,,,695.0,,,106.2,,,,,,,,,,,,,221.058348017587,,,,,,,,,,,,,,,,,,,,,,279.613886067393,,,,,,
1278,,69.6,72.7,55.9,,,,,,,,,,,,,,,,,,,,,,,,,,,,,,,807.0,,,94.6,,,,,,,,,,,,,213.176006215727,,,,,,,,,,,,,,,,,,,,,,244.857852312451,,,,,,
1277,,72.8,68.1,47.9,,,,,,,,,,,,,,,,,,,,,,,,,,,,,,,939.0,,,212.6,,,,,,,,,,,,,194.211012622921,,,,,,,,,,,,,,,,,,,,,,210.040955203818,,,,,,
1276,,68.0,79.9,43.5,,,,,,,,,,,,,,,,,,,,,,,,,,,,,,,766.0,,,97.0,,,,,,,,,,,,,194.326419568005,,,,,,,,,,,,,,,,,,,,,,280.264430691883,,,,,,
1275,,51.2,69.1,49.3,,,,,,,,,,,,,,,,,,,,,,,,,,,,,,,620.0,,,105.1,,,,,,,,,,,,,177.203059171665,,,,,,,,,,,,,,,,,,,,,,210.330383348557,,,,,,
1274,,50.4,45.6,39.2,,,,,,,,,,,,,,,,,,,,,,,,,,,,,,,597.0,,,208.8,,,,,,,,,,,,,233.551098006413,,,,,,,,,,,,,,,,,,,,,,350.765929708605,,,,,,
1273,,72.8,48.0,50.0,,,,,,,,,,,,,,,,,,,,,,,,,,,,,,,557.0,,,69.6,,,,,,,,,,,,,201.037434931631,,,,,,,,,,,,,,,,,,,,,,280.824605952948,,,,,,
1272,,67.2,71.7,45.0,,,,,,,,,,,,,,,,,,,,,,,,,,,,,,,719.0,,,86.5,,,,,,,,,,,,,231.328363036594,,,,,,,,,,,,,,,,,,,,,,210.747378342979,,,,,,
1271,,52.0,71.8,34.1,,,,,,,,,,,,,,,,,,,,,,,,,,,,,,,911.0,,,76.7,,,,,,,,,,,,,292.010443892512,,,,,,,,,,,,,,,,,,,,,,351.477042811153,,,,,,
1270,,50.4,56.8,37.0,,,,,,,,,,,,,,,,,,,,,,,,,,,,,,,649.0,,,135.2,,,,,,,,,,,,,190.823904318828,,,,,,,,,,,,,,,,,,,,,,228.640808635734,,,,,,
1269,,34.3,62.3,42.1,,,,,,,,,,,,,,,,,,,,,,,,,,,,,,,547.0,,,97.4,,,,,,,,,,,,,202.231271928458,,,,,,,,,,,,,,,,,,,,,,211.197872144707,,,,,,
1268,,38.3,56.7,40.6,,,,,,,,,,,,,,,,,,,,,,,,,,,,,,,593.0,,,120.7,,,,,,,,,,,,,247.213565826217,,,,,,,,,,,,,,,,,,,,,,246.556178965679,,,,,,
1267,,48.7,54.3,34.1,,,,,,,,,,,,,,,,,,,,,,,,,,,,,,,599.0,,,131.0,,,,,,,,,,,,,325.682457878434,,,,,,,,,,,,,,,,,,,,,,229.155934548513,,,,,,
1266,,67.7,65.3,45.0,,,,,,,,,,,,,,,,,,,,,,,,,,,,,,,670.0,,,97.2,,,,,,,,,,,,,213.480329861419,,,,,,,,,,,,,,,,,,,,,,211.717950693566,,,,,,
1265,,73.2,72.3,54.5,,,,,,,,,,,,,,,,,,,,,,,,,,,,,,,478.0,,,146.8,,,,,,,,,,,,,247.077816455692,,,,,,,,,,,,,,,,,,,,,,264.887387915366,,,,,,
1264,,52.4,56.5,53.1,,,,,,,,,,,,,,,,,,,,,,,,,,,,,,,844.0,,,146.9,,,,,,,,,,,,,191.124704682727,,,,,,,,,,,,,,,,,,,,,,247.424307414596,,,,,,
1263,,47.7,55.7,37.9,,,,,,,,,,,,,,,,,,,,,,,,,,,,,,,549.0,,,74.9,,,,,,,,,,,,,213.527645989156,,,,,,,,,,,,,,,,,,,,,,159.128126015529,,,,,,
1262,,48.5,61.2,43.0,,,,,,,,,,,,,,,,,,,,,,,,,,,,,,,611.0,,,97.2,,,,,,,,,,,,,258.431665443018,,,,,,,,,,,,,,,,,,,,,,336.116752295887,,,,,,
1261,,45.4,53.3,43.8,,,,,,,,,,,,,,,,,,,,,,,,,,,,,,,622.0,,,103.6,,,,,,,,,,,,,213.562532386333,,,,,,,,,,,,,,,,,,,,,,300.945226272221,,,,,,
1260,,47.9,63.5,31.4,,,,,,,,,,,,,,,,,,,,,,,,,,,,,,,664.0,,,67.5,,,,,,,,,,,,,190.97608898967,,,,,,,,,,,,,,,,,,,,,,389.739858412503,,,,,,
1259,,55.9,58.8,45.3,,,,,,,,,,,,,,,,,,,,,,,,,,,,,,,724.0,,,135.6,,,,,,,,,,,,,213.693525968052,,,,,,,,,,,,,,,,,,,,,,265.923537286523,,,,,,
1258,,54.4,59.6,38.0,,,,,,,,,,,,,,,,,,,,,,,,,,,,,,,694.0,,,82.7,,,,,,,,,,,,,292.312914745393,,,,,,,,,,,,,,,,,,,,,,301.589197057684,,,,,,
1257,,45.6,54.9,31.5,,,,,,,,,,,,,,,,,,,,,,,,,,,,,,,501.0,,,123.5,,,,,,,,,,,,,258.431536454678,,,,,,,,,,,,,,,,,,,,,,319.620981556148,,,,,,
1256,,58.5,68.1,36.6,,,,,,,,,,,,,,,,,,,,,,,,,,,,,,,781.0,,,211.8,,,,,,,,,,,,,202.342336091292,,,,,,,,,,,,,,,,,,,,,,319.885670641975,,,,,,
1255,,71.2,78.9,33.7,,,,,,,,,,,,,,,,,,,,,,,,,,,,,,,789.0,,,116.2,,,,,,,,,,,,,269.982346026253,,,,,,,,,,,,,,,,,,,,,,231.190670364334,,,,,,
1254,,72.7,71.0,36.6,,,,,,,,,,,,,,,,,,,,,,,,,,,,,,,614.0,,,96.2,,,,,,,,,,,,,303.516412087507,,,,,,,,,,,,,,,,,,,,,,266.901813720351,,,,,,
1253,,99.0,64.6,43.2,,,,,,,,,,,,,,,,,,,,,,,,,,,,,,,604.0,,,166.5,,,,,,,,,,,,,236.215897061835,,,,,,,,,,,,,,,,,,,,,,267.05603957284,,,,,,
1252,,87.7,59.1,46.9,,,,,,,,,,,,,,,,,,,,,,,,,,,,,,,542.0,,,45.6,,,,,,,,,,,,,213.617507467856,,,,,,,,,,,,,,,,,,,,,,267.21440040193,,,,,,
1251,,54.2,55.1,41.8,,,,,,,,,,,,,,,,,,,,,,,,,,,,,,,722.0,,,90.7,,,,,,,,,,,,,180.115964254405,,,,,,,,,,,,,,,,,,,,,,463.660922491248,,,,,,
1250,,56.6,47.4,44.0,,,,,,,,,,,,,,,,,,,,,,,,,,,,,,,542.0,,,137.6,,,,,,,,,,,,,247.470854033114,,,,,,,,,,,,,,,,,,,,,,303.441382806474,,,,,,
1249,,52.6,51.09,,,,,,,,,,,,,,,,,,,,,,,,,,,,,,,,682.0,,,102.3,,,,,,,,,,,,,236.283239684333,,,,,,,,,,,,,,,,,,,,,,464.50985180567,,,,,,
1248,,35.1,59.06,,,,,,,,,,,,,,,,,,,,,,,,,,,,,,,,984.0,,,111.8,,,,,,,,,,,,,213.781087504049,,,,,,,,,,,,,,,,,,,,,,178.807194145606,,,,,,
1247,,37.5,,,,,,,,,,,,,,,,,,,,,,,,,,,,,,,,,699.0,,,103.1,,,,,,,,,,,,,191.170959909048,,,,,,,,,,,,,,,,,,,,,,161.004520391307,,,,,,
1246,,65.5,,,,,,,,,,,,,,,,,,,,,,,,,,,,,,,,,683.0,,,98.8,,,,,,,,,,,,,236.331763069513,,,,,,,,,,,,,,,,,,,,,,447.610098848916,,,,,,
1245,,79.2,,,,,,,,,,,,,,,,,,,,,,,,,,,,,,,,,502.0,,,112.2,,,,,,,,,,,,,303.721209625036,,,,,,,,,,,,,,,,,,,,,,268.778650644466,,,,,,
1244,,60.0,,,,,,,,,,,,,,,,,,,,,,,,,,,,,,,,,668.0,,,128.6,,,,,,,,,,,,,315.171606540888,,,,,,,,,,,,,,,,,,,,,,340.673612588141,,,,,,
1243,,61.7,,,,,,,,,,,,,,,,,,,,,,,,,,,,,,,,,750.0,,,119.1,,,,,,,,,,,,,281.35856363899,,,,,,,,,,,,,,,,,,,,,,430.866979460949,,,,,,
1242,,71.5,,,,,,,,,,,,,,,,,,,,,,,,,,,,,,,,,758.0,,,92.8,,,,,,,,,,,,,281.385276256142,,,,,,,,,,,,,,,,,,,,,,233.56653888053,,,,,,
1241,,62.7,,,,,,,,,,,,,,,,,,,,,,,,,,,,,,,,,634.0,,,79.4,,,,,,,,,,,,,236.548544453239,,,,,,,,,,,,,,,,,,,,,,287.588085168948,,,,,,
1240,,44.3,,,,,,,,,,,,,,,,,,,,,,,,,,,,,,,,,613.0,,,88.5,,,,,,,,,,,,,247.577508264446,,,,,,,,,,,,,,,,,,,,,,233.778806774946,,,,,,
1239,,,,,,,,,,,,,,,,,,,,,,,,,,,,,,,,,,,669.0,,,97.1,,,,,,,,,,,,,225.16246725161,,,,,,,,,,,,,,,,,,,,,,323.992950937035,,,,,,
1238,,,,,,,,,,,,,,,,,,,,,,,,,,,,,,,,,,,754.0,,,121.7,,,,,,,,,,,,,202.639151455863,,,,,,,,,,,,,,,,,,,,,,180.152589060434,,,,,,
1237,,,,,,,,,,,,,,,,,,,,,,,,,,,,,,,,,,,661.0,,,173.0,,,,,,,,,,,,,247.836412843538,,,,,,,,,,,,,,,,,,,,,,396.595264614016,,,,,,
1236,,,,,,,,,,,,,,,,,,,,,,,,,,,,,,,,,,,480.0,,,173.0,,,,,,,,,,,,,225.210638305528,,,,,,,,,,,,,,,,,,,,,,162.319256239438,,,,,,
1235,,,,,,,,,,,,,,,,,,,,,,,,,,,,,,,,,,,929.0,,,175.2,,,,,,,,,,,,,247.668141312883,,,,,,,,,,,,,,,,,,,,,,270.651640206587,,,,,,
1234,,,,,,,,,,,,,,,,,,,,,,,,,,,,,,,,,,,761.0,,,112.6,,,,,,,,,,,,,214.023114702451,,,,,,,,,,,,,,,,,,,,,,288.854360079683,,,,,,
1233,,,,,,,,,,,,,,,,,,,,,,,,,,,,,,,,,,,863.0,,,44.4,,,,,,,,,,,,,281.680575805244,,,,,,,,,,,,,,,,,,,,,,343.212918407696,,,,,,
1232,,,,,,,,,,,,,,,,,,,,,,,,,,,,,,,,,,,682.0,,,63.4,,,,,,,,,,,,,259.156791426481,,,,,,,,,,,,,,,,,,,,,,216.880022132764,,,,,,
1231,,,,,,,,,,,,,,,,,,,,,,,,,,,,,,,,,,,523.0,,,68.2,,,,,,,,,,,,,168.869775744662,,,,,,,,,,,,,,,,,,,,,,289.35968660037,,,,,,
1230,,,,,,,,,,,,,,,,,,,,,,,,,,,,,,,,,,,449.0,,,93.2,,,,,,,,,,,,,270.415956642131,,,,,,,,,,,,,,,,,,,,,,289.568321401671,,,,,,
1229,,,,,,,,,,,,,,,,,,,,,,,,,,,,,,,,,,,633.0,,,124.7,,,,,,,,,,,,,202.775578037613,,,,,,,,,,,,,,,,,,,,,,326.023955780183,,,,,,
1228,,,,,,,,,,,,,,,,,,,,,,,,,,,,,,,,,,,649.0,,,97.1,,,,,,,,,,,,,338.126369002772,,,,,,,,,,,,,,,,,,,,,,290.020473774219,,,,,,
1227,,,,,,,,,,,,,,,,,,,,,,,,,,,,,,,,,,,450.0,,,76.8,,,,,,,,,,,,,225.369768853604,,,,,,,,,,,,,,,,,,,,,,272.058591928066,,,,,,
1226,,,,,,,,,,,,,,,,,,,,,,,,,,,,,,,,,,,922.0,,,72.1,,,,,,,,,,,,,180.265553019282,,,,,,,,,,,,,,,,,,,,,,163.311337468767,,,,,,
1225,,,,,,,,,,,,,,,,,,,,,,,,,,,,,,,,,,,777.0,,,76.4,,,,,,,,,,,,,202.835850881401,,,,,,,,,,,,,,,,,,,,,,308.699518827709,,,,,,
1224,,,,,,,,,,,,,,,,,,,,,,,,,,,,,,,,,,,808.0,,,94.1,,,,,,,,,,,,,236.743562214582,,,,,,,,,,,,,,,,,,,,,,272.624710230602,,,,,,
1223,,,,,,,,,,,,,,,,,,,,,,,,,,,,,,,,,,,669.0,,,88.0,,,,,,,,,,,,,248.094820430258,,,,,,,,,,,,,,,,,,,,,,327.443185928018,,,,,,
1222,,,,,,,,,,,,,,,,,,,,,,,,,,,,,,,,,,,651.0,,,95.8,,,,,,,,,,,,,169.081869687041,,,,,,,,,,,,,,,,,,,,,,182.02638040975,,,,,,
1221,,,,,,,,,,,,,,,,,,,,,,,,,,,,,,,,,,,645.0,,,104.0,,,,,,,,,,,,,292.951821696236,,,,,,,,,,,,,,,,,,,,,,400.711594934072,,,,,,
1220,,,,,,,,,,,,,,,,,,,,,,,,,,,,,,,,,,,744.0,,,86.7,,,,,,,,,,,,,203.113916345955,,,,,,,,,,,,,,,,,,,,,,346.390411344111,,,,,,
1219,,,,,,,,,,,,,,,,,,,,,,,,,,,,,,,,,,,727.0,,,69.5,,,,,,,,,,,,,304.43757401555,,,,,,,,,,,,,,,,,,,,,,273.632014842624,,,,,,
1218,,,,,,,,,,,,,,,,,,,,,,,,,,,,,,,,,,,972.0,,,84.1,,,,,,,,,,,,,270.659293332895,,,,,,,,,,,,,,,,,,,,,,419.958570992465,,,,,,
1217,,,,,,,,,,,,,,,,,,,,,,,,,,,,,,,,,,,620.0,,,92.3,,,,,,,,,,,,,180.383151472463,,,,,,,,,,,,,,,,,,,,,,164.453478455017,,,,,,
1216,,,,,,,,,,,,,,,,,,,,,,,,,,,,,,,,,,,806.0,,,95.8,,,,,,,,,,,,,225.54386019478,,,,,,,,,,,,,,,,,,,,,,219.370249517841,,,,,,
1215,,,,,,,,,,,,,,,,,,,,,,,,,,,,,,,,,,,890.0,,,95.8,,,,,,,,,,,,,327.10862122305,,,,,,,,,,,,,,,,,,,,,,475.710495705008,,,,,,
1214,,,,,,,,,,,,,,,,,,,,,,,,,,,,,,,,,,,482.0,,,94.1,,,,,,,,,,,,,203.003700268258,,,,,,,,,,,,,,,,,,,,,,219.795477085244,,,,,,
1213,,,,,,,,,,,,,,,,,,,,,,,,,,,,,,,,,,,685.0,,,103.1,,,,,,,,,,,,,203.118826867802,,,,,,,,,,,,,,,,,,,,,,219.910238528714,,,,,,
1212,,,,,,,,,,,,,,,,,,,,,,,,,,,,,,,,,,,697.0,,,113.9,,,,,,,,,,,,,191.788033208055,,,,,,,,,,,,,,,,,,,,,,366.733736936314,,,,,,
1211,,,,,,,,,,,,,,,,,,,,,,,,,,,,,,,,,,,850.0,,,103.6,,,,,,,,,,,,,236.966005678146,,,,,,,,,,,,,,,,,,,,,,403.775895989292,,,,,,
1210,,,,,,,,,,,,,,,,,,,,,,,,,,,,,,,,,,,826.0,,,76.4,,,,,,,,,,,,,338.362385879771,,,,,,,,,,,,,,,,,,,,,,275.480709103335,,,,,,
1209,,,,,,,,,,,,,,,,,,,,,,,,,,,,,,,,,,,616.0,,,98.4,,,,,,,,,,,,,282.186031507612,,,,,,,,,,,,,,,,,,,,,,165.378851638972,,,,,,
1208,,,,,,,,,,,,,,,,,,,,,,,,,,,,,,,,,,,667.0,,,109.2,,,,,,,,,,,,,214.337350630364,,,,,,,,,,,,,,,,,,,,,,294.199495656138,,,,,,
1207,,,,,,,,,,,,,,,,,,,,,,,,,,,,,,,,,,,650.0,,,105.7,,,,,,,,,,,,,293.473186306723,,,,,,,,,,,,,,,,,,,,,,349.673036092033,,,,,,
1206,,,,,,,,,,,,,,,,,,,,,,,,,,,,,,,,,,,558.0,,,95.4,,,,,,,,,,,,,248.312703847061,,,,,,,,,,,,,,,,,,,,,,276.268581120947,,,,,,
1205,,,,,,,,,,,,,,,,,,,,,,,,,,,,,,,,,,,715.0,,,77.7,,,,,,,,,,,,,361.207868941605,,,,,,,,,,,,,,,,,,,,,,221.111526215364,,,,,,
1204,,,,,,,,,,,,,,,,,,,,,,,,,,,,,,,,,,,661.0,,,66.9,,,,,,,,,,,,,248.360890487168,,,,,,,,,,,,,,,,,,,,,,258.132191772273,,,,,,
1203,,,,,,,,,,,,,,,,,,,,,,,,,,,,,,,,,,,695.0,,,59.5,,,,,,,,,,,,,259.731086005182,,,,,,,,,,,,,,,,,,,,,,221.41321920307,,,,,,
1202,,,,,,,,,,,,,,,,,,,,,,,,,,,,,,,,,,,1008.0,,,105.3,,,,,,,,,,,,,203.196516976568,,,,,,,,,,,,,,,,,,,,,,166.123022465429,,,,,,
1201,,,,,,,,,,,,,,,,,,,,,,,,,,,,,,,,,,,796.0,,,120.8,,,,,,,,,,,,,214.664337421709,,,,,,,,,,,,,,,,,,,,,,276.990334261319,,,,,,
1200,,,,,,,,,,,,,,,,,,,,,,,,,,,,,,,,,,,748.0,,,95.8,,,,,,,,,,,,,248.325765041585,,,,,,,,,,,,,,,,,,,,,,351.075659866605,,,,,,
1199,,,,,,,,,,,,,,,,,,,,,,,,,,,,,,,,,,,643.0,,,78.5,,,,,,,,,,,,,293.556617944188,,,,,,,,,,,,,,,,,,,,,,295.902552313352,,,,,,
1198,,,,,,,,,,,,,,,,,,,,,,,,,,,,,,,,,,,731.0,,,91.0,,,,,,,,,,,,,169.498180782223,,,,,,,,,,,,,,,,,,,,,,277.656058319428,,,,,,
1197,,,,,,,,,,,,,,,,,,,,,,,,,,,,,,,,,,,604.0,,,120.0,,,,,,,,,,,,,146.794218346522,,,,,,,,,,,,,,,,,,,,,,185.199215437093,,,,,,
1196,,,,,,,,,,,,,,,,,,,,,,,,,,,,,,,,,,,799.0,,,88.9,,,,,,,,,,,,,293.71033032963,,,,,,,,,,,,,,,,,,,,,,240.885668932607,,,,,,
1195,,,,,,,,,,,,,,,,,,,,,,,,,,,,,,,,,,,630.0,,,89.3,,,,,,,,,,,,,191.932080123311,,,,,,,,,,,,,,,,,,,,,,259.552096305999,,,,,,
1194,,,,,,,,,,,,,,,,,,,,,,,,,,,,,,,,,,,622.0,,,112.2,,,,,,,,,,,,,305.110965845828,,,,,,,,,,,,,,,,,,,,,,185.477875455291,,,,,,
1193,,,,,,,,,,,,,,,,,,,,,,,,,,,,,,,,,,,649.0,,,93.2,,,,,,,,,,,,,237.190448575171,,,,,,,,,,,,,,,,,,,,,,241.22668981351,,,,,,
1192,,,,,,,,,,,,,,,,,,,,,,,,,,,,,,,,,,,1013.0,,,93.6,,,,,,,,,,,,,226.053503584989,,,,,,,,,,,,,,,,,,,,,,352.812831746273,,,,,,
1191,,,,,,,,,,,,,,,,,,,,,,,,,,,,,,,,,,,692.0,,,157.5,,,,,,,,,,,,,248.583124911338,,,,,,,,,,,,,,,,,,,,,,167.233502368339,,,,,,
1190,,,,,,,,,,,,,,,,,,,,,,,,,,,,,,,,,,,750.0,,,208.8,,,,,,,,,,,,,304.996967685116,,,,,,,,,,,,,,,,,,,,,,241.667714633534,,,,,,
1189,,,,,,,,,,,,,,,,,,,,,,,,,,,,,,,,,,,577.0,,,153.2,,,,,,,,,,,,,203.484413185906,,,,,,,,,,,,,,,,,,,,,,241.775709219006,,,,,,
1188,,,,,,,,,,,,,,,,,,,,,,,,,,,,,,,,,,,543.0,,,148.0,,,,,,,,,,,,,214.755765531631,,,,,,,,,,,,,,,,,,,,,,558.36787856486,,,,,,
1187,,,,,,,,,,,,,,,,,,,,,,,,,,,,,,,,,,,670.0,,,126.0,,,,,,,,,,,,,293.903818425986,,,,,,,,,,,,,,,,,,,,,,428.50291307475,,,,,,
1186,,,,,,,,,,,,,,,,,,,,,,,,,,,,,,,,,,,792.0,,,66.9,,,,,,,,,,,,,293.82690174874,,,,,,,,,,,,,,,,,,,,,,223.716661938545,,,,,,
1185,,,,,,,,,,,,,,,,,,,,,,,,,,,,,,,,,,,788.0,,,80.3,,,,,,,,,,,,,226.069931352965,,,,,,,,,,,,,,,,,,,,,,186.497093521217,,,,,,
1184,,,,,,,,,,,,,,,,,,,,,,,,,,,,,,,,,,,771.0,,,79.0,,,,,,,,,,,,,203.557857189832,,,,,,,,,,,,,,,,,,,,,,391.864338909572,,,,,,
1183,,,,,,,,,,,,,,,,,,,,,,,,,,,,,,,,,,,477.0,,,57.4,,,,,,,,,,,,,146.8369442024,,,,,,,,,,,,,,,,,,,,,,298.763128740975,,,,,,
1182,,,,,,,,,,,,,,,,,,,,,,,,,,,,,,,,,,,630.0,,,71.6,,,,,,,,,,,,,282.737461558048,,,,,,,,,,,,,,,,,,,,,,224.197631822861,,,,,,
1181,,,,,,,,,,,,,,,,,,,,,,,,,,,,,,,,,,,449.0,,,78.5,,,,,,,,,,,,,260.127097677875,,,,,,,,,,,,,,,,,,,,,,243.01345917255,,,,,,
1180,,,,,,,,,,,,,,,,,,,,,,,,,,,,,,,,,,,619.0,,,93.2,,,,,,,,,,,,,214.875320024486,,,,,,,,,,,,,,,,,,,,,,224.438300445428,,,,,,
1179,,,,,,,,,,,,,,,,,,,,,,,,,,,,,,,,,,,740.0,,,85.9,,,,,,,,,,,,,248.68882434235,,,,,,,,,,,,,,,,,,,,,,224.528748403247,,,,,,
1178,,,,,,,,,,,,,,,,,,,,,,,,,,,,,,,,,,,601.0,,,78.5,,,,,,,,,,,,,226.171249068622,,,,,,,,,,,,,,,,,,,,,,262.062749068097,,,,,,
1177,,,,,,,,,,,,,,,,,,,,,,,,,,,,,,,,,,,577.0,,,135.9,,,,,,,,,,,,,294.107035032082,,,,,,,,,,,,,,,,,,,,,,262.245989566762,,,,,,
1176,,,,,,,,,,,,,,,,,,,,,,,,,,,,,,,,,,,794.0,,,120.8,,,,,,,,,,,,,226.205692675256,,,,,,,,,,,,,,,,,,,,,,318.634094587761,,,,,,
1175,,,,,,,,,,,,,,,,,,,,,,,,,,,,,,,,,,,678.0,,,77.2,,,,,,,,,,,,,214.949956802273,,,,,,,,,,,,,,,,,,,,,,225.052601502137,,,,,,
1174,,,,,,,,,,,,,,,,,,,,,,,,,,,,,,,,,,,924.0,,,76.8,,,,,,,,,,,,,180.943861791845,,,,,,,,,,,,,,,,,,,,,,225.163515663914,,,,,,
1173,,,,,,,,,,,,,,,,,,,,,,,,,,,,,,,,,,,698.0,,,132.5,,,,,,,,,,,,,237.618662368831,,,,,,,,,,,,,,,,,,,,,,187.722967570453,,,,,,
1172,,,,,,,,,,,,,,,,,,,,,,,,,,,,,,,,,,,523.0,,,156.6,,,,,,,,,,,,,226.362584673222,,,,,,,,,,,,,,,,,,,,,,187.803622691418,,,,,,
1171,,,,,,,,,,,,,,,,,,,,,,,,,,,,,,,,,,,651.0,,,122.1,,,,,,,,,,,,,158.223989005001,,,,,,,,,,,,,,,,,,,,,,281.855883744198,,,,,,
1170,,,,,,,,,,,,,,,,,,,,,,,,,,,,,,,,,,,846.0,,,81.1,,,,,,,,,,,,,192.462695107021,,,,,,,,,,,,,,,,,,,,,,169.198735791811,,,,,,
1169,,,,,,,,,,,,,,,,,,,,,,,,,,,,,,,,,,,674.0,,,50.1,,,,,,,,,,,,,260.218442128959,,,,,,,,,,,,,,,,,,,,,,300.935160645261,,,,,,
1168,,,,,,,,,,,,,,,,,,,,,,,,,,,,,,,,,,,589.0,,,99.7,,,,,,,,,,,,,260.341428714072,,,,,,,,,,,,,,,,,,,,,,338.754606431049,,,,,,
1167,,,,,,,,,,,,,,,,,,,,,,,,,,,,,,,,,,,632.0,,,125.6,,,,,,,,,,,,,237.602994584862,,,,,,,,,,,,,,,,,,,,,,188.296578640288,,,,,,
1166,,,,,,,,,,,,,,,,,,,,,,,,,,,,,,,,,,,624.0,,,90.6,,,,,,,,,,,,,226.446097334201,,,,,,,,,,,,,,,,,,,,,,169.526953630344,,,,,,
1165,,,,,,,,,,,,,,,,,,,,,,,,,,,,,,,,,,,878.0,,,84.6,,,,,,,,,,,,,260.291193095014,,,,,,,,,,,,,,,,,,,,,,169.581593456942,,,,,,
1164,,,,,,,,,,,,,,,,,,,,,,,,,,,,,,,,,,,677.0,,,94.9,,,,,,,,,,,,,203.714767937562,,,,,,,,,,,,,,,,,,,,,,245.074602972714,,,,,,
1163,,,,,,,,,,,,,,,,,,,,,,,,,,,,,,,,,,,878.0,,,110.0,,,,,,,,,,,,,158.509577002631,,,,,,,,,,,,,,,,,,,,,,226.410313898283,,,,,,
1162,,,,,,,,,,,,,,,,,,,,,,,,,,,,,,,,,,,659.0,,,95.4,,,,,,,,,,,,,339.702125774517,,,,,,,,,,,,,,,,,,,,,,358.764052181334,,,,,,
1161,,,,,,,,,,,,,,,,,,,,,,,,,,,,,,,,,,,661.0,,,60.4,,,,,,,,,,,,,215.13788222788,,,,,,,,,,,,,,,,,,,,,,302.364001083917,,,,,,
1160,,,,,,,,,,,,,,,,,,,,,,,,,,,,,,,,,,,836.0,,,90.6,,,,,,,,,,,,,226.430915440283,,,,,,,,,,,,,,,,,,,,,,302.562429899628,,,,,,
1159,,,,,,,,,,,,,,,,,,,,,,,,,,,,,,,,,,,767.0,,,116.1,,,,,,,,,,,,,260.39257567518,,,,,,,,,,,,,,,,,,,,,,227.03596814659,,,,,,
1158,,,,,,,,,,,,,,,,,,,,,,,,,,,,,,,,,,,707.0,,,97.5,,,,,,,,,,,,,169.844573186388,,,,,,,,,,,,,,,,,,,,,,189.261898523208,,,,,,
1157,,,,,,,,,,,,,,,,,,,,,,,,,,,,,,,,,,,601.0,,,95.4,,,,,,,,,,,,,294.478199765366,,,,,,,,,,,,,,,,,,,,,,340.814854880332,,,,,,
1156,,,,,,,,,,,,,,,,,,,,,,,,,,,,,,,,,,,568.0,,,76.4,,,,,,,,,,,,,226.490620848896,,,,,,,,,,,,,,,,,,,,,,435.77016142291,,,,,,
1155,,,,,,,,,,,,,,,,,,,,,,,,,,,,,,,,,,,603.0,,,88.5,,,,,,,,,,,,,249.176740344163,,,,,,,,,,,,,,,,,,,,,,436.125295081724,,,,,,
1154,,,,,,,,,,,,,,,,,,,,,,,,,,,,,,,,,,,722.0,,,104.4,,,,,,,,,,,,,271.868051929106,,,,,,,,,,,,,,,,,,,,,,132.814771700243,,,,,,
1153,,,,,,,,,,,,,,,,,,,,,,,,,,,,,,,,,,,612.0,,,85.9,,,,,,,,,,,,,169.798221127304,,,,,,,,,,,,,,,,,,,,,,227.772123094792,,,,,,
1152,,,,,,,,,,,,,,,,,,,,,,,,,,,,,,,,,,,499.0,,,68.2,,,,,,,,,,,,,305.967380548853,,,,,,,,,,,,,,,,,,,,,,531.842728741598,,,,,,
1151,,,,,,,,,,,,,,,,,,,,,,,,,,,,,,,,,,,788.0,,,79.0,,,,,,,,,,,,,237.854985215832,,,,,,,,,,,,,,,,,,,,,,304.137250504603,,,,,,
1150,,,,,,,,,,,,,,,,,,,,,,,,,,,,,,,,,,,702.0,,,105.3,,,,,,,,,,,,,249.3658303358,,,,,,,,,,,,,,,,,,,,,,304.313707975894,,,,,,
1149,,,,,,,,,,,,,,,,,,,,,,,,,,,,,,,,,,,695.0,,,144.5,,,,,,,,,,,,,317.221663620147,,,,,,,,,,,,,,,,,,,,,,171.243694536298,,,,,,
1148,,,,,,,,,,,,,,,,,,,,,,,,,,,,,,,,,,,339.0,,,111.3,,,,,,,,,,,,,192.645826534952,,,,,,,,,,,,,,,,,,,,,,133.219431794264,,,,,,
1147,,,,,,,,,,,,,,,,,,,,,,,,,,,,,,,,,,,518.0,,,42.7,,,,,,,,,,,,,237.92073622327,,,,,,,,,,,,,,,,,,,,,,247.48758316675,,,,,,
1146,,,,,,,,,,,,,,,,,,,,,,,,,,,,,,,,,,,518.0,,,43.2,,,,,,,,,,,,,238.039754054878,,,,,,,,,,,,,,,,,,,,,,209.527534385469,,,,,,
1145,,,,,,,,,,,,,,,,,,,,,,,,,,,,,,,,,,,877.0,,,35.4,,,,,,,,,,,,,226.659583720956,,,,,,,,,,,,,,,,,,,,,,190.585859507088,,,,,,
1144,,,,,,,,,,,,,,,,,,,,,,,,,,,,,,,,,,,1214.0,,,42.7,,,,,,,,,,,,,351.309980075666,,,,,,,,,,,,,,,,,,,,,,190.664926575776,,,,,,
1143,,,,,,,,,,,,,,,,,,,,,,,,,,,,,,,,,,,898.0,,,89.8,,,,,,,,,,,,,226.800652127906,,,,,,,,,,,,,,,,,,,,,,286.110491745373,,,,,,
1142,,,,,,,,,,,,,,,,,,,,,,,,,,,,,,,,,,,599.0,,,109.2,,,,,,,,,,,,,317.483050741505,,,,,,,,,,,,,,,,,,,,,,305.388485027365,,,,,,
1141,,,,,,,,,,,,,,,,,,,,,,,,,,,,,,,,,,,661.0,,,105.3,,,,,,,,,,,,,181.34249219913,,,,,,,,,,,,,,,,,,,,,,229.156424258885,,,,,,
1140,,,,,,,,,,,,,,,,,,,,,,,,,,,,,,,,,,,800.0,,,101.4,,,,,,,,,,,,,215.44570049718,,,,,,,,,,,,,,,,,,,,,,305.6843827655,,,,,,
1139,,,,,,,,,,,,,,,,,,,,,,,,,,,,,,,,,,,999.0,,,93.2,,,,,,,,,,,,,306.143570630266,,,,,,,,,,,,,,,,,,,,,,286.768222789831,,,,,,
1138,,,,,,,,,,,,,,,,,,,,,,,,,,,,,,,,,,,554.0,,,114.4,,,,,,,,,,,,,226.774464695949,,,,,,,,,,,,,,,,,,,,,,248.678970106305,,,,,,
1137,,,,,,,,,,,,,,,,,,,,,,,,,,,,,,,,,,,495.0,,,104.4,,,,,,,,,,,,,181.387562570867,,,,,,,,,,,,,,,,,,,,,,172.239880777745,,,,,,
1136,,,,,,,,,,,,,,,,,,,,,,,,,,,,,,,,,,,448.0,,,92.8,,,,,,,,,,,,,249.603285154607,,,,,,,,,,,,,,,,,,,,,,306.342308145677,,,,,,
1135,,,,,,,,,,,,,,,,,,,,,,,,,,,,,,,,,,,852.0,,,84.6,,,,,,,,,,,,,260.816309558558,,,,,,,,,,,,,,,,,,,,,,479.048471791531,,,,,,
1134,,,,,,,,,,,,,,,,,,,,,,,,,,,,,,,,,,,735.0,,,118.7,,,,,,,,,,,,,181.52454029048,,,,,,,,,,,,,,,,,,,,,,249.321171173555,,,,,,
1133,,,,,,,,,,,,,,,,,,,,,,,,,,,,,,,,,,,612.0,,,145.4,,,,,,,,,,,,,306.258576946263,,,,,,,,,,,,,,,,,,,,,,345.466896121329,,,,,,
1132,,,,,,,,,,,,,,,,,,,,,,,,,,,,,,,,,,,717.0,,,117.8,,,,,,,,,,,,,215.557635838734,,,,,,,,,,,,,,,,,,,,,,422.553419982114,,,,,,
1131,,,,,,,,,,,,,,,,,,,,,,,,,,,,,,,,,,,611.0,,,96.2,,,,,,,,,,,,,238.071067248028,,,,,,,,,,,,,,,,,,,,,,365.21198042695,,,,,,
1130,,,,,,,,,,,,,,,,,,,,,,,,,,,,,,,,,,,550.0,,,86.3,,,,,,,,,,,,,306.321813665406,,,,,,,,,,,,,,,,,,,,,,288.513669912386,,,,,,
1129,,,,,,,,,,,,,,,,,,,,,,,,,,,,,,,,,,,524.0,,,124.3,,,,,,,,,,,,,272.434939111952,,,,,,,,,,,,,,,,,,,,,,250.189661756263,,,,,,
1128,,,,,,,,,,,,,,,,,,,,,,,,,,,,,,,,,,,534.0,,,99.2,,,,,,,,,,,,,295.066180267453,,,,,,,,,,,,,,,,,,,,,,173.28811072654,,,,,,
1127,,,,,,,,,,,,,,,,,,,,,,,,,,,,,,,,,,,649.0,,,59.5,,,,,,,,,,,,,272.270271968742,,,,,,,,,,,,,,,,,,,,,,481.653402197385,,,,,,
1126,,,,,,,,,,,,,,,,,,,,,,,,,,,,,,,,,,,697.0,,,79.8,,,,,,,,,,,,,227.062161430773,,,,,,,,,,,,,,,,,,,,,,173.540714160881,,,,,,
1125,,,,,,,,,,,,,,,,,,,,,,,,,,,,,,,,,,,1001.0,,,76.4,,,,,,,,,,,,,283.613209123156,,,,,,,,,,,,,,,,,,,,,,270.096340390225,,,,,,
1124,,,,,,,,,,,,,,,,,,,,,,,,,,,,,,,,,,,696.0,,,94.5,,,,,,,,,,,,,238.504549077475,,,,,,,,,,,,,,,,,,,,,,231.642558028051,,,,,,
1123,,,,,,,,,,,,,,,,,,,,,,,,,,,,,,,,,,,742.0,,,111.3,,,,,,,,,,,,,204.28063296844,,,,,,,,,,,,,,,,,,,,,,463.612112839579,,,,,,
1122,,,,,,,,,,,,,,,,,,,,,,,,,,,,,,,,,,,577.0,,,94.9,,,,,,,,,,,,,204.290650196301,,,,,,,,,,,,,,,,,,,,,,270.621883296957,,,,,,
1121,,,,,,,,,,,,,,,,,,,,,,,,,,,,,,,,,,,472.0,,,103.6,,,,,,,,,,,,,215.714534465527,,,,,,,,,,,,,,,,,,,,,,270.756980997775,,,,,,
1120,,,,,,,,,,,,,,,,,,,,,,,,,,,,,,,,,,,465.0,,,137.6,,,,,,,,,,,,,272.487610196397,,,,,,,,,,,,,,,,,,,,,,193.482880942956,,,,,,
1119,,,,,,,,,,,,,,,,,,,,,,,,,,,,,,,,,,,580.0,,,138.5,,,,,,,,,,,,,170.288123746983,,,,,,,,,,,,,,,,,,,,,,367.770965091981,,,,,,
1118,,,,,,,,,,,,,,,,,,,,,,,,,,,,,,,,,,,742.0,,,104.4,,,,,,,,,,,,,283.933323224757,,,,,,,,,,,,,,,,,,,,,,174.298463139493,,,,,,
1117,,,,,,,,,,,,,,,,,,,,,,,,,,,,,,,,,,,609.0,,,87.6,,,,,,,,,,,,,306.477181384791,,,,,,,,,,,,,,,,,,,,,,193.745974253321,,,,,,
1116,,,,,,,,,,,,,,,,,,,,,,,,,,,,,,,,,,,1003.0,,,84.1,,,,,,,,,,,,,272.560559299597,,,,,,,,,,,,,,,,,,,,,,290.811950536608,,,,,,
1115,,,,,,,,,,,,,,,,,,,,,,,,,,,,,,,,,,,829.0,,,107.9,,,,,,,,,,,,,238.428319229952,,,,,,,,,,,,,,,,,,,,,,291.032984551431,,,,,,
1114,,,,,,,,,,,,,,,,,,,,,,,,,,,,,,,,,,,557.0,,,117.4,,,,,,,,,,,,,261.280935816966,,,,,,,,,,,,,,,,,,,,,,368.948682606234,,,,,,
1113,,,,,,,,,,,,,,,,,,,,,,,,,,,,,,,,,,,867.0,,,103.6,,,,,,,,,,,,,238.458704358203,,,,,,,,,,,,,,,,,,,,,,369.277436053744,,,,,,
1112,,,,,,,,,,,,,,,,,,,,,,,,,,,,,,,,,,,568.0,,,130.7,,,,,,,,,,,,,181.682094429862,,,,,,,,,,,,,,,,,,,,,,194.450078402101,,,,,,
1111,,,,,,,,,,,,,,,,,,,,,,,,,,,,,,,,,,,1024.0,,,129.4,,,,,,,,,,,,,159.159423558217,,,,,,,,,,,,,,,,,,,,,,175.071357087441,,,,,,
1110,,,,,,,,,,,,,,,,,,,,,,,,,,,,,,,,,,,528.0,,,84.1,,,,,,,,,,,,,193.116790687281,,,,,,,,,,,,,,,,,,,,,,350.369877075848,,,,,,
1109,,,,,,,,,,,,,,,,,,,,,,,,,,,,,,,,,,,630.0,,,67.3,,,,,,,,,,,,,261.241386319425,,,,,,,,,,,,,,,,,,,,,,331.174110048605,,,,,,
1108,,,,,,,,,,,,,,,,,,,,,,,,,,,,,,,,,,,788.0,,,79.4,,,,,,,,,,,,,181.81969161443,,,,,,,,,,,,,,,,,,,,,,175.407061910799,,,,,,
1107,,,,,,,,,,,,,,,,,,,,,,,,,,,,,,,,,,,851.0,,,96.7,,,,,,,,,,,,,272.588993603478,,,,,,,,,,,,,,,,,,,,,,292.461114386172,,,,,,
1106,,,,,,,,,,,,,,,,,,,,,,,,,,,,,,,,,,,720.0,,,90.6,,,,,,,,,,,,,238.751619183401,,,,,,,,,,,,,,,,,,,,,,214.568566163565,,,,,,
1105,,,,,,,,,,,,,,,,,,,,,,,,,,,,,,,,,,,703.0,,,79.4,,,,,,,,,,,,,215.812717301927,,,,,,,,,,,,,,,,,,,,,,214.660411735371,,,,,,
1104,,,,,,,,,,,,,,,,,,,,,,,,,,,,,,,,,,,650.0,,,94.1,,,,,,,,,,,,,238.67428880706,,,,,,,,,,,,,,,,,,,,,,488.252993706066,,,,,,
1103,,,,,,,,,,,,,,,,,,,,,,,,,,,,,,,,,,,452.0,,,116.1,,,,,,,,,,,,,272.758671984484,,,,,,,,,,,,,,,,,,,,,,351.869472351967,,,,,,
1102,,,,,,,,,,,,,,,,,,,,,,,,,,,,,,,,,,,697.0,,,154.5,,,,,,,,,,,,,215.851947295291,,,,,,,,,,,,,,,,,,,,,,156.464855703376,,,,,,
1101,,,,,,,,,,,,,,,,,,,,,,,,,,,,,,,,,,,578.0,,,210.6,,,,,,,,,,,,,227.290335099531,,,,,,,,,,,,,,,,,,,,,,352.22277770169,,,,,,
1100,,,,,,,,,,,,,,,,,,,,,,,,,,,,,,,,,,,541.0,,,189.4,,,,,,,,,,,,,181.903294145849,,,,,,,,,,,,,,,,,,,,,,137.037301024101,,,,,,
1099,,,,,,,,,,,,,,,,,,,,,,,,,,,,,,,,,,,534.0,,,107.9,,,,,,,,,,,,,261.389563965128,,,,,,,,,,,,,,,,,,,,,,293.773290336039,,,,,,
1098,,,,,,,,,,,,,,,,,,,,,,,,,,,,,,,,,,,988.0,,,72.5,,,,,,,,,,,,,215.898085516212,,,,,,,,,,,,,,,,,,,,,,254.71343450368,,,,,,
1097,,,,,,,,,,,,,,,,,,,,,,,,,,,,,,,,,,,561.0,,,95.8,,,,,,,,,,,,,295.606238066957,,,,,,,,,,,,,,,,,,,,,,294.034550536995,,,,,,
1096,,,,,,,,,,,,,,,,,,,,,,,,,,,,,,,,,,,644.0,,,107.9,,,,,,,,,,,,,261.648514043688,,,,,,,,,,,,,,,,,,,,,,294.195426914233,,,,,,
1095,,,,,,,,,,,,,,,,,,,,,,,,,,,,,,,,,,,916.0,,,85.9,,,,,,,,,,,,,284.113231804666,,,,,,,,,,,,,,,,,,,,,,333.599123737332,,,,,,
1094,,,,,,,,,,,,,,,,,,,,,,,,,,,,,,,,,,,799.0,,,80.7,,,,,,,,,,,,,227.38836348802,,,,,,,,,,,,,,,,,,,,,,353.424008941796,,,,,,
1093,,,,,,,,,,,,,,,,,,,,,,,,,,,,,,,,,,,952.0,,,65.2,,,,,,,,,,,,,216.175925540227,,,,,,,,,,,,,,,,,,,,,,235.753151639285,,,,,,
1092,,,,,,,,,,,,,,,,,,,,,,,,,,,,,,,,,,,746.0,,,68.2,,,,,,,,,,,,,193.112442814949,,,,,,,,,,,,,,,,,,,,,,196.521617429794,,,,,,
1091,,,,,,,,,,,,,,,,,,,,,,,,,,,,,,,,,,,691.0,,,75.1,,,,,,,,,,,,,216.196390764077,,,,,,,,,,,,,,,,,,,,,,255.567348990404,,,,,,
1090,,,,,,,,,,,,,,,,,,,,,,,,,,,,,,,,,,,593.0,,,57.8,,,,,,,,,,,,,170.57392531969,,,,,,,,,,,,,,,,,,,,,,236.001762301362,,,,,,
1089,,,,,,,,,,,,,,,,,,,,,,,,,,,,,,,,,,,834.0,,,80.7,,,,,,,,,,,,,182.014805249789,,,,,,,,,,,,,,,,,,,,,,236.100544777501,,,,,,
1088,,,,,,,,,,,,,,,,,,,,,,,,,,,,,,,,,,,660.0,,,86.7,,,,,,,,,,,,,216.119940184292,,,,,,,,,,,,,,,,,,,,,,393.725108083055,,,,,,
1087,,,,,,,,,,,,,,,,,,,,,,,,,,,,,,,,,,,585.0,,,88.9,,,,,,,,,,,,,250.126935549071,,,,,,,,,,,,,,,,,,,,,,216.658901784806,,,,,,
1086,,,,,,,,,,,,,,,,,,,,,,,,,,,,,,,,,,,438.0,,,96.7,,,,,,,,,,,,,204.811700519057,,,,,,,,,,,,,,,,,,,,,,256.150169662407,,,,,,
1085,,,,,,,,,,,,,,,,,,,,,,,,,,,,,,,,,,,391.0,,,110.0,,,,,,,,,,,,,273.028874877008,,,,,,,,,,,,,,,,,,,,,,335.139993375737,,,,,,
1084,,,,,,,,,,,,,,,,,,,,,,,,,,,,,,,,,,,633.0,,,110.5,,,,,,,,,,,,,272.943847267135,,,,,,,,,,,,,,,,,,,,,,236.69924649973,,,,,,
1083,,,,,,,,,,,,,,,,,,,,,,,,,,,,,,,,,,,683.0,,,116.1,,,,,,,,,,,,,284.50569657132,,,,,,,,,,,,,,,,,,,,,,236.816321604763,,,,,,
1082,,,,,,,,,,,,,,,,,,,,,,,,,,,,,,,,,,,577.0,,,109.6,,,,,,,,,,,,,273.086629453428,,,,,,,,,,,,,,,,,,,,,,197.429763588591,,,,,,
1081,,,,,,,,,,,,,,,,,,,,,,,,,,,,,,,,,,,621.0,,,103.6,,,,,,,,,,,,,181.998310640092,,,,,,,,,,,,,,,,,,,,,,158.002798908996,,,,,,
1080,,,,,,,,,,,,,,,,,,,,,,,,,,,,,,,,,,,687.0,,,121.3,,,,,,,,,,,,,193.550214165312,,,,,,,,,,,,,,,,,,,,,,158.062752382161,,,,,,
1079,,,,,,,,,,,,,,,,,,,,,,,,,,,,,,,,,,,660.0,,,82.4,,,,,,,,,,,,,204.791796870161,,,,,,,,,,,,,,,,,,,,,,237.196192542908,,,,,,
1078,,,,,,,,,,,,,,,,,,,,,,,,,,,,,,,,,,,534.0,,,120.8,,,,,,,,,,,,,307.155135799263,,,,,,,,,,,,,,,,,,,,,,237.289957194958,,,,,,
1077,,,,,,,,,,,,,,,,,,,,,,,,,,,,,,,,,,,521.0,,,144.5,,,,,,,,,,,,,216.364482521352,,,,,,,,,,,,,,,,,,,,,,316.532560694779,,,,,,
1076,,,,,,,,,,,,,,,,,,,,,,,,,,,,,,,,,,,806.0,,,118.2,,,,,,,,,,,,,193.280767562756,,,,,,,,,,,,,,,,,,,,,,178.134821394476,,,,,,
1075,,,,,,,,,,,,,,,,,,,,,,,,,,,,,,,,,,,551.0,,,115.6,,,,,,,,,,,,,273.292244683343,,,,,,,,,,,,,,,,,,,,,,316.864361593586,,,,,,
1074,,,,,,,,,,,,,,,,,,,,,,,,,,,,,,,,,,,727.0,,,93.2,,,,,,,,,,,,,364.350685238827,,,,,,,,,,,,,,,,,,,,,,237.811667389938,,,,,,
1073,,,,,,,,,,,,,,,,,,,,,,,,,,,,,,,,,,,845.0,,,83.3,,,,,,,,,,,,,216.212698586682,,,,,,,,,,,,,,,,,,,,,,297.45055962573,,,,,,
1072,,,,,,,,,,,,,,,,,,,,,,,,,,,,,,,,,,,488.0,,,88.5,,,,,,,,,,,,,182.09293501374,,,,,,,,,,,,,,,,,,,,,,198.401693035609,,,,,,
1071,,,,,,,,,,,,,,,,,,,,,,,,,,,,,,,,,,,747.0,,,100.1,,,,,,,,,,,,,330.285399168562,,,,,,,,,,,,,,,,,,,,,,238.175842838027,,,,,,
1070,,,,,,,,,,,,,,,,,,,,,,,,,,,,,,,,,,,847.0,,,186.0,,,,,,,,,,,,,204.907130131031,,,,,,,,,,,,,,,,,,,,,,198.580065795372,,,,,,
1069,,,,,,,,,,,,,,,,,,,,,,,,,,,,,,,,,,,655.0,,,186.8,,,,,,,,,,,,,295.983459758235,,,,,,,,,,,,,,,,,,,,,,258.301311697414,,,,,,
1068,,,,,,,,,,,,,,,,,,,,,,,,,,,,,,,,,,,810.0,,,110.5,,,,,,,,,,,,,261.969988076132,,,,,,,,,,,,,,,,,,,,,,178.897686909893,,,,,,
1067,,,,,,,,,,,,,,,,,,,,,,,,,,,,,,,,,,,592.0,,,112.2,,,,,,,,,,,,,250.432826273284,,,,,,,,,,,,,,,,,,,,,,318.168234519743,,,,,,
1066,,,,,,,,,,,,,,,,,,,,,,,,,,,,,,,,,,,631.0,,,111.8,,,,,,,,,,,,,193.715520076055,,,,,,,,,,,,,,,,,,,,,,497.561027374142,,,,,,
1065,,,,,,,,,,,,,,,,,,,,,,,,,,,,,,,,,,,912.0,,,106.1,,,,,,,,,,,,,216.313504257968,,,,,,,,,,,,,,,,,,,,,,298.778175498917,,,,,,
1064,,,,,,,,,,,,,,,,,,,,,,,,,,,,,,,,,,,666.0,,,105.7,,,,,,,,,,,,,250.679374384549,,,,,,,,,,,,,,,,,,,,,,259.082187066965,,,,,,
1063,,,,,,,,,,,,,,,,,,,,,,,,,,,,,,,,,,,519.0,,,130.7,,,,,,,,,,,,,193.536966536527,,,,,,,,,,,,,,,,,,,,,,319.078112463393,,,,,,
1062,,,,,,,,,,,,,,,,,,,,,,,,,,,,,,,,,,,555.0,,,146.3,,,,,,,,,,,,,273.402986972487,,,,,,,,,,,,,,,,,,,,,,279.342074732922,,,,,,
1061,,,,,,,,,,,,,,,,,,,,,,,,,,,,,,,,,,,676.0,,,118.2,,,,,,,,,,,,,284.771241651563,,,,,,,,,,,,,,,,,,,,,,259.50277208035,,,,,,
1060,,,,,,,,,,,,,,,,,,,,,,,,,,,,,,,,,,,814.0,,,104.4,,,,,,,,,,,,,341.857182602186,,,,,,,,,,,,,,,,,,,,,,199.693397110739,,,,,,
1059,,,,,,,,,,,,,,,,,,,,,,,,,,,,,,,,,,,553.0,,,113.9,,,,,,,,,,,,,250.658577253877,,,,,,,,,,,,,,,,,,,,,,179.77798329308,,,,,,
1058,,,,,,,,,,,,,,,,,,,,,,,,,,,,,,,,,,,608.0,,,131.6,,,,,,,,,,,,,239.217492911873,,,,,,,,,,,,,,,,,,,,,,139.86614006223,,,,,,
1057,,,,,,,,,,,,,,,,,,,,,,,,,,,,,,,,,,,982.0,,,123.0,,,,,,,,,,,,,262.14487106993,,,,,,,,,,,,,,,,,,,,,,219.851606862187,,,,,,
1056,,,,,,,,,,,,,,,,,,,,,,,,,,,,,,,,,,,726.0,,,104.0,,,,,,,,,,,,,227.892951739256,,,,,,,,,,,,,,,,,,,,,,199.950722749112,,,,,,
1055,,,,,,,,,,,,,,,,,,,,,,,,,,,,,,,,,,,560.0,,,87.2,,,,,,,,,,,,,296.133956775576,,,,,,,,,,,,,,,,,,,,,,240.067693301811,,,,,,
1054,,,,,,,,,,,,,,,,,,,,,,,,,,,,,,,,,,,604.0,,,62.6,,,,,,,,,,,,,228.234599495198,,,,,,,,,,,,,,,,,,,,,,280.230769143934,,,,,,
1053,,,,,,,,,,,,,,,,,,,,,,,,,,,,,,,,,,,755.0,,,74.7,,,,,,,,,,,,,330.447415980952,,,,,,,,,,,,,,,,,,,,,,240.333111564155,,,,,,
1052,,,,,,,,,,,,,,,,,,,,,,,,,,,,,,,,,,,631.0,,,69.5,,,,,,,,,,,,,216.493066156307,,,,,,,,,,,,,,,,,,,,,,260.501545162201,,,,,,
1051,,,,,,,,,,,,,,,,,,,,,,,,,,,,,,,,,,,793.0,,,60.4,,,,,,,,,,,,,296.420094618782,,,,,,,,,,,,,,,,,,,,,,160.370567586493,,,,,,
1050,,,,,,,,,,,,,,,,,,,,,,,,,,,,,,,,,,,729.0,,,71.2,,,,,,,,,,,,,227.981880098045,,,,,,,,,,,,,,,,,,,,,,220.589814468078,,,,,,
1049,,,,,,,,,,,,,,,,,,,,,,,,,,,,,,,,,,,494.0,,,120.8,,,,,,,,,,,,,319.279439861305,,,,,,,,,,,,,,,,,,,,,,240.7440337374,,,,,,
1048,,,,,,,,,,,,,,,,,,,,,,,,,,,,,,,,,,,870.0,,,120.4,,,,,,,,,,,,,228.012526379752,,,,,,,,,,,,,,,,,,,,,,301.079428503363,,,,,,
1047,,,,,,,,,,,,,,,,,,,,,,,,,,,,,,,,,,,646.0,,,110.5,,,,,,,,,,,,,250.848746443684,,,,,,,,,,,,,,,,,,,,,,301.253993760978,,,,,,
1046,,,,,,,,,,,,,,,,,,,,,,,,,,,,,,,,,,,842.0,,,122.6,,,,,,,,,,,,,205.212781131792,,,,,,,,,,,,,,,,,,,,,,261.237660730054,,,,,,
1045,,,,,,,,,,,,,,,,,,,,,,,,,,,,,,,,,,,656.0,,,95.4,,,,,,,,,,,,,193.86103176357,,,,,,,,,,,,,,,,,,,,,,382.053083155896,,,,,,
1044,,,,,,,,,,,,,,,,,,,,,,,,,,,,,,,,,,,850.0,,,88.9,,,,,,,,,,,,,250.989817809559,,,,,,,,,,,,,,,,,,,,,,201.202377230383,,,,,,
1043,,,,,,,,,,,,,,,,,,,,,,,,,,,,,,,,,,,788.0,,,96.7,,,,,,,,,,,,,273.625428410775,,,,,,,,,,,,,,,,,,,,,,221.410985662159,,,,,,
1042,,,,,,,,,,,,,,,,,,,,,,,,,,,,,,,,,,,787.0,,,86.7,,,,,,,,,,,,,342.136565149905,,,,,,,,,,,,,,,,,,,,,,281.914402691838,,,,,,
1041,,,,,,,,,,,,,,,,,,,,,,,,,,,,,,,,,,,584.0,,,55.2,,,,,,,,,,,,,330.802356588929,,,,,,,,,,,,,,,,,,,,,,241.804423424783,,,,,,
1040,,,,,,,,,,,,,,,,,,,,,,,,,,,,,,,,,,,749.0,,,41.9,,,,,,,,,,,,,285.264884920092,,,,,,,,,,,,,,,,,,,,,,161.271909535669,,,,,,
1039,,,,,,,,,,,,,,,,,,,,,,,,,,,,,,,,,,,859.0,,,79.8,,,,,,,,,,,,,239.508356616932,,,,,,,,,,,,,,,,,,,,,,161.321298380304,,,,,,
1038,,,,,,,,,,,,,,,,,,,,,,,,,,,,,,,,,,,685.0,,,86.7,,,,,,,,,,,,,216.788799807335,,,,,,,,,,,,,,,,,,,,,,181.555836600781,,,,,,
1037,,,,,,,,,,,,,,,,,,,,,,,,,,,,,,,,,,,633.0,,,56.5,,,,,,,,,,,,,239.533360605969,,,,,,,,,,,,,,,,,,,,,,302.777182406164,,,,,,
1036,,,,,,,,,,,,,,,,,,,,,,,,,,,,,,,,,,,656.0,,,50.1,,,,,,,,,,,,,319.538711628722,,,,,,,,,,,,,,,,,,,,,,201.964214050044,,,,,,
1035,,,,,,,,,,,,,,,,,,,,,,,,,,,,,,,,,,,482.0,,,75.5,,,,,,,,,,,,,285.249490356682,,,,,,,,,,,,,,,,,,,,,,242.463812759409,,,,,,
1034,,,,,,,,,,,,,,,,,,,,,,,,,,,,,,,,,,,688.0,,,114.8,,,,,,,,,,,,,205.370573351005,,,,,,,,,,,,,,,,,,,,,,242.571710758697,,,,,,
1033,,,,,,,,,,,,,,,,,,,,,,,,,,,,,,,,,,,642.0,,,116.1,,,,,,,,,,,,,239.697962941827,,,,,,,,,,,,,,,,,,,,,,222.451033755049,,,,,,
1032,,,,,,,,,,,,,,,,,,,,,,,,,,,,,,,,,,,566.0,,,128.6,,,,,,,,,,,,,228.236454687175,,,,,,,,,,,,,,,,,,,,,,303.477331175096,,,,,,
1031,,,,,,,,,,,,,,,,,,,,,,,,,,,,,,,,,,,557.0,,,115.2,,,,,,,,,,,,,262.466131790082,,,,,,,,,,,,,,,,,,,,,,263.173871661762,,,,,,
1030,,,,,,,,,,,,,,,,,,,,,,,,,,,,,,,,,,,737.0,,,83.7,,,,,,,,,,,,,216.890867562159,,,,,,,,,,,,,,,,,,,,,,445.707248796064,,,,,,
1029,,,,,,,,,,,,,,,,,,,,,,,,,,,,,,,,,,,567.0,,,88.9,,,,,,,,,,,,,239.64606749259,,,,,,,,,,,,,,,,,,,,,,425.760856706285,,,,,,
1028,,,,,,,,,,,,,,,,,,,,,,,,,,,,,,,,,,,807.0,,,102.7,,,,,,,,,,,,,285.464820185182,,,,,,,,,,,,,,,,,,,,,,81.1331783231566,,,,,,
1027,,,,,,,,,,,,,,,,,,,,,,,,,,,,,,,,,,,589.0,,,100.5,,,,,,,,,,,,,251.154277466872,,,,,,,,,,,,,,,,,,,,,,304.366459285523,,,,,,
1026,,,,,,,,,,,,,,,,,,,,,,,,,,,,,,,,,,,600.0,,,112.2,,,,,,,,,,,,,228.420111930651,,,,,,,,,,,,,,,,,,,,,,304.54661766929,,,,,,
1025,,,,,,,,,,,,,,,,,,,,,,,,,,,,,,,,,,,653.0,,,128.6,,,,,,,,,,,,,239.598280075818,,,,,,,,,,,,,,,,,,,,,,203.123672394287,,,,,,
1024,,,,,,,,,,,,,,,,,,,,,,,,,,,,,,,,,,,670.0,,,114.8,,,,,,,,,,,,,274.156304707365,,,,,,,,,,,,,,,,,,,,,,386.125626006161,,,,,,
1023,,,,,,,,,,,,,,,,,,,,,,,,,,,,,,,,,,,511.0,,,123.0,,,,,,,,,,,,,216.978877289067,,,,,,,,,,,,,,,,,,,,,,122.000800642432,,,,,,
1022,,,,,,,,,,,,,,,,,,,,,,,,,,,,,,,,,,,855.0,,,166.1,,,,,,,,,,,,,228.366284611467,,,,,,,,,,,,,,,,,,,,,,325.513121782005,,,,,,
1021,,,,,,,,,,,,,,,,,,,,,,,,,,,,,,,,,,,701.0,,,144.1,,,,,,,,,,,,,285.475137007329,,,,,,,,,,,,,,,,,,,,,,366.456747986039,,,,,,
1020,,,,,,,,,,,,,,,,,,,,,,,,,,,,,,,,,,,666.0,,,110.9,,,,,,,,,,,,,239.876688064194,,,,,,,,,,,,,,,,,,,,,,264.812556865509,,,,,,
1019,,,,,,,,,,,,,,,,,,,,,,,,,,,,,,,,,,,469.0,,,121.7,,,,,,,,,,,,,194.060994279186,,,,,,,,,,,,,,,,,,,,,,346.528938390294,,,,,,
1018,,,,,,,,,,,,,,,,,,,,,,,,,,,,,,,,,,,560.0,,,94.9,,,,,,,,,,,,,194.173328474747,,,,,,,,,,,,,,,,,,,,,,183.554297791012,,,,,,
1017,,,,,,,,,,,,,,,,,,,,,,,,,,,,,,,,,,,690.0,,,53.1,,,,,,,,,,,,,205.665474652022,,,,,,,,,,,,,,,,,,,,,,244.828212851965,,,,,,
1016,,,,,,,,,,,,,,,,,,,,,,,,,,,,,,,,,,,692.0,,,,,,,,,,,,,,,,319.897552037599,,,,,,,,,,,,,,,,,,,,,,265.347676781661,,,,,,
1015,,,,,,,,,,,,,,,,,,,,,,,,,,,,,,,,,,,546.0,,,,,,,,,,,,,,,,217.072303229647,,,,,,,,,,,,,,,,,,,,,,163.347794686395,,,,,,
1014,,,,,,,,,,,,,,,,,,,,,,,,,,,,,,,,,,,634.0,,,,,,,,,,,,,,,,273.992331007658,,,,,,,,,,,,,,,,,,,,,,306.411188188102,,,,,,
1013,,,,,,,,,,,,,,,,,,,,,,,,,,,,,,,,,,,608.0,,,,,,,,,,,,,,,,182.949411378837,,,,,,,,,,,,,,,,,,,,,,143.050077737583,,,,,,
1012,,,,,,,,,,,,,,,,,,,,,,,,,,,,,,,,,,,892.0,,,,,,,,,,,,,,,,216.896151901232,,,,,,,,,,,,,,,,,,,,,,183.975186192696,,,,,,
1011,,,,,,,,,,,,,,,,,,,,,,,,,,,,,,,,,,,753.0,,,,,,,,,,,,,,,,319.986605043802,,,,,,,,,,,,,,,,,,,,,,265.85855781046,,,,,,
1010,,,,,,,,,,,,,,,,,,,,,,,,,,,,,,,,,,,789.0,,,,,,,,,,,,,,,,240.006111943723,,,,,,,,,,,,,,,,,,,,,,388.87891633114,,,,,,
1009,,,,,,,,,,,,,,,,,,,,,,,,,,,,,,,,,,,742.0,,,,,,,,,,,,,,,,331.519597889945,,,,,,,,,,,,,,,,,,,,,,327.708495751235,,,,,,
1008,,,,,,,,,,,,,,,,,,,,,,,,,,,,,,,,,,,613.0,,,,,,,,,,,,,,,,342.724670012132,,,,,,,,,,,,,,,,,,,,,,307.381082456476,,,,,,
1007,,,,,,,,,,,,,,,,,,,,,,,,,,,,,,,,,,,743.0,,,,,,,,,,,,,,,,308.592191628788,,,,,,,,,,,,,,,,,,,,,,328.055971331414,,,,,,
1006,,,,,,,,,,,,,,,,,,,,,,,,,,,,,,,,,,,733.0,,,,,,,,,,,,,,,,297.227473173815,,,,,,,,,,,,,,,,,,,,,,348.761462890201,,,,,,
1005,,,,,,,,,,,,,,,,,,,,,,,,,,,,,,,,,,,570.0,,,,,,,,,,,,,,,,205.720546519199,,,,,,,,,,,,,,,,,,,,,,266.93090810692,,,,,,
1004,,,,,,,,,,,,,,,,,,,,,,,,,,,,,,,,,,,948.0,,,,,,,,,,,,,,,,217.223255933334,,,,,,,,,,,,,,,,,,,,,,164.365461200652,,,,,,
1003,,,,,,,,,,,,,,,,,,,,,,,,,,,,,,,,,,,683.0,,,,,,,,,,,,,,,,274.391737033404,,,,,,,,,,,,,,,,,,,,,,308.340010406201,,,,,,
1002,,,,,,,,,,,,,,,,,,,,,,,,,,,,,,,,,,,725.0,,,,,,,,,,,,,,,,342.963438928045,,,,,,,,,,,,,,,,,,,,,,308.521173818889,,,,,,
1001,,,,,,,,,,,,,,,,,,,,,,,,,,,,,,,,,,,674.0,,,,,,,,,,,,,,,,251.441060276328,,,,,,,,,,,,,,,,,,,,,,411.655082376212,,,,,,
1000,,,,,,,,,,,,,,,,,,,,,,,,,,,,,,,,,,,945.0,,,,,,,,,,,,,,,,217.383614522323,,,,,,,,,,,,,,,,,,,,,,391.344347127582,,,,,,
999,,,,,,,,,,,,,,,,,,,,,,,,,,,,,,,,,,,654.0,,,,,,,,,,,,,,,,240.074814143571,,,,,,,,,,,,,,,,,,,,,,164.879592889564,,,,,,
998,,,,,,,,,,,,,,,,,,,,,,,,,,,,,,,,,,,468.0,,,,,,,,,,,,,,,,217.405781472055,,,,,,,,,,,,,,,,,,,,,,268.038759806151,,,,,,
997,,,,,,,,,,,,,,,,,,,,,,,,,,,,,,,,,,,645.0,,,,,,,,,,,,,,,,228.600871414653,,,,,,,,,,,,,,,,,,,,,,247.519481104402,,,,,,
996,,,,,,,,,,,,,,,,,,,,,,,,,,,,,,,,,,,735.0,,,,,,,,,,,,,,,,217.427134406079,,,,,,,,,,,,,,,,,,,,,,330.242797829711,,,,,,
995,,,,,,,,,,,,,,,,,,,,,,,,,,,,,,,,,,,681.0,,,,,,,,,,,,,,,,251.517883665356,,,,,,,,,,,,,,,,,,,,,,309.815121284412,,,,,,
994,,,,,,,,,,,,,,,,,,,,,,,,,,,,,,,,,,,738.0,,,,,,,,,,,,,,,,308.825169958203,,,,,,,,,,,,,,,,,,,,,,206.67974200022,,,,,,
993,,,,,,,,,,,,,,,,,,,,,,,,,,,,,,,,,,,584.0,,,,,,,,,,,,,,,,263.157130669492,,,,,,,,,,,,,,,,,,,,,,310.193901689999,,,,,,
992,,,,,,,,,,,,,,,,,,,,,,,,,,,,,,,,,,,315.0,,,,,,,,,,,,,,,,228.66780470979,,,,,,,,,,,,,,,,,,,,,,206.916384052106,,,,,,
991,,,,,,,,,,,,,,,,,,,,,,,,,,,,,,,,,,,409.0,,,,,,,,,,,,,,,,206.09304287245,,,,,,,,,,,,,,,,,,,,,,248.418541958802,,,,,,
990,,,,,,,,,,,,,,,,,,,,,,,,,,,,,,,,,,,608.0,,,,,,,,,,,,,,,,263.09348996072,,,,,,,,,,,,,,,,,,,,,,248.528454211587,,,,,,
989,,,,,,,,,,,,,,,,,,,,,,,,,,,,,,,,,,,840.0,,,,,,,,,,,,,,,,251.605939671023,,,,,,,,,,,,,,,,,,,,,,165.743032779129,,,,,,
988,,,,,,,,,,,,,,,,,,,,,,,,,,,,,,,,,,,555.0,,,,,,,,,,,,,,,,229.030255796318,,,,,,,,,,,,,,,,,,,,,,227.956834115326,,,,,,
987,,,,,,,,,,,,,,,,,,,,,,,,,,,,,,,,,,,655.0,,,,,,,,,,,,,,,,240.232880785537,,,,,,,,,,,,,,,,,,,,,,145.116245080677,,,,,,
986,,,,,,,,,,,,,,,,,,,,,,,,,,,,,,,,,,,644.0,,,,,,,,,,,,,,,,240.245850991058,,,,,,,,,,,,,,,,,,,,,,311.104190279053,,,,,,
985,,,,,,,,,,,,,,,,,,,,,,,,,,,,,,,,,,,709.0,,,,,,,,,,,,,,,,251.869521895752,,,,,,,,,,,,,,,,,,,,,,145.247192633059,,,,,,
984,,,,,,,,,,,,,,,,,,,,,,,,,,,,,,,,,,,848.0,,,,,,,,,,,,,,,,217.363870924759,,,,,,,,,,,,,,,,,,,,,,186.822952095577,,,,,,
983,,,,,,,,,,,,,,,,,,,,,,,,,,,,,,,,,,,941.0,,,,,,,,,,,,,,,,251.79120337114,,,,,,,,,,,,,,,,,,,,,,270.027215869856,,,,,,
982,,,,,,,,,,,,,,,,,,,,,,,,,,,,,,,,,,,911.0,,,,,,,,,,,,,,,,251.80566016703,,,,,,,,,,,,,,,,,,,,,,228.620217994598,,,,,,
981,,,,,,,,,,,,,,,,,,,,,,,,,,,,,,,,,,,921.0,,,,,,,,,,,,,,,,228.9075628445,,,,,,,,,,,,,,,,,,,,,,145.53872900071,,,,,,
980,,,,,,,,,,,,,,,,,,,,,,,,,,,,,,,,,,,626.0,,,,,,,,,,,,,,,,263.342052447796,,,,,,,,,,,,,,,,,,,,,,145.581493977001,,,,,,
979,,,,,,,,,,,,,,,,,,,,,,,,,,,,,,,,,,,647.0,,,,,,,,,,,,,,,,251.743492028583,,,,,,,,,,,,,,,,,,,,,,312.088488783493,,,,,,
978,,,,,,,,,,,,,,,,,,,,,,,,,,,,,,,,,,,806.0,,,,,,,,,,,,,,,,274.77913406996,,,,,,,,,,,,,,,,,,,,,,208.150728761097,,,,,,
977,,,,,,,,,,,,,,,,,,,,,,,,,,,,,,,,,,,575.0,,,,,,,,,,,,,,,,286.308225370875,,,,,,,,,,,,,,,,,,,,,,229.046555897139,,,,,,
976,,,,,,,,,,,,,,,,,,,,,,,,,,,,,,,,,,,608.0,,,,,,,,,,,,,,,,206.05709481435,,,,,,,,,,,,,,,,,,,,,,145.807080165016,,,,,,
975,,,,,,,,,,,,,,,,,,,,,,,,,,,,,,,,,,,815.0,,,,,,,,,,,,,,,,206.065996017814,,,,,,,,,,,,,,,,,,,,,,395.987560907664,,,,,,
974,,,,,,,,,,,,,,,,,,,,,,,,,,,,,,,,,,,732.0,,,,,,,,,,,,,,,,309.169538942868,,,,,,,,,,,,,,,,,,,,,,271.115072172055,,,,,,
973,,,,,,,,,,,,,,,,,,,,,,,,,,,,,,,,,,,669.0,,,,,,,,,,,,,,,,229.013266910095,,,,,,,,,,,,,,,,,,,,,,250.389772634362,,,,,,
972,,,,,,,,,,,,,,,,,,,,,,,,,,,,,,,,,,,617.0,,,,,,,,,,,,,,,,240.539238038849,,,,,,,,,,,,,,,,,,,,,,250.522459419531,,,,,,
971,,,,,,,,,,,,,,,,,,,,,,,,,,,,,,,,,,,565.0,,,,,,,,,,,,,,,,286.298808018266,,,,,,,,,,,,,,,,,,,,,,250.667588898657,,,,,,
970,,,,,,,,,,,,,,,,,,,,,,,,,,,,,,,,,,,660.0,,,,,,,,,,,,,,,,229.052521140891,,,,,,,,,,,,,,,,,,,,,,355.337605435996,,,,,,
969,,,,,,,,,,,,,,,,,,,,,,,,,,,,,,,,,,,610.0,,,,,,,,,,,,,,,,274.920599695575,,,,,,,,,,,,,,,,,,,,,,250.968153050053,,,,,,
968,,,,,,,,,,,,,,,,,,,,,,,,,,,,,,,,,,,527.0,,,,,,,,,,,,,,,,252.008370059007,,,,,,,,,,,,,,,,,,,,,,209.23127351065,,,,,,
967,,,,,,,,,,,,,,,,,,,,,,,,,,,,,,,,,,,627.0,,,,,,,,,,,,,,,,263.540641630355,,,,,,,,,,,,,,,,,,,,,,146.50634930505,,,,,,
966,,,,,,,,,,,,,,,,,,,,,,,,,,,,,,,,,,,751.0,,,,,,,,,,,,,,,,251.933260822682,,,,,,,,,,,,,,,,,,,,,,293.144005419146,,,,,,
965,,,,,,,,,,,,,,,,,,,,,,,,,,,,,,,,,,,579.0,,,,,,,,,,,,,,,,252.15705439985,,,,,,,,,,,,,,,,,,,,,,209.50383271145,,,,,,
964,,,,,,,,,,,,,,,,,,,,,,,,,,,,,,,,,,,579.0,,,,,,,,,,,,,,,,274.897132617033,,,,,,,,,,,,,,,,,,,,,,377.331765061854,,,,,,
963,,,,,,,,,,,,,,,,,,,,,,,,,,,,,,,,,,,832.0,,,,,,,,,,,,,,,,275.01941827578,,,,,,,,,,,,,,,,,,,,,,293.6942037438,,,,,,
962,,,,,,,,,,,,,,,,,,,,,,,,,,,,,,,,,,,1072.0,,,,,,,,,,,,,,,,263.620290129099,,,,,,,,,,,,,,,,,,,,,,314.855062474925,,,,,,
961,,,,,,,,,,,,,,,,,,,,,,,,,,,,,,,,,,,580.0,,,,,,,,,,,,,,,,274.948839112492,,,,,,,,,,,,,,,,,,,,,,252.015472040393,,,,,,
960,,,,,,,,,,,,,,,,,,,,,,,,,,,,,,,,,,,631.0,,,,,,,,,,,,,,,,229.189442320034,,,,,,,,,,,,,,,,,,,,,,210.106464244395,,,,,,
959,,,,,,,,,,,,,,,,,,,,,,,,,,,,,,,,,,,306.0,,,,,,,,,,,,,,,,194.945435791478,,,,,,,,,,,,,,,,,,,,,,315.323987196247,,,,,,
958,,,,,,,,,,,,,,,,,,,,,,,,,,,,,,,,,,,441.0,,,,,,,,,,,,,,,,286.514881247717,,,,,,,,,,,,,,,,,,,,,,336.579104418819,,,,,,
957,,,,,,,,,,,,,,,,,,,,,,,,,,,,,,,,,,,607.0,,,,,,,,,,,,,,,,252.064908104894,,,,,,,,,,,,,,,,,,,,,,147.325340821107,,,,,,
956,,,,,,,,,,,,,,,,,,,,,,,,,,,,,,,,,,,660.0,,,,,,,,,,,,,,,,229.23833449298,,,,,,,,,,,,,,,,,,,,,,252.662404155227,,,,,,
955,,,,,,,,,,,,,,,,,,,,,,,,,,,,,,,,,,,467.0,,,,,,,,,,,,,,,,217.933580553404,,,,,,,,,,,,,,,,,,,,,,252.796240809598,,,,,,
954,,,,,,,,,,,,,,,,,,,,,,,,,,,,,,,,,,,530.0,,,,,,,,,,,,,,,,263.734635036032,,,,,,,,,,,,,,,,,,,,,,337.282113062626,,,,,,
953,,,,,,,,,,,,,,,,,,,,,,,,,,,,,,,,,,,749.0,,,,,,,,,,,,,,,,217.74721390179,,,,,,,,,,,,,,,,,,,,,,189.826192083042,,,,,,
952,,,,,,,,,,,,,,,,,,,,,,,,,,,,,,,,,,,654.0,,,,,,,,,,,,,,,,298.136199368745,,,,,,,,,,,,,,,,,,,,,,274.297816057031,,,,,,
951,,,,,,,,,,,,,,,,,,,,,,,,,,,,,,,,,,,613.0,,,,,,,,,,,,,,,,229.300972333079,,,,,,,,,,,,,,,,,,,,,,316.651586805635,,,,,,
950,,,,,,,,,,,,,,,,,,,,,,,,,,,,,,,,,,,572.0,,,,,,,,,,,,,,,,252.265436267055,,,,,,,,,,,,,,,,,,,,,,274.613589116493,,,,,,
949,,,,,,,,,,,,,,,,,,,,,,,,,,,,,,,,,,,643.0,,,,,,,,,,,,,,,,286.659165975957,,,,,,,,,,,,,,,,,,,,,,211.378485666203,,,,,,
948,,,,,,,,,,,,,,,,,,,,,,,,,,,,,,,,,,,659.0,,,,,,,,,,,,,,,,286.783194842902,,,,,,,,,,,,,,,,,,,,,,401.902957783296,,,,,,
947,,,,,,,,,,,,,,,,,,,,,,,,,,,,,,,,,,,928.0,,,,,,,,,,,,,,,,229.356087459442,,,,,,,,,,,,,,,,,,,,,,169.322335641211,,,,,,
946,,,,,,,,,,,,,,,,,,,,,,,,,,,,,,,,,,,680.0,,,,,,,,,,,,,,,,263.75298187795,,,,,,,,,,,,,,,,,,,,,,211.732059427366,,,,,,
945,,,,,,,,,,,,,,,,,,,,,,,,,,,,,,,,,,,649.0,,,,,,,,,,,,,,,,286.624156094238,,,,,,,,,,,,,,,,,,,,,,233.004158245178,,,,,,
944,,,,,,,,,,,,,,,,,,,,,,,,,,,,,,,,,,,558.0,,,,,,,,,,,,,,,,286.853024408879,,,,,,,,,,,,,,,,,,,,,,296.725342100783,,,,,,
943,,,,,,,,,,,,,,,,,,,,,,,,,,,,,,,,,,,563.0,,,,,,,,,,,,,,,,206.553885174322,,,,,,,,,,,,,,,,,,,,,,318.103517560883,,,,,,
942,,,,,,,,,,,,,,,,,,,,,,,,,,,,,,,,,,,673.0,,,,,,,,,,,,,,,,217.8873143631,,,,,,,,,,,,,,,,,,,,,,212.17371194585,,,,,,
941,,,,,,,,,,,,,,,,,,,,,,,,,,,,,,,,,,,693.0,,,,,,,,,,,,,,,,309.863127644364,,,,,,,,,,,,,,,,,,,,,,318.42043553002,,,,,,
940,,,,,,,,,,,,,,,,,,,,,,,,,,,,,,,,,,,688.0,,,,,,,,,,,,,,,,286.813956794083,,,,,,,,,,,,,,,,,,,,,,233.624017708316,,,,,,
939,,,,,,,,,,,,,,,,,,,,,,,,,,,,,,,,,,,637.0,,,,,,,,,,,,,,,,183.528391702755,,,,,,,,,,,,,,,,,,,,,,254.961455122072,,,,,,
938,,,,,,,,,,,,,,,,,,,,,,,,,,,,,,,,,,,562.0,,,,,,,,,,,,,,,,309.917733656441,,,,,,,,,,,,,,,,,,,,,,191.293097784177,,,,,,
937,,,,,,,,,,,,,,,,,,,,,,,,,,,,,,,,,,,760.0,,,,,,,,,,,,,,,,263.893422002909,,,,,,,,,,,,,,,,,,,,,,318.986690570365,,,,,,
936,,,,,,,,,,,,,,,,,,,,,,,,,,,,,,,,,,,591.0,,,,,,,,,,,,,,,,401.74610783574,,,,,,,,,,,,,,,,,,,,,,468.287849363067,,,,,,
935,,,,,,,,,,,,,,,,,,,,,,,,,,,,,,,,,,,830.0,,,,,,,,,,,,,,,,298.345643412633,,,,,,,,,,,,,,,,,,,,,,276.959807533389,,,,,,
934,,,,,,,,,,,,,,,,,,,,,,,,,,,,,,,,,,,730.0,,,,,,,,,,,,,,,,252.413836055625,,,,,,,,,,,,,,,,,,,,,,213.144700014247,,,,,,
933,,,,,,,,,,,,,,,,,,,,,,,,,,,,,,,,,,,590.0,,,,,,,,,,,,,,,,195.247109741208,,,,,,,,,,,,,,,,,,,,,,255.897016940694,,,,,,
932,,,,,,,,,,,,,,,,,,,,,,,,,,,,,,,,,,,574.0,,,,,,,,,,,,,,,,309.831903087637,,,,,,,,,,,,,,,,,,,,,,320.065067637484,,,,,,
931,,,,,,,,,,,,,,,,,,,,,,,,,,,,,,,,,,,612.0,,,,,,,,,,,,,,,,218.143916738336,,,,,,,,,,,,,,,,,,,,,,192.129923408155,,,,,,
930,,,,,,,,,,,,,,,,,,,,,,,,,,,,,,,,,,,958.0,,,,,,,,,,,,,,,,309.973823592645,,,,,,,,,,,,,,,,,,,,,,149.492764642293,,,,,,
929,,,,,,,,,,,,,,,,,,,,,,,,,,,,,,,,,,,657.0,,,,,,,,,,,,,,,,298.557475362408,,,,,,,,,,,,,,,,,,,,,,192.276442901869,,,,,,
928,,,,,,,,,,,,,,,,,,,,,,,,,,,,,,,,,,,745.0,,,,,,,,,,,,,,,,275.593713259368,,,,,,,,,,,,,,,,,,,,,,213.717691715201,,,,,,
927,,,,,,,,,,,,,,,,,,,,,,,,,,,,,,,,,,,626.0,,,,,,,,,,,,,,,,275.611094648837,,,,,,,,,,,,,,,,,,,,,,277.923952439943,,,,,,
926,,,,,,,,,,,,,,,,,,,,,,,,,,,,,,,,,,,690.0,,,,,,,,,,,,,,,,252.641060270493,,,,,,,,,,,,,,,,,,,,,,235.269472073953,,,,,,
925,,,,,,,,,,,,,,,,,,,,,,,,,,,,,,,,,,,778.0,,,,,,,,,,,,,,,,195.131720982827,,,,,,,,,,,,,,,,,,,,,,342.396454576466,,,,,,
924,,,,,,,,,,,,,,,,,,,,,,,,,,,,,,,,,,,549.0,,,,,,,,,,,,,,,,252.770062770947,,,,,,,,,,,,,,,,,,,,,,342.62733205851,,,,,,
923,,,,,,,,,,,,,,,,,,,,,,,,,,,,,,,,,,,725.0,,,,,,,,,,,,,,,,206.802972857742,,,,,,,,,,,,,,,,,,,,,,192.832077306967,,,,,,
922,,,,,,,,,,,,,,,,,,,,,,,,,,,,,,,,,,,947.0,,,,,,,,,,,,,,,,264.028396366724,,,,,,,,,,,,,,,,,,,,,,257.212816814348,,,,,,
921,,,,,,,,,,,,,,,,,,,,,,,,,,,,,,,,,,,600.0,,,,,,,,,,,,,,,,264.254087922664,,,,,,,,,,,,,,,,,,,,,,214.430965566982,,,,,,
920,,,,,,,,,,,,,,,,,,,,,,,,,,,,,,,,,,,559.0,,,,,,,,,,,,,,,,275.60963449836,,,,,,,,,,,,,,,,,,,,,,257.415139395079,,,,,,
919,,,,,,,,,,,,,,,,,,,,,,,,,,,,,,,,,,,523.0,,,,,,,,,,,,,,,,287.282558933958,,,,,,,,,,,,,,,,,,,,,,150.219287385327,,,,,,
918,,,,,,,,,,,,,,,,,,,,,,,,,,,,,,,,,,,679.0,,,,,,,,,,,,,,,,241.20148716469,,,,,,,,,,,,,,,,,,,,,,407.984297176376,,,,,,
917,,,,,,,,,,,,,,,,,,,,,,,,,,,,,,,,,,,624.0,,,,,,,,,,,,,,,,287.211708220158,,,,,,,,,,,,,,,,,,,,,,322.323186610211,,,,,,
916,,,,,,,,,,,,,,,,,,,,,,,,,,,,,,,,,,,580.0,,,,,,,,,,,,,,,,275.888087275818,,,,,,,,,,,,,,,,,,,,,,128.969529230988,,,,,,
915,,,,,,,,,,,,,,,,,,,,,,,,,,,,,,,,,,,620.0,,,,,,,,,,,,,,,,241.245335744999,,,,,,,,,,,,,,,,,,,,,,193.510872118977,,,,,,
914,,,,,,,,,,,,,,,,,,,,,,,,,,,,,,,,,,,785.0,,,,,,,,,,,,,,,,172.460410987602,,,,,,,,,,,,,,,,,,,,,,215.097583795697,,,,,,
913,,,,,,,,,,,,,,,,,,,,,,,,,,,,,,,,,,,491.0,,,,,,,,,,,,,,,,298.722502036622,,,,,,,,,,,,,,,,,,,,,,215.187123544751,,,,,,
912,,,,,,,,,,,,,,,,,,,,,,,,,,,,,,,,,,,559.0,,,,,,,,,,,,,,,,252.837634796319,,,,,,,,,,,,,,,,,,,,,,322.940071291573,,,,,,
911,,,,,,,,,,,,,,,,,,,,,,,,,,,,,,,,,,,814.0,,,,,,,,,,,,,,,,195.388564870422,,,,,,,,,,,,,,,,,,,,,,172.311643230914,,,,,,
910,,,,,,,,,,,,,,,,,,,,,,,,,,,,,,,,,,,652.0,,,,,,,,,,,,,,,,264.207700931487,,,,,,,,,,,,,,,,,,,,,,280.11498131055,,,,,,
909,,,,,,,,,,,,,,,,,,,,,,,,,,,,,,,,,,,775.0,,,,,,,,,,,,,,,,230.183081049941,,,,,,,,,,,,,,,,,,,,,,215.571321385276,,,,,,
908,,,,,,,,,,,,,,,,,,,,,,,,,,,,,,,,,,,504.0,,,,,,,,,,,,,,,,321.709197154227,,,,,,,,,,,,,,,,,,,,,,237.252922376443,,,,,,
907,,,,,,,,,,,,,,,,,,,,,,,,,,,,,,,,,,,690.0,,,,,,,,,,,,,,,,218.548654327854,,,,,,,,,,,,,,,,,,,,,,366.943533194874,,,,,,
906,,,,,,,,,,,,,,,,,,,,,,,,,,,,,,,,,,,924.0,,,,,,,,,,,,,,,,183.777419841971,,,,,,,,,,,,,,,,,,,,,,215.973347952215,,,,,,
905,,,,,,,,,,,,,,,,,,,,,,,,,,,,,,,,,,,377.0,,,,,,,,,,,,,,,,206.902084283759,,,,,,,,,,,,,,,,,,,,,,259.257009200063,,,,,,
904,,,,,,,,,,,,,,,,,,,,,,,,,,,,,,,,,,,647.0,,,,,,,,,,,,,,,,195.561374792265,,,,,,,,,,,,,,,,,,,,,,216.130760987314,,,,,,
903,,,,,,,,,,,,,,,,,,,,,,,,,,,,,,,,,,,617.0,,,,,,,,,,,,,,,,252.949217862937,,,,,,,,,,,,,,,,,,,,,,324.361261169381,,,,,,
902,,,,,,,,,,,,,,,,,,,,,,,,,,,,,,,,,,,621.0,,,,,,,,,,,,,,,,195.474776120169,,,,,,,,,,,,,,,,,,,,,,281.303754038089,,,,,,
901,,,,,,,,,,,,,,,,,,,,,,,,,,,,,,,,,,,609.0,,,,,,,,,,,,,,,,172.360173702461,,,,,,,,,,,,,,,,,,,,,,173.202596066514,,,,,,
900,,,,,,,,,,,,,,,,,,,,,,,,,,,,,,,,,,,680.0,,,,,,,,,,,,,,,,310.57987493522,,,,,,,,,,,,,,,,,,,,,,238.246605912922,,,,,,
899,,,,,,,,,,,,,,,,,,,,,,,,,,,,,,,,,,,762.0,,,,,,,,,,,,,,,,310.497406880171,,,,,,,,,,,,,,,,,,,,,,173.327066988314,,,,,,
898,,,,,,,,,,,,,,,,,,,,,,,,,,,,,,,,,,,501.0,,,,,,,,,,,,,,,,264.476337779514,,,,,,,,,,,,,,,,,,,,,,260.090895351567,,,,,,
897,,,,,,,,,,,,,,,,,,,,,,,,,,,,,,,,,,,712.0,,,,,,,,,,,,,,,,207.092501772795,,,,,,,,,,,,,,,,,,,,,,281.919798282113,,,,,,
896,,,,,,,,,,,,,,,,,,,,,,,,,,,,,,,,,,,816.0,,,,,,,,,,,,,,,,345.035597650716,,,,,,,,,,,,,,,,,,,,,,216.954434141703,,,,,,
895,,,,,,,,,,,,,,,,,,,,,,,,,,,,,,,,,,,847.0,,,,,,,,,,,,,,,,310.577280774016,,,,,,,,,,,,,,,,,,,,,,195.319869874292,,,,,,
894,,,,,,,,,,,,,,,,,,,,,,,,,,,,,,,,,,,951.0,,,,,,,,,,,,,,,,218.594571310932,,,,,,,,,,,,,,,,,,,,,,412.554548877461,,,,,,
893,,,,,,,,,,,,,,,,,,,,,,,,,,,,,,,,,,,637.0,,,,,,,,,,,,,,,,230.06612428967,,,,,,,,,,,,,,,,,,,,,,260.723730083989,,,,,,
892,,,,,,,,,,,,,,,,,,,,,,,,,,,,,,,,,,,704.0,,,,,,,,,,,,,,,,322.19683084238,,,,,,,,,,,,,,,,,,,,,,260.838841447386,,,,,,
891,,,,,,,,,,,,,,,,,,,,,,,,,,,,,,,,,,,540.0,,,,,,,,,,,,,,,,195.495527171535,,,,,,,,,,,,,,,,,,,,,,195.71853280941,,,,,,
890,,,,,,,,,,,,,,,,,,,,,,,,,,,,,,,,,,,632.0,,,,,,,,,,,,,,,,264.704823994677,,,,,,,,,,,,,,,,,,,,,,174.037454286819,,,,,,
889,,,,,,,,,,,,,,,,,,,,,,,,,,,,,,,,,,,726.0,,,,,,,,,,,,,,,,276.184787041515,,,,,,,,,,,,,,,,,,,,,,261.150622650028,,,,,,
888,,,,,,,,,,,,,,,,,,,,,,,,,,,,,,,,,,,836.0,,,,,,,,,,,,,,,,299.132248240476,,,,,,,,,,,,,,,,,,,,,,152.400695563297,,,,,,
887,,,,,,,,,,,,,,,,,,,,,,,,,,,,,,,,,,,584.0,,,,,,,,,,,,,,,,264.755343443055,,,,,,,,,,,,,,,,,,,,,,392.06747365042,,,,,,
886,,,,,,,,,,,,,,,,,,,,,,,,,,,,,,,,,,,589.0,,,,,,,,,,,,,,,,276.23749796402,,,,,,,,,,,,,,,,,,,,,,414.18003699665,,,,,,
885,,,,,,,,,,,,,,,,,,,,,,,,,,,,,,,,,,,540.0,,,,,,,,,,,,,,,,195.564133111799,,,,,,,,,,,,,,,,,,,,,,283.598983195018,,,,,,
884,,,,,,,,,,,,,,,,,,,,,,,,,,,,,,,,,,,632.0,,,,,,,,,,,,,,,,218.822189027167,,,,,,,,,,,,,,,,,,,,,,196.423593798643,,,,,,
883,,,,,,,,,,,,,,,,,,,,,,,,,,,,,,,,,,,520.0,,,,,,,,,,,,,,,,345.193105831005,,,,,,,,,,,,,,,,,,,,,,283.833395778594,,,,,,
882,,,,,,,,,,,,,,,,,,,,,,,,,,,,,,,,,,,660.0,,,,,,,,,,,,,,,,299.344430112605,,,,,,,,,,,,,,,,,,,,,,262.096759296354,,,,,,
881,,,,,,,,,,,,,,,,,,,,,,,,,,,,,,,,,,,548.0,,,,,,,,,,,,,,,,287.895129270966,,,,,,,,,,,,,,,,,,,,,,284.063158298988,,,,,,
880,,,,,,,,,,,,,,,,,,,,,,,,,,,,,,,,,,,552.0,,,,,,,,,,,,,,,,264.762183573403,,,,,,,,,,,,,,,,,,,,,,459.188039385474,,,,,,
879,,,,,,,,,,,,,,,,,,,,,,,,,,,,,,,,,,,675.0,,,,,,,,,,,,,,,,253.306459742224,,,,,,,,,,,,,,,,,,,,,,218.814946927983,,,,,,
878,,,,,,,,,,,,,,,,,,,,,,,,,,,,,,,,,,,796.0,,,,,,,,,,,,,,,,276.369743455996,,,,,,,,,,,,,,,,,,,,,,197.035142536023,,,,,,
877,,,,,,,,,,,,,,,,,,,,,,,,,,,,,,,,,,,567.0,,,,,,,,,,,,,,,,253.336314707363,,,,,,,,,,,,,,,,,,,,,,350.51773358676,,,,,,
876,,,,,,,,,,,,,,,,,,,,,,,,,,,,,,,,,,,494.0,,,,,,,,,,,,,,,,218.720142958514,,,,,,,,,,,,,,,,,,,,,,263.046856888705,,,,,,
875,,,,,,,,,,,,,,,,,,,,,,,,,,,,,,,,,,,808.0,,,,,,,,,,,,,,,,311.047215050829,,,,,,,,,,,,,,,,,,,,,,263.165429750189,,,,,,
874,,,,,,,,,,,,,,,,,,,,,,,,,,,,,,,,,,,767.0,,,,,,,,,,,,,,,,230.325741317752,,,,,,,,,,,,,,,,,,,,,,416.945816982011,,,,,,
873,,,,,,,,,,,,,,,,,,,,,,,,,,,,,,,,,,,655.0,,,,,,,,,,,,,,,,230.231665435315,,,,,,,,,,,,,,,,,,,,,,175.674441560892,,,,,,
872,,,,,,,,,,,,,,,,,,,,,,,,,,,,,,,,,,,487.0,,,,,,,,,,,,,,,,276.567041441071,,,,,,,,,,,,,,,,,,,,,,373.504774935789,,,,,,
871,,,,,,,,,,,,,,,,,,,,,,,,,,,,,,,,,,,538.0,,,,,,,,,,,,,,,,253.420662625375,,,,,,,,,,,,,,,,,,,,,,263.84872126373,,,,,,
870,,,,,,,,,,,,,,,,,,,,,,,,,,,,,,,,,,,787.0,,,,,,,,,,,,,,,,195.733741815566,,,,,,,,,,,,,,,,,,,,,,219.993151726519,,,,,,
869,,,,,,,,,,,,,,,,,,,,,,,,,,,,,,,,,,,979.0,,,,,,,,,,,,,,,,288.087886959814,,,,,,,,,,,,,,,,,,,,,,220.089095760048,,,,,,
868,,,,,,,,,,,,,,,,,,,,,,,,,,,,,,,,,,,692.0,,,,,,,,,,,,,,,,311.063740474597,,,,,,,,,,,,,,,,,,,,,,154.116522904716,,,,,,
867,,,,,,,,,,,,,,,,,,,,,,,,,,,,,,,,,,,678.0,,,,,,,,,,,,,,,,241.895008036206,,,,,,,,,,,,,,,,,,,,,,264.306267350733,,,,,,
866,,,,,,,,,,,,,,,,,,,,,,,,,,,,,,,,,,,864.0,,,,,,,,,,,,,,,,149.860610135594,,,,,,,,,,,,,,,,,,,,,,264.449496143403,,,,,,
865,,,,,,,,,,,,,,,,,,,,,,,,,,,,,,,,,,,801.0,,,,,,,,,,,,,,,,253.498911629051,,,,,,,,,,,,,,,,,,,,,,198.431399270474,,,,,,
864,,,,,,,,,,,,,,,,,,,,,,,,,,,,,,,,,,,572.0,,,,,,,,,,,,,,,,207.379971717924,,,,,,,,,,,,,,,,,,,,,,507.443452229946,,,,,,
863,,,,,,,,,,,,,,,,,,,,,,,,,,,,,,,,,,,785.0,,,,,,,,,,,,,,,,276.591223410251,,,,,,,,,,,,,,,,,,,,,,331.248376659069,,,,,,
862,,,,,,,,,,,,,,,,,,,,,,,,,,,,,,,,,,,691.0,,,,,,,,,,,,,,,,299.572373289522,,,,,,,,,,,,,,,,,,,,,,220.950155271653,,,,,,
861,,,,,,,,,,,,,,,,,,,,,,,,,,,,,,,,,,,850.0,,,,,,,,,,,,,,,,230.591589226047,,,,,,,,,,,,,,,,,,,,,,265.256941720352,,,,,,
860,,,,,,,,,,,,,,,,,,,,,,,,,,,,,,,,,,,623.0,,,,,,,,,,,,,,,,357.235567209403,,,,,,,,,,,,,,,,,,,,,,199.012498069847,,,,,,
859,,,,,,,,,,,,,,,,,,,,,,,,,,,,,,,,,,,814.0,,,,,,,,,,,,,,,,334.297855634901,,,,,,,,,,,,,,,,,,,,,,199.077916794597,,,,,,
858,,,,,,,,,,,,,,,,,,,,,,,,,,,,,,,,,,,800.0,,,,,,,,,,,,,,,,242.126775734173,,,,,,,,,,,,,,,,,,,,,,221.280945180073,,,,,,
857,,,,,,,,,,,,,,,,,,,,,,,,,,,,,,,,,,,651.0,,,,,,,,,,,,,,,,184.395489871753,,,,,,,,,,,,,,,,,,,,,,265.683693647471,,,,,,
856,,,,,,,,,,,,,,,,,,,,,,,,,,,,,,,,,,,677.0,,,,,,,,,,,,,,,,184.507516586479,,,,,,,,,,,,,,,,,,,,,,287.981616863887,,,,,,
855,,,,,,,,,,,,,,,,,,,,,,,,,,,,,,,,,,,542.0,,,,,,,,,,,,,,,,253.538397311047,,,,,,,,,,,,,,,,,,,,,,221.635024158394,,,,,,
854,,,,,,,,,,,,,,,,,,,,,,,,,,,,,,,,,,,644.0,,,,,,,,,,,,,,,,173.037696972298,,,,,,,,,,,,,,,,,,,,,,288.303121445801,,,,,,
853,,,,,,,,,,,,,,,,,,,,,,,,,,,,,,,,,,,586.0,,,,,,,,,,,,,,,,242.178891433969,,,,,,,,,,,,,,,,,,,,,,199.693147489813,,,,,,
852,,,,,,,,,,,,,,,,,,,,,,,,,,,,,,,,,,,687.0,,,,,,,,,,,,,,,,242.19183593956,,,,,,,,,,,,,,,,,,,,,,332.971934905351,,,,,,
851,,,,,,,,,,,,,,,,,,,,,,,,,,,,,,,,,,,743.0,,,,,,,,,,,,,,,,207.527731814712,,,,,,,,,,,,,,,,,,,,,,333.18825376614,,,,,,
850,,,,,,,,,,,,,,,,,,,,,,,,,,,,,,,,,,,727.0,,,,,,,,,,,,,,,,253.704527783506,,,,,,,,,,,,,,,,,,,,,,222.246788648985,,,,,,
849,,,,,,,,,,,,,,,,,,,,,,,,,,,,,,,,,,,502.0,,,,,,,,,,,,,,,,288.399968454027,,,,,,,,,,,,,,,,,,,,,,222.354038605466,,,,,,
848,,,,,,,,,,,,,,,,,,,,,,,,,,,,,,,,,,,701.0,,,,,,,,,,,,,,,,276.612249813184,,,,,,,,,,,,,,,,,,,,,,200.213697814885,,,,,,
847,,,,,,,,,,,,,,,,,,,,,,,,,,,,,,,,,,,745.0,,,,,,,,,,,,,,,,196.084352671923,,,,,,,,,,,,,,,,,,,,,,155.778922430635,,,,,,
846,,,,,,,,,,,,,,,,,,,,,,,,,,,,,,,,,,,466.0,,,,,,,,,,,,,,,,253.867690491098,,,,,,,,,,,,,,,,,,,,,,467.60130899499,,,,,,
845,,,,,,,,,,,,,,,,,,,,,,,,,,,,,,,,,,,600.0,,,,,,,,,,,,,,,,230.686121288266,,,,,,,,,,,,,,,,,,,,,,222.854739313155,,,,,,
844,,,,,,,,,,,,,,,,,,,,,,,,,,,,,,,,,,,479.0,,,,,,,,,,,,,,,,161.42340384701,,,,,,,,,,,,,,,,,,,,,,245.269599908316,,,,,,
843,,,,,,,,,,,,,,,,,,,,,,,,,,,,,,,,,,,592.0,,,,,,,,,,,,,,,,299.982042306955,,,,,,,,,,,,,,,,,,,,,,312.326482207024,,,,,,
842,,,,,,,,,,,,,,,,,,,,,,,,,,,,,,,,,,,816.0,,,,,,,,,,,,,,,,253.814707449276,,,,,,,,,,,,,,,,,,,,,,468.784476160434,,,,,,
841,,,,,,,,,,,,,,,,,,,,,,,,,,,,,,,,,,,561.0,,,,,,,,,,,,,,,,242.334166396472,,,,,,,,,,,,,,,,,,,,,,268.022632183024,,,,,,
840,,,,,,,,,,,,,,,,,,,,,,,,,,,,,,,,,,,777.0,,,,,,,,,,,,,,,,230.746107397677,,,,,,,,,,,,,,,,,,,,,,223.471466223241,,,,,,
839,,,,,,,,,,,,,,,,,,,,,,,,,,,,,,,,,,,1084.0,,,,,,,,,,,,,,,,311.547665144908,,,,,,,,,,,,,,,,,,,,,,268.320829221163,,,,,,
838,,,,,,,,,,,,,,,,,,,,,,,,,,,,,,,,,,,491.0,,,,,,,,,,,,,,,,346.168097136811,,,,,,,,,,,,,,,,,,,,,,290.856683730018,,,,,,
837,,,,,,,,,,,,,,,,,,,,,,,,,,,,,,,,,,,663.0,,,,,,,,,,,,,,,,230.899735054774,,,,,,,,,,,,,,,,,,,,,,268.612657148325,,,,,,
836,,,,,,,,,,,,,,,,,,,,,,,,,,,,,,,,,,,838.0,,,,,,,,,,,,,,,,230.805771628233,,,,,,,,,,,,,,,,,,,,,,313.538823516794,,,,,,
835,,,,,,,,,,,,,,,,,,,,,,,,,,,,,,,,,,,586.0,,,,,,,,,,,,,,,,184.610342631051,,,,,,,,,,,,,,,,,,,,,,201.658216222779,,,,,,
834,,,,,,,,,,,,,,,,,,,,,,,,,,,,,,,,,,,747.0,,,,,,,,,,,,,,,,173.22318657605,,,,,,,,,,,,,,,,,,,,,,313.824657347937,,,,,,
833,,,,,,,,,,,,,,,,,,,,,,,,,,,,,,,,,,,1151.0,,,,,,,,,,,,,,,,265.438346854648,,,,,,,,,,,,,,,,,,,,,,291.593415870202,,,,,,
832,,,,,,,,,,,,,,,,,,,,,,,,,,,,,,,,,,,708.0,,,,,,,,,,,,,,,,242.453093486893,,,,,,,,,,,,,,,,,,,,,,314.233057840322,,,,,,
831,,,,,,,,,,,,,,,,,,,,,,,,,,,,,,,,,,,736.0,,,,,,,,,,,,,,,,242.360506959783,,,,,,,,,,,,,,,,,,,,,,134.743091381486,,,,,,
830,,,,,,,,,,,,,,,,,,,,,,,,,,,,,,,,,,,888.0,,,,,,,,,,,,,,,,265.58817649076,,,,,,,,,,,,,,,,,,,,,,202.199949957112,,,,,,
829,,,,,,,,,,,,,,,,,,,,,,,,,,,,,,,,,,,498.0,,,,,,,,,,,,,,,,207.775170204273,,,,,,,,,,,,,,,,,,,,,,224.789109927343,,,,,,
828,,,,,,,,,,,,,,,,,,,,,,,,,,,,,,,,,,,452.0,,,,,,,,,,,,,,,,357.958090351453,,,,,,,,,,,,,,,,,,,,,,382.380445900018,,,,,,
827,,,,,,,,,,,,,,,,,,,,,,,,,,,,,,,,,,,461.0,,,,,,,,,,,,,,,,196.298489016908,,,,,,,,,,,,,,,,,,,,,,360.149099900027,,,,,,
826,,,,,,,,,,,,,,,,,,,,,,,,,,,,,,,,,,,934.0,,,,,,,,,,,,,,,,230.924870261658,,,,,,,,,,,,,,,,,,,,,,292.816499341301,,,,,,
825,,,,,,,,,,,,,,,,,,,,,,,,,,,,,,,,,,,804.0,,,,,,,,,,,,,,,,288.672974581876,,,,,,,,,,,,,,,,,,,,,,270.466754019238,,,,,,
824,,,,,,,,,,,,,,,,,,,,,,,,,,,,,,,,,,,559.0,,,,,,,,,,,,,,,,230.951886782582,,,,,,,,,,,,,,,,,,,,,,270.644522741084,,,,,,
823,,,,,,,,,,,,,,,,,,,,,,,,,,,,,,,,,,,616.0,,,,,,,,,,,,,,,,173.326612075267,,,,,,,,,,,,,,,,,,,,,,157.946162906002,,,,,,
822,,,,,,,,,,,,,,,,,,,,,,,,,,,,,,,,,,,583.0,,,,,,,,,,,,,,,,253.984427420269,,,,,,,,,,,,,,,,,,,,,,361.194192865636,,,,,,
821,,,,,,,,,,,,,,,,,,,,,,,,,,,,,,,,,,,564.0,,,,,,,,,,,,,,,,300.240093953766,,,,,,,,,,,,,,,,,,,,,,203.26276254334,,,,,,
820,,,,,,,,,,,,,,,,,,,,,,,,,,,,,,,,,,,726.0,,,,,,,,,,,,,,,,219.492145034134,,,,,,,,,,,,,,,,,,,,,,271.131921110467,,,,,,
819,,,,,,,,,,,,,,,,,,,,,,,,,,,,,,,,,,,722.0,,,,,,,,,,,,,,,,219.607905040028,,,,,,,,,,,,,,,,,,,,,,248.687516261359,,,,,,
818,,,,,,,,,,,,,,,,,,,,,,,,,,,,,,,,,,,688.0,,,,,,,,,,,,,,,,277.270238025434,,,,,,,,,,,,,,,,,,,,,,248.825510984632,,,,,,
817,,,,,,,,,,,,,,,,,,,,,,,,,,,,,,,,,,,489.0,,,,,,,,,,,,,,,,277.076690206004,,,,,,,,,,,,,,,,,,,,,,158.408112198017,,,,,,
816,,,,,,,,,,,,,,,,,,,,,,,,,,,,,,,,,,,715.0,,,,,,,,,,,,,,,,254.28384391971,,,,,,,,,,,,,,,,,,,,,,249.008798918261,,,,,,
815,,,,,,,,,,,,,,,,,,,,,,,,,,,,,,,,,,,528.0,,,,,,,,,,,,,,,,196.424710307574,,,,,,,,,,,,,,,,,,,,,,226.469618436292,,,,,,
814,,,,,,,,,,,,,,,,,,,,,,,,,,,,,,,,,,,681.0,,,,,,,,,,,,,,,,207.944177156292,,,,,,,,,,,,,,,,,,,,,,249.230914726515,,,,,,
813,,,,,,,,,,,,,,,,,,,,,,,,,,,,,,,,,,,488.0,,,,,,,,,,,,,,,,288.962184880984,,,,,,,,,,,,,,,,,,,,,,317.370709608588,,,,,,
812,,,,,,,,,,,,,,,,,,,,,,,,,,,,,,,,,,,733.0,,,,,,,,,,,,,,,,265.743832402334,,,,,,,,,,,,,,,,,,,,,,340.271956180053,,,,,,
811,,,,,,,,,,,,,,,,,,,,,,,,,,,,,,,,,,,787.0,,,,,,,,,,,,,,,,196.571501789554,,,,,,,,,,,,,,,,,,,,,,158.885692032838,,,,,,
810,,,,,,,,,,,,,,,,,,,,,,,,,,,,,,,,,,,679.0,,,,,,,,,,,,,,,,219.501931400434,,,,,,,,,,,,,,,,,,,,,,158.951985119839,,,,,,
809,,,,,,,,,,,,,,,,,,,,,,,,,,,,,,,,,,,846.0,,,,,,,,,,,,,,,,196.482718126275,,,,,,,,,,,,,,,,,,,,,,295.374230924408,,,,,,
808,,,,,,,,,,,,,,,,,,,,,,,,,,,,,,,,,,,539.0,,,,,,,,,,,,,,,,300.550566511027,,,,,,,,,,,,,,,,,,,,,,181.866289169549,,,,,,
807,,,,,,,,,,,,,,,,,,,,,,,,,,,,,,,,,,,781.0,,,,,,,,,,,,,,,,277.327988912175,,,,,,,,,,,,,,,,,,,,,,341.169555146615,,,,,,
806,,,,,,,,,,,,,,,,,,,,,,,,,,,,,,,,,,,764.0,,,,,,,,,,,,,,,,196.516808385215,,,,,,,,,,,,,,,,,,,,,,227.582205404433,,,,,,
805,,,,,,,,,,,,,,,,,,,,,,,,,,,,,,,,,,,507.0,,,,,,,,,,,,,,,,208.147335171368,,,,,,,,,,,,,,,,,,,,,,227.700364094151,,,,,,
804,,,,,,,,,,,,,,,,,,,,,,,,,,,,,,,,,,,645.0,,,,,,,,,,,,,,,,208.0505893355,,,,,,,,,,,,,,,,,,,,,,341.757410683858,,,,,,
803,,,,,,,,,,,,,,,,,,,,,,,,,,,,,,,,,,,787.0,,,,,,,,,,,,,,,,312.146940903352,,,,,,,,,,,,,,,,,,,,,,227.971376975237,,,,,,
802,,,,,,,,,,,,,,,,,,,,,,,,,,,,,,,,,,,890.0,,,,,,,,,,,,,,,,242.737678903661,,,,,,,,,,,,,,,,,,,,,,136.831049269404,,,,,,
801,,,,,,,,,,,,,,,,,,,,,,,,,,,,,,,,,,,455.0,,,,,,,,,,,,,,,,242.856287747454,,,,,,,,,,,,,,,,,,,,,,228.12282333115,,,,,,
800,,,,,,,,,,,,,,,,,,,,,,,,,,,,,,,,,,,818.0,,,,,,,,,,,,,,,,242.869206673062,,,,,,,,,,,,,,,,,,,,,,228.210889186086,,,,,,
799,,,,,,,,,,,,,,,,,,,,,,,,,,,,,,,,,,,716.0,,,,,,,,,,,,,,,,242.776432076412,,,,,,,,,,,,,,,,,,,,,,251.148987703773,,,,,,
798,,,,,,,,,,,,,,,,,,,,,,,,,,,,,,,,,,,871.0,,,,,,,,,,,,,,,,312.23647198603,,,,,,,,,,,,,,,,,,,,,,228.421799770961,,,,,,
797,,,,,,,,,,,,,,,,,,,,,,,,,,,,,,,,,,,560.0,,,,,,,,,,,,,,,,242.913015833453,,,,,,,,,,,,,,,,,,,,,,297.088629221328,,,,,,
796,,,,,,,,,,,,,,,,,,,,,,,,,,,,,,,,,,,612.0,,,,,,,,,,,,,,,,323.905166896965,,,,,,,,,,,,,,,,,,,,,,251.500429497428,,,,,,
795,,,,,,,,,,,,,,,,,,,,,,,,,,,,,,,,,,,631.0,,,,,,,,,,,,,,,,219.579837113923,,,,,,,,,,,,,,,,,,,,,,205.861940943765,,,,,,
794,,,,,,,,,,,,,,,,,,,,,,,,,,,,,,,,,,,824.0,,,,,,,,,,,,,,,,185.228544236893,,,,,,,,,,,,,,,,,,,,,,160.170042701137,,,,,,
793,,,,,,,,,,,,,,,,,,,,,,,,,,,,,,,,,,,652.0,,,,,,,,,,,,,,,,312.326021414948,,,,,,,,,,,,,,,,,,,,,,297.607147049235,,,,,,
792,,,,,,,,,,,,,,,,,,,,,,,,,,,,,,,,,,,529.0,,,,,,,,,,,,,,,,231.351247395075,,,,,,,,,,,,,,,,,,,,,,274.879382109319,,,,,,
791,,,,,,,,,,,,,,,,,,,,,,,,,,,,,,,,,,,546.0,,,,,,,,,,,,,,,,242.99475117194,,,,,,,,,,,,,,,,,,,,,,275.019325944031,,,,,,
790,,,,,,,,,,,,,,,,,,,,,,,,,,,,,,,,,,,607.0,,,,,,,,,,,,,,,,231.375052373205,,,,,,,,,,,,,,,,,,,,,,229.269896066955,,,,,,
789,,,,,,,,,,,,,,,,,,,,,,,,,,,,,,,,,,,543.0,,,,,,,,,,,,,,,,231.492314996269,,,,,,,,,,,,,,,,,,,,,,137.599437168677,,,,,,
788,,,,,,,,,,,,,,,,,,,,,,,,,,,,,,,,,,,768.0,,,,,,,,,,,,,,,,208.23639563329,,,,,,,,,,,,,,,,,,,,,,298.244399762582,,,,,,
787,,,,,,,,,,,,,,,,,,,,,,,,,,,,,,,,,,,641.0,,,,,,,,,,,,,,,,254.57079872978,,,,,,,,,,,,,,,,,,,,,,275.468093586252,,,,,,
786,,,,,,,,,,,,,,,,,,,,,,,,,,,,,,,,,,,700.0,,,,,,,,,,,,,,,,208.257097168764,,,,,,,,,,,,,,,,,,,,,,206.705005280452,,,,,,
785,,,,,,,,,,,,,,,,,,,,,,,,,,,,,,,,,,,824.0,,,,,,,,,,,,,,,,289.291222310567,,,,,,,,,,,,,,,,,,,,,,229.782558554994,,,,,,
784,,,,,,,,,,,,,,,,,,,,,,,,,,,,,,,,,,,494.0,,,,,,,,,,,,,,,,219.916092079199,,,,,,,,,,,,,,,,,,,,,,206.890458047587,,,,,,
783,,,,,,,,,,,,,,,,,,,,,,,,,,,,,,,,,,,783.0,,,,,,,,,,,,,,,,254.624955893855,,,,,,,,,,,,,,,,,,,,,,229.990934730419,,,,,,
782,,,,,,,,,,,,,,,,,,,,,,,,,,,,,,,,,,,677.0,,,,,,,,,,,,,,,,312.404042173298,,,,,,,,,,,,,,,,,,,,,,276.157357385857,,,,,,
781,,,,,,,,,,,,,,,,,,,,,,,,,,,,,,,,,,,804.0,,,,,,,,,,,,,,,,254.658177666359,,,,,,,,,,,,,,,,,,,,,,207.208332767278,,,,,,
780,,,,,,,,,,,,,,,,,,,,,,,,,,,,,,,,,,,459.0,,,,,,,,,,,,,,,,208.434380117021,,,,,,,,,,,,,,,,,,,,,,161.214838005559,,,,,,
779,,,,,,,,,,,,,,,,,,,,,,,,,,,,,,,,,,,842.0,,,,,,,,,,,,,,,,196.80400050855,,,,,,,,,,,,,,,,,,,,,,345.600541807036,,,,,,
778,,,,,,,,,,,,,,,,,,,,,,,,,,,,,,,,,,,757.0,,,,,,,,,,,,,,,,266.227671464215,,,,,,,,,,,,,,,,,,,,,,207.453832013211,,,,,,
777,,,,,,,,,,,,,,,,,,,,,,,,,,,,,,,,,,,547.0,,,,,,,,,,,,,,,,277.884361636561,,,,,,,,,,,,,,,,,,,,,,161.400710919681,,,,,,
776,,,,,,,,,,,,,,,,,,,,,,,,,,,,,,,,,,,641.0,,,,,,,,,,,,,,,,231.653964431772,,,,,,,,,,,,,,,,,,,,,,230.655826732968,,,,,,
775,,,,,,,,,,,,,,,,,,,,,,,,,,,,,,,,,,,765.0,,,,,,,,,,,,,,,,208.381804019357,,,,,,,,,,,,,,,,,,,,,,184.598574066904,,,,,,
774,,,,,,,,,,,,,,,,,,,,,,,,,,,,,,,,,,,788.0,,,,,,,,,,,,,,,,324.180686122701,,,,,,,,,,,,,,,,,,,,,,230.852867791098,,,,,,
773,,,,,,,,,,,,,,,,,,,,,,,,,,,,,,,,,,,852.0,,,,,,,,,,,,,,,,231.587464459373,,,,,,,,,,,,,,,,,,,,,,438.923387873376,,,,,,
772,,,,,,,,,,,,,,,,,,,,,,,,,,,,,,,,,,,749.0,,,,,,,,,,,,,,,,220.166838122044,,,,,,,,,,,,,,,,,,,,,,300.519504352859,,,,,,
771,,,,,,,,,,,,,,,,,,,,,,,,,,,,,,,,,,,864.0,,,,,,,,,,,,,,,,231.503838270288,,,,,,,,,,,,,,,,,,,,,,138.765608178186,,,,,,
770,,,,,,,,,,,,,,,,,,,,,,,,,,,,,,,,,,,799.0,,,,,,,,,,,,,,,,312.713556978116,,,,,,,,,,,,,,,,,,,,,,208.232505642094,,,,,,
769,,,,,,,,,,,,,,,,,,,,,,,,,,,,,,,,,,,734.0,,,,,,,,,,,,,,,,278.010224739257,,,,,,,,,,,,,,,,,,,,,,300.967335596219,,,,,,
768,,,,,,,,,,,,,,,,,,,,,,,,,,,,,,,,,,,668.0,,,,,,,,,,,,,,,,289.674642000986,,,,,,,,,,,,,,,,,,,,,,208.485467155306,,,,,,
767,,,,,,,,,,,,,,,,,,,,,,,,,,,,,,,,,,,667.0,,,,,,,,,,,,,,,,231.668527374279,,,,,,,,,,,,,,,,,,,,,,208.581090543412,,,,,,
766,,,,,,,,,,,,,,,,,,,,,,,,,,,,,,,,,,,612.0,,,,,,,,,,,,,,,,254.870104168026,,,,,,,,,,,,,,,,,,,,,,440.654956458337,,,,,,
765,,,,,,,,,,,,,,,,,,,,,,,,,,,,,,,,,,,751.0,,,,,,,,,,,,,,,,266.427323320241,,,,,,,,,,,,,,,,,,,,,,232.090237485856,,,,,,
764,,,,,,,,,,,,,,,,,,,,,,,,,,,,,,,,,,,567.0,,,,,,,,,,,,,,,,243.250474285464,,,,,,,,,,,,,,,,,,,,,,185.741957600153,,,,,,
763,,,,,,,,,,,,,,,,,,,,,,,,,,,,,,,,,,,631.0,,,,,,,,,,,,,,,,220.175384169321,,,,,,,,,,,,,,,,,,,,,,255.522658905992,,,,,,
762,,,,,,,,,,,,,,,,,,,,,,,,,,,,,,,,,,,1031.0,,,,,,,,,,,,,,,,278.120387422868,,,,,,,,,,,,,,,,,,,,,,488.196133010472,,,,,,
761,,,,,,,,,,,,,,,,,,,,,,,,,,,,,,,,,,,731.0,,,,,,,,,,,,,,,,266.698555173299,,,,,,,,,,,,,,,,,,,,,,279.184052810389,,,,,,
760,,,,,,,,,,,,,,,,,,,,,,,,,,,,,,,,,,,590.0,,,,,,,,,,,,,,,,243.198788216626,,,,,,,,,,,,,,,,,,,,,,162.916608886576,,,,,,
759,,,,,,,,,,,,,,,,,,,,,,,,,,,,,,,,,,,732.0,,,,,,,,,,,,,,,,185.479106863108,,,,,,,,,,,,,,,,,,,,,,209.542073906684,,,,,,
758,,,,,,,,,,,,,,,,,,,,,,,,,,,,,,,,,,,717.0,,,,,,,,,,,,,,,,231.779350247854,,,,,,,,,,,,,,,,,,,,,,209.624950248092,,,,,,
757,,,,,,,,,,,,,,,,,,,,,,,,,,,,,,,,,,,880.0,,,,,,,,,,,,,,,,231.790863009868,,,,,,,,,,,,,,,,,,,,,,186.399192875056,,,,,,
756,,,,,,,,,,,,,,,,,,,,,,,,,,,,,,,,,,,788.0,,,,,,,,,,,,,,,,266.658880206774,,,,,,,,,,,,,,,,,,,,,,256.404138041235,,,,,,
755,,,,,,,,,,,,,,,,,,,,,,,,,,,,,,,,,,,625.0,,,,,,,,,,,,,,,,324.632073754722,,,,,,,,,,,,,,,,,,,,,,233.211113298387,,,,,,
754,,,,,,,,,,,,,,,,,,,,,,,,,,,,,,,,,,,871.0,,,,,,,,,,,,,,,,359.30748315529,,,,,,,,,,,,,,,,,,,,,,209.981104032766,,,,,,
753,,,,,,,,,,,,,,,,,,,,,,,,,,,,,,,,,,,739.0,,,,,,,,,,,,,,,,231.854537354424,,,,,,,,,,,,,,,,,,,,,,163.37331639191,,,,,,
752,,,,,,,,,,,,,,,,,,,,,,,,,,,,,,,,,,,870.0,,,,,,,,,,,,,,,,255.180720920124,,,,,,,,,,,,,,,,,,,,,,210.121549067755,,,,,,
751,,,,,,,,,,,,,,,,,,,,,,,,,,,,,,,,,,,913.0,,,,,,,,,,,,,,,,254.983203364671,,,,,,,,,,,,,,,,,,,,,,210.20502387181,,,,,,
750,,,,,,,,,,,,,,,,,,,,,,,,,,,,,,,,,,,943.0,,,,,,,,,,,,,,,,313.07958480685,,,,,,,,,,,,,,,,,,,,,,280.388121002954,,,,,,
749,,,,,,,,,,,,,,,,,,,,,,,,,,,,,,,,,,,617.0,,,,,,,,,,,,,,,,231.909421913172,,,,,,,,,,,,,,,,,,,,,,163.613959482339,,,,,,
748,,,,,,,,,,,,,,,,,,,,,,,,,,,,,,,,,,,751.0,,,,,,,,,,,,,,,,255.241120735607,,,,,,,,,,,,,,,,,,,,,,350.77771325404,,,,,,
747,,,,,,,,,,,,,,,,,,,,,,,,,,,,,,,,,,,931.0,,,,,,,,,,,,,,,,255.149565594096,,,,,,,,,,,,,,,,,,,,,,304.188454500124,,,,,,
746,,,,,,,,,,,,,,,,,,,,,,,,,,,,,,,,,,,974.0,,,,,,,,,,,,,,,,220.285852671227,,,,,,,,,,,,,,,,,,,,,,210.673655549401,,,,,,
745,,,,,,,,,,,,,,,,,,,,,,,,,,,,,,,,,,,661.0,,,,,,,,,,,,,,,,278.393828627882,,,,,,,,,,,,,,,,,,,,,,163.907979755824,,,,,,
744,,,,,,,,,,,,,,,,,,,,,,,,,,,,,,,,,,,710.0,,,,,,,,,,,,,,,,220.416042847564,,,,,,,,,,,,,,,,,,,,,,210.815603888065,,,,,,
743,,,,,,,,,,,,,,,,,,,,,,,,,,,,,,,,,,,858.0,,,,,,,,,,,,,,,,289.875681782566,,,,,,,,,,,,,,,,,,,,,,234.361714304217,,,,,,
742,,,,,,,,,,,,,,,,,,,,,,,,,,,,,,,,,,,629.0,,,,,,,,,,,,,,,,243.768919539215,,,,,,,,,,,,,,,,,,,,,,164.123694426356,,,,,,
741,,,,,,,,,,,,,,,,,,,,,,,,,,,,,,,,,,,663.0,,,,,,,,,,,,,,,,185.565285456762,,,,,,,,,,,,,,,,,,,,,,187.64412172867,,,,,,
740,,,,,,,,,,,,,,,,,,,,,,,,,,,,,,,,,,,496.0,,,,,,,,,,,,,,,,174.01315575411,,,,,,,,,,,,,,,,,,,,,,164.25151069684,,,,,,
739,,,,,,,,,,,,,,,,,,,,,,,,,,,,,,,,,,,829.0,,,,,,,,,,,,,,,,278.582875273659,,,,,,,,,,,,,,,,,,,,,,234.746548025091,,,,,,
738,,,,,,,,,,,,,,,,,,,,,,,,,,,,,,,,,,,928.0,,,,,,,,,,,,,,,,313.281439874297,,,,,,,,,,,,,,,,,,,,,,328.843786237888,,,,,,
737,,,,,,,,,,,,,,,,,,,,,,,,,,,,,,,,,,,653.0,,,,,,,,,,,,,,,,313.198508818124,,,,,,,,,,,,,,,,,,,,,,305.547651755325,,,,,,
736,,,,,,,,,,,,,,,,,,,,,,,,,,,,,,,,,,,920.0,,,,,,,,,,,,,,,,289.991524530383,,,,,,,,,,,,,,,,,,,,,,282.258254278885,,,,,,
735,,,,,,,,,,,,,,,,,,,,,,,,,,,,,,,,,,,630.0,,,,,,,,,,,,,,,,209.07265415399,,,,,,,,,,,,,,,,,,,,,,306.004886752999,,,,,,
734,,,,,,,,,,,,,,,,,,,,,,,,,,,,,,,,,,,711.0,,,,,,,,,,,,,,,,232.101544932557,,,,,,,,,,,,,,,,,,,,,,211.950582655974,,,,,,
733,,,,,,,,,,,,,,,,,,,,,,,,,,,,,,,,,,,828.0,,,,,,,,,,,,,,,,266.910201055026,,,,,,,,,,,,,,,,,,,,,,235.58311540991,,,,,,
732,,,,,,,,,,,,,,,,,,,,,,,,,,,,,,,,,,,655.0,,,,,,,,,,,,,,,,383.103027665853,,,,,,,,,,,,,,,,,,,,,,282.836294204921,,,,,,
731,,,,,,,,,,,,,,,,,,,,,,,,,,,,,,,,,,,867.0,,,,,,,,,,,,,,,,255.279848181267,,,,,,,,,,,,,,,,,,,,,,306.58047701169,,,,,,
730,,,,,,,,,,,,,,,,,,,,,,,,,,,,,,,,,,,465.0,,,,,,,,,,,,,,,,243.728167078877,,,,,,,,,,,,,,,,,,,,,,235.954474765206,,,,,,
729,,,,,,,,,,,,,,,,,,,,,,,,,,,,,,,,,,,747.0,,,,,,,,,,,,,,,,255.520079577892,,,,,,,,,,,,,,,,,,,,,,259.696710872895,,,,,,
728,,,,,,,,,,,,,,,,,,,,,,,,,,,,,,,,,,,788.0,,,,,,,,,,,,,,,,209.159101085856,,,,,,,,,,,,,,,,,,,,,,307.102086209218,,,,,,
727,,,,,,,,,,,,,,,,,,,,,,,,,,,,,,,,,,,795.0,,,,,,,,,,,,,,,,266.795041328043,,,,,,,,,,,,,,,,,,,,,,283.621629070048,,,,,,
726,,,,,,,,,,,,,,,,,,,,,,,,,,,,,,,,,,,644.0,,,,,,,,,,,,,,,,243.99200691901,,,,,,,,,,,,,,,,,,,,,,236.453077908306,,,,,,
725,,,,,,,,,,,,,,,,,,,,,,,,,,,,,,,,,,,489.0,,,,,,,,,,,,,,,,278.605757516434,,,,,,,,,,,,,,,,,,,,,,212.902008019146,,,,,,
724,,,,,,,,,,,,,,,,,,,,,,,,,,,,,,,,,,,830.0,,,,,,,,,,,,,,,,220.667293944261,,,,,,,,,,,,,,,,,,,,,,213.003969095194,,,,,,
723,,,,,,,,,,,,,,,,,,,,,,,,,,,,,,,,,,,587.0,,,,,,,,,,,,,,,,301.988146677267,,,,,,,,,,,,,,,,,,,,,,165.74034511091,,,,,,
722,,,,,,,,,,,,,,,,,,,,,,,,,,,,,,,,,,,540.0,,,,,,,,,,,,,,,,243.94012744133,,,,,,,,,,,,,,,,,,,,,,307.954890179759,,,,,,
721,,,,,,,,,,,,,,,,,,,,,,,,,,,,,,,,,,,762.0,,,,,,,,,,,,,,,,255.418027568272,,,,,,,,,,,,,,,,,,,,,,284.424803576114,,,,,,
720,,,,,,,,,,,,,,,,,,,,,,,,,,,,,,,,,,,518.0,,,,,,,,,,,,,,,,290.467538535829,,,,,,,,,,,,,,,,,,,,,,213.416253457308,,,,,,
719,,,,,,,,,,,,,,,,,,,,,,,,,,,,,,,,,,,688.0,,,,,,,,,,,,,,,,278.806746521413,,,,,,,,,,,,,,,,,,,,,,379.61467714049,,,,,,
718,,,,,,,,,,,,,,,,,,,,,,,,,,,,,,,,,,,688.0,,,,,,,,,,,,,,,,255.569793939208,,,,,,,,,,,,,,,,,,,,,,284.883875491484,,,,,,
717,,,,,,,,,,,,,,,,,,,,,,,,,,,,,,,,,,,723.0,,,,,,,,,,,,,,,,267.158022823206,,,,,,,,,,,,,,,,,,,,,,237.51330451394,,,,,,
716,,,,,,,,,,,,,,,,,,,,,,,,,,,,,,,,,,,700.0,,,,,,,,,,,,,,,,290.429830161867,,,,,,,,,,,,,,,,,,,,,,213.842944186506,,,,,,
715,,,,,,,,,,,,,,,,,,,,,,,,,,,,,,,,,,,898.0,,,,,,,,,,,,,,,,267.296598760014,,,,,,,,,,,,,,,,,,,,,,285.248263894775,,,,,,
714,,,,,,,,,,,,,,,,,,,,,,,,,,,,,,,,,,,776.0,,,,,,,,,,,,,,,,244.052730771261,,,,,,,,,,,,,,,,,,,,,,214.027407838861,,,,,,
713,,,,,,,,,,,,,,,,,,,,,,,,,,,,,,,,,,,461.0,,,,,,,,,,,,,,,,209.121735482046,,,,,,,,,,,,,,,,,,,,,,309.278617675589,,,,,,
712,,,,,,,,,,,,,,,,,,,,,,,,,,,,,,,,,,,795.0,,,,,,,,,,,,,,,,325.22469482794,,,,,,,,,,,,,,,,,,,,,,285.639403009847,,,,,,
711,,,,,,,,,,,,,,,,,,,,,,,,,,,,,,,,,,,1005.0,,,,,,,,,,,,,,,,302.303985518619,,,,,,,,,,,,,,,,,,,,,,309.600512735592,,,,,,
710,,,,,,,,,,,,,,,,,,,,,,,,,,,,,,,,,,,633.0,,,,,,,,,,,,,,,,255.582393380941,,,,,,,,,,,,,,,,,,,,,,238.279842365555,,,,,,
709,,,,,,,,,,,,,,,,,,,,,,,,,,,,,,,,,,,859.0,,,,,,,,,,,,,,,,209.171038306829,,,,,,,,,,,,,,,,,,,,,,238.402244900705,,,,,,
708,,,,,,,,,,,,,,,,,,,,,,,,,,,,,,,,,,,570.0,,,,,,,,,,,,,,,,209.28577552943,,,,,,,,,,,,,,,,,,,,,,357.821874943916,,,,,,
707,,,,,,,,,,,,,,,,,,,,,,,,,,,,,,,,,,,707.0,,,,,,,,,,,,,,,,255.723186794051,,,,,,,,,,,,,,,,,,,,,,381.954738382614,,,,,,
706,,,,,,,,,,,,,,,,,,,,,,,,,,,,,,,,,,,741.0,,,,,,,,,,,,,,,,255.736992391311,,,,,,,,,,,,,,,,,,,,,,214.957121424806,,,,,,
705,,,,,,,,,,,,,,,,,,,,,,,,,,,,,,,,,,,824.0,,,,,,,,,,,,,,,,244.168812065359,,,,,,,,,,,,,,,,,,,,,,215.040237722228,,,,,,
704,,,,,,,,,,,,,,,,,,,,,,,,,,,,,,,,,,,701.0,,,,,,,,,,,,,,,,232.598653146661,,,,,,,,,,,,,,,,,,,,,,167.324166311537,,,,,,
703,,,,,,,,,,,,,,,,,,,,,,,,,,,,,,,,,,,528.0,,,,,,,,,,,,,,,,278.942166482515,,,,,,,,,,,,,,,,,,,,,,215.22761690866,,,,,,
702,,,,,,,,,,,,,,,,,,,,,,,,,,,,,,,,,,,640.0,,,,,,,,,,,,,,,,313.923520334504,,,,,,,,,,,,,,,,,,,,,,143.54197684373,,,,,,
701,,,,,,,,,,,,,,,,,,,,,,,,,,,,,,,,,,,659.0,,,,,,,,,,,,,,,,267.394061154243,,,,,,,,,,,,,,,,,,,,,,382.978382845529,,,,,,
700,,,,,,,,,,,,,,,,,,,,,,,,,,,,,,,,,,,469.0,,,,,,,,,,,,,,,,325.655472640189,,,,,,,,,,,,,,,,,,,,,,311.365532389243,,,,,,
699,,,,,,,,,,,,,,,,,,,,,,,,,,,,,,,,,,,685.0,,,,,,,,,,,,,,,,360.545222144622,,,,,,,,,,,,,,,,,,,,,,287.557728333702,,,,,,
698,,,,,,,,,,,,,,,,,,,,,,,,,,,,,,,,,,,869.0,,,,,,,,,,,,,,,,255.864448410183,,,,,,,,,,,,,,,,,,,,,,215.787417282101,,,,,,
697,,,,,,,,,,,,,,,,,,,,,,,,,,,,,,,,,,,638.0,,,,,,,,,,,,,,,,197.620983514504,,,,,,,,,,,,,,,,,,,,,,167.916156603441,,,,,,
696,,,,,,,,,,,,,,,,,,,,,,,,,,,,,,,,,,,757.0,,,,,,,,,,,,,,,,255.887797302539,,,,,,,,,,,,,,,,,,,,,,336.029354363698,,,,,,
695,,,,,,,,,,,,,,,,,,,,,,,,,,,,,,,,,,,583.0,,,,,,,,,,,,,,,,290.880884337401,,,,,,,,,,,,,,,,,,,,,,408.331173688543,,,,,,
694,,,,,,,,,,,,,,,,,,,,,,,,,,,,,,,,,,,526.0,,,,,,,,,,,,,,,,220.936809279818,,,,,,,,,,,,,,,,,,,,,,312.461124975677,,,,,,
693,,,,,,,,,,,,,,,,,,,,,,,,,,,,,,,,,,,524.0,,,,,,,,,,,,,,,,209.35658430207,,,,,,,,,,,,,,,,,,,,,,288.581762669493,,,,,,
692,,,,,,,,,,,,,,,,,,,,,,,,,,,,,,,,,,,589.0,,,,,,,,,,,,,,,,232.652283883115,,,,,,,,,,,,,,,,,,,,,,312.781660353951,,,,,,
691,,,,,,,,,,,,,,,,,,,,,,,,,,,,,,,,,,,794.0,,,,,,,,,,,,,,,,302.529095404128,,,,,,,,,,,,,,,,,,,,,,361.100883366689,,,,,,
690,,,,,,,,,,,,,,,,,,,,,,,,,,,,,,,,,,,525.0,,,,,,,,,,,,,,,,267.773549387935,,,,,,,,,,,,,,,,,,,,,,313.18503303232,,,,,,
689,,,,,,,,,,,,,,,,,,,,,,,,,,,,,,,,,,,548.0,,,,,,,,,,,,,,,,197.702382388546,,,,,,,,,,,,,,,,,,,,,,289.263872463268,,,,,,
688,,,,,,,,,,,,,,,,,,,,,,,,,,,,,,,,,,,751.0,,,,,,,,,,,,,,,,186.116994174212,,,,,,,,,,,,,,,,,,,,,,289.402707942479,,,,,,
687,,,,,,,,,,,,,,,,,,,,,,,,,,,,,,,,,,,461.0,,,,,,,,,,,,,,,,221.115612255179,,,,,,,,,,,,,,,,,,,,,,241.278581236566,,,,,,
686,,,,,,,,,,,,,,,,,,,,,,,,,,,,,,,,,,,803.0,,,,,,,,,,,,,,,,291.007693498136,,,,,,,,,,,,,,,,,,,,,,217.247883927542,,,,,,
685,,,,,,,,,,,,,,,,,,,,,,,,,,,,,,,,,,,531.0,,,,,,,,,,,,,,,,221.033126034339,,,,,,,,,,,,,,,,,,,,,,169.04387866605,,,,,,
684,,,,,,,,,,,,,,,,,,,,,,,,,,,,,,,,,,,686.0,,,,,,,,,,,,,,,,279.337507868077,,,,,,,,,,,,,,,,,,,,,,144.943625767185,,,,,,
683,,,,,,,,,,,,,,,,,,,,,,,,,,,,,,,,,,,779.0,,,,,,,,,,,,,,,,314.248734074949,,,,,,,,,,,,,,,,,,,,,,435.051444209286,,,,,,
682,,,,,,,,,,,,,,,,,,,,,,,,,,,,,,,,,,,696.0,,,,,,,,,,,,,,,,244.477788648022,,,,,,,,,,,,,,,,,,,,,,241.819316309805,,,,,,
681,,,,,,,,,,,,,,,,,,,,,,,,,,,,,,,,,,,502.0,,,,,,,,,,,,,,,,302.689447177242,,,,,,,,,,,,,,,,,,,,,,290.321993890109,,,,,,
680,,,,,,,,,,,,,,,,,,,,,,,,,,,,,,,,,,,614.0,,,,,,,,,,,,,,,,267.7026717732,,,,,,,,,,,,,,,,,,,,,,242.072164912532,,,,,,
679,,,,,,,,,,,,,,,,,,,,,,,,,,,,,,,,,,,704.0,,,,,,,,,,,,,,,,221.323445555472,,,,,,,,,,,,,,,,,,,,,,193.749245258226,,,,,,
678,,,,,,,,,,,,,,,,,,,,,,,,,,,,,,,,,,,658.0,,,,,,,,,,,,,,,,186.110479499686,,,,,,,,,,,,,,,,,,,,,,242.303416295543,,,,,,
677,,,,,,,,,,,,,,,,,,,,,,,,,,,,,,,,,,,649.0,,,,,,,,,,,,,,,,337.656614502451,,,,,,,,,,,,,,,,,,,,,,363.665346157401,,,,,,
676,,,,,,,,,,,,,,,,,,,,,,,,,,,,,,,,,,,531.0,,,,,,,,,,,,,,,,209.544624457664,,,,,,,,,,,,,,,,,,,,,,315.38830703762,,,,,,
675,,,,,,,,,,,,,,,,,,,,,,,,,,,,,,,,,,,727.0,,,,,,,,,,,,,,,,291.078993998563,,,,,,,,,,,,,,,,,,,,,,218.465390479921,,,,,,
674,,,,,,,,,,,,,,,,,,,,,,,,,,,,,,,,,,,504.0,,,,,,,,,,,,,,,,361.028517712208,,,,,,,,,,,,,,,,,,,,,,242.818110892958,,,,,,
673,,,,,,,,,,,,,,,,,,,,,,,,,,,,,,,,,,,676.0,,,,,,,,,,,,,,,,256.207435665933,,,,,,,,,,,,,,,,,,,,,,461.662941312766,,,,,,
672,,,,,,,,,,,,,,,,,,,,,,,,,,,,,,,,,,,505.0,,,,,,,,,,,,,,,,268.03749739455,,,,,,,,,,,,,,,,,,,,,,243.149260803958,,,,,,
671,,,,,,,,,,,,,,,,,,,,,,,,,,,,,,,,,,,475.0,,,,,,,,,,,,,,,,232.815210197677,,,,,,,,,,,,,,,,,,,,,,340.611573240968,,,,,,
670,,,,,,,,,,,,,,,,,,,,,,,,,,,,,,,,,,,412.0,,,,,,,,,,,,,,,,267.852641182948,,,,,,,,,,,,,,,,,,,,,,243.432540155866,,,,,,
669,,,,,,,,,,,,,,,,,,,,,,,,,,,,,,,,,,,617.0,,,,,,,,,,,,,,,,232.94604172744,,,,,,,,,,,,,,,,,,,,,,389.689164918134,,,,,,
668,,,,,,,,,,,,,,,,,,,,,,,,,,,,,,,,,,,771.0,,,,,,,,,,,,,,,,267.987153540612,,,,,,,,,,,,,,,,,,,,,,463.075735698168,,,,,,
667,,,,,,,,,,,,,,,,,,,,,,,,,,,,,,,,,,,709.0,,,,,,,,,,,,,,,,232.970437560665,,,,,,,,,,,,,,,,,,,,,,219.46499201388,,,,,,
666,,,,,,,,,,,,,,,,,,,,,,,,,,,,,,,,,,,448.0,,,,,,,,,,,,,,,,256.408263250899,,,,,,,,,,,,,,,,,,,,,,243.95674786438,,,,,,
665,,,,,,,,,,,,,,,,,,,,,,,,,,,,,,,,,,,646.0,,,,,,,,,,,,,,,,279.53085435782,,,,,,,,,,,,,,,,,,,,,,268.48404745646,,,,,,
664,,,,,,,,,,,,,,,,,,,,,,,,,,,,,,,,,,,682.0,,,,,,,,,,,,,,,,256.437682613784,,,,,,,,,,,,,,,,,,,,,,415.216164912401,,,,,,
663,,,,,,,,,,,,,,,,,,,,,,,,,,,,,,,,,,,745.0,,,,,,,,,,,,,,,,233.020802465858,,,,,,,,,,,,,,,,,,,,,,195.507645623483,,,,,,
662,,,,,,,,,,,,,,,,,,,,,,,,,,,,,,,,,,,776.0,,,,,,,,,,,,,,,,267.860149032987,,,,,,,,,,,,,,,,,,,,,,317.835205637466,,,,,,
661,,,,,,,,,,,,,,,,,,,,,,,,,,,,,,,,,,,700.0,,,,,,,,,,,,,,,,268.195053222954,,,,,,,,,,,,,,,,,,,,,,244.58584112252,,,,,,
660,,,,,,,,,,,,,,,,,,,,,,,,,,,,,,,,,,,667.0,,,,,,,,,,,,,,,,198.013589212525,,,,,,,,,,,,,,,,,,,,,,244.692952533322,,,,,,
659,,,,,,,,,,,,,,,,,,,,,,,,,,,,,,,,,,,740.0,,,,,,,,,,,,,,,,268.113939695401,,,,,,,,,,,,,,,,,,,,,,220.310023709516,,,,,,
658,,,,,,,,,,,,,,,,,,,,,,,,,,,,,,,,,,,609.0,,,,,,,,,,,,,,,,244.692500698018,,,,,,,,,,,,,,,,,,,,,,318.381892836088,,,,,,
657,,,,,,,,,,,,,,,,,,,,,,,,,,,,,,,,,,,610.0,,,,,,,,,,,,,,,,209.761226942613,,,,,,,,,,,,,,,,,,,,,,220.530606916485,,,,,,
656,,,,,,,,,,,,,,,,,,,,,,,,,,,,,,,,,,,737.0,,,,,,,,,,,,,,,,221.489126172978,,,,,,,,,,,,,,,,,,,,,,220.629572469884,,,,,,
655,,,,,,,,,,,,,,,,,,,,,,,,,,,,,,,,,,,611.0,,,,,,,,,,,,,,,,233.218792966501,,,,,,,,,,,,,,,,,,,,,,220.735703054584,,,,,,
654,,,,,,,,,,,,,,,,,,,,,,,,,,,,,,,,,,,616.0,,,,,,,,,,,,,,,,233.123301018515,,,,,,,,,,,,,,,,,,,,,,245.398562246439,,,,,,
653,,,,,,,,,,,,,,,,,,,,,,,,,,,,,,,,,,,574.0,,,,,,,,,,,,,,,,314.649797676141,,,,,,,,,,,,,,,,,,,,,,270.120404770932,,,,,,
652,,,,,,,,,,,,,,,,,,,,,,,,,,,,,,,,,,,659.0,,,,,,,,,,,,,,,,244.872716918425,,,,,,,,,,,,,,,,,,,,,,245.689291648081,,,,,,
651,,,,,,,,,,,,,,,,,,,,,,,,,,,,,,,,,,,713.0,,,,,,,,,,,,,,,,314.794577491361,,,,,,,,,,,,,,,,,,,,,,172.038591613002,,,,,,
650,,,,,,,,,,,,,,,,,,,,,,,,,,,,,,,,,,,836.0,,,,,,,,,,,,,,,,279.859479034835,,,,,,,,,,,,,,,,,,,,,,221.261132447991,,,,,,
649,,,,,,,,,,,,,,,,,,,,,,,,,,,,,,,,,,,669.0,,,,,,,,,,,,,,,,268.152337863834,,,,,,,,,,,,,,,,,,,,,,172.149985937685,,,,,,
648,,,,,,,,,,,,,,,,,,,,,,,,,,,,,,,,,,,611.0,,,,,,,,,,,,,,,,279.89254759565,,,,,,,,,,,,,,,,,,,,,,295.24755926145,,,,,,
647,,,,,,,,,,,,,,,,,,,,,,,,,,,,,,,,,,,717.0,,,,,,,,,,,,,,,,303.25412192534,,,,,,,,,,,,,,,,,,,,,,147.705308962853,,,,,,
646,,,,,,,,,,,,,,,,,,,,,,,,,,,,,,,,,,,703.0,,,,,,,,,,,,,,,,279.821818962096,,,,,,,,,,,,,,,,,,,,,,221.652743018068,,,,,,
645,,,,,,,,,,,,,,,,,,,,,,,,,,,,,,,,,,,943.0,,,,,,,,,,,,,,,,221.523887738058,,,,,,,,,,,,,,,,,,,,,,246.398379892479,,,,,,
644,,,,,,,,,,,,,,,,,,,,,,,,,,,,,,,,,,,764.0,,,,,,,,,,,,,,,,221.746874083041,,,,,,,,,,,,,,,,,,,,,,320.45513663537,,,,,,
643,,,,,,,,,,,,,,,,,,,,,,,,,,,,,,,,,,,570.0,,,,,,,,,,,,,,,,233.377951645268,,,,,,,,,,,,,,,,,,,,,,468.677390079373,,,,,,
642,,,,,,,,,,,,,,,,,,,,,,,,,,,,,,,,,,,549.0,,,,,,,,,,,,,,,,245.010897591446,,,,,,,,,,,,,,,,,,,,,,296.192056819965,,,,,,
641,,,,,,,,,,,,,,,,,,,,,,,,,,,,,,,,,,,736.0,,,,,,,,,,,,,,,,326.488343575614,,,,,,,,,,,,,,,,,,,,,,296.33770212408,,,,,,
640,,,,,,,,,,,,,,,,,,,,,,,,,,,,,,,,,,,720.0,,,,,,,,,,,,,,,,245.041490854464,,,,,,,,,,,,,,,,,,,,,,98.808110599462,,,,,,
639,,,,,,,,,,,,,,,,,,,,,,,,,,,,,,,,,,,645.0,,,,,,,,,,,,,,,,221.592847890572,,,,,,,,,,,,,,,,,,,,,,370.670723367679,,,,,,
638,,,,,,,,,,,,,,,,,,,,,,,,,,,,,,,,,,,1158.0,,,,,,,,,,,,,,,,268.527015690086,,,,,,,,,,,,,,,,,,,,,,173.065880856407,,,,,,
637,,,,,,,,,,,,,,,,,,,,,,,,,,,,,,,,,,,679.0,,,,,,,,,,,,,,,,233.240421253194,,,,,,,,,,,,,,,,,,,,,,222.593656466327,,,,,,
636,,,,,,,,,,,,,,,,,,,,,,,,,,,,,,,,,,,632.0,,,,,,,,,,,,,,,,326.791077653133,,,,,,,,,,,,,,,,,,,,,,222.679124058269,,,,,,
635,,,,,,,,,,,,,,,,,,,,,,,,,,,,,,,,,,,604.0,,,,,,,,,,,,,,,,245.001952635797,,,,,,,,,,,,,,,,,,,,,,222.761464504457,,,,,,
634,,,,,,,,,,,,,,,,,,,,,,,,,,,,,,,,,,,730.0,,,,,,,,,,,,,,,,233.493952066187,,,,,,,,,,,,,,,,,,,,,,247.613876276371,,,,,,
633,,,,,,,,,,,,,,,,,,,,,,,,,,,,,,,,,,,695.0,,,,,,,,,,,,,,,,268.388127924849,,,,,,,,,,,,,,,,,,,,,,222.941621151416,,,,,,
632,,,,,,,,,,,,,,,,,,,,,,,,,,,,,,,,,,,693.0,,,,,,,,,,,,,,,,256.881822725167,,,,,,,,,,,,,,,,,,,,,,297.391548283722,,,,,,
631,,,,,,,,,,,,,,,,,,,,,,,,,,,,,,,,,,,796.0,,,,,,,,,,,,,,,,245.053370931721,,,,,,,,,,,,,,,,,,,,,,322.354902210071,,,,,,
630,,,,,,,,,,,,,,,,,,,,,,,,,,,,,,,,,,,701.0,,,,,,,,,,,,,,,,245.065811433725,,,,,,,,,,,,,,,,,,,,,,223.274076790452,,,,,,
629,,,,,,,,,,,,,,,,,,,,,,,,,,,,,,,,,,,604.0,,,,,,,,,,,,,,,,303.549616673647,,,,,,,,,,,,,,,,,,,,,,248.185182128809,,,,,,
628,,,,,,,,,,,,,,,,,,,,,,,,,,,,,,,,,,,721.0,,,,,,,,,,,,,,,,198.464643468007,,,,,,,,,,,,,,,,,,,,,,297.978909413548,,,,,,
627,,,,,,,,,,,,,,,,,,,,,,,,,,,,,,,,,,,953.0,,,,,,,,,,,,,,,,268.366814519493,,,,,,,,,,,,,,,,,,,,,,323.00896020497,,,,,,
626,,,,,,,,,,,,,,,,,,,,,,,,,,,,,,,,,,,622.0,,,,,,,,,,,,,,,,303.70563561072,,,,,,,,,,,,,,,,,,,,,,373.006992513191,,,,,,
625,,,,,,,,,,,,,,,,,,,,,,,,,,,,,,,,,,,742.0,,,,,,,,,,,,,,,,245.241332708684,,,,,,,,,,,,,,,,,,,,,,298.603619970302,,,,,,
624,,,,,,,,,,,,,,,,,,,,,,,,,,,,,,,,,,,500.0,,,,,,,,,,,,,,,,280.260965056787,,,,,,,,,,,,,,,,,,,,,,323.697618406215,,,,,,
623,,,,,,,,,,,,,,,,,,,,,,,,,,,,,,,,,,,591.0,,,,,,,,,,,,,,,,221.893810413275,,,,,,,,,,,,,,,,,,,,,,249.160526010003,,,,,,
622,,,,,,,,,,,,,,,,,,,,,,,,,,,,,,,,,,,668.0,,,,,,,,,,,,,,,,186.786612923408,,,,,,,,,,,,,,,,,,,,,,199.426253915804,,,,,,
621,,,,,,,,,,,,,,,,,,,,,,,,,,,,,,,,,,,436.0,,,,,,,,,,,,,,,,268.558081431639,,,,,,,,,,,,,,,,,,,,,,124.679980006115,,,,,,
620,,,,,,,,,,,,,,,,,,,,,,,,,,,,,,,,,,,597.0,,,,,,,,,,,,,,,,233.559591926923,,,,,,,,,,,,,,,,,,,,,,224.493607409656,,,,,,
619,,,,,,,,,,,,,,,,,,,,,,,,,,,,,,,,,,,830.0,,,,,,,,,,,,,,,,292.072553168342,,,,,,,,,,,,,,,,,,,,,,299.45382972203,,,,,,
618,,,,,,,,,,,,,,,,,,,,,,,,,,,,,,,,,,,884.0,,,,,,,,,,,,,,,,198.461430036121,,,,,,,,,,,,,,,,,,,,,,399.490758785415,,,,,,
617,,,,,,,,,,,,,,,,,,,,,,,,,,,,,,,,,,,591.0,,,,,,,,,,,,,,,,221.957054285897,,,,,,,,,,,,,,,,,,,,,,249.821754486747,,,,,,
616,,,,,,,,,,,,,,,,,,,,,,,,,,,,,,,,,,,500.0,,,,,,,,,,,,,,,,315.391461296859,,,,,,,,,,,,,,,,,,,,,,274.909119295573,,,,,,
615,,,,,,,,,,,,,,,,,,,,,,,,,,,,,,,,,,,640.0,,,,,,,,,,,,,,,,292.13585435125,,,,,,,,,,,,,,,,,,,,,,175.00294658783,,,,,,
614,,,,,,,,,,,,,,,,,,,,,,,,,,,,,,,,,,,686.0,,,,,,,,,,,,,,,,257.022160277364,,,,,,,,,,,,,,,,,,,,,,150.042237240653,,,,,,
613,,,,,,,,,,,,,,,,,,,,,,,,,,,,,,,,,,,778.0,,,,,,,,,,,,,,,,210.262021213826,,,,,,,,,,,,,,,,,,,,,,225.138481708956,,,,,,
612,,,,,,,,,,,,,,,,,,,,,,,,,,,,,,,,,,,595.0,,,,,,,,,,,,,,,,233.658516276621,,,,,,,,,,,,,,,,,,,,,,175.165604221096,,,,,,
611,,,,,,,,,,,,,,,,,,,,,,,,,,,,,,,,,,,658.0,,,,,,,,,,,,,,,,292.089464140955,,,,,,,,,,,,,,,,,,,,,,150.181096585496,,,,,,
610,,,,,,,,,,,,,,,,,,,,,,,,,,,,,,,,,,,536.0,,,,,,,,,,,,,,,,268.824111116754,,,,,,,,,,,,,,,,,,,,,,175.256896930503,,,,,,
609,,,,,,,,,,,,,,,,,,,,,,,,,,,,,,,,,,,763.0,,,,,,,,,,,,,,,,210.306204028545,,,,,,,,,,,,,,,,,,,,,,300.557131804246,,,,,,
608,,,,,,,,,,,,,,,,,,,,,,,,,,,,,,,,,,,797.0,,,,,,,,,,,,,,,,315.530343849967,,,,,,,,,,,,,,,,,,,,,,200.459220344908,,,,,,
607,,,,,,,,,,,,,,,,,,,,,,,,,,,,,,,,,,,679.0,,,,,,,,,,,,,,,,233.724196676986,,,,,,,,,,,,,,,,,,,,,,175.455557742777,,,,,,
606,,,,,,,,,,,,,,,,,,,,,,,,,,,,,,,,,,,825.0,,,,,,,,,,,,,,,,280.526974366491,,,,,,,,,,,,,,,,,,,,,,175.502690809164,,,,,,
605,,,,,,,,,,,,,,,,,,,,,,,,,,,,,,,,,,,603.0,,,,,,,,,,,,,,,,268.898784506765,,,,,,,,,,,,,,,,,,,,,,200.638277059517,,,,,,
604,,,,,,,,,,,,,,,,,,,,,,,,,,,,,,,,,,,521.0,,,,,,,,,,,,,,,,327.251195704056,,,,,,,,,,,,,,,,,,,,,,250.898603529083,,,,,,
603,,,,,,,,,,,,,,,,,,,,,,,,,,,,,,,,,,,676.0,,,,,,,,,,,,,,,,245.427039977993,,,,,,,,,,,,,,,,,,,,,,401.668798189544,,,,,,
602,,,,,,,,,,,,,,,,,,,,,,,,,,,,,,,,,,,907.0,,,,,,,,,,,,,,,,257.086849290742,,,,,,,,,,,,,,,,,,,,,,226.042325873164,,,,,,
601,,,,,,,,,,,,,,,,,,,,,,,,,,,,,,,,,,,936.0,,,,,,,,,,,,,,,,175.459093897681,,,,,,,,,,,,,,,,,,,,,,326.653236348347,,,,,,
600,,,,,,,,,,,,,,,,,,,,,,,,,,,,,,,,,,,580.0,,,,,,,,,,,,,,,,245.567291618793,,,,,,,,,,,,,,,,,,,,,,226.256244867676,,,,,,
599,,,,,,,,,,,,,,,,,,,,,,,,,,,,,,,,,,,714.0,,,,,,,,,,,,,,,,327.336674639155,,,,,,,,,,,,,,,,,,,,,,226.355368168947,,,,,,
598,,,,,,,,,,,,,,,,,,,,,,,,,,,,,,,,,,,642.0,,,,,,,,,,,,,,,,198.785585715727,,,,,,,,,,,,,,,,,,,,,,150.96579419836,,,,,,
597,,,,,,,,,,,,,,,,,,,,,,,,,,,,,,,,,,,815.0,,,,,,,,,,,,,,,,304.072447914955,,,,,,,,,,,,,,,,,,,,,,327.257480726984,,,,,,
596,,,,,,,,,,,,,,,,,,,,,,,,,,,,,,,,,,,582.0,,,,,,,,,,,,,,,,292.334965294864,,,,,,,,,,,,,,,,,,,,,,302.272822180987,,,,,,
595,,,,,,,,,,,,,,,,,,,,,,,,,,,,,,,,,,,606.0,,,,,,,,,,,,,,,,222.336281585939,,,,,,,,,,,,,,,,,,,,,,327.651363248221,,,,,,
594,,,,,,,,,,,,,,,,,,,,,,,,,,,,,,,,,,,538.0,,,,,,,,,,,,,,,,222.13232509232,,,,,,,,,,,,,,,,,,,,,,327.853107385738,,,,,,
593,,,,,,,,,,,,,,,,,,,,,,,,,,,,,,,,,,,729.0,,,,,,,,,,,,,,,,292.486540018561,,,,,,,,,,,,,,,,,,,,,,252.328144625011,,,,,,
592,,,,,,,,,,,,,,,,,,,,,,,,,,,,,,,,,,,710.0,,,,,,,,,,,,,,,,245.570282133232,,,,,,,,,,,,,,,,,,,,,,378.672945181405,,,,,,
591,,,,,,,,,,,,,,,,,,,,,,,,,,,,,,,,,,,698.0,,,,,,,,,,,,,,,,269.105117738536,,,,,,,,,,,,,,,,,,,,,,227.310457839006,,,,,,
590,,,,,,,,,,,,,,,,,,,,,,,,,,,,,,,,,,,723.0,,,,,,,,,,,,,,,,245.597375412305,,,,,,,,,,,,,,,,,,,,,,303.203753028361,,,,,,
589,,,,,,,,,,,,,,,,,,,,,,,,,,,,,,,,,,,1065.0,,,,,,,,,,,,,,,,233.95472567862,,,,,,,,,,,,,,,,,,,,,,404.492876357948,,,,,,
588,,,,,,,,,,,,,,,,,,,,,,,,,,,,,,,,,,,775.0,,,,,,,,,,,,,,,,350.955021022615,,,,,,,,,,,,,,,,,,,,,,379.436120610206,,,,,,
587,,,,,,,,,,,,,,,,,,,,,,,,,,,,,,,,,,,854.0,,,,,,,,,,,,,,,,222.221504693014,,,,,,,,,,,,,,,,,,,,,,253.105889971412,,,,,,
586,,,,,,,,,,,,,,,,,,,,,,,,,,,,,,,,,,,681.0,,,,,,,,,,,,,,,,234.209749277209,,,,,,,,,,,,,,,,,,,,,,177.242442344826,,,,,,
585,,,,,,,,,,,,,,,,,,,,,,,,,,,,,,,,,,,404.0,,,,,,,,,,,,,,,,187.161727472682,,,,,,,,,,,,,,,,,,,,,,227.970778076469,,,,,,
584,,,,,,,,,,,,,,,,,,,,,,,,,,,,,,,,,,,404.0,,,,,,,,,,,,,,,,257.439187582304,,,,,,,,,,,,,,,,,,,,,,380.161445181265,,,,,,
583,,,,,,,,,,,,,,,,,,,,,,,,,,,,,,,,,,,463.0,,,,,,,,,,,,,,,,257.453410339411,,,,,,,,,,,,,,,,,,,,,,177.511806279754,,,,,,
582,,,,,,,,,,,,,,,,,,,,,,,,,,,,,,,,,,,680.0,,,,,,,,,,,,,,,,210.615012187709,,,,,,,,,,,,,,,,,,,,,,304.449631513777,,,,,,
581,,,,,,,,,,,,,,,,,,,,,,,,,,,,,,,,,,,633.0,,,,,,,,,,,,,,,,281.012874366224,,,,,,,,,,,,,,,,,,,,,,304.616707851184,,,,,,
580,,,,,,,,,,,,,,,,,,,,,,,,,,,,,,,,,,,599.0,,,,,,,,,,,,,,,,222.297697972411,,,,,,,,,,,,,,,,,,,,,,330.168302457583,,,,,,
579,,,,,,,,,,,,,,,,,,,,,,,,,,,,,,,,,,,545.0,,,,,,,,,,,,,,,,269.167468525264,,,,,,,,,,,,,,,,,,,,,,228.674942059553,,,,,,
578,,,,,,,,,,,,,,,,,,,,,,,,,,,,,,,,,,,575.0,,,,,,,,,,,,,,,,210.765718884147,,,,,,,,,,,,,,,,,,,,,,254.198460723778,,,,,,
577,,,,,,,,,,,,,,,,,,,,,,,,,,,,,,,,,,,1087.0,,,,,,,,,,,,,,,,245.762190233469,,,,,,,,,,,,,,,,,,,,,,178.016037124854,,,,,,
576,,,,,,,,,,,,,,,,,,,,,,,,,,,,,,,,,,,867.0,,,,,,,,,,,,,,,,222.4485745576,,,,,,,,,,,,,,,,,,,,,,381.676046671786,,,,,,
575,,,,,,,,,,,,,,,,,,,,,,,,,,,,,,,,,,,959.0,,,,,,,,,,,,,,,,199.131353181741,,,,,,,,,,,,,,,,,,,,,,305.51179351171,,,,,,
574,,,,,,,,,,,,,,,,,,,,,,,,,,,,,,,,,,,735.0,,,,,,,,,,,,,,,,280.895249180224,,,,,,,,,,,,,,,,,,,,,,305.639724378557,,,,,,
573,,,,,,,,,,,,,,,,,,,,,,,,,,,,,,,,,,,792.0,,,,,,,,,,,,,,,,316.121999297371,,,,,,,,,,,,,,,,,,,,,,203.839252255465,,,,,,
572,,,,,,,,,,,,,,,,,,,,,,,,,,,,,,,,,,,516.0,,,,,,,,,,,,,,,,281.147005905935,,,,,,,,,,,,,,,,,,,,,,305.877896371922,,,,,,
571,,,,,,,,,,,,,,,,,,,,,,,,,,,,,,,,,,,687.0,,,,,,,,,,,,,,,,210.737418598514,,,,,,,,,,,,,,,,,,,,,,204.011039771586,,,,,,
570,,,,,,,,,,,,,,,,,,,,,,,,,,,,,,,,,,,831.0,,,,,,,,,,,,,,,,187.19851911554,,,,,,,,,,,,,,,,,,,,,,280.625352529338,,,,,,
569,,,,,,,,,,,,,,,,,,,,,,,,,,,,,,,,,,,596.0,,,,,,,,,,,,,,,,222.634954534464,,,,,,,,,,,,,,,,,,,,,,306.300431373188,,,,,,
568,,,,,,,,,,,,,,,,,,,,,,,,,,,,,,,,,,,356.0,,,,,,,,,,,,,,,,163.878182946585,,,,,,,,,,,,,,,,,,,,,,229.839667132114,,,,,,
567,,,,,,,,,,,,,,,,,,,,,,,,,,,,,,,,,,,480.0,,,,,,,,,,,,,,,,234.212427976842,,,,,,,,,,,,,,,,,,,,,,178.828450040206,,,,,,
566,,,,,,,,,,,,,,,,,,,,,,,,,,,,,,,,,,,493.0,,,,,,,,,,,,,,,,246.10668626739,,,,,,,,,,,,,,,,,,,,,,306.688505279541,,,,,,
565,,,,,,,,,,,,,,,,,,,,,,,,,,,,,,,,,,,617.0,,,,,,,,,,,,,,,,222.459569496158,,,,,,,,,,,,,,,,,,,,,,230.103336535997,,,,,,
564,,,,,,,,,,,,,,,,,,,,,,,,,,,,,,,,,,,550.0,,,,,,,,,,,,,,,,269.363485615909,,,,,,,,,,,,,,,,,,,,,,179.025959570837,,,,,,
563,,,,,,,,,,,,,,,,,,,,,,,,,,,,,,,,,,,699.0,,,,,,,,,,,,,,,,222.482667614786,,,,,,,,,,,,,,,,,,,,,,230.258796218666,,,,,,
562,,,,,,,,,,,,,,,,,,,,,,,,,,,,,,,,,,,623.0,,,,,,,,,,,,,,,,234.377960333298,,,,,,,,,,,,,,,,,,,,,,255.941818140367,,,,,,
561,,,,,,,,,,,,,,,,,,,,,,,,,,,,,,,,,,,730.0,,,,,,,,,,,,,,,,292.855315507594,,,,,,,,,,,,,,,,,,,,,,230.435377758479,,,,,,
560,,,,,,,,,,,,,,,,,,,,,,,,,,,,,,,,,,,482.0,,,,,,,,,,,,,,,,339.779542131259,,,,,,,,,,,,,,,,,,,,,,179.295894554338,,,,,,
559,,,,,,,,,,,,,,,,,,,,,,,,,,,,,,,,,,,731.0,,,,,,,,,,,,,,,,281.224098099286,,,,,,,,,,,,,,,,,,,,,,204.99177729857,,,,,,
558,,,,,,,,,,,,,,,,,,,,,,,,,,,,,,,,,,,781.0,,,,,,,,,,,,,,,,292.915847839493,,,,,,,,,,,,,,,,,,,,,,311.521170370674,,,,,,
557,,,,,,,,,,,,,,,,,,,,,,,,,,,,,,,,,,,555.0,,,,,,,,,,,,,,,,292.935033586806,,,,,,,,,,,,,,,,,,,,,,259.72554962865,,,,,,
556,,,,,,,,,,,,,,,,,,,,,,,,,,,,,,,,,,,291.0,,,,,,,,,,,,,,,,281.278430265023,,,,,,,,,,,,,,,,,,,,,,233.848709660775,,,,,,
555,,,,,,,,,,,,,,,,,,,,,,,,,,,,,,,,,,,670.0,,,,,,,,,,,,,,,,246.159456849044,,,,,,,,,,,,,,,,,,,,,,233.921721923108,,,,,,
554,,,,,,,,,,,,,,,,,,,,,,,,,,,,,,,,,,,683.0,,,,,,,,,,,,,,,,210.927200515425,,,,,,,,,,,,,,,,,,,,,,338.023418210766,,,,,,
553,,,,,,,,,,,,,,,,,,,,,,,,,,,,,,,,,,,519.0,,,,,,,,,,,,,,,,316.462415835413,,,,,,,,,,,,,,,,,,,,,,338.24155012342,,,,,,
552,,,,,,,,,,,,,,,,,,,,,,,,,,,,,,,,,,,688.0,,,,,,,,,,,,,,,,234.522042940209,,,,,,,,,,,,,,,,,,,,,,312.381440712656,,,,,,
551,,,,,,,,,,,,,,,,,,,,,,,,,,,,,,,,,,,781.0,,,,,,,,,,,,,,,,257.891242877956,,,,,,,,,,,,,,,,,,,,,,260.460548835285,,,,,,
550,,,,,,,,,,,,,,,,,,,,,,,,,,,,,,,,,,,529.0,,,,,,,,,,,,,,,,187.507302084811,,,,,,,,,,,,,,,,,,,,,,234.509551186591,,,,,,
549,,,,,,,,,,,,,,,,,,,,,,,,,,,,,,,,,,,732.0,,,,,,,,,,,,,,,,257.914568754371,,,,,,,,,,,,,,,,,,,,,,234.584612997884,,,,,,
548,,,,,,,,,,,,,,,,,,,,,,,,,,,,,,,,,,,698.0,,,,,,,,,,,,,,,,316.546871704283,,,,,,,,,,,,,,,,,,,,,,260.73431794148,,,,,,
547,,,,,,,,,,,,,,,,,,,,,,,,,,,,,,,,,,,673.0,,,,,,,,,,,,,,,,187.537833083575,,,,,,,,,,,,,,,,,,,,,,391.307436688817,,,,,,
546,,,,,,,,,,,,,,,,,,,,,,,,,,,,,,,,,,,834.0,,,,,,,,,,,,,,,,328.370162918386,,,,,,,,,,,,,,,,,,,,,,391.577482848585,,,,,,
545,,,,,,,,,,,,,,,,,,,,,,,,,,,,,,,,,,,664.0,,,,,,,,,,,,,,,,363.551438457254,,,,,,,,,,,,,,,,,,,,,,261.21877192239,,,,,,
544,,,,,,,,,,,,,,,,,,,,,,,,,,,,,,,,,,,602.0,,,,,,,,,,,,,,,,199.3654957873,,,,,,,,,,,,,,,,,,,,,,261.327663340321,,,,,,
543,,,,,,,,,,,,,,,,,,,,,,,,,,,,,,,,,,,687.0,,,,,,,,,,,,,,,,328.328703811642,,,,,,,,,,,,,,,,,,,,,,287.580750828588,,,,,,
542,,,,,,,,,,,,,,,,,,,,,,,,,,,,,,,,,,,778.0,,,,,,,,,,,,,,,,316.77544502052,,,,,,,,,,,,,,,,,,,,,,209.214000605869,,,,,,
541,,,,,,,,,,,,,,,,,,,,,,,,,,,,,,,,,,,711.0,,,,,,,,,,,,,,,,187.60975330144,,,,,,,,,,,,,,,,,,,,,,287.757751154653,,,,,,
540,,,,,,,,,,,,,,,,,,,,,,,,,,,,,,,,,,,651.0,,,,,,,,,,,,,,,,293.222008346299,,,,,,,,,,,,,,,,,,,,,,209.358864214465,,,,,,
539,,,,,,,,,,,,,,,,,,,,,,,,,,,,,,,,,,,656.0,,,,,,,,,,,,,,,,246.278089617771,,,,,,,,,,,,,,,,,,,,,,235.631320918154,,,,,,
538,,,,,,,,,,,,,,,,,,,,,,,,,,,,,,,,,,,526.0,,,,,,,,,,,,,,,,316.846781860532,,,,,,,,,,,,,,,,,,,,,,235.745062335805,,,,,,
537,,,,,,,,,,,,,,,,,,,,,,,,,,,,,,,,,,,780.0,,,,,,,,,,,,,,,,187.65200491946,,,,,,,,,,,,,,,,,,,,,,393.103424708945,,,,,,
536,,,,,,,,,,,,,,,,,,,,,,,,,,,,,,,,,,,750.0,,,,,,,,,,,,,,,,305.084436572641,,,,,,,,,,,,,,,,,,,,,,236.007916549352,,,,,,
535,,,,,,,,,,,,,,,,,,,,,,,,,,,,,,,,,,,703.0,,,,,,,,,,,,,,,,187.671556533452,,,,,,,,,,,,,,,,,,,,,,262.315737050593,,,,,,
534,,,,,,,,,,,,,,,,,,,,,,,,,,,,,,,,,,,668.0,,,,,,,,,,,,,,,,305.116221533024,,,,,,,,,,,,,,,,,,,,,,183.702096734439,,,,,,
533,,,,,,,,,,,,,,,,,,,,,,,,,,,,,,,,,,,777.0,,,,,,,,,,,,,,,,199.489170900048,,,,,,,,,,,,,,,,,,,,,,315.034693247563,,,,,,
532,,,,,,,,,,,,,,,,,,,,,,,,,,,,,,,,,,,682.0,,,,,,,,,,,,,,,,352.023185985012,,,,,,,,,,,,,,,,,,,,,,262.649945715362,,,,,,
531,,,,,,,,,,,,,,,,,,,,,,,,,,,,,,,,,,,695.0,,,,,,,,,,,,,,,,246.497190187543,,,,,,,,,,,,,,,,,,,,,,394.124955410121,,,,,,
530,,,,,,,,,,,,,,,,,,,,,,,,,,,,,,,,,,,784.0,,,,,,,,,,,,,,,,258.203072964434,,,,,,,,,,,,,,,,,,,,,,210.336787032049,,,,,,
529,,,,,,,,,,,,,,,,,,,,,,,,,,,,,,,,,,,964.0,,,,,,,,,,,,,,,,305.099821776888,,,,,,,,,,,,,,,,,,,,,,210.407065173743,,,,,,
528,,,,,,,,,,,,,,,,,,,,,,,,,,,,,,,,,,,544.0,,,,,,,,,,,,,,,,223.044588279088,,,,,,,,,,,,,,,,,,,,,,184.183373269268,,,,,,
527,,,,,,,,,,,,,,,,,,,,,,,,,,,,,,,,,,,532.0,,,,,,,,,,,,,,,,223.054698062534,,,,,,,,,,,,,,,,,,,,,,315.829828444943,,,,,,
526,,,,,,,,,,,,,,,,,,,,,,,,,,,,,,,,,,,623.0,,,,,,,,,,,,,,,,363.949619806531,,,,,,,,,,,,,,,,,,,,,,289.654721302307,,,,,,
525,,,,,,,,,,,,,,,,,,,,,,,,,,,,,,,,,,,596.0,,,,,,,,,,,,,,,,211.387577263867,,,,,,,,,,,,,,,,,,,,,,342.459172389402,,,,,,
524,,,,,,,,,,,,,,,,,,,,,,,,,,,,,,,,,,,690.0,,,,,,,,,,,,,,,,199.592243469986,,,,,,,,,,,,,,,,,,,,,,316.33858230365,,,,,,
523,,,,,,,,,,,,,,,,,,,,,,,,,,,,,,,,,,,477.0,,,,,,,,,,,,,,,,281.589499027767,,,,,,,,,,,,,,,,,,,,,,263.754179600918,,,,,,
522,,,,,,,,,,,,,,,,,,,,,,,,,,,,,,,,,,,901.0,,,,,,,,,,,,,,,,246.619540717737,,,,,,,,,,,,,,,,,,,,,,263.849616762303,,,,,,
521,,,,,,,,,,,,,,,,,,,,,,,,,,,,,,,,,,,681.0,,,,,,,,,,,,,,,,258.438578009323,,,,,,,,,,,,,,,,,,,,,,316.739348201992,,,,,,
520,,,,,,,,,,,,,,,,,,,,,,,,,,,,,,,,,,,814.0,,,,,,,,,,,,,,,,316.95099602313,,,,,,,,,,,,,,,,,,,,,,264.074936869116,,,,,,
519,,,,,,,,,,,,,,,,,,,,,,,,,,,,,,,,,,,659.0,,,,,,,,,,,,,,,,211.34853694743,,,,,,,,,,,,,,,,,,,,,,158.490454964135,,,,,,
518,,,,,,,,,,,,,,,,,,,,,,,,,,,,,,,,,,,710.0,,,,,,,,,,,,,,,,340.604145589818,,,,,,,,,,,,,,,,,,,,,,317.103936024268,,,,,,
517,,,,,,,,,,,,,,,,,,,,,,,,,,,,,,,,,,,438.0,,,,,,,,,,,,,,,,211.481524529393,,,,,,,,,,,,,,,,,,,,,,343.737357647618,,,,,,
516,,,,,,,,,,,,,,,,,,,,,,,,,,,,,,,,,,,532.0,,,,,,,,,,,,,,,,293.728242856071,,,,,,,,,,,,,,,,,,,,,,211.627952512236,,,,,,
515,,,,,,,,,,,,,,,,,,,,,,,,,,,,,,,,,,,823.0,,,,,,,,,,,,,,,,317.046593960109,,,,,,,,,,,,,,,,,,,,,,344.032292453318,,,,,,
514,,,,,,,,,,,,,,,,,,,,,,,,,,,,,,,,,,,824.0,,,,,,,,,,,,,,,,246.738408593896,,,,,,,,,,,,,,,,,,,,,,264.787356380102,,,,,,
513,,,,,,,,,,,,,,,,,,,,,,,,,,,,,,,,,,,745.0,,,,,,,,,,,,,,,,246.643904140174,,,,,,,,,,,,,,,,,,,,,,238.428527881665,,,,,,
512,,,,,,,,,,,,,,,,,,,,,,,,,,,,,,,,,,,743.0,,,,,,,,,,,,,,,,270.389155157768,,,,,,,,,,,,,,,,,,,,,,185.485798884364,,,,,,
511,,,,,,,,,,,,,,,,,,,,,,,,,,,,,,,,,,,961.0,,,,,,,,,,,,,,,,211.446844697387,,,,,,,,,,,,,,,,,,,,,,238.548009212603,,,,,,
510,,,,,,,,,,,,,,,,,,,,,,,,,,,,,,,,,,,471.0,,,,,,,,,,,,,,,,258.387979580766,,,,,,,,,,,,,,,,,,,,,,238.637065818077,,,,,,
509,,,,,,,,,,,,,,,,,,,,,,,,,,,,,,,,,,,778.0,,,,,,,,,,,,,,,,211.574881797062,,,,,,,,,,,,,,,,,,,,,,212.224797479108,,,,,,
508,,,,,,,,,,,,,,,,,,,,,,,,,,,,,,,,,,,781.0,,,,,,,,,,,,,,,,270.228070018275,,,,,,,,,,,,,,,,,,,,,,291.894198964413,,,,,,
507,,,,,,,,,,,,,,,,,,,,,,,,,,,,,,,,,,,756.0,,,,,,,,,,,,,,,,211.488855057084,,,,,,,,,,,,,,,,,,,,,,265.502585936714,,,,,,
506,,,,,,,,,,,,,,,,,,,,,,,,,,,,,,,,,,,672.0,,,,,,,,,,,,,,,,235.129572617604,,,,,,,,,,,,,,,,,,,,,,318.7735189586,,,,,,
505,,,,,,,,,,,,,,,,,,,,,,,,,,,,,,,,,,,862.0,,,,,,,,,,,,,,,,188.090091871647,,,,,,,,,,,,,,,,,,,,,,239.19637450084,,,,,,
504,,,,,,,,,,,,,,,,,,,,,,,,,,,,,,,,,,,570.0,,,,,,,,,,,,,,,,328.934261218264,,,,,,,,,,,,,,,,,,,,,,265.877828153663,,,,,,
503,,,,,,,,,,,,,,,,,,,,,,,,,,,,,,,,,,,1012.0,,,,,,,,,,,,,,,,188.11101216044,,,,,,,,,,,,,,,,,,,,,,212.786820758937,,,,,,
502,,,,,,,,,,,,,,,,,,,,,,,,,,,,,,,,,,,666.0,,,,,,,,,,,,,,,,317.367179265343,,,,,,,,,,,,,,,,,,,,,,212.850168099735,,,,,,
501,,,,,,,,,,,,,,,,,,,,,,,,,,,,,,,,,,,610.0,,,,,,,,,,,,,,,,282.147089147627,,,,,,,,,,,,,,,,,,,,,,266.155259098408,,,,,,
500,,,,,,,,,,,,,,,,,,,,,,,,,,,,,,,,,,,816.0,,,,,,,,,,,,,,,,199.85533781678,,,,,,,,,,,,,,,,,,,,,,213.009400295283,,,,,,
499,,,,,,,,,,,,,,,,,,,,,,,,,,,,,,,,,,,798.0,,,,,,,,,,,,,,,,293.996122668363,,,,,,,,,,,,,,,,,,,,,,292.995728794206,,,,,,
498,,,,,,,,,,,,,,,,,,,,,,,,,,,,,,,,,,,698.0,,,,,,,,,,,,,,,,293.800563924891,,,,,,,,,,,,,,,,,,,,,,239.849166907109,,,,,,
497,,,,,,,,,,,,,,,,,,,,,,,,,,,,,,,,,,,714.0,,,,,,,,,,,,,,,,223.425513865989,,,,,,,,,,,,,,,,,,,,,,319.945037650199,,,,,,
496,,,,,,,,,,,,,,,,,,,,,,,,,,,,,,,,,,,614.0,,,,,,,,,,,,,,,,282.225629607827,,,,,,,,,,,,,,,,,,,,,,320.124530674356,,,,,,
495,,,,,,,,,,,,,,,,,,,,,,,,,,,,,,,,,,,818.0,,,,,,,,,,,,,,,,223.449637229147,,,,,,,,,,,,,,,,,,,,,,293.578283626838,,,,,,
494,,,,,,,,,,,,,,,,,,,,,,,,,,,,,,,,,,,506.0,,,,,,,,,,,,,,,,258.608480370044,,,,,,,,,,,,,,,,,,,,,,507.427197095022,,,,,,
493,,,,,,,,,,,,,,,,,,,,,,,,,,,,,,,,,,,672.0,,,,,,,,,,,,,,,,270.662313565502,,,,,,,,,,,,,,,,,,,,,,240.513008558336,,,,,,
492,,,,,,,,,,,,,,,,,,,,,,,,,,,,,,,,,,,706.0,,,,,,,,,,,,,,,,270.355817379467,,,,,,,,,,,,,,,,,,,,,,240.58592323985,,,,,,
491,,,,,,,,,,,,,,,,,,,,,,,,,,,,,,,,,,,590.0,,,,,,,,,,,,,,,,211.780485617738,,,,,,,,,,,,,,,,,,,,,,213.921409419548,,,,,,
490,,,,,,,,,,,,,,,,,,,,,,,,,,,,,,,,,,,624.0,,,,,,,,,,,,,,,,352.953704847989,,,,,,,,,,,,,,,,,,,,,,240.748861269543,,,,,,
489,,,,,,,,,,,,,,,,,,,,,,,,,,,,,,,,,,,868.0,,,,,,,,,,,,,,,,223.419098364985,,,,,,,,,,,,,,,,,,,,,,267.620787254135,,,,,,
488,,,,,,,,,,,,,,,,,,,,,,,,,,,,,,,,,,,620.0,,,,,,,,,,,,,,,,282.245818191113,,,,,,,,,,,,,,,,,,,,,,455.138993018047,,,,,,
487,,,,,,,,,,,,,,,,,,,,,,,,,,,,,,,,,,,770.0,,,,,,,,,,,,,,,,235.379245304973,,,,,,,,,,,,,,,,,,,,,,267.913519199804,,,,,,
486,,,,,,,,,,,,,,,,,,,,,,,,,,,,,,,,,,,659.0,,,,,,,,,,,,,,,,294.106537897803,,,,,,,,,,,,,,,,,,,,,,268.05659260847,,,,,,
485,,,,,,,,,,,,,,,,,,,,,,,,,,,,,,,,,,,657.0,,,,,,,,,,,,,,,,247.128629673222,,,,,,,,,,,,,,,,,,,,,,187.714202074425,,,,,,
484,,,,,,,,,,,,,,,,,,,,,,,,,,,,,,,,,,,460.0,,,,,,,,,,,,,,,,317.695224565865,,,,,,,,,,,,,,,,,,,,,,295.089718838907,,,,,,
483,,,,,,,,,,,,,,,,,,,,,,,,,,,,,,,,,,,457.0,,,,,,,,,,,,,,,,294.162728319577,,,,,,,,,,,,,,,,,,,,,,214.695091970361,,,,,,
482,,,,,,,,,,,,,,,,,,,,,,,,,,,,,,,,,,,936.0,,,,,,,,,,,,,,,,200.170205056472,,,,,,,,,,,,,,,,,,,,,,241.593507929306,,,,,,
481,,,,,,,,,,,,,,,,,,,,,,,,,,,,,,,,,,,661.0,,,,,,,,,,,,,,,,223.520267440324,,,,,,,,,,,,,,,,,,,,,,241.65553723124,,,,,,
480,,,,,,,,,,,,,,,,,,,,,,,,,,,,,,,,,,,685.0,,,,,,,,,,,,,,,,258.81472767845,,,,,,,,,,,,,,,,,,,,,,214.908864592155,,,,,,
479,,,,,,,,,,,,,,,,,,,,,,,,,,,,,,,,,,,735.0,,,,,,,,,,,,,,,,259.044313449585,,,,,,,,,,,,,,,,,,,,,,215.005518567886,,,,,,
478,,,,,,,,,,,,,,,,,,,,,,,,,,,,,,,,,,,678.0,,,,,,,,,,,,,,,,282.405141453801,,,,,,,,,,,,,,,,,,,,,,241.99138974923,,,,,,
477,,,,,,,,,,,,,,,,,,,,,,,,,,,,,,,,,,,876.0,,,,,,,,,,,,,,,,188.49449381458,,,,,,,,,,,,,,,,,,,,,,322.770393226813,,,,,,
476,,,,,,,,,,,,,,,,,,,,,,,,,,,,,,,,,,,762.0,,,,,,,,,,,,,,,,176.450558721985,,,,,,,,,,,,,,,,,,,,,,215.290343915047,,,,,,
475,,,,,,,,,,,,,,,,,,,,,,,,,,,,,,,,,,,671.0,,,,,,,,,,,,,,,,188.399595272389,,,,,,,,,,,,,,,,,,,,,,242.281775734263,,,,,,
474,,,,,,,,,,,,,,,,,,,,,,,,,,,,,,,,,,,546.0,,,,,,,,,,,,,,,,270.72290844114,,,,,,,,,,,,,,,,,,,,,,242.380800459407,,,,,,
473,,,,,,,,,,,,,,,,,,,,,,,,,,,,,,,,,,,664.0,,,,,,,,,,,,,,,,247.17218264403,,,,,,,,,,,,,,,,,,,,,,269.43130752797,,,,,,
472,,,,,,,,,,,,,,,,,,,,,,,,,,,,,,,,,,,777.0,,,,,,,,,,,,,,,,223.72492122472,,,,,,,,,,,,,,,,,,,,,,215.628215798225,,,,,,
471,,,,,,,,,,,,,,,,,,,,,,,,,,,,,,,,,,,615.0,,,,,,,,,,,,,,,,200.274004165942,,,,,,,,,,,,,,,,,,,,,,323.578597680846,,,,,,
470,,,,,,,,,,,,,,,,,,,,,,,,,,,,,,,,,,,746.0,,,,,,,,,,,,,,,,164.766173258375,,,,,,,,,,,,,,,,,,,,,,188.811787598611,,,,,,
469,,,,,,,,,,,,,,,,,,,,,,,,,,,,,,,,,,,616.0,,,,,,,,,,,,,,,,212.018846740647,,,,,,,,,,,,,,,,,,,,,,296.859660356094,,,,,,
468,,,,,,,,,,,,,,,,,,,,,,,,,,,,,,,,,,,614.0,,,,,,,,,,,,,,,,282.527234822918,,,,,,,,,,,,,,,,,,,,,,215.980368906193,,,,,,
467,,,,,,,,,,,,,,,,,,,,,,,,,,,,,,,,,,,525.0,,,,,,,,,,,,,,,,211.933435170772,,,,,,,,,,,,,,,,,,,,,,324.113164036328,,,,,,
466,,,,,,,,,,,,,,,,,,,,,,,,,,,,,,,,,,,798.0,,,,,,,,,,,,,,,,318.079915293708,,,,,,,,,,,,,,,,,,,,,,270.217967819351,,,,,,
465,,,,,,,,,,,,,,,,,,,,,,,,,,,,,,,,,,,817.0,,,,,,,,,,,,,,,,306.153522834302,,,,,,,,,,,,,,,,,,,,,,351.45301829496,,,,,,
464,,,,,,,,,,,,,,,,,,,,,,,,,,,,,,,,,,,649.0,,,,,,,,,,,,,,,,247.392287917639,,,,,,,,,,,,,,,,,,,,,,378.749419711302,,,,,,
463,,,,,,,,,,,,,,,,,,,,,,,,,,,,,,,,,,,884.0,,,,,,,,,,,,,,,,306.298513798974,,,,,,,,,,,,,,,,,,,,,,216.502590885828,,,,,,
462,,,,,,,,,,,,,,,,,,,,,,,,,,,,,,,,,,,884.0,,,,,,,,,,,,,,,,211.998404067074,,,,,,,,,,,,,,,,,,,,,,324.924516492868,,,,,,
461,,,,,,,,,,,,,,,,,,,,,,,,,,,,,,,,,,,785.0,,,,,,,,,,,,,,,,212.007365969676,,,,,,,,,,,,,,,,,,,,,,352.151064267482,,,,,,
460,,,,,,,,,,,,,,,,,,,,,,,,,,,,,,,,,,,577.0,,,,,,,,,,,,,,,,223.968870249919,,,,,,,,,,,,,,,,,,,,,,325.240510275983,,,,,,
459,,,,,,,,,,,,,,,,,,,,,,,,,,,,,,,,,,,836.0,,,,,,,,,,,,,,,,270.930411188829,,,,,,,,,,,,,,,,,,,,,,325.383527628573,,,,,,
458,,,,,,,,,,,,,,,,,,,,,,,,,,,,,,,,,,,937.0,,,,,,,,,,,,,,,,282.792783227886,,,,,,,,,,,,,,,,,,,,,,217.006699036045,,,,,,
457,,,,,,,,,,,,,,,,,,,,,,,,,,,,,,,,,,,618.0,,,,,,,,,,,,,,,,235.637930574205,,,,,,,,,,,,,,,,,,,,,,298.56823668718,,,,,,
456,,,,,,,,,,,,,,,,,,,,,,,,,,,,,,,,,,,571.0,,,,,,,,,,,,,,,,270.976765800122,,,,,,,,,,,,,,,,,,,,,,162.900421704489,,,,,,
455,,,,,,,,,,,,,,,,,,,,,,,,,,,,,,,,,,,534.0,,,,,,,,,,,,,,,,212.181252832667,,,,,,,,,,,,,,,,,,,,,,244.41611565817,,,,,,
454,,,,,,,,,,,,,,,,,,,,,,,,,,,,,,,,,,,703.0,,,,,,,,,,,,,,,,188.492035620315,,,,,,,,,,,,,,,,,,,,,,244.501459560232,,,,,,
453,,,,,,,,,,,,,,,,,,,,,,,,,,,,,,,,,,,328.0,,,,,,,,,,,,,,,,176.756639323756,,,,,,,,,,,,,,,,,,,,,,190.237522529277,,,,,,
452,,,,,,,,,,,,,,,,,,,,,,,,,,,,,,,,,,,511.0,,,,,,,,,,,,,,,,318.197740029477,,,,,,,,,,,,,,,,,,,,,,244.678344476781,,,,,,
451,,,,,,,,,,,,,,,,,,,,,,,,,,,,,,,,,,,646.0,,,,,,,,,,,,,,,,318.217799144476,,,,,,,,,,,,,,,,,,,,,,244.775577467247,,,,,,
450,,,,,,,,,,,,,,,,,,,,,,,,,,,,,,,,,,,551.0,,,,,,,,,,,,,,,,247.563961060499,,,,,,,,,,,,,,,,,,,,,,217.683065747261,,,,,,
449,,,,,,,,,,,,,,,,,,,,,,,,,,,,,,,,,,,671.0,,,,,,,,,,,,,,,,212.129269336887,,,,,,,,,,,,,,,,,,,,,,272.18211598686,,,,,,
448,,,,,,,,,,,,,,,,,,,,,,,,,,,,,,,,,,,525.0,,,,,,,,,,,,,,,,259.327819493081,,,,,,,,,,,,,,,,,,,,,,217.865448690515,,,,,,
447,,,,,,,,,,,,,,,,,,,,,,,,,,,,,,,,,,,679.0,,,,,,,,,,,,,,,,235.851285337088,,,,,,,,,,,,,,,,,,,,,,217.933891553258,,,,,,
446,,,,,,,,,,,,,,,,,,,,,,,,,,,,,,,,,,,850.0,,,,,,,,,,,,,,,,271.096096376154,,,,,,,,,,,,,,,,,,,,,,272.538311114728,,,,,,
445,,,,,,,,,,,,,,,,,,,,,,,,,,,,,,,,,,,853.0,,,,,,,,,,,,,,,,200.421222967443,,,,,,,,,,,,,,,,,,,,,,190.848657432681,,,,,,
444,,,,,,,,,,,,,,,,,,,,,,,,,,,,,,,,,,,463.0,,,,,,,,,,,,,,,,282.972545736805,,,,,,,,,,,,,,,,,,,,,,272.728835771289,,,,,,
443,,,,,,,,,,,,,,,,,,,,,,,,,,,,,,,,,,,657.0,,,,,,,,,,,,,,,,282.880051919764,,,,,,,,,,,,,,,,,,,,,,245.56658418825,,,,,,
442,,,,,,,,,,,,,,,,,,,,,,,,,,,,,,,,,,,663.0,,,,,,,,,,,,,,,,271.148010564465,,,,,,,,,,,,,,,,,,,,,,272.962878121261,,,,,,
441,,,,,,,,,,,,,,,,,,,,,,,,,,,,,,,,,,,620.0,,,,,,,,,,,,,,,,212.422847565876,,,,,,,,,,,,,,,,,,,,,,245.765474196794,,,,,,
440,,,,,,,,,,,,,,,,,,,,,,,,,,,,,,,,,,,741.0,,,,,,,,,,,,,,,,200.359003198359,,,,,,,,,,,,,,,,,,,,,,163.905007180136,,,,,,
439,,,,,,,,,,,,,,,,,,,,,,,,,,,,,,,,,,,885.0,,,,,,,,,,,,,,,,259.431705511598,,,,,,,,,,,,,,,,,,,,,,273.266624916082,,,,,,
438,,,,,,,,,,,,,,,,,,,,,,,,,,,,,,,,,,,763.0,,,,,,,,,,,,,,,,235.83798678013,,,,,,,,,,,,,,,,,,,,,,218.703578050233,,,,,,
437,,,,,,,,,,,,,,,,,,,,,,,,,,,,,,,,,,,587.0,,,,,,,,,,,,,,,,235.847853041778,,,,,,,,,,,,,,,,,,,,,,300.841676080829,,,,,,
436,,,,,,,,,,,,,,,,,,,,,,,,,,,,,,,,,,,660.0,,,,,,,,,,,,,,,,224.107605259408,,,,,,,,,,,,,,,,,,,,,,355.719259254741,,,,,,
435,,,,,,,,,,,,,,,,,,,,,,,,,,,,,,,,,,,780.0,,,,,,,,,,,,,,,,294.835820865737,,,,,,,,,,,,,,,,,,,,,,301.136232387861,,,,,,
434,,,,,,,,,,,,,,,,,,,,,,,,,,,,,,,,,,,762.0,,,,,,,,,,,,,,,,224.129090778333,,,,,,,,,,,,,,,,,,,,,,301.314118646979,,,,,,
433,,,,,,,,,,,,,,,,,,,,,,,,,,,,,,,,,,,575.0,,,,,,,,,,,,,,,,235.889476982159,,,,,,,,,,,,,,,,,,,,,,274.036862746463,,,,,,
432,,,,,,,,,,,,,,,,,,,,,,,,,,,,,,,,,,,667.0,,,,,,,,,,,,,,,,236.007161866046,,,,,,,,,,,,,,,,,,,,,,246.74633644891,,,,,,
431,,,,,,,,,,,,,,,,,,,,,,,,,,,,,,,,,,,712.0,,,,,,,,,,,,,,,,259.522503615769,,,,,,,,,,,,,,,,,,,,,,301.689277654775,,,,,,
430,,,,,,,,,,,,,,,,,,,,,,,,,,,,,,,,,,,681.0,,,,,,,,,,,,,,,,377.501300610515,,,,,,,,,,,,,,,,,,,,,,274.363717727119,,,,,,
429,,,,,,,,,,,,,,,,,,,,,,,,,,,,,,,,,,,949.0,,,,,,,,,,,,,,,,318.542634074644,,,,,,,,,,,,,,,,,,,,,,219.567409569958,,,,,,
428,,,,,,,,,,,,,,,,,,,,,,,,,,,,,,,,,,,910.0,,,,,,,,,,,,,,,,247.708853937013,,,,,,,,,,,,,,,,,,,,,,192.193527243805,,,,,,
427,,,,,,,,,,,,,,,,,,,,,,,,,,,,,,,,,,,851.0,,,,,,,,,,,,,,,,330.440617508369,,,,,,,,,,,,,,,,,,,,,,247.192816326731,,,,,,
426,,,,,,,,,,,,,,,,,,,,,,,,,,,,,,,,,,,578.0,,,,,,,,,,,,,,,,271.356825554367,,,,,,,,,,,,,,,,,,,,,,219.811693435338,,,,,,
425,,,,,,,,,,,,,,,,,,,,,,,,,,,,,,,,,,,817.0,,,,,,,,,,,,,,,,259.613754067945,,,,,,,,,,,,,,,,,,,,,,219.896725578521,,,,,,
424,,,,,,,,,,,,,,,,,,,,,,,,,,,,,,,,,,,716.0,,,,,,,,,,,,,,,,306.87206224687,,,,,,,,,,,,,,,,,,,,,,192.476408854706,,,,,,
423,,,,,,,,,,,,,,,,,,,,,,,,,,,,,,,,,,,770.0,,,,,,,,,,,,,,,,295.024362278019,,,,,,,,,,,,,,,,,,,,,,192.524817499699,,,,,,
422,,,,,,,,,,,,,,,,,,,,,,,,,,,,,,,,,,,843.0,,,,,,,,,,,,,,,,342.400920022613,,,,,,,,,,,,,,,,,,,,,,302.659238485374,,,,,,
421,,,,,,,,,,,,,,,,,,,,,,,,,,,,,,,,,,,830.0,,,,,,,,,,,,,,,,259.566760763096,,,,,,,,,,,,,,,,,,,,,,275.29421601527,,,,,,
420,,,,,,,,,,,,,,,,,,,,,,,,,,,,,,,,,,,734.0,,,,,,,,,,,,,,,,200.670685785768,,,,,,,,,,,,,,,,,,,,,,247.88010808785,,,,,,
419,,,,,,,,,,,,,,,,,,,,,,,,,,,,,,,,,,,872.0,,,,,,,,,,,,,,,,212.437706662543,,,,,,,,,,,,,,,,,,,,,,330.643744003236,,,,,,
418,,,,,,,,,,,,,,,,,,,,,,,,,,,,,,,,,,,727.0,,,,,,,,,,,,,,,,212.445314174123,,,,,,,,,,,,,,,,,,,,,,220.530974496883,,,,,,
417,,,,,,,,,,,,,,,,,,,,,,,,,,,,,,,,,,,770.0,,,,,,,,,,,,,,,,248.060698238005,,,,,,,,,,,,,,,,,,,,,,330.969594894399,,,,,,
416,,,,,,,,,,,,,,,,,,,,,,,,,,,,,,,,,,,646.0,,,,,,,,,,,,,,,,247.856048234869,,,,,,,,,,,,,,,,,,,,,,303.527486166586,,,,,,
415,,,,,,,,,,,,,,,,,,,,,,,,,,,,,,,,,,,899.0,,,,,,,,,,,,,,,,330.529081476723,,,,,,,,,,,,,,,,,,,,,,248.424262603058,,,,,,
414,,,,,,,,,,,,,,,,,,,,,,,,,,,,,,,,,,,701.0,,,,,,,,,,,,,,,,177.088947984469,,,,,,,,,,,,,,,,,,,,,,248.532864713967,,,,,,
413,,,,,,,,,,,,,,,,,,,,,,,,,,,,,,,,,,,827.0,,,,,,,,,,,,,,,,212.491798979934,,,,,,,,,,,,,,,,,,,,,,193.375233131895,,,,,,
412,,,,,,,,,,,,,,,,,,,,,,,,,,,,,,,,,,,599.0,,,,,,,,,,,,,,,,212.60734057608,,,,,,,,,,,,,,,,,,,,,,248.693001107481,,,,,,
411,,,,,,,,,,,,,,,,,,,,,,,,,,,,,,,,,,,719.0,,,,,,,,,,,,,,,,271.652767591169,,,,,,,,,,,,,,,,,,,,,,304.116649221974,,,,,,
410,,,,,,,,,,,,,,,,,,,,,,,,,,,,,,,,,,,893.0,,,,,,,,,,,,,,,,259.793656108849,,,,,,,,,,,,,,,,,,,,,,304.243065166007,,,,,,
409,,,,,,,,,,,,,,,,,,,,,,,,,,,,,,,,,,,853.0,,,,,,,,,,,,,,,,259.698194511301,,,,,,,,,,,,,,,,,,,,,,304.380032551164,,,,,,
408,,,,,,,,,,,,,,,,,,,,,,,,,,,,,,,,,,,764.0,,,,,,,,,,,,,,,,283.56693147917,,,,,,,,,,,,,,,,,,,,,,221.474819821906,,,,,,
407,,,,,,,,,,,,,,,,,,,,,,,,,,,,,,,,,,,653.0,,,,,,,,,,,,,,,,188.908624261228,,,,,,,,,,,,,,,,,,,,,,193.856056237807,,,,,,
406,,,,,,,,,,,,,,,,,,,,,,,,,,,,,,,,,,,746.0,,,,,,,,,,,,,,,,283.482781542379,,,,,,,,,,,,,,,,,,,,,,193.926187312501,,,,,,
405,,,,,,,,,,,,,,,,,,,,,,,,,,,,,,,,,,,703.0,,,,,,,,,,,,,,,,330.677873570727,,,,,,,,,,,,,,,,,,,,,,221.703290623163,,,,,,
404,,,,,,,,,,,,,,,,,,,,,,,,,,,,,,,,,,,755.0,,,,,,,,,,,,,,,,177.168670512119,,,,,,,,,,,,,,,,,,,,,,249.492220321686,,,,,,
403,,,,,,,,,,,,,,,,,,,,,,,,,,,,,,,,,,,442.0,,,,,,,,,,,,,,,,259.878709739419,,,,,,,,,,,,,,,,,,,,,,249.576064554677,,,,,,
402,,,,,,,,,,,,,,,,,,,,,,,,,,,,,,,,,,,758.0,,,,,,,,,,,,,,,,307.185284943748,,,,,,,,,,,,,,,,,,,,,,221.925966902841,,,,,,
401,,,,,,,,,,,,,,,,,,,,,,,,,,,,,,,,,,,882.0,,,,,,,,,,,,,,,,330.852493450959,,,,,,,,,,,,,,,,,,,,,,305.272145513481,,,,,,
400,,,,,,,,,,,,,,,,,,,,,,,,,,,,,,,,,,,825.0,,,,,,,,,,,,,,,,271.695102696394,,,,,,,,,,,,,,,,,,,,,,277.679597309551,,,,,,
399,,,,,,,,,,,,,,,,,,,,,,,,,,,,,,,,,,,415.0,,,,,,,,,,,,,,,,259.82942958236,,,,,,,,,,,,,,,,,,,,,,250.030308921098,,,,,,
398,,,,,,,,,,,,,,,,,,,,,,,,,,,,,,,,,,,643.0,,,,,,,,,,,,,,,,319.13498065225,,,,,,,,,,,,,,,,,,,,,,277.926277632852,,,,,,
397,,,,,,,,,,,,,,,,,,,,,,,,,,,,,,,,,,,796.0,,,,,,,,,,,,,,,,200.886509081299,,,,,,,,,,,,,,,,,,,,,,166.808688287426,,,,,,
396,,,,,,,,,,,,,,,,,,,,,,,,,,,,,,,,,,,783.0,,,,,,,,,,,,,,,,295.402889028797,,,,,,,,,,,,,,,,,,,,,,194.660960348429,,,,,,
395,,,,,,,,,,,,,,,,,,,,,,,,,,,,,,,,,,,729.0,,,,,,,,,,,,,,,,189.13089310799,,,,,,,,,,,,,,,,,,,,,,306.026044897914,,,,,,
394,,,,,,,,,,,,,,,,,,,,,,,,,,,,,,,,,,,573.0,,,,,,,,,,,,,,,,236.341107689855,,,,,,,,,,,,,,,,,,,,,,194.82059049165,,,,,,
393,,,,,,,,,,,,,,,,,,,,,,,,,,,,,,,,,,,765.0,,,,,,,,,,,,,,,,236.459068958417,,,,,,,,,,,,,,,,,,,,,,222.70738299985,,,,,,
392,,,,,,,,,,,,,,,,,,,,,,,,,,,,,,,,,,,667.0,,,,,,,,,,,,,,,,200.819505753957,,,,,,,,,,,,,,,,,,,,,,306.354649207069,,,,,,
391,,,,,,,,,,,,,,,,,,,,,,,,,,,,,,,,,,,752.0,,,,,,,,,,,,,,,,307.347024057463,,,,,,,,,,,,,,,,,,,,,,334.384957916048,,,,,,
390,,,,,,,,,,,,,,,,,,,,,,,,,,,,,,,,,,,709.0,,,,,,,,,,,,,,,,236.383038724965,,,,,,,,,,,,,,,,,,,,,,167.253271940088,,,,,,
389,,,,,,,,,,,,,,,,,,,,,,,,,,,,,,,,,,,679.0,,,,,,,,,,,,,,,,212.731428386391,,,,,,,,,,,,,,,,,,,,,,362.589929666419,,,,,,
388,,,,,,,,,,,,,,,,,,,,,,,,,,,,,,,,,,,745.0,,,,,,,,,,,,,,,,189.184859680597,,,,,,,,,,,,,,,,,,,,,,251.119160495779,,,,,,
387,,,,,,,,,,,,,,,,,,,,,,,,,,,,,,,,,,,685.0,,,,,,,,,,,,,,,,295.512939621756,,,,,,,,,,,,,,,,,,,,,,251.241329955469,,,,,,
386,,,,,,,,,,,,,,,,,,,,,,,,,,,,,,,,,,,1171.0,,,,,,,,,,,,,,,,295.529886632528,,,,,,,,,,,,,,,,,,,,,,307.201425696797,,,,,,
385,,,,,,,,,,,,,,,,,,,,,,,,,,,,,,,,,,,926.0,,,,,,,,,,,,,,,,201.099072773474,,,,,,,,,,,,,,,,,,,,,,363.202634459803,,,,,,
384,,,,,,,,,,,,,,,,,,,,,,,,,,,,,,,,,,,662.0,,,,,,,,,,,,,,,,260.002149898689,,,,,,,,,,,,,,,,,,,,,,363.409343410984,,,,,,
383,,,,,,,,,,,,,,,,,,,,,,,,,,,,,,,,,,,911.0,,,,,,,,,,,,,,,,248.342817972839,,,,,,,,,,,,,,,,,,,,,,279.704410879821,,,,,,
382,,,,,,,,,,,,,,,,,,,,,,,,,,,,,,,,,,,685.0,,,,,,,,,,,,,,,,224.685147445111,,,,,,,,,,,,,,,,,,,,,,279.808826524821,,,,,,
381,,,,,,,,,,,,,,,,,,,,,,,,,,,,,,,,,,,600.0,,,,,,,,,,,,,,,,271.925621699501,,,,,,,,,,,,,,,,,,,,,,223.953590270542,,,,,,
380,,,,,,,,,,,,,,,,,,,,,,,,,,,,,,,,,,,841.0,,,,,,,,,,,,,,,,283.829244417123,,,,,,,,,,,,,,,,,,,,,,252.032931043181,,,,,,
379,,,,,,,,,,,,,,,,,,,,,,,,,,,,,,,,,,,498.0,,,,,,,,,,,,,,,,236.499750345839,,,,,,,,,,,,,,,,,,,,,,196.081664987254,,,,,,
378,,,,,,,,,,,,,,,,,,,,,,,,,,,,,,,,,,,606.0,,,,,,,,,,,,,,,,236.509712211544,,,,,,,,,,,,,,,,,,,,,,196.135389712875,,,,,,
377,,,,,,,,,,,,,,,,,,,,,,,,,,,,,,,,,,,740.0,,,,,,,,,,,,,,,,331.109970908352,,,,,,,,,,,,,,,,,,,,,,364.397572994345,,,,,,
376,,,,,,,,,,,,,,,,,,,,,,,,,,,,,,,,,,,551.0,,,,,,,,,,,,,,,,378.485220007389,,,,,,,,,,,,,,,,,,,,,,252.396322474836,,,,,,
375,,,,,,,,,,,,,,,,,,,,,,,,,,,,,,,,,,,887.0,,,,,,,,,,,,,,,,213.092610121244,,,,,,,,,,,,,,,,,,,,,,224.466252008494,,,,,,
374,,,,,,,,,,,,,,,,,,,,,,,,,,,,,,,,,,,633.0,,,,,,,,,,,,,,,,248.347852835232,,,,,,,,,,,,,,,,,,,,,,252.607284851817,,,,,,
373,,,,,,,,,,,,,,,,,,,,,,,,,,,,,,,,,,,652.0,,,,,,,,,,,,,,,,189.214228106098,,,,,,,,,,,,,,,,,,,,,,308.895490949,,,,,,
372,,,,,,,,,,,,,,,,,,,,,,,,,,,,,,,,,,,528.0,,,,,,,,,,,,,,,,260.260838508823,,,,,,,,,,,,,,,,,,,,,,280.950374174405,,,,,,
371,,,,,,,,,,,,,,,,,,,,,,,,,,,,,,,,,,,597.0,,,,,,,,,,,,,,,,355.001260800182,,,,,,,,,,,,,,,,,,,,,,252.977093445518,,,,,,
370,,,,,,,,,,,,,,,,,,,,,,,,,,,,,,,,,,,548.0,,,,,,,,,,,,,,,,236.609012518638,,,,,,,,,,,,,,,,,,,,,,253.044790178128,,,,,,
369,,,,,,,,,,,,,,,,,,,,,,,,,,,,,,,,,,,643.0,,,,,,,,,,,,,,,,236.618995389668,,,,,,,,,,,,,,,,,,,,,,253.122713869532,,,,,,
368,,,,,,,,,,,,,,,,,,,,,,,,,,,,,,,,,,,1091.0,,,,,,,,,,,,,,,,283.999767892786,,,,,,,,,,,,,,,,,,,,,,225.117851854583,,,,,,
367,,,,,,,,,,,,,,,,,,,,,,,,,,,,,,,,,,,663.0,,,,,,,,,,,,,,,,319.383398353377,,,,,,,,,,,,,,,,,,,,,,281.507924269102,,,,,,
366,,,,,,,,,,,,,,,,,,,,,,,,,,,,,,,,,,,761.0,,,,,,,,,,,,,,,,201.2872458535,,,,,,,,,,,,,,,,,,,,,,225.283570141272,,,,,,
365,,,,,,,,,,,,,,,,,,,,,,,,,,,,,,,,,,,700.0,,,,,,,,,,,,,,,,201.185731729928,,,,,,,,,,,,,,,,,,,,,,281.701339274863,,,,,,
364,,,,,,,,,,,,,,,,,,,,,,,,,,,,,,,,,,,832.0,,,,,,,,,,,,,,,,248.463298725298,,,,,,,,,,,,,,,,,,,,,,225.4560874534,,,,,,
363,,,,,,,,,,,,,,,,,,,,,,,,,,,,,,,,,,,709.0,,,,,,,,,,,,,,,,272.165380774076,,,,,,,,,,,,,,,,,,,,,,197.345335438288,,,,,,
362,,,,,,,,,,,,,,,,,,,,,,,,,,,,,,,,,,,637.0,,,,,,,,,,,,,,,,201.211842201058,,,,,,,,,,,,,,,,,,,,,,282.028952644858,,,,,,
361,,,,,,,,,,,,,,,,,,,,,,,,,,,,,,,,,,,909.0,,,,,,,,,,,,,,,,236.811456818236,,,,,,,,,,,,,,,,,,,,,,310.378471432071,,,,,,
360,,,,,,,,,,,,,,,,,,,,,,,,,,,,,,,,,,,498.0,,,,,,,,,,,,,,,,236.605097050921,,,,,,,,,,,,,,,,,,,,,,254.070495849099,,,,,,
359,,,,,,,,,,,,,,,,,,,,,,,,,,,,,,,,,,,495.0,,,,,,,,,,,,,,,,319.709682927,,,,,,,,,,,,,,,,,,,,,,282.405462269205,,,,,,
358,,,,,,,,,,,,,,,,,,,,,,,,,,,,,,,,,,,549.0,,,,,,,,,,,,,,,,248.532364673498,,,,,,,,,,,,,,,,,,,,,,282.539358851433,,,,,,
357,,,,,,,,,,,,,,,,,,,,,,,,,,,,,,,,,,,571.0,,,,,,,,,,,,,,,,236.857291161576,,,,,,,,,,,,,,,,,,,,,,197.843325764348,,,,,,
356,,,,,,,,,,,,,,,,,,,,,,,,,,,,,,,,,,,745.0,,,,,,,,,,,,,,,,272.252568383275,,,,,,,,,,,,,,,,,,,,,,339.33855509664,,,,,,
355,,,,,,,,,,,,,,,,,,,,,,,,,,,,,,,,,,,603.0,,,,,,,,,,,,,,,,236.879493396244,,,,,,,,,,,,,,,,,,,,,,339.48899760242,,,,,,
354,,,,,,,,,,,,,,,,,,,,,,,,,,,,,,,,,,,713.0,,,,,,,,,,,,,,,,284.07435539678,,,,,,,,,,,,,,,,,,,,,,226.415128442334,,,,,,
353,,,,,,,,,,,,,,,,,,,,,,,,,,,,,,,,,,,764.0,,,,,,,,,,,,,,,,201.295794689994,,,,,,,,,,,,,,,,,,,,,,311.46683614077,,,,,,
352,,,,,,,,,,,,,,,,,,,,,,,,,,,,,,,,,,,640.0,,,,,,,,,,,,,,,,272.301957988462,,,,,,,,,,,,,,,,,,,,,,283.277756358773,,,,,,
351,,,,,,,,,,,,,,,,,,,,,,,,,,,,,,,,,,,781.0,,,,,,,,,,,,,,,,213.218755545379,,,,,,,,,,,,,,,,,,,,,,198.36502328065,,,,,,
350,,,,,,,,,,,,,,,,,,,,,,,,,,,,,,,,,,,627.0,,,,,,,,,,,,,,,,177.723994082157,,,,,,,,,,,,,,,,,,,,,,226.796981306334,,,,,,
349,,,,,,,,,,,,,,,,,,,,,,,,,,,,,,,,,,,599.0,,,,,,,,,,,,,,,,319.63628114389,,,,,,,,,,,,,,,,,,,,,,198.511058325404,,,,,,
348,,,,,,,,,,,,,,,,,,,,,,,,,,,,,,,,,,,800.0,,,,,,,,,,,,,,,,284.258216851157,,,,,,,,,,,,,,,,,,,,,,312.028423860881,,,,,,
347,,,,,,,,,,,,,,,,,,,,,,,,,,,,,,,,,,,730.0,,,,,,,,,,,,,,,,272.36542192178,,,,,,,,,,,,,,,,,,,,,,312.173288871472,,,,,,
346,,,,,,,,,,,,,,,,,,,,,,,,,,,,,,,,,,,848.0,,,,,,,,,,,,,,,,260.578832426444,,,,,,,,,,,,,,,,,,,,,,312.365583457452,,,,,,
345,,,,,,,,,,,,,,,,,,,,,,,,,,,,,,,,,,,525.0,,,,,,,,,,,,,,,,213.170521701806,,,,,,,,,,,,,,,,,,,,,,284.074709697871,,,,,,
344,,,,,,,,,,,,,,,,,,,,,,,,,,,,,,,,,,,454.0,,,,,,,,,,,,,,,,236.997773672423,,,,,,,,,,,,,,,,,,,,,,255.790419121368,,,,,,
343,,,,,,,,,,,,,,,,,,,,,,,,,,,,,,,,,,,426.0,,,,,,,,,,,,,,,,319.839464224414,,,,,,,,,,,,,,,,,,,,,,255.913278024586,,,,,,
342,,,,,,,,,,,,,,,,,,,,,,,,,,,,,,,,,,,692.0,,,,,,,,,,,,,,,,308.05683727259,,,,,,,,,,,,,,,,,,,,,,227.570342435059,,,,,,
341,,,,,,,,,,,,,,,,,,,,,,,,,,,,,,,,,,,670.0,,,,,,,,,,,,,,,,296.163565420646,,,,,,,,,,,,,,,,,,,,,,341.474890095459,,,,,,
340,,,,,,,,,,,,,,,,,,,,,,,,,,,,,,,,,,,616.0,,,,,,,,,,,,,,,,296.180635981339,,,,,,,,,,,,,,,,,,,,,,256.207536002464,,,,,,
339,,,,,,,,,,,,,,,,,,,,,,,,,,,,,,,,,,,568.0,,,,,,,,,,,,,,,,260.67446221247,,,,,,,,,,,,,,,,,,,,,,227.824449595086,,,,,,
338,,,,,,,,,,,,,,,,,,,,,,,,,,,,,,,,,,,920.0,,,,,,,,,,,,,,,,296.21208864514,,,,,,,,,,,,,,,,,,,,,,199.411527166006,,,,,,
337,,,,,,,,,,,,,,,,,,,,,,,,,,,,,,,,,,,1221.0,,,,,,,,,,,,,,,,248.895975485169,,,,,,,,,,,,,,,,,,,,,,370.513529379403,,,,,,
336,,,,,,,,,,,,,,,,,,,,,,,,,,,,,,,,,,,618.0,,,,,,,,,,,,,,,,272.52074252808,,,,,,,,,,,,,,,,,,,,,,285.16779124529,,,,,,
335,,,,,,,,,,,,,,,,,,,,,,,,,,,,,,,,,,,715.0,,,,,,,,,,,,,,,,260.727458581871,,,,,,,,,,,,,,,,,,,,,,313.836435274541,,,,,,
334,,,,,,,,,,,,,,,,,,,,,,,,,,,,,,,,,,,908.0,,,,,,,,,,,,,,,,225.208228794529,,,,,,,,,,,,,,,,,,,,,,256.874679955252,,,,,,
333,,,,,,,,,,,,,,,,,,,,,,,,,,,,,,,,,,,537.0,,,,,,,,,,,,,,,,225.108761626963,,,,,,,,,,,,,,,,,,,,,,199.846566487886,,,,,,
332,,,,,,,,,,,,,,,,,,,,,,,,,,,,,,,,,,,642.0,,,,,,,,,,,,,,,,237.143047927623,,,,,,,,,,,,,,,,,,,,,,285.632415432318,,,,,,
331,,,,,,,,,,,,,,,,,,,,,,,,,,,,,,,,,,,847.0,,,,,,,,,,,,,,,,189.591326779468,,,,,,,,,,,,,,,,,,,,,,257.194485555032,,,,,,
330,,,,,,,,,,,,,,,,,,,,,,,,,,,,,,,,,,,597.0,,,,,,,,,,,,,,,,308.235348703466,,,,,,,,,,,,,,,,,,,,,,314.465806101549,,,,,,
329,,,,,,,,,,,,,,,,,,,,,,,,,,,,,,,,,,,780.0,,,,,,,,,,,,,,,,248.985058975328,,,,,,,,,,,,,,,,,,,,,,228.766144127005,,,,,,
328,,,,,,,,,,,,,,,,,,,,,,,,,,,,,,,,,,,1023.0,,,,,,,,,,,,,,,,237.185507636195,,,,,,,,,,,,,,,,,,,,,,286.102384936653,,,,,,
327,,,,,,,,,,,,,,,,,,,,,,,,,,,,,,,,,,,821.0,,,,,,,,,,,,,,,,225.167501623125,,,,,,,,,,,,,,,,,,,,,,314.843890821417,,,,,,
326,,,,,,,,,,,,,,,,,,,,,,,,,,,,,,,,,,,630.0,,,,,,,,,,,,,,,,177.821064292939,,,,,,,,,,,,,,,,,,,,,,286.382738452639,,,,,,
325,,,,,,,,,,,,,,,,,,,,,,,,,,,,,,,,,,,868.0,,,,,,,,,,,,,,,,177.82589904244,,,,,,,,,,,,,,,,,,,,,,229.203145143267,,,,,,
324,,,,,,,,,,,,,,,,,,,,,,,,,,,,,,,,,,,651.0,,,,,,,,,,,,,,,,248.921960108416,,,,,,,,,,,,,,,,,,,,,,257.940080726693,,,,,,
323,,,,,,,,,,,,,,,,,,,,,,,,,,,,,,,,,,,623.0,,,,,,,,,,,,,,,,249.041669787867,,,,,,,,,,,,,,,,,,,,,,229.366892321537,,,,,,
322,,,,,,,,,,,,,,,,,,,,,,,,,,,,,,,,,,,700.0,,,,,,,,,,,,,,,,296.416093595409,,,,,,,,,,,,,,,,,,,,,,258.117783778131,,,,,,
321,,,,,,,,,,,,,,,,,,,,,,,,,,,,,,,,,,,635.0,,,,,,,,,,,,,,,,308.247670403291,,,,,,,,,,,,,,,,,,,,,,258.243518897519,,,,,,
320,,,,,,,,,,,,,,,,,,,,,,,,,,,,,,,,,,,753.0,,,,,,,,,,,,,,,,272.929443772389,,,,,,,,,,,,,,,,,,,,,,200.917962960363,,,,,,
319,,,,,,,,,,,,,,,,,,,,,,,,,,,,,,,,,,,808.0,,,,,,,,,,,,,,,,201.510252240181,,,,,,,,,,,,,,,,,,,,,,258.403020535922,,,,,,
318,,,,,,,,,,,,,,,,,,,,,,,,,,,,,,,,,,,691.0,,,,,,,,,,,,,,,,225.368032973554,,,,,,,,,,,,,,,,,,,,,,287.232578303959,,,,,,
317,,,,,,,,,,,,,,,,,,,,,,,,,,,,,,,,,,,525.0,,,,,,,,,,,,,,,,260.938352365387,,,,,,,,,,,,,,,,,,,,,,344.88881425899,,,,,,
316,,,,,,,,,,,,,,,,,,,,,,,,,,,,,,,,,,,568.0,,,,,,,,,,,,,,,,225.392947424972,,,,,,,,,,,,,,,,,,,,,,287.537228332926,,,,,,
315,,,,,,,,,,,,,,,,,,,,,,,,,,,,,,,,,,,660.0,,,,,,,,,,,,,,,,225.295763387065,,,,,,,,,,,,,,,,,,,,,,201.361019317436,,,,,,
314,,,,,,,,,,,,,,,,,,,,,,,,,,,,,,,,,,,597.0,,,,,,,,,,,,,,,,332.219376748939,,,,,,,,,,,,,,,,,,,,,,230.192518090893,,,,,,
313,,,,,,,,,,,,,,,,,,,,,,,,,,,,,,,,,,,480.0,,,,,,,,,,,,,,,,189.758226043359,,,,,,,,,,,,,,,,,,,,,,201.484339043395,,,,,,
312,,,,,,,,,,,,,,,,,,,,,,,,,,,,,,,,,,,595.0,,,,,,,,,,,,,,,,272.940652520352,,,,,,,,,,,,,,,,,,,,,,230.357862616162,,,,,,
311,,,,,,,,,,,,,,,,,,,,,,,,,,,,,,,,,,,509.0,,,,,,,,,,,,,,,,272.849773048799,,,,,,,,,,,,,,,,,,,,,,374.490858171125,,,,,,
310,,,,,,,,,,,,,,,,,,,,,,,,,,,,,,,,,,,768.0,,,,,,,,,,,,,,,,213.650155655388,,,,,,,,,,,,,,,,,,,,,,288.203458715465,,,,,,
309,,,,,,,,,,,,,,,,,,,,,,,,,,,,,,,,,,,694.0,,,,,,,,,,,,,,,,272.988426448932,,,,,,,,,,,,,,,,,,,,,,345.987469930249,,,,,,
308,,,,,,,,,,,,,,,,,,,,,,,,,,,,,,,,,,,513.0,,,,,,,,,,,,,,,,237.428255018054,,,,,,,,,,,,,,,,,,,,,,317.334744306897,,,,,,
307,,,,,,,,,,,,,,,,,,,,,,,,,,,,,,,,,,,951.0,,,,,,,,,,,,,,,,225.291907097359,,,,,,,,,,,,,,,,,,,,,,317.524269326015,,,,,,
306,,,,,,,,,,,,,,,,,,,,,,,,,,,,,,,,,,,620.0,,,,,,,,,,,,,,,,178.115123523223,,,,,,,,,,,,,,,,,,,,,,259.915094824269,,,,,,
305,,,,,,,,,,,,,,,,,,,,,,,,,,,,,,,,,,,502.0,,,,,,,,,,,,,,,,178.012968082287,,,,,,,,,,,,,,,,,,,,,,202.22108291119,,,,,,
304,,,,,,,,,,,,,,,,,,,,,,,,,,,,,,,,,,,649.0,,,,,,,,,,,,,,,,189.844190073588,,,,,,,,,,,,,,,,,,,,,,288.963693828854,,,,,,
303,,,,,,,,,,,,,,,,,,,,,,,,,,,,,,,,,,,621.0,,,,,,,,,,,,,,,,225.653431678199,,,,,,,,,,,,,,,,,,,,,,260.158741426763,,,,,,
302,,,,,,,,,,,,,,,,,,,,,,,,,,,,,,,,,,,448.0,,,,,,,,,,,,,,,,320.383419644357,,,,,,,,,,,,,,,,,,,,,,318.129584308286,,,,,,
301,,,,,,,,,,,,,,,,,,,,,,,,,,,,,,,,,,,641.0,,,,,,,,,,,,,,,,356.108025882734,,,,,,,,,,,,,,,,,,,,,,347.206712633202,,,,,,
300,,,,,,,,,,,,,,,,,,,,,,,,,,,,,,,,,,,677.0,,,,,,,,,,,,,,,,249.359038517001,,,,,,,,,,,,,,,,,,,,,,231.583728567801,,,,,,
299,,,,,,,,,,,,,,,,,,,,,,,,,,,,,,,,,,,422.0,,,,,,,,,,,,,,,,261.202192890121,,,,,,,,,,,,,,,,,,,,,,289.586162071149,,,,,,
298,,,,,,,,,,,,,,,,,,,,,,,,,,,,,,,,,,,642.0,,,,,,,,,,,,,,,,237.450394276818,,,,,,,,,,,,,,,,,,,,,,347.715871998885,,,,,,
297,,,,,,,,,,,,,,,,,,,,,,,,,,,,,,,,,,,796.0,,,,,,,,,,,,,,,,189.925707932277,,,,,,,,,,,,,,,,,,,,,,347.891707467399,,,,,,
296,,,,,,,,,,,,,,,,,,,,,,,,,,,,,,,,,,,620.0,,,,,,,,,,,,,,,,201.98070566209,,,,,,,,,,,,,,,,,,,,,,348.076537587389,,,,,,
295,,,,,,,,,,,,,,,,,,,,,,,,,,,,,,,,,,,638.0,,,,,,,,,,,,,,,,273.084756783514,,,,,,,,,,,,,,,,,,,,,,261.157912268009,,,,,,
294,,,,,,,,,,,,,,,,,,,,,,,,,,,,,,,,,,,716.0,,,,,,,,,,,,,,,,201.893834017773,,,,,,,,,,,,,,,,,,,,,,232.221380344691,,,,,,
293,,,,,,,,,,,,,,,,,,,,,,,,,,,,,,,,,,,737.0,,,,,,,,,,,,,,,,201.902474430811,,,,,,,,,,,,,,,,,,,,,,290.412224559469,,,,,,
292,,,,,,,,,,,,,,,,,,,,,,,,,,,,,,,,,,,845.0,,,,,,,,,,,,,,,,273.125748926164,,,,,,,,,,,,,,,,,,,,,,232.427155560355,,,,,,
291,,,,,,,,,,,,,,,,,,,,,,,,,,,,,,,,,,,628.0,,,,,,,,,,,,,,,,356.415343015645,,,,,,,,,,,,,,,,,,,,,,261.564173892448,,,,,,
290,,,,,,,,,,,,,,,,,,,,,,,,,,,,,,,,,,,590.0,,,,,,,,,,,,,,,,249.389659365328,,,,,,,,,,,,,,,,,,,,,,290.728576029089,,,,,,
289,,,,,,,,,,,,,,,,,,,,,,,,,,,,,,,,,,,730.0,,,,,,,,,,,,,,,,213.789165063182,,,,,,,,,,,,,,,,,,,,,,290.855514876436,,,,,,
288,,,,,,,,,,,,,,,,,,,,,,,,,,,,,,,,,,,698.0,,,,,,,,,,,,,,,,202.071817946778,,,,,,,,,,,,,,,,,,,,,,232.77545829258,,,,,,
287,,,,,,,,,,,,,,,,,,,,,,,,,,,,,,,,,,,646.0,,,,,,,,,,,,,,,,190.026975864259,,,,,,,,,,,,,,,,,,,,,,378.479475259718,,,,,,
286,,,,,,,,,,,,,,,,,,,,,,,,,,,,,,,,,,,498.0,,,,,,,,,,,,,,,,190.143025230822,,,,,,,,,,,,,,,,,,,,,,349.576439449034,,,,,,
285,,,,,,,,,,,,,,,,,,,,,,,,,,,,,,,,,,,519.0,,,,,,,,,,,,,,,,261.500482912761,,,,,,,,,,,,,,,,,,,,,,233.141932519446,,,,,,
284,,,,,,,,,,,,,,,,,,,,,,,,,,,,,,,,,,,627.0,,,,,,,,,,,,,,,,201.891461180937,,,,,,,,,,,,,,,,,,,,,,233.237024856775,,,,,,
283,,,,,,,,,,,,,,,,,,,,,,,,,,,,,,,,,,,665.0,,,,,,,,,,,,,,,,202.008724615111,,,,,,,,,,,,,,,,,,,,,,262.482142622527,,,,,,
282,,,,,,,,,,,,,,,,,,,,,,,,,,,,,,,,,,,648.0,,,,,,,,,,,,,,,,213.856424962642,,,,,,,,,,,,,,,,,,,,,,204.216527523942,,,,,,
281,,,,,,,,,,,,,,,,,,,,,,,,,,,,,,,,,,,715.0,,,,,,,,,,,,,,,,190.078613080531,,,,,,,,,,,,,,,,,,,,,,291.847215347702,,,,,,
280,,,,,,,,,,,,,,,,,,,,,,,,,,,,,,,,,,,739.0,,,,,,,,,,,,,,,,190.303322846694,,,,,,,,,,,,,,,,,,,,,,145.986496467948,,,,,,
279,,,,,,,,,,,,,,,,,,,,,,,,,,,,,,,,,,,567.0,,,,,,,,,,,,,,,,273.19504909402,,,,,,,,,,,,,,,,,,,,,,204.428141246701,,,,,,
278,,,,,,,,,,,,,,,,,,,,,,,,,,,,,,,,,,,658.0,,,,,,,,,,,,,,,,225.955589349761,,,,,,,,,,,,,,,,,,,,,,262.893980450503,,,,,,
277,,,,,,,,,,,,,,,,,,,,,,,,,,,,,,,,,,,834.0,,,,,,,,,,,,,,,,261.492948318651,,,,,,,,,,,,,,,,,,,,,,233.760533159725,,,,,,
276,,,,,,,,,,,,,,,,,,,,,,,,,,,,,,,,,,,838.0,,,,,,,,,,,,,,,,237.714752646368,,,,,,,,,,,,,,,,,,,,,,233.856600722379,,,,,,
275,,,,,,,,,,,,,,,,,,,,,,,,,,,,,,,,,,,785.0,,,,,,,,,,,,,,,,225.775558640584,,,,,,,,,,,,,,,,,,,,,,233.971595933092,,,,,,
274,,,,,,,,,,,,,,,,,,,,,,,,,,,,,,,,,,,525.0,,,,,,,,,,,,,,,,237.630799481702,,,,,,,,,,,,,,,,,,,,,,351.107247498276,,,,,,
273,,,,,,,,,,,,,,,,,,,,,,,,,,,,,,,,,,,572.0,,,,,,,,,,,,,,,,214.063176641959,,,,,,,,,,,,,,,,,,,,,,234.192593725116,,,,,,
272,,,,,,,,,,,,,,,,,,,,,,,,,,,,,,,,,,,699.0,,,,,,,,,,,,,,,,237.980664730876,,,,,,,,,,,,,,,,,,,,,,292.828877281237,,,,,,
271,,,,,,,,,,,,,,,,,,,,,,,,,,,,,,,,,,,778.0,,,,,,,,,,,,,,,,249.513243727013,,,,,,,,,,,,,,,,,,,,,,263.696198699724,,,,,,
270,,,,,,,,,,,,,,,,,,,,,,,,,,,,,,,,,,,632.0,,,,,,,,,,,,,,,,226.052032626566,,,,,,,,,,,,,,,,,,,,,,439.687505709246,,,,,,
269,,,,,,,,,,,,,,,,,,,,,,,,,,,,,,,,,,,735.0,,,,,,,,,,,,,,,,308.993440698359,,,,,,,,,,,,,,,,,,,,,,263.962304420235,,,,,,
268,,,,,,,,,,,,,,,,,,,,,,,,,,,,,,,,,,,830.0,,,,,,,,,,,,,,,,261.624338512359,,,,,,,,,,,,,,,,,,,,,,234.722936854992,,,,,,
267,,,,,,,,,,,,,,,,,,,,,,,,,,,,,,,,,,,830.0,,,,,,,,,,,,,,,,237.834217343853,,,,,,,,,,,,,,,,,,,,,,264.154386085591,,,,,,
266,,,,,,,,,,,,,,,,,,,,,,,,,,,,,,,,,,,840.0,,,,,,,,,,,,,,,,226.106453233104,,,,,,,,,,,,,,,,,,,,,,234.869919849876,,,,,,
265,,,,,,,,,,,,,,,,,,,,,,,,,,,,,,,,,,,672.0,,,,,,,,,,,,,,,,285.476334661957,,,,,,,,,,,,,,,,,,,,,,234.985873708168,,,,,,
264,,,,,,,,,,,,,,,,,,,,,,,,,,,,,,,,,,,581.0,,,,,,,,,,,,,,,,226.024561083794,,,,,,,,,,,,,,,,,,,,,,235.055595347507,,,,,,
263,,,,,,,,,,,,,,,,,,,,,,,,,,,,,,,,,,,634.0,,,,,,,,,,,,,,,,214.075962034725,,,,,,,,,,,,,,,,,,,,,,382.146502859163,,,,,,
262,,,,,,,,,,,,,,,,,,,,,,,,,,,,,,,,,,,729.0,,,,,,,,,,,,,,,,225.937732269036,,,,,,,,,,,,,,,,,,,,,,235.244869824205,,,,,,
261,,,,,,,,,,,,,,,,,,,,,,,,,,,,,,,,,,,673.0,,,,,,,,,,,,,,,,237.910246458357,,,,,,,,,,,,,,,,,,,,,,205.883716883199,,,,,,
260,,,,,,,,,,,,,,,,,,,,,,,,,,,,,,,,,,,695.0,,,,,,,,,,,,,,,,226.070009414281,,,,,,,,,,,,,,,,,,,,,,294.298950741799,,,,,,
259,,,,,,,,,,,,,,,,,,,,,,,,,,,,,,,,,,,819.0,,,,,,,,,,,,,,,,202.26543862695,,,,,,,,,,,,,,,,,,,,,,264.993093082261,,,,,,
258,,,,,,,,,,,,,,,,,,,,,,,,,,,,,,,,,,,698.0,,,,,,,,,,,,,,,,214.128231396429,,,,,,,,,,,,,,,,,,,,,,265.099221475207,,,,,,
257,,,,,,,,,,,,,,,,,,,,,,,,,,,,,,,,,,,823.0,,,,,,,,,,,,,,,,261.883488023302,,,,,,,,,,,,,,,,,,,,,,294.682314488791,,,,,,
256,,,,,,,,,,,,,,,,,,,,,,,,,,,,,,,,,,,948.0,,,,,,,,,,,,,,,,202.29597259104,,,,,,,,,,,,,,,,,,,,,,353.798681125236,,,,,,
255,,,,,,,,,,,,,,,,,,,,,,,,,,,,,,,,,,,602.0,,,,,,,,,,,,,,,,166.519772968756,,,,,,,,,,,,,,,,,,,,,,176.950065018854,,,,,,
254,,,,,,,,,,,,,,,,,,,,,,,,,,,,,,,,,,,620.0,,,,,,,,,,,,,,,,178.707580530614,,,,,,,,,,,,,,,,,,,,,,206.48237603745,,,,,,
253,,,,,,,,,,,,,,,,,,,,,,,,,,,,,,,,,,,659.0,,,,,,,,,,,,,,,,214.175145001212,,,,,,,,,,,,,,,,,,,,,,324.672454220162,,,,,,
252,,,,,,,,,,,,,,,,,,,,,,,,,,,,,,,,,,,769.0,,,,,,,,,,,,,,,,226.042428982861,,,,,,,,,,,,,,,,,,,,,,295.283998489582,,,,,,
251,,,,,,,,,,,,,,,,,,,,,,,,,,,,,,,,,,,639.0,,,,,,,,,,,,,,,,238.020504403483,,,,,,,,,,,,,,,,,,,,,,265.860601084941,,,,,,
250,,,,,,,,,,,,,,,,,,,,,,,,,,,,,,,,,,,740.0,,,,,,,,,,,,,,,,261.750599797143,,,,,,,,,,,,,,,,,,,,,,206.858193411706,,,,,,
249,,,,,,,,,,,,,,,,,,,,,,,,,,,,,,,,,,,827.0,,,,,,,,,,,,,,,,238.156723209468,,,,,,,,,,,,,,,,,,,,,,325.18754464729,,,,,,
248,,,,,,,,,,,,,,,,,,,,,,,,,,,,,,,,,,,932.0,,,,,,,,,,,,,,,,273.858435696353,,,,,,,,,,,,,,,,,,,,,,242.503656439963,,,,,,
247,,,,,,,,,,,,,,,,,,,,,,,,,,,,,,,,,,,608.0,,,,,,,,,,,,,,,,285.737078392072,,,,,,,,,,,,,,,,,,,,,,251.452797451651,,,,,,
246,,,,,,,,,,,,,,,,,,,,,,,,,,,,,,,,,,,671.0,,,,,,,,,,,,,,,,202.290502970675,,,,,,,,,,,,,,,,,,,,,,224.964427230633,,,,,,
245,,,,,,,,,,,,,,,,,,,,,,,,,,,,,,,,,,,889.0,,,,,,,,,,,,,,,,238.211636378787,,,,,,,,,,,,,,,,,,,,,,293.141112385585,,,,,,
244,,,,,,,,,,,,,,,,,,,,,,,,,,,,,,,,,,,680.0,,,,,,,,,,,,,,,,214.390396906416,,,,,,,,,,,,,,,,,,,,,,222.138715766528,,,,,,
243,,,,,,,,,,,,,,,,,,,,,,,,,,,,,,,,,,,558.0,,,,,,,,,,,,,,,,249.881250309169,,,,,,,,,,,,,,,,,,,,,,210.361844938698,,,,,,
242,,,,,,,,,,,,,,,,,,,,,,,,,,,,,,,,,,,567.0,,,,,,,,,,,,,,,,226.276649992589,,,,,,,,,,,,,,,,,,,,,,323.09677428092,,,,,,
241,,,,,,,,,,,,,,,,,,,,,,,,,,,,,,,,,,,589.0,,,,,,,,,,,,,,,,238.152561082959,,,,,,,,,,,,,,,,,,,,,,269.878683332649,,,,,,
240,,,,,,,,,,,,,,,,,,,,,,,,,,,,,,,,,,,550.0,,,,,,,,,,,,,,,,250.139463500901,,,,,,,,,,,,,,,,,,,,,,234.35373437819,,,,,,
239,,,,,,,,,,,,,,,,,,,,,,,,,,,,,,,,,,,682.0,,,,,,,,,,,,,,,,238.179178320481,,,,,,,,,,,,,,,,,,,,,,252.262678985104,,,,,,
238,,,,,,,,,,,,,,,,,,,,,,,,,,,,,,,,,,,604.0,,,,,,,,,,,,,,,,214.568024943754,,,,,,,,,,,,,,,,,,,,,,210.791531504264,,,,,,
237,,,,,,,,,,,,,,,,,,,,,,,,,,,,,,,,,,,608.0,,,,,,,,,,,,,,,,261.937393414931,,,,,,,,,,,,,,,,,,,,,,222.746966498768,,,,,,
236,,,,,,,,,,,,,,,,,,,,,,,,,,,,,,,,,,,761.0,,,,,,,,,,,,,,,,226.241191790684,,,,,,,,,,,,,,,,,,,,,,294.121962818958,,,,,,
235,,,,,,,,,,,,,,,,,,,,,,,,,,,,,,,,,,,608.0,,,,,,,,,,,,,,,,226.361487977731,,,,,,,,,,,,,,,,,,,,,,225.888854494828,,,,,,
234,,,,,,,,,,,,,,,,,,,,,,,,,,,,,,,,,,,489.0,,,,,,,,,,,,,,,,309.67424584273,,,,,,,,,,,,,,,,,,,,,,160.555243024016,,,,,,
233,,,,,,,,,,,,,,,,,,,,,,,,,,,,,,,,,,,669.0,,,,,,,,,,,,,,,,321.785685232909,,,,,,,,,,,,,,,,,,,,,,226.022762466,,,,,,
232,,,,,,,,,,,,,,,,,,,,,,,,,,,,,,,,,,,621.0,,,,,,,,,,,,,,,,166.836974723146,,,,,,,,,,,,,,,,,,,,,,208.228910025109,,,,,,
231,,,,,,,,,,,,,,,,,,,,,,,,,,,,,,,,,,,595.0,,,,,,,,,,,,,,,,309.841314770583,,,,,,,,,,,,,,,,,,,,,,279.732051580694,,,,,,
230,,,,,,,,,,,,,,,,,,,,,,,,,,,,,,,,,,,697.0,,,,,,,,,,,,,,,,285.902369040136,,,,,,,,,,,,,,,,,,,,,,178.626665552369,,,,,,
229,,,,,,,,,,,,,,,,,,,,,,,,,,,,,,,,,,,625.0,,,,,,,,,,,,,,,,286.139844326993,,,,,,,,,,,,,,,,,,,,,,193.566036954945,,,,,,
228,,,,,,,,,,,,,,,,,,,,,,,,,,,,,,,,,,,803.0,,,,,,,,,,,,,,,,250.102255923955,,,,,,,,,,,,,,,,,,,,,,285.993018571068,,,,,,
227,,,,,,,,,,,,,,,,,,,,,,,,,,,,,,,,,,,668.0,,,,,,,,,,,,,,,,274.301461907376,,,,,,,,,,,,,,,,,,,,,,178.81058621118,,,,,,
226,,,,,,,,,,,,,,,,,,,,,,,,,,,,,,,,,,,705.0,,,,,,,,,,,,,,,,369.43221518153,,,,,,,,,,,,,,,,,,,,,,387.563952338285,,,,,,
225,,,,,,,,,,,,,,,,,,,,,,,,,,,,,,,,,,,669.0,,,,,,,,,,,,,,,,226.403904797712,,,,,,,,,,,,,,,,,,,,,,265.488034027469,,,,,,
224,,,,,,,,,,,,,,,,,,,,,,,,,,,,,,,,,,,573.0,,,,,,,,,,,,,,,,298.113166589748,,,,,,,,,,,,,,,,,,,,,,122.345269162463,,,,,,
223,,,,,,,,,,,,,,,,,,,,,,,,,,,,,,,,,,,630.0,,,,,,,,,,,,,,,,286.038842692882,,,,,,,,,,,,,,,,,,,,,,388.055982717597,,,,,,
222,,,,,,,,,,,,,,,,,,,,,,,,,,,,,,,,,,,688.0,,,,,,,,,,,,,,,,214.677750296178,,,,,,,,,,,,,,,,,,,,,,220.989556624992,,,,,,
221,,,,,,,,,,,,,,,,,,,,,,,,,,,,,,,,,,,688.0,,,,,,,,,,,,,,,,154.966154633904,,,,,,,,,,,,,,,,,,,,,,286.826360179578,,,,,,
220,,,,,,,,,,,,,,,,,,,,,,,,,,,,,,,,,,,652.0,,,,,,,,,,,,,,,,298.177826445338,,,,,,,,,,,,,,,,,,,,,,194.271828864752,,,,,,
219,,,,,,,,,,,,,,,,,,,,,,,,,,,,,,,,,,,759.0,,,,,,,,,,,,,,,,250.350532722902,,,,,,,,,,,,,,,,,,,,,,194.317256825046,,,,,,
218,,,,,,,,,,,,,,,,,,,,,,,,,,,,,,,,,,,638.0,,,,,,,,,,,,,,,,274.236253094807,,,,,,,,,,,,,,,,,,,,,,149.518524540143,,,,,,
217,,,,,,,,,,,,,,,,,,,,,,,,,,,,,,,,,,,696.0,,,,,,,,,,,,,,,,274.472133065765,,,,,,,,,,,,,,,,,,,,,,194.432989437447,,,,,,
216,,,,,,,,,,,,,,,,,,,,,,,,,,,,,,,,,,,630.0,,,,,,,,,,,,,,,,274.053977737741,,,,,,,,,,,,,,,,,,,,,,194.466425651942,,,,,,
215,,,,,,,,,,,,,,,,,,,,,,,,,,,,,,,,,,,784.0,,,,,,,,,,,,,,,,346.136656309264,,,,,,,,,,,,,,,,,,,,,,239.392690976191,,,,,,
214,,,,,,,,,,,,,,,,,,,,,,,,,,,,,,,,,,,934.0,,,,,,,,,,,,,,,,321.961187026286,,,,,,,,,,,,,,,,,,,,,,221.5822818527,,,,,,
213,,,,,,,,,,,,,,,,,,,,,,,,,,,,,,,,,,,983.0,,,,,,,,,,,,,,,,262.450152523749,,,,,,,,,,,,,,,,,,,,,,194.679793509266,,,,,,
212,,,,,,,,,,,,,,,,,,,,,,,,,,,,,,,,,,,895.0,,,,,,,,,,,,,,,,250.471134734086,,,,,,,,,,,,,,,,,,,,,,239.643663369492,,,,,,
211,,,,,,,,,,,,,,,,,,,,,,,,,,,,,,,,,,,638.0,,,,,,,,,,,,,,,,238.598862045518,,,,,,,,,,,,,,,,,,,,,,272.738811587998,,,,,,
210,,,,,,,,,,,,,,,,,,,,,,,,,,,,,,,,,,,556.0,,,,,,,,,,,,,,,,274.60139660299,,,,,,,,,,,,,,,,,,,,,,266.832992746372,,,,,,
209,,,,,,,,,,,,,,,,,,,,,,,,,,,,,,,,,,,462.0,,,,,,,,,,,,,,,,274.401185227218,,,,,,,,,,,,,,,,,,,,,,242.977803089267,,,,,,
208,,,,,,,,,,,,,,,,,,,,,,,,,,,,,,,,,,,709.0,,,,,,,,,,,,,,,,250.641004087698,,,,,,,,,,,,,,,,,,,,,,210.064898354927,,,,,,
207,,,,,,,,,,,,,,,,,,,,,,,,,,,,,,,,,,,545.0,,,,,,,,,,,,,,,,357.882624604441,,,,,,,,,,,,,,,,,,,,,,312.208240629437,,,,,,
206,,,,,,,,,,,,,,,,,,,,,,,,,,,,,,,,,,,630.0,,,,,,,,,,,,,,,,298.459848076105,,,,,,,,,,,,,,,,,,,,,,213.225635930848,,,,,,
205,,,,,,,,,,,,,,,,,,,,,,,,,,,,,,,,,,,719.0,,,,,,,,,,,,,,,,298.372406599985,,,,,,,,,,,,,,,,,,,,,,255.351041677456,,,,,,
204,,,,,,,,,,,,,,,,,,,,,,,,,,,,,,,,,,,619.0,,,,,,,,,,,,,,,,214.819165945114,,,,,,,,,,,,,,,,,,,,,,267.483553234276,,,,,,
203,,,,,,,,,,,,,,,,,,,,,,,,,,,,,,,,,,,793.0,,,,,,,,,,,,,,,,167.148836314811,,,,,,,,,,,,,,,,,,,,,,165.354342867115,,,,,,
202,,,,,,,,,,,,,,,,,,,,,,,,,,,,,,,,,,,879.0,,,,,,,,,,,,,,,,238.841204270088,,,,,,,,,,,,,,,,,,,,,,195.464101796893,,,,,,
201,,,,,,,,,,,,,,,,,,,,,,,,,,,,,,,,,,,852.0,,,,,,,,,,,,,,,,286.430712192522,,,,,,,,,,,,,,,,,,,,,,195.515320637364,,,,,,
200,,,,,,,,,,,,,,,,,,,,,,,,,,,,,,,,,,,907.0,,,,,,,,,,,,,,,,167.065774071426,,,,,,,,,,,,,,,,,,,,,,258.769799825684,,,,,,
199,,,,,,,,,,,,,,,,,,,,,,,,,,,,,,,,,,,575.0,,,,,,,,,,,,,,,,179.293613363889,,,,,,,,,,,,,,,,,,,,,,225.756571459963,,,,,,
198,,,,,,,,,,,,,,,,,,,,,,,,,,,,,,,,,,,569.0,,,,,,,,,,,,,,,,214.877566788726,,,,,,,,,,,,,,,,,,,,,,180.667427621079,,,,,,
197,,,,,,,,,,,,,,,,,,,,,,,,,,,,,,,,,,,759.0,,,,,,,,,,,,,,,,214.887689944599,,,,,,,,,,,,,,,,,,,,,,237.948368847345,,,,,,
196,,,,,,,,,,,,,,,,,,,,,,,,,,,,,,,,,,,658.0,,,,,,,,,,,,,,,,238.800481313274,,,,,,,,,,,,,,,,,,,,,,274.168597480496,,,,,,
195,,,,,,,,,,,,,,,,,,,,,,,,,,,,,,,,,,,613.0,,,,,,,,,,,,,,,,310.526405446873,,,,,,,,,,,,,,,,,,,,,,162.768801671252,,,,,,
194,,,,,,,,,,,,,,,,,,,,,,,,,,,,,,,,,,,662.0,,,,,,,,,,,,,,,,334.347408660992,,,,,,,,,,,,,,,,,,,,,,180.894564946748,,,,,,
193,,,,,,,,,,,,,,,,,,,,,,,,,,,,,,,,,,,524.0,,,,,,,,,,,,,,,,310.466867008499,,,,,,,,,,,,,,,,,,,,,,180.939117850457,,,,,,
192,,,,,,,,,,,,,,,,,,,,,,,,,,,,,,,,,,,739.0,,,,,,,,,,,,,,,,238.97904775258,,,,,,,,,,,,,,,,,,,,,,319.818462436858,,,,,,
191,,,,,,,,,,,,,,,,,,,,,,,,,,,,,,,,,,,718.0,,,,,,,,,,,,,,,,238.773712663201,,,,,,,,,,,,,,,,,,,,,,268.647474003396,,,,,,
190,,,,,,,,,,,,,,,,,,,,,,,,,,,,,,,,,,,740.0,,,,,,,,,,,,,,,,179.279481136394,,,,,,,,,,,,,,,,,,,,,,259.682726449346,,,,,,
189,,,,,,,,,,,,,,,,,,,,,,,,,,,,,,,,,,,759.0,,,,,,,,,,,,,,,,262.817826407292,,,,,,,,,,,,,,,,,,,,,,332.297801458112,,,,,,
188,,,,,,,,,,,,,,,,,,,,,,,,,,,,,,,,,,,800.0,,,,,,,,,,,,,,,,251.040474235742,,,,,,,,,,,,,,,,,,,,,,211.562756528747,,,,,,
187,,,,,,,,,,,,,,,,,,,,,,,,,,,,,,,,,,,720.0,,,,,,,,,,,,,,,,250.727463142284,,,,,,,,,,,,,,,,,,,,,,166.266590613822,,,,,,
186,,,,,,,,,,,,,,,,,,,,,,,,,,,,,,,,,,,742.0,,,,,,,,,,,,,,,,239.056325927377,,,,,,,,,,,,,,,,,,,,,,393.139355148857,,,,,,
185,,,,,,,,,,,,,,,,,,,,,,,,,,,,,,,,,,,567.0,,,,,,,,,,,,,,,,215.041508440083,,,,,,,,,,,,,,,,,,,,,,269.322567701934,,,,,,
184,,,,,,,,,,,,,,,,,,,,,,,,,,,,,,,,,,,684.0,,,,,,,,,,,,,,,,262.782160616956,,,,,,,,,,,,,,,,,,,,,,257.318932942028,,,,,,
183,,,,,,,,,,,,,,,,,,,,,,,,,,,,,,,,,,,703.0,,,,,,,,,,,,,,,,239.095371630924,,,,,,,,,,,,,,,,,,,,,,151.393759154644,,,,,,
182,,,,,,,,,,,,,,,,,,,,,,,,,,,,,,,,,,,605.0,,,,,,,,,,,,,,,,274.937847815037,,,,,,,,,,,,,,,,,,,,,,166.56240112943,,,,,,
181,,,,,,,,,,,,,,,,,,,,,,,,,,,,,,,,,,,840.0,,,,,,,,,,,,,,,,191.166648154126,,,,,,,,,,,,,,,,,,,,,,242.360625074276,,,,,,
180,,,,,,,,,,,,,,,,,,,,,,,,,,,,,,,,,,,723.0,,,,,,,,,,,,,,,,298.782889451989,,,,,,,,,,,,,,,,,,,,,,245.48554623438,,,,,,
179,,,,,,,,,,,,,,,,,,,,,,,,,,,,,,,,,,,470.0,,,,,,,,,,,,,,,,191.2973232112,,,,,,,,,,,,,,,,,,,,,,197.046880747158,,,,,,
178,,,,,,,,,,,,,,,,,,,,,,,,,,,,,,,,,,,628.0,,,,,,,,,,,,,,,,191.195665614827,,,,,,,,,,,,,,,,,,,,,,151.60484529685,,,,,,
177,,,,,,,,,,,,,,,,,,,,,,,,,,,,,,,,,,,489.0,,,,,,,,,,,,,,,,275.008408830328,,,,,,,,,,,,,,,,,,,,,,182.004054904728,,,,,,
176,,,,,,,,,,,,,,,,,,,,,,,,,,,,,,,,,,,687.0,,,,,,,,,,,,,,,,239.076009849055,,,,,,,,,,,,,,,,,,,,,,179.031441855902,,,,,,
175,,,,,,,,,,,,,,,,,,,,,,,,,,,,,,,,,,,675.0,,,,,,,,,,,,,,,,251.000173059341,,,,,,,,,,,,,,,,,,,,,,303.502693321727,,,,,,
174,,,,,,,,,,,,,,,,,,,,,,,,,,,,,,,,,,,551.0,,,,,,,,,,,,,,,,227.19098423433,,,,,,,,,,,,,,,,,,,,,,258.05762603592,,,,,,
173,,,,,,,,,,,,,,,,,,,,,,,,,,,,,,,,,,,707.0,,,,,,,,,,,,,,,,203.268442765894,,,,,,,,,,,,,,,,,,,,,,197.430204581641,,,,,,
172,,,,,,,,,,,,,,,,,,,,,,,,,,,,,,,,,,,806.0,,,,,,,,,,,,,,,,239.125312992391,,,,,,,,,,,,,,,,,,,,,,261.328722555988,,,,,,
171,,,,,,,,,,,,,,,,,,,,,,,,,,,,,,,,,,,1167.0,,,,,,,,,,,,,,,,287.011753329729,,,,,,,,,,,,,,,,,,,,,,212.803653716229,,,,,,
170,,,,,,,,,,,,,,,,,,,,,,,,,,,,,,,,,,,721.0,,,,,,,,,,,,,,,,287.031501828499,,,,,,,,,,,,,,,,,,,,,,255.427088816051,,,,,,
169,,,,,,,,,,,,,,,,,,,,,,,,,,,,,,,,,,,649.0,,,,,,,,,,,,,,,,275.026527457244,,,,,,,,,,,,,,,,,,,,,,197.71801866855,,,,,,
168,,,,,,,,,,,,,,,,,,,,,,,,,,,,,,,,,,,572.0,,,,,,,,,,,,,,,,227.270778338409,,,,,,,,,,,,,,,,,,,,,,276.921977447961,,,,,,
167,,,,,,,,,,,,,,,,,,,,,,,,,,,,,,,,,,,513.0,,,,,,,,,,,,,,,,227.172972678843,,,,,,,,,,,,,,,,,,,,,,395.831534248381,,,,,,
166,,,,,,,,,,,,,,,,,,,,,,,,,,,,,,,,,,,678.0,,,,,,,,,,,,,,,,311.043354483133,,,,,,,,,,,,,,,,,,,,,,213.23094158954,,,,,,
165,,,,,,,,,,,,,,,,,,,,,,,,,,,,,,,,,,,806.0,,,,,,,,,,,,,,,,299.257979755056,,,,,,,,,,,,,,,,,,,,,,152.332765980162,,,,,,
164,,,,,,,,,,,,,,,,,,,,,,,,,,,,,,,,,,,592.0,,,,,,,,,,,,,,,,275.003890647948,,,,,,,,,,,,,,,,,,,,,,213.325946879808,,,,,,
163,,,,,,,,,,,,,,,,,,,,,,,,,,,,,,,,,,,673.0,,,,,,,,,,,,,,,,227.342441140603,,,,,,,,,,,,,,,,,,,,,,198.164146011916,,,,,,
162,,,,,,,,,,,,,,,,,,,,,,,,,,,,,,,,,,,652.0,,,,,,,,,,,,,,,,275.145141988276,,,,,,,,,,,,,,,,,,,,,,152.474128688193,,,,,,
161,,,,,,,,,,,,,,,,,,,,,,,,,,,,,,,,,,,674.0,,,,,,,,,,,,,,,,239.399346802515,,,,,,,,,,,,,,,,,,,,,,213.511477123669,,,,,,
160,,,,,,,,,,,,,,,,,,,,,,,,,,,,,,,,,,,534.0,,,,,,,,,,,,,,,,275.287446123413,,,,,,,,,,,,,,,,,,,,,,225.800781305649,,,,,,
159,,,,,,,,,,,,,,,,,,,,,,,,,,,,,,,,,,,790.0,,,,,,,,,,,,,,,,263.163941390858,,,,,,,,,,,,,,,,,,,,,,228.920929002101,,,,,,
158,,,,,,,,,,,,,,,,,,,,,,,,,,,,,,,,,,,575.0,,,,,,,,,,,,,,,,179.498402102287,,,,,,,,,,,,,,,,,,,,,,213.749367491179,,,,,,
157,,,,,,,,,,,,,,,,,,,,,,,,,,,,,,,,,,,475.0,,,,,,,,,,,,,,,,227.527686492373,,,,,,,,,,,,,,,,,,,,,,216.854705378078,,,,,,
156,,,,,,,,,,,,,,,,,,,,,,,,,,,,,,,,,,,694.0,,,,,,,,,,,,,,,,275.127569069581,,,,,,,,,,,,,,,,,,,,,,229.126543000639,,,,,,
155,,,,,,,,,,,,,,,,,,,,,,,,,,,,,,,,,,,754.0,,,,,,,,,,,,,,,,239.369841801167,,,,,,,,,,,,,,,,,,,,,,229.181480914964,,,,,,
154,,,,,,,,,,,,,,,,,,,,,,,,,,,,,,,,,,,673.0,,,,,,,,,,,,,,,,311.266768510841,,,,,,,,,,,,,,,,,,,,,,241.546198370285,,,,,,
153,,,,,,,,,,,,,,,,,,,,,,,,,,,,,,,,,,,755.0,,,,,,,,,,,,,,,,203.511729505253,,,,,,,,,,,,,,,,,,,,,,412.975800063205,,,,,,
152,,,,,,,,,,,,,,,,,,,,,,,,,,,,,,,,,,,674.0,,,,,,,,,,,,,,,,287.449141236931,,,,,,,,,,,,,,,,,,,,,,367.339914807874,,,,,,
151,,,,,,,,,,,,,,,,,,,,,,,,,,,,,,,,,,,696.0,,,,,,,,,,,,,,,,263.284291745502,,,,,,,,,,,,,,,,,,,,,,248.05356802939,,,,,,
150,,,,,,,,,,,,,,,,,,,,,,,,,,,,,,,,,,,725.0,,,,,,,,,,,,,,,,179.580504210142,,,,,,,,,,,,,,,,,,,,,,245.083051605472,,,,,,
149,,,,,,,,,,,,,,,,,,,,,,,,,,,,,,,,,,,656.0,,,,,,,,,,,,,,,,203.554587275361,,,,,,,,,,,,,,,,,,,,,,257.435745231973,,,,,,
148,,,,,,,,,,,,,,,,,,,,,,,,,,,,,,,,,,,757.0,,,,,,,,,,,,,,,,311.369622660375,,,,,,,,,,,,,,,,,,,,,,245.268247870604,,,,,,
147,,,,,,,,,,,,,,,,,,,,,,,,,,,,,,,,,,,657.0,,,,,,,,,,,,,,,,263.45111630176,,,,,,,,,,,,,,,,,,,,,,263.762474114908,,,,,,
146,,,,,,,,,,,,,,,,,,,,,,,,,,,,,,,,,,,877.0,,,,,,,,,,,,,,,,203.591562585339,,,,,,,,,,,,,,,,,,,,,,214.76698147624,,,,,,
145,,,,,,,,,,,,,,,,,,,,,,,,,,,,,,,,,,,717.0,,,,,,,,,,,,,,,,227.464112416198,,,,,,,,,,,,,,,,,,,,,,184.137330206457,,,,,,
144,,,,,,,,,,,,,,,,,,,,,,,,,,,,,,,,,,,759.0,,,,,,,,,,,,,,,,287.467068107091,,,,,,,,,,,,,,,,,,,,,,322.330335454725,,,,,,
143,,,,,,,,,,,,,,,,,,,,,,,,,,,,,,,,,,,769.0,,,,,,,,,,,,,,,,299.420477471959,,,,,,,,,,,,,,,,,,,,,,230.299421082358,,,,,,
142,,,,,,,,,,,,,,,,,,,,,,,,,,,,,,,,,,,1059.0,,,,,,,,,,,,,,,,179.771565539346,,,,,,,,,,,,,,,,,,,,,,215.018389583907,,,,,,
141,,,,,,,,,,,,,,,,,,,,,,,,,,,,,,,,,,,880.0,,,,,,,,,,,,,,,,215.581618983501,,,,,,,,,,,,,,,,,,,,,,199.73255869667,,,,,,
140,,,,,,,,,,,,,,,,,,,,,,,,,,,,,,,,,,,881.0,,,,,,,,,,,,,,,,215.591806618075,,,,,,,,,,,,,,,,,,,,,,258.236239027316,,,,,,
139,,,,,,,,,,,,,,,,,,,,,,,,,,,,,,,,,,,461.0,,,,,,,,,,,,,,,,227.756722156179,,,,,,,,,,,,,,,,,,,,,,279.8682461838,,,,,,
138,,,,,,,,,,,,,,,,,,,,,,,,,,,,,,,,,,,661.0,,,,,,,,,,,,,,,,239.595192822112,,,,,,,,,,,,,,,,,,,,,,258.440143210481,,,,,,
137,,,,,,,,,,,,,,,,,,,,,,,,,,,,,,,,,,,661.0,,,,,,,,,,,,,,,,251.545329837086,,,,,,,,,,,,,,,,,,,,,,215.442479290606,,,,,,
136,,,,,,,,,,,,,,,,,,,,,,,,,,,,,,,,,,,883.0,,,,,,,,,,,,,,,,215.637299557735,,,,,,,,,,,,,,,,,,,,,,369.500568476269,,,,,,
135,,,,,,,,,,,,,,,,,,,,,,,,,,,,,,,,,,,722.0,,,,,,,,,,,,,,,,275.667696698137,,,,,,,,,,,,,,,,,,,,,,215.648846736951,,,,,,
134,,,,,,,,,,,,,,,,,,,,,,,,,,,,,,,,,,,662.0,,,,,,,,,,,,,,,,239.649243941773,,,,,,,,,,,,,,,,,,,,,,215.696071109959,,,,,,
133,,,,,,,,,,,,,,,,,,,,,,,,,,,,,,,,,,,742.0,,,,,,,,,,,,,,,,215.673405320721,,,,,,,,,,,,,,,,,,,,,,154.107310391744,,,,,,
132,,,,,,,,,,,,,,,,,,,,,,,,,,,,,,,,,,,644.0,,,,,,,,,,,,,,,,191.693716978811,,,,,,,,,,,,,,,,,,,,,,231.250985823365,,,,,,
131,,,,,,,,,,,,,,,,,,,,,,,,,,,,,,,,,,,584.0,,,,,,,,,,,,,,,,215.801791188669,,,,,,,,,,,,,,,,,,,,,,280.696198852651,,,,,,
130,,,,,,,,,,,,,,,,,,,,,,,,,,,,,,,,,,,946.0,,,,,,,,,,,,,,,,239.585057988011,,,,,,,,,,,,,,,,,,,,,,339.445368600926,,,,,,
129,,,,,,,,,,,,,,,,,,,,,,,,,,,,,,,,,,,683.0,,,,,,,,,,,,,,,,287.804717659722,,,,,,,,,,,,,,,,,,,,,,305.63288554861,,,,,,
128,,,,,,,,,,,,,,,,,,,,,,,,,,,,,,,,,,,725.0,,,,,,,,,,,,,,,,275.772105280363,,,,,,,,,,,,,,,,,,,,,,327.408683644341,,,,,,
127,,,,,,,,,,,,,,,,,,,,,,,,,,,,,,,,,,,750.0,,,,,,,,,,,,,,,,227.686860883919,,,,,,,,,,,,,,,,,,,,,,185.396840984931,,,,,,
126,,,,,,,,,,,,,,,,,,,,,,,,,,,,,,,,,,,506.0,,,,,,,,,,,,,,,,275.804255164861,,,,,,,,,,,,,,,,,,,,,,185.43165389685,,,,,,
125,,,,,,,,,,,,,,,,,,,,,,,,,,,,,,,,,,,605.0,,,,,,,,,,,,,,,,251.712999787278,,,,,,,,,,,,,,,,,,,,,,244.220790045851,,,,,,
124,,,,,,,,,,,,,,,,,,,,,,,,,,,,,,,,,,,624.0,,,,,,,,,,,,,,,,227.836276994405,,,,,,,,,,,,,,,,,,,,,,262.90977398796,,,,,,
123,,,,,,,,,,,,,,,,,,,,,,,,,,,,,,,,,,,647.0,,,,,,,,,,,,,,,,191.790120690607,,,,,,,,,,,,,,,,,,,,,,219.703708380694,,,,,,
122,,,,,,,,,,,,,,,,,,,,,,,,,,,,,,,,,,,969.0,,,,,,,,,,,,,,,,227.8570479399,,,,,,,,,,,,,,,,,,,,,,247.628086591027,,,,,,
121,,,,,,,,,,,,,,,,,,,,,,,,,,,,,,,,,,,555.0,,,,,,,,,,,,,,,,239.925662455924,,,,,,,,,,,,,,,,,,,,,,232.216801582663,,,,,,
120,,,,,,,,,,,,,,,,,,,,,,,,,,,,,,,,,,,498.0,,,,,,,,,,,,,,,,263.834980657479,,,,,,,,,,,,,,,,,,,,,,170.33271451263,,,,,,
119,,,,,,,,,,,,,,,,,,,,,,,,,,,,,,,,,,,789.0,,,,,,,,,,,,,,,,263.851332766298,,,,,,,,,,,,,,,,,,,,,,139.388591937843,,,,,,
118,,,,,,,,,,,,,,,,,,,,,,,,,,,,,,,,,,,626.0,,,,,,,,,,,,,,,,239.858922639544,,,,,,,,,,,,,,,,,,,,,,201.387262918093,,,,,,
117,,,,,,,,,,,,,,,,,,,,,,,,,,,,,,,,,,,630.0,,,,,,,,,,,,,,,,287.892402873736,,,,,,,,,,,,,,,,,,,,,,201.451801670496,,,,,,
116,,,,,,,,,,,,,,,,,,,,,,,,,,,,,,,,,,,707.0,,,,,,,,,,,,,,,,227.828040455795,,,,,,,,,,,,,,,,,,,,,,275.925424691342,,,,,,
115,,,,,,,,,,,,,,,,,,,,,,,,,,,,,,,,,,,489.0,,,,,,,,,,,,,,,,215.888110828553,,,,,,,,,,,,,,,,,,,,,,217.141905815635,,,,,,
114,,,,,,,,,,,,,,,,,,,,,,,,,,,,,,,,,,,688.0,,,,,,,,,,,,,,,,264.036079685253,,,,,,,,,,,,,,,,,,,,,,186.176161799744,,,,,,
113,,,,,,,,,,,,,,,,,,,,,,,,,,,,,,,,,,,628.0,,,,,,,,,,,,,,,,239.927197358263,,,,,,,,,,,,,,,,,,,,,,232.782440482419,,,,,,
112,,,,,,,,,,,,,,,,,,,,,,,,,,,,,,,,,,,753.0,,,,,,,,,,,,,,,,239.940344012506,,,,,,,,,,,,,,,,,,,,,,155.228202482574,,,,,,
111,,,,,,,,,,,,,,,,,,,,,,,,,,,,,,,,,,,750.0,,,,,,,,,,,,,,,,312.008738445335,,,,,,,,,,,,,,,,,,,,,,232.909654624326,,,,,,
110,,,,,,,,,,,,,,,,,,,,,,,,,,,,,,,,,,,680.0,,,,,,,,,,,,,,,,263.882282645967,,,,,,,,,,,,,,,,,,,,,,298.244911453344,,,,,,
109,,,,,,,,,,,,,,,,,,,,,,,,,,,,,,,,,,,854.0,,,,,,,,,,,,,,,,264.11803509364,,,,,,,,,,,,,,,,,,,,,,276.621127234917,,,,,,
108,,,,,,,,,,,,,,,,,,,,,,,,,,,,,,,,,,,1044.0,,,,,,,,,,,,,,,,228.045052600667,,,,,,,,,,,,,,,,,,,,,,251.889102982292,,,,,,
107,,,,,,,,,,,,,,,,,,,,,,,,,,,,,,,,,,,569.0,,,,,,,,,,,,,,,,227.947026038871,,,,,,,,,,,,,,,,,,,,,,248.865046776413,,,,,,
106,,,,,,,,,,,,,,,,,,,,,,,,,,,,,,,,,,,550.0,,,,,,,,,,,,,,,,216.110589724067,,,,,,,,,,,,,,,,,,,,,,155.583719132838,,,,,,
105,,,,,,,,,,,,,,,,,,,,,,,,,,,,,,,,,,,878.0,,,,,,,,,,,,,,,,287.981450737115,,,,,,,,,,,,,,,,,,,,,,248.997517289411,,,,,,
104,,,,,,,,,,,,,,,,,,,,,,,,,,,,,,,,,,,853.0,,,,,,,,,,,,,,,,264.082646653319,,,,,,,,,,,,,,,,,,,,,,295.803922414871,,,,,,
103,,,,,,,,,,,,,,,,,,,,,,,,,,,,,,,,,,,693.0,,,,,,,,,,,,,,,,276.168900055253,,,,,,,,,,,,,,,,,,,,,,233.642628425896,,,,,,
102,,,,,,,,,,,,,,,,,,,,,,,,,,,,,,,,,,,757.0,,,,,,,,,,,,,,,,276.077343426076,,,,,,,,,,,,,,,,,,,,,,202.542398702272,,,,,,
101,,,,,,,,,,,,,,,,,,,,,,,,,,,,,,,,,,,632.0,,,,,,,,,,,,,,,,336.233846460408,,,,,,,,,,,,,,,,,,,,,,140.273011655318,,,,,,
100,,,,,,,,,,,,,,,,,,,,,,,,,,,,,,,,,,,736.0,,,,,,,,,,,,,,,,300.153989308087,,,,,,,,,,,,,,,,,,,,,,218.242526886563,,,,,,
99,,,,,,,,,,,,,,,,,,,,,,,,,,,,,,,,,,,655.0,,,,,,,,,,,,,,,,180.102275455447,,,,,,,,,,,,,,,,,,,,,,249.489395189112,,,,,,
98,,,,,,,,,,,,,,,,,,,,,,,,,,,,,,,,,,,510.0,,,,,,,,,,,,,,,,264.185012689961,,,,,,,,,,,,,,,,,,,,,,230.851878088832,,,,,,
97,,,,,,,,,,,,,,,,,,,,,,,,,,,,,,,,,,,821.0,,,,,,,,,,,,,,,,252.126958599984,,,,,,,,,,,,,,,,,,,,,,202.843188263353,,,,,,
96,,,,,,,,,,,,,,,,,,,,,,,,,,,,,,,,,,,795.0,,,,,,,,,,,,,,,,348.415112359206,,,,,,,,,,,,,,,,,,,,,,249.747120211353,,,,,,
95,,,,,,,,,,,,,,,,,,,,,,,,,,,,,,,,,,,573.0,,,,,,,,,,,,,,,,288.173158864224,,,,,,,,,,,,,,,,,,,,,,315.458046162121,,,,,,
94,,,,,,,,,,,,,,,,,,,,,,,,,,,,,,,,,,,676.0,,,,,,,,,,,,,,,,300.489989950198,,,,,,,,,,,,,,,,,,,,,,246.844027965331,,,,,,
93,,,,,,,,,,,,,,,,,,,,,,,,,,,,,,,,,,,761.0,,,,,,,,,,,,,,,,240.121923972607,,,,,,,,,,,,,,,,,,,,,,237.53609266453,,,,,,
92,,,,,,,,,,,,,,,,,,,,,,,,,,,,,,,,,,,492.0,,,,,,,,,,,,,,,,300.308874987784,,,,,,,,,,,,,,,,,,,,,,168.822416541143,,,,,,
91,,,,,,,,,,,,,,,,,,,,,,,,,,,,,,,,,,,512.0,,,,,,,,,,,,,,,,348.430269179651,,,,,,,,,,,,,,,,,,,,,,172.005802866926,,,,,,
90,,,,,,,,,,,,,,,,,,,,,,,,,,,,,,,,,,,678.0,,,,,,,,,,,,,,,,228.312927659281,,,,,,,,,,,,,,,,,,,,,,172.055087120663,,,,,,
89,,,,,,,,,,,,,,,,,,,,,,,,,,,,,,,,,,,749.0,,,,,,,,,,,,,,,,312.45402781424,,,,,,,,,,,,,,,,,,,,,,219.064687664186,,,,,,
88,,,,,,,,,,,,,,,,,,,,,,,,,,,,,,,,,,,967.0,,,,,,,,,,,,,,,,204.178253161186,,,,,,,,,,,,,,,,,,,,,,187.809759424856,,,,,,
87,,,,,,,,,,,,,,,,,,,,,,,,,,,,,,,,,,,721.0,,,,,,,,,,,,,,,,192.324482980192,,,,,,,,,,,,,,,,,,,,,,187.8554052644,,,,,,
86,,,,,,,,,,,,,,,,,,,,,,,,,,,,,,,,,,,761.0,,,,,,,,,,,,,,,,180.249369725266,,,,,,,,,,,,,,,,,,,,,,219.237892968708,,,,,,
85,,,,,,,,,,,,,,,,,,,,,,,,,,,,,,,,,,,784.0,,,,,,,,,,,,,,,,336.463868956224,,,,,,,,,,,,,,,,,,,,,,238.124495489406,,,,,,
84,,,,,,,,,,,,,,,,,,,,,,,,,,,,,,,,,,,804.0,,,,,,,,,,,,,,,,324.517190472519,,,,,,,,,,,,,,,,,,,,,,235.064155208062,,,,,,
83,,,,,,,,,,,,,,,,,,,,,,,,,,,,,,,,,,,804.0,,,,,,,,,,,,,,,,204.456382657859,,,,,,,,,,,,,,,,,,,,,,219.450045075487,,,,,,
82,,,,,,,,,,,,,,,,,,,,,,,,,,,,,,,,,,,661.0,,,,,,,,,,,,,,,,252.369929789379,,,,,,,,,,,,,,,,,,,,,,188.141946251506,,,,,,
81,,,,,,,,,,,,,,,,,,,,,,,,,,,,,,,,,,,518.0,,,,,,,,,,,,,,,,276.558428112725,,,,,,,,,,,,,,,,,,,,,,203.896462321912,,,,,,
80,,,,,,,,,,,,,,,,,,,,,,,,,,,,,,,,,,,721.0,,,,,,,,,,,,,,,,204.271115096481,,,,,,,,,,,,,,,,,,,,,,203.962090871369,,,,,,
79,,,,,,,,,,,,,,,,,,,,,,,,,,,,,,,,,,,705.0,,,,,,,,,,,,,,,,324.612431413771,,,,,,,,,,,,,,,,,,,,,,188.352307396471,,,,,,
78,,,,,,,,,,,,,,,,,,,,,,,,,,,,,,,,,,,744.0,,,,,,,,,,,,,,,,300.679755563753,,,,,,,,,,,,,,,,,,,,,,204.106520593681,,,,,,
77,,,,,,,,,,,,,,,,,,,,,,,,,,,,,,,,,,,539.0,,,,,,,,,,,,,,,,264.541408951929,,,,,,,,,,,,,,,,,,,,,,219.875657501825,,,,,,
76,,,,,,,,,,,,,,,,,,,,,,,,,,,,,,,,,,,732.0,,,,,,,,,,,,,,,,216.414921185319,,,,,,,,,,,,,,,,,,,,,,172.804430019177,,,,,,
75,,,,,,,,,,,,,,,,,,,,,,,,,,,,,,,,,,,893.0,,,,,,,,,,,,,,,,216.42526017937,,,,,,,,,,,,,,,,,,,,,,264.021665705082,,,,,,
74,,,,,,,,,,,,,,,,,,,,,,,,,,,,,,,,,,,828.0,,,,,,,,,,,,,,,,252.601180635948,,,,,,,,,,,,,,,,,,,,,,317.584866177981,,,,,,
73,,,,,,,,,,,,,,,,,,,,,,,,,,,,,,,,,,,602.0,,,,,,,,,,,,,,,,252.616027879769,,,,,,,,,,,,,,,,,,,,,,188.72422478865,,,,,,
72,,,,,,,,,,,,,,,,,,,,,,,,,,,,,,,,,,,540.0,,,,,,,,,,,,,,,,252.630875198033,,,,,,,,,,,,,,,,,,,,,,235.979828425763,,,,,,
71,,,,,,,,,,,,,,,,,,,,,,,,,,,,,,,,,,,786.0,,,,,,,,,,,,,,,,252.535781303653,,,,,,,,,,,,,,,,,,,,,,204.589328683162,,,,,,
70,,,,,,,,,,,,,,,,,,,,,,,,,,,,,,,,,,,688.0,,,,,,,,,,,,,,,,240.675799465346,,,,,,,,,,,,,,,,,,,,,,264.498183003108,,,,,,
69,,,,,,,,,,,,,,,,,,,,,,,,,,,,,,,,,,,748.0,,,,,,,,,,,,,,,,240.579115924651,,,,,,,,,,,,,,,,,,,,,,318.159270456726,,,,,,
68,,,,,,,,,,,,,,,,,,,,,,,,,,,,,,,,,,,768.0,,,,,,,,,,,,,,,,180.442642760699,,,,,,,,,,,,,,,,,,,,,,346.698728933791,,,,,,
67,,,,,,,,,,,,,,,,,,,,,,,,,,,,,,,,,,,667.0,,,,,,,,,,,,,,,,288.657628971017,,,,,,,,,,,,,,,,,,,,,,236.482045564661,,,,,,
66,,,,,,,,,,,,,,,,,,,,,,,,,,,,,,,,,,,769.0,,,,,,,,,,,,,,,,240.618036960617,,,,,,,,,,,,,,,,,,,,,,173.472259189428,,,,,,
65,,,,,,,,,,,,,,,,,,,,,,,,,,,,,,,,,,,690.0,,,,,,,,,,,,,,,,252.729323106964,,,,,,,,,,,,,,,,,,,,,,236.630612586561,,,,,,
64,,,,,,,,,,,,,,,,,,,,,,,,,,,,,,,,,,,750.0,,,,,,,,,,,,,,,,204.679508592279,,,,,,,,,,,,,,,,,,,,,,280.883634718069,,,,,,
63,,,,,,,,,,,,,,,,,,,,,,,,,,,,,,,,,,,665.0,,,,,,,,,,,,,,,,276.624057577307,,,,,,,,,,,,,,,,,,,,,,287.289759341667,,,,,,
62,,,,,,,,,,,,,,,,,,,,,,,,,,,,,,,,,,,1031.0,,,,,,,,,,,,,,,,228.682010784938,,,,,,,,,,,,,,,,,,,,,,173.722200186105,,,,,,
61,,,,,,,,,,,,,,,,,,,,,,,,,,,,,,,,,,,755.0,,,,,,,,,,,,,,,,228.583790683599,,,,,,,,,,,,,,,,,,,,,,265.40149902282,,,,,,
60,,,,,,,,,,,,,,,,,,,,,,,,,,,,,,,,,,,729.0,,,,,,,,,,,,,,,,312.97533084817,,,,,,,,,,,,,,,,,,,,,,252.865732673347,,,,,,
59,,,,,,,,,,,,,,,,,,,,,,,,,,,,,,,,,,,544.0,,,,,,,,,,,,,,,,240.715412773247,,,,,,,,,,,,,,,,,,,,,,256.101122119527,,,,,,
58,,,,,,,,,,,,,,,,,,,,,,,,,,,,,,,,,,,627.0,,,,,,,,,,,,,,,,240.728698470218,,,,,,,,,,,,,,,,,,,,,,221.387529607458,,,,,,
57,,,,,,,,,,,,,,,,,,,,,,,,,,,,,,,,,,,690.0,,,,,,,,,,,,,,,,228.858525019499,,,,,,,,,,,,,,,,,,,,,,189.813435484354,,,,,,
56,,,,,,,,,,,,,,,,,,,,,,,,,,,,,,,,,,,651.0,,,,,,,,,,,,,,,,276.847098431053,,,,,,,,,,,,,,,,,,,,,,250.001009645298,,,,,,
55,,,,,,,,,,,,,,,,,,,,,,,,,,,,,,,,,,,836.0,,,,,,,,,,,,,,,,240.770365066778,,,,,,,,,,,,,,,,,,,,,,269.139895924448,,,,,,
54,,,,,,,,,,,,,,,,,,,,,,,,,,,,,,,,,,,609.0,,,,,,,,,,,,,,,,240.893722410369,,,,,,,,,,,,,,,,,,,,,,272.399422978258,,,,,,
53,,,,,,,,,,,,,,,,,,,,,,,,,,,,,,,,,,,880.0,,,,,,,,,,,,,,,,264.789600286941,,,,,,,,,,,,,,,,,,,,,,205.945262372876,,,,,,
52,,,,,,,,,,,,,,,,,,,,,,,,,,,,,,,,,,,672.0,,,,,,,,,,,,,,,,289.130663259986,,,,,,,,,,,,,,,,,,,,,,206.001681953689,,,,,,
51,,,,,,,,,,,,,,,,,,,,,,,,,,,,,,,,,,,547.0,,,,,,,,,,,,,,,,289.040820109598,,,,,,,,,,,,,,,,,,,,,,298.036123481702,,,,,,
50,,,,,,,,,,,,,,,,,,,,,,,,,,,,,,,,,,,805.0,,,,,,,,,,,,,,,,228.736983331329,,,,,,,,,,,,,,,,,,,,,,380.657303318902,,,,,,
49,,,,,,,,,,,,,,,,,,,,,,,,,,,,,,,,,,,653.0,,,,,,,,,,,,,,,,277.07652325347,,,,,,,,,,,,,,,,,,,,,,206.284725789456,,,,,,
48,,,,,,,,,,,,,,,,,,,,,,,,,,,,,,,,,,,757.0,,,,,,,,,,,,,,,,288.985150772673,,,,,,,,,,,,,,,,,,,,,,174.596406301494,,,,,,
47,,,,,,,,,,,,,,,,,,,,,,,,,,,,,,,,,,,757.0,,,,,,,,,,,,,,,,264.893155168818,,,,,,,,,,,,,,,,,,,,,,304.865569084037,,,,,,
46,,,,,,,,,,,,,,,,,,,,,,,,,,,,,,,,,,,588.0,,,,,,,,,,,,,,,,229.014707000956,,,,,,,,,,,,,,,,,,,,,,238.278128758498,,,,,,
45,,,,,,,,,,,,,,,,,,,,,,,,,,,,,,,,,,,675.0,,,,,,,,,,,,,,,,192.689577846938,,,,,,,,,,,,,,,,,,,,,,235.169270648631,,,,,,
44,,,,,,,,,,,,,,,,,,,,,,,,,,,,,,,,,,,505.0,,,,,,,,,,,,,,,,277.157565185191,,,,,,,,,,,,,,,,,,,,,,445.117664804125,,,,,,
43,,,,,,,,,,,,,,,,,,,,,,,,,,,,,,,,,,,592.0,,,,,,,,,,,,,,,,277.065906012288,,,,,,,,,,,,,,,,,,,,,,289.509404800913,,,,,,
42,,,,,,,,,,,,,,,,,,,,,,,,,,,,,,,,,,,569.0,,,,,,,,,,,,,,,,216.841851841441,,,,,,,,,,,,,,,,,,,,,,315.091944474105,,,,,,
41,,,,,,,,,,,,,,,,,,,,,,,,,,,,,,,,,,,739.0,,,,,,,,,,,,,,,,289.323160616634,,,,,,,,,,,,,,,,,,,,,,175.097058400662,,,,,,
40,,,,,,,,,,,,,,,,,,,,,,,,,,,,,,,,,,,863.0,,,,,,,,,,,,,,,,252.99519632435,,,,,,,,,,,,,,,,,,,,,,289.782607940138,,,,,,
39,,,,,,,,,,,,,,,,,,,,,,,,,,,,,,,,,,,637.0,,,,,,,,,,,,,,,,228.997058997975,,,,,,,,,,,,,,,,,,,,,,175.198504566337,,,,,,
38,,,,,,,,,,,,,,,,,,,,,,,,,,,,,,,,,,,800.0,,,,,,,,,,,,,,,,216.891678601004,,,,,,,,,,,,,,,,,,,,,,283.669867790795,,,,,,
37,,,,,,,,,,,,,,,,,,,,,,,,,,,,,,,,,,,721.0,,,,,,,,,,,,,,,,289.279497672867,,,,,,,,,,,,,,,,,,,,,,255.057348775571,,,,,,
36,,,,,,,,,,,,,,,,,,,,,,,,,,,,,,,,,,,614.0,,,,,,,,,,,,,,,,265.172196610489,,,,,,,,,,,,,,,,,,,,,,338.102959351003,,,,,,
35,,,,,,,,,,,,,,,,,,,,,,,,,,,,,,,,,,,548.0,,,,,,,,,,,,,,,,253.069292382892,,,,,,,,,,,,,,,,,,,,,,252.090781015804,,,,,,
34,,,,,,,,,,,,,,,,,,,,,,,,,,,,,,,,,,,645.0,,,,,,,,,,,,,,,,204.933975324369,,,,,,,,,,,,,,,,,,,,,,322.374089217099,,,,,,
33,,,,,,,,,,,,,,,,,,,,,,,,,,,,,,,,,,,699.0,,,,,,,,,,,,,,,,265.216468015349,,,,,,,,,,,,,,,,,,,,,,300.139091489564,,,,,,
32,,,,,,,,,,,,,,,,,,,,,,,,,,,,,,,,,,,679.0,,,,,,,,,,,,,,,,325.621634162795,,,,,,,,,,,,,,,,,,,,,,226.818248654416,,,,,,
31,,,,,,,,,,,,,,,,,,,,,,,,,,,,,,,,,,,783.0,,,,,,,,,,,,,,,,265.254789381997,,,,,,,,,,,,,,,,,,,,,,348.390963206646,,,,,,
30,,,,,,,,,,,,,,,,,,,,,,,,,,,,,,,,,,,616.0,,,,,,,,,,,,,,,,325.448259468963,,,,,,,,,,,,,,,,,,,,,,259.001529618576,,,,,,
29,,,,,,,,,,,,,,,,,,,,,,,,,,,,,,,,,,,637.0,,,,,,,,,,,,,,,,265.293110546366,,,,,,,,,,,,,,,,,,,,,,223.935323825407,,,,,,
28,,,,,,,,,,,,,,,,,,,,,,,,,,,,,,,,,,,617.0,,,,,,,,,,,,,,,,241.390287566511,,,,,,,,,,,,,,,,,,,,,,191.984170588387,,,,,,
27,,,,,,,,,,,,,,,,,,,,,,,,,,,,,,,,,,,798.0,,,,,,,,,,,,,,,,265.214402686334,,,,,,,,,,,,,,,,,,,,,,240.048728477369,,,,,,
26,,,,,,,,,,,,,,,,,,,,,,,,,,,,,,,,,,,789.0,,,,,,,,,,,,,,,,313.62764776011,,,,,,,,,,,,,,,,,,,,,,208.107559611111,,,,,,
25,,,,,,,,,,,,,,,,,,,,,,,,,,,,,,,,,,,618.0,,,,,,,,,,,,,,,,289.28644782195,,,,,,,,,,,,,,,,,,,,,,236.981460061841,,,,,,
24,,,,,,,,,,,,,,,,,,,,,,,,,,,,,,,,,,,595.0,,,,,,,,,,,,,,,,241.454762559086,,,,,,,,,,,,,,,,,,,,,,291.559687278989,,,,,,
23,,,,,,,,,,,,,,,,,,,,,,,,,,,,,,,,,,,595.0,,,,,,,,,,,,,,,,253.266457432338,,,,,,,,,,,,,,,,,,,,,,192.292966606398,,,,,,
22,,,,,,,,,,,,,,,,,,,,,,,,,,,,,,,,,,,726.0,,,,,,,,,,,,,,,,205.203935227602,,,,,,,,,,,,,,,,,,,,,,173.103611899323,,,,,,
21,,,,,,,,,,,,,,,,,,,,,,,,,,,,,,,,,,,831.0,,,,,,,,,,,,,,,,229.142614536306,,,,,,,,,,,,,,,,,,,,,,227.669182233267,,,,,,
20,,,,,,,,,,,,,,,,,,,,,,,,,,,,,,,,,,,683.0,,,,,,,,,,,,,,,,205.113526235091,,,,,,,,,,,,,,,,,,,,,,401.029919042763,,,,,,
19,,,,,,,,,,,,,,,,,,,,,,,,,,,,,,,,,,,724.0,,,,,,,,,,,,,,,,241.296209422773,,,,,,,,,,,,,,,,,,,,,,208.600859026477,,,,,,
18,,,,,,,,,,,,,,,,,,,,,,,,,,,,,,,,,,,792.0,,,,,,,,,,,,,,,,229.287880749525,,,,,,,,,,,,,,,,,,,,,,272.910906556795,,,,,,
17,,,,,,,,,,,,,,,,,,,,,,,,,,,,,,,,,,,620.0,,,,,,,,,,,,,,,,265.367208635246,,,,,,,,,,,,,,,,,,,,,,321.239510741715,,,,,,
16,,,,,,,,,,,,,,,,,,,,,,,,,,,,,,,,,,,810.0,,,,,,,,,,,,,,,,289.761540382283,,,,,,,,,,,,,,,,,,,,,,224.955327499578,,,,,,
15,,,,,,,,,,,,,,,,,,,,,,,,,,,,,,,,,,,493.0,,,,,,,,,,,,,,,,217.196202035865,,,,,,,,,,,,,,,,,,,,,,318.285358843491,,,,,,
14,,,,,,,,,,,,,,,,,,,,,,,,,,,,,,,,,,,537.0,,,,,,,,,,,,,,,,301.710541631463,,,,,,,,,,,,,,,,,,,,,,260.51199574237,,,,,,
13,,,,,,,,,,,,,,,,,,,,,,,,,,,,,,,,,,,578.0,,,,,,,,,,,,,,,,313.869029277062,,,,,,,,,,,,,,,,,,,,,,334.600424588511,,,,,,
12,,,,,,,,,,,,,,,,,,,,,,,,,,,,,,,,,,,747.0,,,,,,,,,,,,,,,,229.266173279336,,,,,,,,,,,,,,,,,,,,,,386.349213561683,,,,,,
11,,,,,,,,,,,,,,,,,,,,,,,,,,,,,,,,,,,744.0,,,,,,,,,,,,,,,,205.224140462942,,,,,,,,,,,,,,,,,,,,,,241.558192656372,,,,,,
10,,,,,,,,,,,,,,,,,,,,,,,,,,,,,,,,,,,727.0,,,,,,,,,,,,,,,,217.260842244549,,,,,,,,,,,,,,,,,,,,,,244.829595314292,,,,,,
9,,,,,,,,,,,,,,,,,,,,,,,,,,,,,,,,,,,684.0,,,,,,,,,,,,,,,,217.271380448577,,,,,,,,,,,,,,,,,,,,,,273.9739042719,,,,,,
8,,,,,,,,,,,,,,,,,,,,,,,,,,,,,,,,,,,921.0,,,,,,,,,,,,,,,,229.53135211356,,,,,,,,,,,,,,,,,,,,,,209.568452216919,,,,,,
7,,,,,,,,,,,,,,,,,,,,,,,,,,,,,,,,,,,861.0,,,,,,,,,,,,,,,,241.572737081249,,,,,,,,,,,,,,,,,,,,,,338.641775114329,,,,,,
6,,,,,,,,,,,,,,,,,,,,,,,,,,,,,,,,,,,709.0,,,,,,,,,,,,,,,,289.706965691804,,,,,,,,,,,,,,,,,,,,,,290.427630166083,,,,,,
5,,,,,,,,,,,,,,,,,,,,,,,,,,,,,,,,,,,858.0,,,,,,,,,,,,,,,,217.320763805323,,,,,,,,,,,,,,,,,,,,,,338.949899726475,,,,,,
4,,,,,,,,,,,,,,,,,,,,,,,,,,,,,,,,,,,560.0,,,,,,,,,,,,,,,,229.473148837816,,,,,,,,,,,,,,,,,,,,,,303.593914069224,,,,,,
3,,,,,,,,,,,,,,,,,,,,,,,,,,,,,,,,,,,560.0,,,,,,,,,,,,,,,,205.31061505991,,,,,,,,,,,,,,,,,,,,,,277.85104334615,,,,,,
2,,,,,,,,,,,,,,,,,,,,,,,,,,,,,,,,,,,666.0,,,,,,,,,,,,,,,,181.144405197664,,,,,,,,,,,,,,,,,,,,,,226.22598081147,,,,,,
1,,,,,,,,,,,,,,,,,,,,,,,,,,,,,,,,,,,710.0,,,,,,,,,,,,,,,,217.36055512978,,,,,,,,,,,,,,,,,,,,,,177.792103480596,,,,,,
0,,,,,,,,,,,,,,,,,,,,,,,,,,,,,,,,,,,735.0,,,,,,,,,,,,,,,,229.515171166353,,,,,,,,,,,,,,,,,,,,,,210.216314598045,,,,,,
-1,,,,,,,,,,,,,,,,,,,,,,,,,,,,,,,,,,,776.0,,,,,,,,,,,,,,,,253.595884541236,,,,,,,,,,,,,,,,,,,,,,452.981308924239,,,,,,
-2,,,,,,,,,,,,,,,,,,,,,,,,,,,,,,,,,,,712.0,,,,,,,,,,,,,,,,217.616258079572,,,,,,,,,,,,,,,,,,,,,,255.758909446827,,,,,,
-3,,,,,,,,,,,,,,,,,,,,,,,,,,,,,,,,,,,671.0,,,,,,,,,,,,,,,,277.805260101095,,,,,,,,,,,,,,,,,,,,,,210.486893783881,,,,,,
-4,,,,,,,,,,,,,,,,,,,,,,,,,,,,,,,,,,,453.0,,,,,,,,,,,,,,,,277.823875712209,,,,,,,,,,,,,,,,,,,,,,404.934365262693,,,,,,
-5,,,,,,,,,,,,,,,,,,,,,,,,,,,,,,,,,,,621.0,,,,,,,,,,,,,,,,314.175788096548,,,,,,,,,,,,,,,,,,,,,,259.283696693483,,,,,,
-6,,,,,,,,,,,,,,,,,,,,,,,,,,,,,,,,,,,518.0,,,,,,,,,,,,,,,,253.787600703624,,,,,,,,,,,,,,,,,,,,,,246.399371674035,,,,,,
-7,,,,,,,,,,,,,,,,,,,,,,,,,,,,,,,,,,,689.0,,,,,,,,,,,,,,,,229.393533937115,,,,,,,,,,,,,,,,,,,,,,210.808021323058,,,,,,
-8,,,,,,,,,,,,,,,,,,,,,,,,,,,,,,,,,,,1004.0,,,,,,,,,,,,,,,,278.116228318809,,,,,,,,,,,,,,,,,,,,,,272.529013615845,,,,,,
-9,,,,,,,,,,,,,,,,,,,,,,,,,,,,,,,,,,,591.0,,,,,,,,,,,,,,,,205.340363149289,,,,,,,,,,,,,,,,,,,,,,165.531653067673,,,,,,
-10,,,,,,,,,,,,,,,,,,,,,,,,,,,,,,,,,,,588.0,,,,,,,,,,,,,,,,241.69305537304,,,,,,,,,,,,,,,,,,,,,,211.046036071636,,,,,,
-11,,,,,,,,,,,,,,,,,,,,,,,,,,,,,,,,,,,746.0,,,,,,,,,,,,,,,,205.471560052551,,,,,,,,,,,,,,,,,,,,,,305.298245953465,,,,,,
-12,,,,,,,,,,,,,,,,,,,,,,,,,,,,,,,,,,,763.0,,,,,,,,,,,,,,,,241.82793699766,,,,,,,,,,,,,,,,,,,,,,230.648531442034,,,,,,
-13,,,,,,,,,,,,,,,,,,,,,,,,,,,,,,,,,,,695.0,,,,,,,,,,,,,,,,253.773841625831,,,,,,,,,,,,,,,,,,,,,,227.442878852565,,,,,,
-14,,,,,,,,,,,,,,,,,,,,,,,,,,,,,,,,,,,747.0,,,,,,,,,,,,,,,,253.788995410024,,,,,,,,,,,,,,,,,,,,,,321.879734690021,,,,,,
-15,,,,,,,,,,,,,,,,,,,,,,,,,,,,,,,,,,,668.0,,,,,,,,,,,,,,,,229.826170578206,,,,,,,,,,,,,,,,,,,,,,312.242367536436,,,,,,
-16,,,,,,,,,,,,,,,,,,,,,,,,,,,,,,,,,,,782.0,,,,,,,,,,,,,,,,229.617202831421,,,,,,,,,,,,,,,,,,,,,,178.927310371842,,,,,,
-17,,,,,,,,,,,,,,,,,,,,,,,,,,,,,,,,,,,786.0,,,,,,,,,,,,,,,,253.941256328961,,,,,,,,,,,,,,,,,,,,,,195.268085411146,,,,,,
-18,,,,,,,,,,,,,,,,,,,,,,,,,,,,,,,,,,,800.0,,,,,,,,,,,,,,,,205.550688296221,,,,,,,,,,,,,,,,,,,,,,244.177807492617,,,,,,
-19,,,,,,,,,,,,,,,,,,,,,,,,,,,,,,,,,,,591.0,,,,,,,,,,,,,,,,241.810560117917,,,,,,,,,,,,,,,,,,,,,,257.308725993646,,,,,,
-20,,,,,,,,,,,,,,,,,,,,,,,,,,,,,,,,,,,557.0,,,,,,,,,,,,,,,,253.871588536018,,,,,,,,,,,,,,,,,,,,,,312.783740360335,,,,,,
-21,,,,,,,,,,,,,,,,,,,,,,,,,,,,,,,,,,,578.0,,,,,,,,,,,,,,,,302.41155171853,,,,,,,,,,,,,,,,,,,,,,322.743161721553,,,,,,
-22,,,,,,,,,,,,,,,,,,,,,,,,,,,,,,,,,,,767.0,,,,,,,,,,,,,,,,290.274312700121,,,,,,,,,,,,,,,,,,,,,,280.455513673696,,,,,,
-23,,,,,,,,,,,,,,,,,,,,,,,,,,,,,,,,,,,,,,,,,,,,,,,,,,,193.563914571828,,,,,,,,,,,,,,,,,,,,,,277.314473546747,,,,,,
-24,,,,,,,,,,,,,,,,,,,,,,,,,,,,,,,,,,,,,,,,,,,,,,,,,,,241.883778656333,,,,,,,,,,,,,,,,,,,,,,212.145234809122,,,,,,
-25,,,,,,,,,,,,,,,,,,,,,,,,,,,,,,,,,,,,,,,,,,,,,,,,,,,266.110189803477,,,,,,,,,,,,,,,,,,,,,,257.903545567152,,,,,,
-26,,,,,,,,,,,,,,,,,,,,,,,,,,,,,,,,,,,,,,,,,,,,,,,,,,,217.698540600591,,,,,,,,,,,,,,,,,,,,,,280.845543646261,,,,,,
-27,,,,,,,,,,,,,,,,,,,,,,,,,,,,,,,,,,,,,,,,,,,,,,,,,,,229.76152950527,,,,,,,,,,,,,,,,,,,,,,457.521716854457,,,,,,
-28,,,,,,,,,,,,,,,,,,,,,,,,,,,,,,,,,,,,,,,,,,,,,,,,,,,290.481609357094,,,,,,,,,,,,,,,,,,,,,,274.646207036137,,,,,,
-29,,,,,,,,,,,,,,,,,,,,,,,,,,,,,,,,,,,,,,,,,,,,,,,,,,,229.900473331128,,,,,,,,,,,,,,,,,,,,,,212.589695226289,,,,,,
-30,,,,,,,,,,,,,,,,,,,,,,,,,,,,,,,,,,,,,,,,,,,,,,,,,,,241.967083100403,,,,,,,,,,,,,,,,,,,,,,229.005509122583,,,,,,
-31,,,,,,,,,,,,,,,,,,,,,,,,,,,,,,,,,,,,,,,,,,,,,,,,,,,254.035946167513,,,,,,,,,,,,,,,,,,,,,,330.534442059176,,,,,,
-32,,,,,,,,,,,,,,,,,,,,,,,,,,,,,,,,,,,,,,,,,,,,,,,,,,,338.77612088915,,,,,,,,,,,,,,,,,,,,,,242.268305954798,,,,,,
-33,,,,,,,,,,,,,,,,,,,,,,,,,,,,,,,,,,,,,,,,,,,,,,,,,,,314.690557389517,,,,,,,,,,,,,,,,,,,,,,314.436841907058,,,,,,
-34,,,,,,,,,,,,,,,,,,,,,,,,,,,,,,,,,,,,,,,,,,,,,,,,,,,242.034898162702,,,,,,,,,,,,,,,,,,,,,,196.600782910074,,,,,,
-35,,,,,,,,,,,,,,,,,,,,,,,,,,,,,,,,,,,,,,,,,,,,,,,,,,,314.732928564833,,,,,,,,,,,,,,,,,,,,,,229.45527499407,,,,,,
-36,,,,,,,,,,,,,,,,,,,,,,,,,,,,,,,,,,,,,,,,,,,,,,,,,,,217.837812474106,,,,,,,,,,,,,,,,,,,,,,196.724567884993,,,,,,
-37,,,,,,,,,,,,,,,,,,,,,,,,,,,,,,,,,,,,,,,,,,,,,,,,,,,242.189955680522,,,,,,,,,,,,,,,,,,,,,,163.97425297923,,,,,,
-38,,,,,,,,,,,,,,,,,,,,,,,,,,,,,,,,,,,,,,,,,,,,,,,,,,,230.032125066835,,,,,,,,,,,,,,,,,,,,,,246.019574870148,,,,,,
-39,,,,,,,,,,,,,,,,,,,,,,,,,,,,,,,,,,,,,,,,,,,,,,,,,,,242.105661284514,,,,,,,,,,,,,,,,,,,,,,229.669010260939,,,,,,
-40,,,,,,,,,,,,,,,,,,,,,,,,,,,,,,,,,,,,,,,,,,,,,,,,,,,302.651907282039,,,,,,,,,,,,,,,,,,,,,,196.898160606008,,,,,,
-41,,,,,,,,,,,,,,,,,,,,,,,,,,,,,,,,,,,,,,,,,,,,,,,,,,,278.437404314304,,,,,,,,,,,,,,,,,,,,,,213.414613314972,,,,,,
-42,,,,,,,,,,,,,,,,,,,,,,,,,,,,,,,,,,,,,,,,,,,,,,,,,,,218.026065346579,,,,,,,,,,,,,,,,,,,,,,213.500854666257,,,,,,
-43,,,,,,,,,,,,,,,,,,,,,,,,,,,,,,,,,,,,,,,,,,,,,,,,,,,254.230019975952,,,,,,,,,,,,,,,,,,,,,,243.143831381091,,,,,,
-44,,,,,,,,,,,,,,,,,,,,,,,,,,,,,,,,,,,,,,,,,,,,,,,,,,,254.466643874927,,,,,,,,,,,,,,,,,,,,,,299.078450807547,,,,,,
-45,,,,,,,,,,,,,,,,,,,,,,,,,,,,,,,,,,,,,,,,,,,,,,,,,,,217.952212625235,,,,,,,,,,,,,,,,,,,,,,309.090856461809,,,,,,
-46,,,,,,,,,,,,,,,,,,,,,,,,,,,,,,,,,,,,,,,,,,,,,,,,,,,290.583482808007,,,,,,,,,,,,,,,,,,,,,,,,,,,,
-47,,,,,,,,,,,,,,,,,,,,,,,,,,,,,,,,,,,,,,,,,,,,,,,,,,,242.223676637037,,,,,,,,,,,,,,,,,,,,,,,,,,,,
-48,,,,,,,,,,,,,,,,,,,,,,,,,,,,,,,,,,,,,,,,,,,,,,,,,,,302.79946039473,,,,,,,,,,,,,,,,,,,,,,,,,,,,
-49,,,,,,,,,,,,,,,,,,,,,,,,,,,,,,,,,,,,,,,,,,,,,,,,,,,230.186549738416,,,,,,,,,,,,,,,,,,,,,,,,,,,,
-50,,,,,,,,,,,,,,,,,,,,,,,,,,,,,,,,,,,,,,,,,,,,,,,,,,,230.198665246181,,,,,,,,,,,,,,,,,,,,,,,,,,,,
-51,,,,,,,,,,,,,,,,,,,,,,,,,,,,,,,,,,,,,,,,,,,,,,,,,,,254.351200093167,,,,,,,,,,,,,,,,,,,,,,,,,,,,
