year,105 km,ABN_13/14_snowpit,B33 6.4983E,BER11C95_25,Bouvet Island,Bruce Plateau,CWA-A,CWA-D,DF01,DFS10,DIR,DIV2010_chem,DML07,DT401,EDC,EDC96,EDC_50y,EPICA DC,EPICA DomeC,FB97DML05,FB9807,FB9809,FB9814,FIS_BI,FIS_KC,FIS_KM,Ferrigno,Fimbulisen s100,GIP ic,GIP icp-ms,Gomez,H15,IC-06,ITASE-00-1,ITASE-00-2,ITASE-00-3_chem,ITASE-00-4,ITASE-00-5,ITASE-01-1,ITASE-01-2,ITASE-01-2_chem,ITASE-01-3,ITASE-01-4,ITASE-01-5,ITASE-01-6,ITASE-02-4,ITASE-02-5,ITASE-02-6,ITASE-02-7,ITASE-03-1,ITASE-03-3,ITASE-99-1,Jurassic,LGB69,Law Dome (2015),MES2012 ic,MES2012 icp-ms,MI0910,Mount Johns,NFL-1,NUS07-1,NUS07-2,NUS07-5,NUS07-7,NUS08-4,NUS08-5,NUS08-7,NVFL-1,NVFL00,PIG,PIG2010,PV-10,Palmer,RICE12-13pit,RIDS-A,RIDS-B,RIDS-C,Rendezvous,SCH2,SDM-94,SHIC,SKBL,SP01,SP04C5,SP04C6,SPOLE 0EW,SW-42,SW-80,TA192A__Adelie_Land,TD96,THW,THW2010,Talos Dome 159.07575E,TaylorDome,UP-C,VFL-1,VKT55,VLG,W10k,WD05A 112.125W,WDC05A,WDC05Q,WHG ic,WHG icp-ms,WP,cDML,vk07,vk55,vrs-13 (vostok stack)
2019,,,,,,,,,,,,,,,,,,,,,,,,,,,,,,,,,,,,,,,,,,,,,,,,,,,,,,,,,,,,,,,,,,,,,,,,,,,,,,,,,108268.9171,19422.64362,,,,,,,,,,,,,,,,,,,,,,,,,,,
2018,,,,,,,,,,,,,,,,,,,,,,,,,,,,,,,,,,,,,,,,,,,,,,,,,,,,,,,,,,,,,,,,,,,,,,,,,,,,,,,,,187817.6898,14102.83227,,,,,,,,,,,,,,,,,,,,,,,,,,,
2017,,,,,,,,,,,,,,,,,,,,,,,,,,,,,,,,,,,,,,,,,,,,,,,,,,,,,,,,,,,,,,,,,,,,,,,,,,,,,,,,,154531.7264,28733.21666,,,,,,,,,,,,,,,,,,,,,,,,,,,
2016,,,,,98433.3108,,,,,,,,,,,,,,,,,,,,,,,,,,,,,,,,,,,,,,,,,,,,,,,,,,,,,,,,,,,,,,,,,,,,,,,,,,,,198972.4119,43857.25811,,,,,,,,,,,,,,,,,,,,,,,,,,,
2015,,,,,44018.845,,,,,,,,,,,,,,,,,,,,,,,,,,,,,,,,,,,,,,,,,,,,,,,,,,,,,,,,,,,,,,,,,,,,,,,,,,,,247699.1302,28843.98261,,,,,,,,,,,,,,,,,,,,,,,,,,,
2014,,,,,46175.9055,,,,,,,,,,,,,,,,,,,,,,,,,,,,,,,,,,,,,,,,,,,,,,,,,,,,,,,,,,,,,,,,,,,,,,,,,,5361.563045,,520620.5987,28052.25635,,,,728.546873,,,,,,,,,,,,,,,,,,,,,,,
2013,,,,,109790.052,,,,,,,,,,,,,,,,,,,,,,,,,,,,,,,,,,,,,,,,,,,,,,,,,,,,,,,,,,,,,,,,,,,,,,,,,,24911.41764,,230883.0804,32898.56452,,,,1464.489281,,,,,,,,,,,,,,,,,,,,,,,
2012,,,,,124160.8032,,,,,,,,,,,,,,,,592.008,,,,,,,,,,,,,,,,,,,,,,,,,,,,,,,,,,,,,,,,,,,,,,,,,,,,,,,,,,9512.594329,,225344.0776,49521.39235,,,,396.511756,,,,,,,,,,,,,,,,,,,,,,,
2011,,,,,28773.0099,,,,,,278145.9852,,,,,,,,,,646.816,,,,,,,,,,,,,,,,,,,,,,,,,,,,,,,,47410.81619,,,,,,,,,,,,,,,,,,,,11831.29916,,,,,53237.47514,21842.51502,,425033.3306,21939.39676,,,,522.009426,,,,,,,,,,,,,,,,,,,,,,,
2010,,,,,42617.808,,,,,,158061.0818,13299.8544,,,,,,,,,744.26,,,,,,160300.0,,,,,,,,,,,,,,,,,,,,,,,,,,185903.4302,,48992.07,,,,,,,,,,,,,,,,,,27834.87845,,,,,114740.7206,4710.874386,,97055.16729,52928.12253,,,,971.260227,,,,,,,,,,,,,,,,,,,,,,,
2009,,,,,67769.5885,1122200.0,,,,,274058.4816,9791.026,,,,,,,,,444.04,,,,,,38450.0,,,,,,,,,,,,,,,,,,,,,,,,,,78758.89956,,51210.144,,,,,,,,,,,,,,,8260.22236,8157.8731,,8701.862604,,,,,59057.61165,2553.074841,,169018.703,65106.74636,,,,1296.784804,,,,,4377.07125,4392.216,,,,,,,,,,,,,,,,,
2008,,,,,32054.1456,737900.0,,,,,434250.8036,12477.6344,,,,,,,,,815.592,,,,,,88300.0,,,,,,,,,,,,,,,,,,,,,,,,,,126597.5257,,58118.769,,,,9364.237686,,,,,,586.783,,747.11,,,9592.0539,9425.306,,8375.431677,,,,,117991.8613,8444.698473,,208834.6269,18739.79482,,,,686.088706,,,,,7145.86015,7159.24,,,,,,,,,,,,,,,,,
2007,,,,,75130.7829,272700.0,,,,,104402.5592,9880.0754,,,,,,,,,596.36,,,,,,87010.0,,,,,,,,,,,,,,,,,,,,,,,,,,81281.56353,,70792.436,,,,6519.595887,,,,,278.37,410.515,,103.74,,,5113.2276,5170.0689,,18273.26713,,,,,61955.30868,6062.423506,,169900.372,13634.54124,,,,1048.079318,,,,,5375.16624,5342.9368,,,,,,,,,,,,,,,,,
2006,,,,,53243.0656,617200.0,,,,,198952.6515,14782.3137,,,,,,,,,702.644,,,,,,36520.0,,,,67171.86813,,,,,,,,,,,,,,,,,,,,,,103469.3128,,42196.444,,,,4036.735493,,559.312,,,435.537,1043.733,,1479.66,,,4972.70005,5000.807,,11941.65342,,,,,68311.84357,13752.79358,,265541.6275,15601.75088,,,,477.680733,,,,,4429.54632,4448.052,,,,,,,,,,,,,,24743.42738,,,
2005,,,,,34854.2605,548800.0,,,,,290937.1509,20522.4416,,,,,,,,,825.384,,,,,,43540.0,,,,30040.80338,,,,,,,,,,,,,,,,,,,,,,110451.927,,52909.775,,,,3763.077169,,299.78,,,561.627,1804.342,,1202.53,,,8298.37696,8417.3344,,12469.21105,,,,,64615.65861,5191.334897,,241990.2272,43751.70205,,,,1286.189853,,,,,6028.71126,5959.5525,,,,,,,,,,,,,,29743.17284,,,
2004,,,,,46959.7947,478300.0,,,,,362204.0876,18041.8526,,,,,,,,,745.824,,,,,,47560.0,,,,54280.42462,,,,,,,,,,,,,,,,,,,,,,103685.9526,,65792.604,,,,2893.753728,,446.212,,,569.052,767.75,,1656.55,,,6751.0472,6788.9616,,12634.4947,,,,,89802.47844,5971.86358,,292102.282,40143.38554,,361.246142,383.7,825.567798,,,,,4213.70847,4253.3979,,,,,,,,2973.956605,4853.5272,,,,,9140.0967,,,
2003,,,,,21257.007,572700.0,,,,,322192.0579,12610.0832,,,,,,,,,492.048,,,,,,33360.0,,,,51113.62158,,,,,,,,,,,,,,,,,,,,,,60200.59122,,42386.355,,,,4717.572097,,773.916,,,506.223,223.147,,1272.04,,,10652.85111,10574.0262,,9773.512845,,,,,70451.84128,9813.35112,,213967.425,29915.01101,,591.3944702,948.7,544.564393,,,,,7549.5616,7508.2816,,,,,,,,3000.318114,4833.0135,,,,,48514.40561,,,
2002,,,,,24175.1253,232200.0,,,,,221810.6708,15261.7535,,,,,,,,,884.884,,,,,,62800.0,,,,27068.77121,,27903.04071,,,,,,,6353.49132,,,,,,2000.83059,,,765.9253,,,,44997.82459,,51040.496,,,,4310.0059,,655.408,,,422.982,254.338,,1178.59,,,3382.76536,3378.9444,,10214.16005,,,,,63467.56979,4241.912929,,313554.3948,85191.17866,,558.4812063,311.8,765.501289,,,,,4104.88272,4137.9984,,,,,,,,4888.352197,3110.7198,,,,,37739.6337,,,
2001,,,,,,1375300.0,,,,,312515.5605,13252.6691,,,,,,,,,830.552,,,,,,36180.0,,,,139244.4095,,8874.533581,,,,,,6338.74998,3632.79696,19626.90912,6447.8932,7597.03524,28762.80342,,831.74388,,,990.725,,,,177266.4857,,69205.045,,,,4316.874931,,644.488,,,558.981,481.222,,268.8,,,9937.6948,9919.214,,16428.85092,,,,,120495.2506,12862.2276,,168080.413,21607.1091,,386.4928101,524.1,906.622999,,,,,8559.46902,8480.7336,,,,,,,,5224.304614,2342.595,,,,,51257.35536,,,
2000,,,,,,719700.0,,,,,154283.2902,13797.2856,,,,,,,,,567.324,,,,,,94460.0,,,,41260.90209,,18247.9427,7393.42989,,8383.0944,4234.0888,8906.42688,5757.04214,3227.7861,15449.53725,6570.604,5533.67254,13156.1937,,783.38912,,,1085.218,,,,125140.7334,,48626.232,,,,2096.984388,,1225.588,,,522.666,719.798,,731.85,,,5849.74878,5697.2883,,11069.76205,,,,,80454.15867,11971.07945,,179657.6025,22643.00277,426.2952488,390.4116895,1520.8,543.080198,,,,,4657.08936,4684.4072,,,,,,,,2580.533791,8647.8402,,,,,38103.7228,,,
1999,,,,,,572400.0,,,,,175692.196,11670.0126,,,,,,,,,1667.292,,,,,,110040.0,1443293.2,,,52721.82432,,21374.28794,3691.90438,7713.80855,8000.2192,3956.41344,8343.40548,6601.2779,1854.18467,9008.50903,7678.66,4494.86706,9260.10464,14014.60554,592.7116,,,1444.04442,,,,103945.6747,,24846.072,,,,2984.400426,,2069.34,,,384.966,827.912,364.598,1334.62,,,10383.54256,10391.1686,,12688.53939,,,,,92260.7029,10492.6485,,193792.6546,36131.27858,1247.960472,623.9679627,721.1,273.139092,,,,,5857.22114,5852.1583,,,,,,,,6184.212612,4579.632,,,,,16807.96575,,,
1998,,,,,,377900.0,,,,,254799.109,13032.1205,,,,,,,,,723.86,,,,,,108710.0,1188768.0,,,20618.0382,,20806.14518,6203.73885,9154.79208,3784.00416,3641.8692,5661.75359,9019.97628,1339.893,16784.05381,5641.53432,4632.07146,12607.686,8395.27902,855.3665,,,1272.95791,,,2891.63336,66662.7328,,57593.955,,,,3318.394781,,1049.464,,,402.084,775.002,329.226,2273.67,,,5265.77058,5177.5146,,8649.016429,,,,,53416.20082,3666.414928,,,,594.1878994,364.3455616,682.9,725.954455,,,,,3398.4276,3384.3107,,,,,,,,4219.101622,1488.3024,,,,,14035.1715,,,
1997,,,,,,144900.0,,,,,312913.3247,12527.8536,,,,,,,,2993.884461,1234.268,,,,,,31040.0,548129.6,,,31476.27757,,13202.24448,7182.87384,8827.86482,3729.88062,3822.64108,5521.673,6273.40924,4584.08865,10646.9711,4776.8406,4794.9049,10291.21389,11373.82844,5119.76063,,,1548.4902,,,2959.41986,56449.58857,,68334.84,,,,1329.941408,,858.884,,,567.27,521.848,252.636,462.21,,,8600.65698,8812.7721,,7664.156813,,,,,38667.43777,10807.09584,,,,2578.507274,235.4912957,723.2,582.647528,,,,,4153.69895,4173.1797,,,,,,,,3540.908422,3468.084,,,,,19382.9142,,,
1996,,,1104.200086,,,434100.0,,,,,231409.513,9853.032,5094.372888,,,,,,,4561.945951,717.876,1106.3964,1683.01802,,,,40410.0,707183.4,,,30123.9767,,39051.5375,4742.13134,9619.416,6930.33824,6456.58711,1257.68108,3679.78422,2087.5382,9334.64576,3641.2023,6488.50176,8832.85165,15414.8316,2620.20924,,831.13582,1523.06967,,,8839.57656,74250.00187,,44446.994,,,,1388.053665,,721.916,,,607.176,375.328,480.075,1446.06,,,5088.39968,4902.2716,,10735.92606,,,,,82595.40238,14117.30091,,,,895.6792928,344.2506917,848.4,485.453942,,,,,9999.46596,10001.241,,,,,,,,6206.315421,2734.0698,,,,,12194.8001,,,
1995,,,1333.489727,,,626600.0,,,,,76765.36271,10766.7522,6064.849698,,,,,,,5783.870216,505.376,766.06208,995.8641,,,,31460.0,839801.7,,,38334.95892,,42177.38866,6288.795,12044.27855,7812.05745,2236.542,1574.09915,9968.3003,3251.38119,8962.7949,5581.85049,4074.35328,9522.14393,9706.1804,2390.74416,,355.3613,1302.56637,,,2225.66575,66729.30567,,42834.441,,,,2975.932292,,583.44,,,578.988,457.32,795.056,883.12,,,5754.30576,5734.1872,,14206.57272,,2474.942607,2061.5618,6350.84236,49446.36203,11256.23159,,,,399.8150459,592.376341,412.2,391.451267,,,,,4775.39685,4748.5905,,,8178.767478,,,,,4124.179686,5202.8448,,,,,17522.34484,,,
1994,,,1509.122473,,,483200.0,,,,,159836.5849,6206.3199,5158.272413,,,,,,,2236.146615,624.172,1524.93751,211.8402,,,,36510.0,254733.0,,,26743.70279,,10863.42369,5926.47072,5383.74735,3384.2175,5325.71824,2073.82491,5424.5411,3611.14,16473.5928,6695.3997,4677.44214,7439.6684,9418.4097,1151.32779,,539.10504,1063.46968,,,8822.12355,45555.27118,,36839.1,,,,2002.494032,,854.724,,,474.984,739.223,1588.336,578.27,,,7522.50051,7446.0867,,10069.29866,,3218.604937,3330.331101,1955.8486,62009.41815,10555.30026,9538.247221,,,990.5911854,779.4486904,553.7,1249.039248,,,,,6534.46116,6542.532,,,9267.241723,,,,,2901.502478,4334.375,,,,,10332.8535,,,
1993,,,522.753643,,,939700.0,3402.882424,3495.234429,,,288843.6262,9007.7715,4385.77119,,,,,,,1821.53988,655.316,1675.51272,750.72,,,,36750.0,686781.4,,,48042.07513,,7435.251817,5219.06301,9430.16928,7557.72686,5656.69328,2917.07,9181.57768,5636.67836,15929.39133,5600.26338,2548.7412,4537.0,6517.73937,1070.62056,,498.84525,700.62634,,,16100.54016,45700.24553,,39285.081,,,,2109.71942,,521.56,864.756,,452.682,524.771,1348.169,875.98,,,4593.88936,4597.536,,15969.87834,,6122.485349,3155.953036,5363.7913,42848.35724,3616.917518,14369.37355,,,326.9708428,304.2301956,464.0,1600.706471,,,,,5164.54692,5141.0952,,,14807.15784,,,,,3824.37375,6097.2744,,,,,18471.4371,,,
1992,,,1149.255835,,,511600.0,1901.335243,3732.211633,,,493873.529,13444.0704,1221.420649,,,,,,,632.9911318,658.852,2145.2376,2462.34876,,,,37830.0,1608865.5,,,32721.48142,,15987.137,10725.2124,11876.17788,11549.32935,5224.0496,3812.949,7980.22495,6523.10028,14136.44538,8875.32477,4898.66696,12956.8592,13629.3711,2496.53593,,357.70686,341.62128,,,,74402.13971,,118439.88,,,,2653.938014,,283.4,884.068,,575.208,545.232,815.369,663.74,,,7205.6552,7173.4672,,11414.94057,,4606.431684,3946.783896,2340.26025,52789.02873,9005.467658,29634.18832,,,1469.59362,859.0348807,652.3,1157.891058,,,,,4081.20687,4083.0075,,,15558.08296,,,,,7610.226078,,,,,,29787.71264,,,
1991,,,1221.184597,,,263300.0,4609.368331,1776.344974,,,176765.4439,6379.8982,642.1264964,,,,,,,561.2464671,944.86,945.08508,1165.6887,,,,21490.0,889656.0,,,28260.45788,,8038.583318,7873.34068,6946.0011,6081.3258,5379.76208,4309.9423,7874.36,2974.70454,13946.3998,6463.534,2718.40438,6833.12789,12831.12,1607.6575,,911.95335,651.84,,,,36126.68017,,64984.292,,,,2455.944525,,720.512,960.908,,619.542,1205.83,481.592,496.58,,,6260.93824,6275.7328,,20068.92908,,3364.788745,2828.859731,518.682,70312.10729,8669.039137,11866.34896,,,1009.325558,981.6058336,642.4,1358.807923,,,,,4752.56106,4679.8047,,,8292.249201,,,,,2255.468119,2555.5392,,,,,15379.30076,,,
1990,,,1333.0884,,,287700.0,5438.550818,1678.181546,,,117993.1236,4462.2925,1678.951844,,,,,,,399.4044861,556.58,641.25498,743.51368,,,,38060.0,2607738.4,,,36349.61958,,16126.85518,6606.89403,7639.81215,5937.0021,7073.85922,2012.00007,6976.9824,1365.4476,13431.92652,8020.4184,3544.91735,10354.7217,16083.8371,875.32313,,408.2186,766.5344,,,,42763.83676,,43389.684,,,,2745.117836,,1018.836,987.87,,613.494,2066.117,1142.634,569.45,,,6314.4829,6265.6281,,9081.076182,,5064.573091,5061.255579,1034.53904,72291.44128,15903.47886,13704.55089,,,628.4185314,254.6868787,390.0,1414.07612,,,,,6194.0034,6220.6296,,,18524.82119,,,,,3751.132685,7320.859,,,,,9195.16032,,,
1989,,,1732.8402,,,1128600.0,3577.892629,3051.707049,,,316758.4903,12769.6842,1376.289063,,,,,,,422.038427,892.364,1551.30775,1266.85408,,,,46760.0,347066.8,,,58927.67144,,22460.76695,3222.00922,6924.4669,7009.32225,3078.299,4819.02638,11099.62208,1802.63724,24638.96753,8792.47296,7473.083,10040.5536,18936.9383,1816.00524,,519.98706,999.84012,,,,94575.89215,,58625.9205,,,,2568.835332,,428.428,930.206,,579.555,1355.273,1689.05,557.76,,,10365.615,10379.535,,18736.33356,,3236.386327,2525.000742,1144.788,107822.523,21602.45581,18570.1598,,,296.1139571,636.4355785,323.0,1577.2982604000001,,,,,7356.20634,7350.1472,,,19174.21376,,,,,3260.727525,3854.1778,,,,,10310.77008,,,
1988,,,795.2557,,,200400.0,4213.662668,1510.865365,,,426741.7104,8652.3135,939.9639115,,,,,,,479.1718454,587.996,2781.52695,1068.834,,,,39720.0,1031610.0,,,70335.025,,24005.46502,6287.8872,6967.67297,9836.03856,11633.67128,2471.448,7290.2256,1503.86112,8481.11964,6111.00096,5171.21426,8561.89818,5398.08052,1013.04414,,905.35506,756.84294,,,12428.878,32671.58878,,69109.5398,,,,4769.498548,,346.268,670.956,,390.906,1635.067,822.621,321.16,,,6067.09974,6037.8135,,12902.45574,,3497.024072,3566.374728,3214.17705,37348.38434,13052.79402,18338.03876,,,406.8182203,584.8571666,712.6,1268.9141015,,,,,5538.74,5590.3896,,,4766.736412,,,,,3647.818364,3351.348,,,,,37496.06832,,,
1987,,,729.379,,,365500.0,12779.67636,5632.534613,,,257032.9235,12777.96,1473.487961,,,,,,,1070.899893,339.66,1761.59949,642.0252,,,,32520.0,687944.4,,,43398.60574,,12528.1143,6230.51177,,6774.67113,4449.11964,3667.95,6151.79724,3082.6668,16069.5687,7697.09304,3781.2868,7134.99384,18747.07072,1005.723,,892.4981,620.28936,,,5536.33976,32055.30872,,78070.7578,,,,4160.640569,,366.652,678.164,,479.574,1195.692,368.261,815.15,,,5776.60538,5782.6314,,14826.02423,,5606.250007,2097.460596,1205.47623,48774.23205,9238.676619,10552.55988,,,237.4407933,257.0474676,857.9,987.2446986,,,,,4433.30811,4397.54,,,11243.03591,,,,,9072.390268,5918.9896,,,,,22631.02191,,,
1986,,,892.0896,,,126900.0,6644.368528,7924.688186,,,252690.7989,8331.1104,2448.700865,,,,,,,1552.753524,1848.784,1252.3302,1069.4145,,,,19730.0,436519.0,,,39894.50692,,31131.26452,5806.88352,,6697.60798,4026.74971,3746.48976,4452.50816,6488.46275,16151.96862,2452.94079,3279.7947,9692.66,11295.97758,2235.324,,301.27635,1353.534,,,3534.2475,72192.94105,,72987.35070000001,,,,2706.031589,,656.76,871.896,,670.896,767.158,447.478,799.19,,,6237.09351,6267.8048,,8385.231393,,7894.328247,4344.54157,1960.7035,55720.26664,4839.08914,9110.360561,,,541.8431138,428.40145,1229.5,1174.1549936,,,,,3083.69754,3087.6948,2880.316667,,9661.912583,,,,,4700.948464,4759.4215,,,,,8465.27418,,,
1985,,,1412.4336,,,488200.0,2809.405845,6831.752292,,,303374.0125,9902.802,1161.047836,,,,,,,519.5362256,882.572,339.2468,2148.0675,,,,50090.0,1444527.7,,,44493.95866,,7058.675217,5292.67431,,6233.96478,7040.40825,3282.08244,6815.39567,6369.68416,18793.79712,5800.80868,8320.50976,11659.61286,20782.93536,997.98795,,446.68656,2298.83597,,,10460.80704,89520.14711,,44129.8345,,,,2517.177441,,873.548,1015.274,,678.915,859.103,254.375,340.27,,,10307.80104,10291.3662,,14954.41179,,5227.560596,4863.73602,5037.23,110833.812,9046.133594,5669.890675,,,1159.827038,1380.523558,1654.3,1339.93262415,,,,,7696.11483,7682.5843,778.201935,,3885.93639,,,,,5992.556063,3591.57,,,,,5976.46368,,,
1984,,,1283.6934,,,390300.0,17790.81069,4814.389062,,,218388.0888,10088.89,693.5107745,,,,,,,1790.384231,1329.74,1153.86829,1876.8192,,,,33900.0,551925.6,,,70839.26801,,46199.97142,9141.22352,,11345.47909,6286.39896,5060.59965,8239.95194,3131.52695,9119.0236,6657.07301,4491.11208,13775.7256,14872.72059,1626.0,,453.4608,1552.77675,,,16640.16148,99046.48505,,86413.0888,,,,3381.103523,,711.152,990.794,,590.139,590.89,266.659,710.5,,,5955.3924,6029.3262,,8340.386006,,4912.34683,4719.237297,920.799,82970.63083,5894.653876,26287.14844,,,276.1628046,752.3697048,704.4,1303.409768,,,,,5263.7984,5245.1392,259.398185,,3918.082702,,,,,7314.675268,5976.6096,,,,,12362.31612,,,
1983,,,1469.1768,,,612700.0,14205.88863,2407.460069,,,316304.2609,13065.4953,770.0734865,,,,,,,1365.307292,671.908,2709.93593,1128.7269,,,,33090.0,566283.2,,,30794.9418,,8984.452679,8184.00842,,14439.4875,8679.88014,4211.45672,8010.144,1752.1812,12255.685,7829.86158,4753.9926,5745.43748,8051.56017,508.82748,,1096.12216,1583.83935,,,21799.48812,48254.625,,52018.7349,,,,3533.362695,,712.816,876.112,,526.446,838.42,534.872,810.88,,,4706.04147,4748.6059,,13993.89929,,6113.29833,4608.593815,1096.5871,59451.14546,22105.30201,13642.3847,,,453.5996221,453.4048214,373.3,834.1166696,,,,,3957.4689,3929.751,1256.6295,,2891.158592,,,,,5050.479668,3757.5414,,,,,27947.0697,,,
1982,,,1401.2676,,,306300.0,3537.554685,3260.452463,,,300443.962,11031.816,925.4626667,,,,,,,1630.549154,355.368,893.016,2069.331,,,,50110.0,579852.0,,,49828.5121,,15154.97823,9318.37608,,6329.11344,7582.93416,2778.83664,4412.66,4129.7949,9402.45148,5192.93832,5560.797,14214.584,11944.40623,568.428,,863.34967,1815.79397,,,8469.3304,78990.41385,,35103.7155,,,,2963.470365,,457.6,728.382,620.484,577.611,1040.107,488.363,92.33,,,6498.14715,6478.1847,,11699.34728,,5251.23466,3827.52432,2286.022,47409.16229,18972.9409,9148.096555,,,785.6613819,429.333507,416.9,687.6394615,,,,,4807.22484,4800.4422,484.704,,12442.95658,,,,,3178.394234,3333.008,,,,,14050.4078,,,
1981,61340.42294,,1591.266,,,472000.0,9535.656832,3012.582769,,,130808.7733,12660.4808,1549.694335,,,,,,,731.323075,419.016,1848.57004,976.4349,,,,43790.0,337055.4,,,16296.0745,,11698.45063,3992.61968,,9335.04858,4077.98071,3812.5956,9071.38683,3774.45586,10847.54508,4777.37088,5830.84881,9296.57754,15346.47024,695.097,,702.08502,2076.49202,,,6676.40369,56532.26099,,74724.5971,,,,1126.325133,,474.76,901.612,672.713,734.697,1802.788,640.84,570.15,,,4304.50374,4291.7622,,9334.63397,,5133.000172,1611.358891,2393.6845,55459.80785,22776.55024,12189.39384,,,555.0512216,914.2836422,758.9,840.0647379499999,,,,,6274.8,6284.5608,1219.2075,,11857.1591,,,,,3548.823026,3098.2578,,,,,9245.62694,,,
1980,,,1294.5074,,,175600.0,10288.69234,2508.811342,,,226260.3232,5720.9482,1362.220594,,,,,,,1741.293719,1305.668,1543.3943,1114.54312,,,,21870.0,348486.2,,,9817.860596,,7665.141222,6248.92842,,9530.09472,5190.5541,4417.59432,6286.43272,3274.32528,12183.54888,3545.1351,3053.30189,7315.3065,11233.30169,2670.38424,,201.84887,941.22502,,,11872.36584,23585.26719,,57567.7086,,,,3503.288226,,269.048,957.202,488.853,706.644,2167.275,796.869,604.87,,,3911.83267,3946.9172,,5038.537704,,3804.818478,369.796901,2716.77356,27469.97379,14117.53611,55351.31137,,,960.3444341,233.8570783,960.6,688.6834633000001,,,,,5812.10107,5788.92,1230.12,,1773.531502,,,,,3979.535351,4783.3788,,,,,16066.798,,,
1979,,,1360.37,,,482300.0,3718.896936,5911.666307,,,330680.394,8520.5904,1647.838927,,,,,,,1054.546339,771.8,1850.04171,1370.65068,,,,27570.0,303936.5,,,32201.08279,,54427.15093,6626.30026,,11668.29813,6600.5079,6260.259,11033.5447,6418.61093,17816.12805,3678.7779,7147.80319,9349.37794,11808.29758,1760.7357,,605.94884,1230.12099,,,3315.0188,52142.10791,,47368.27755,,,,1606.061013,,544.128,1119.314,445.44,488.43,1120.027,890.109,780.08,,,,10404.7632,,8960.196618,,5498.449963,1855.427583,1381.63448,37793.95871,10063.06621,9719.359212,,,930.761515,340.9275218,791.8,846.75995705,,,,,,7679.217,1306.555,,8171.397619,,,,,8687.973814,5732.3042,,,,,10476.66004,,,
1978,,,590.0634,,,303300.0,1854.722615,2221.400048,,,317519.0193,3800.7892,2139.671556,,,,,,,718.4392944,792.608,1899.5328,1658.10806,,,,26390.0,899000.0,,,21837.94457,,31081.13971,3301.67994,,7040.55264,2695.02075,4419.64782,1902.23386,3363.46673,8644.3107,12001.99875,5549.8975,6917.89656,12604.6456,1023.4819,,322.0227,1936.43394,,,3248.56875,103404.9529,,38967.78015,,,,3739.468569,,989.196,1076.372,468.263,392.607,1339.252,1485.143,910.35,,,,5411.0835,,9353.313981,,5310.70405,2467.174936,347.124924,78689.36487,14127.89643,9229.578863,,,581.5583019,804.9855244,490.1,1236.0884166,,,,,,2504.7839,1928.34125,,6209.016693,,,,,3087.176186,2447.9212,,,,,14543.12706,,,
1977,,,1480.449,,,336300.0,7336.095747,5969.887757,,,225617.1465,12817.7075,1257.846947,,,,,,,878.0410378,745.348,1104.3396,352.8,,,,32430.0,186645.0,,,37480.72769,,26870.58899,13793.8108,,14473.8936,6725.7075,18352.08724,10368.47727,2840.427,11040.5934,3107.77975,5014.61136,6249.9364,,2308.26602,,564.5865,537.71946,,,2886.744,43417.18595,,75326.4012,,,,4058.669648,,1181.96,889.746,325.09,568.323,648.388,543.271,374.85,,,,10168.9896,,15558.18412,,16703.13421,4202.231184,2111.846133,45514.93855,19037.56385,20106.89435,,,708.6062989,768.0608444,401.2,817.71405695,,,,,,7728.2475,893.27826,,7418.011111,,,,,3100.664923,7193.0,,,,,9605.26776,,,
1976,,,880.9255,,,138900.0,10637.21628,2480.052407,,,136434.2731,19829.1444,1613.641724,,,,,,,1564.534259,882.436,1153.0728,798.92266,,,,24830.0,281612.8,,,41052.48378,,29348.92134,6853.69551,,9585.28838,4940.92036,2465.43612,11352.8175,4001.9982,19378.68496,9952.7928,7164.1944,15349.9608,,2119.64802,,668.35516,977.69356,,,8833.42878,41201.53882,,62088.0126,,,,5411.363376,,580.632,560.728,355.888,526.446,319.421,215.044,373.45,,,,7384.0744,,13735.61663,,4675.835385,3901.664479,6228.291098,54424.76699,13771.78194,24109.67612,,,1507.745113,606.0152442,641.9,668.9971350999999,,,,,,8715.3696,1576.89,,9051.511322,,,,,5787.812522,5371.3404,,,,,13999.8056,,,
1975,49162.72757,,751.1326,,,224200.0,10976.10505,2834.762951,,,232272.9304,10319.07,1314.515798,,,,,,,2918.028517,958.732,1514.3279,2144.94084,,,,37650.0,78480.0,,,46073.27427,,20200.41323,5317.89615,,7607.5845,4904.74656,4281.29121,6084.753,4271.8728,10400.4095,7071.84579,5346.81234,9145.24425,,2601.1215,,557.35922,1856.21408,,,10258.9883,72047.83354,,73199.87400000001,,,,3358.445657,,836.784,397.766,371.142,439.83,680.282,665.334,311.71,,,,6821.2362,,9863.601183,,3753.462784,2185.725463,1232.721856,68312.87033,18927.72781,12685.32439,,,830.8305538,1156.305177,1116.8,812.9894742500001,,,,,,7117.7392,970.77072,,5984.211332,,,,,4259.136706,6134.0884,,,,,12164.38894,,,
1974,67352.0922,,1104.641,,,515700.0,10227.11433,3530.812878,,,209622.369,6537.0788,815.6231281,,,,,,,1674.597607,1066.24,2559.49722,584.40708,,,,22570.0,1223781.8,,,29413.39591,,7705.136328,5246.802,,6563.59376,5441.0496,4161.957,5185.14711,4189.2864,10147.44672,6455.40372,5641.75182,5568.28896,,1005.9816,,843.2312,994.49496,,,7710.297,43592.2484,,77206.35325,,,,2258.57642,,1601.548,338.232,466.842,476.577,1599.954,840.899,222.18,,,,4851.9695,,8945.31106,,4329.409251,1645.147285,3475.728342,78590.91413,,24473.71086,,,464.5481413,1793.585265,784.2,1458.8276,,,,,,6481.6941,796.887,,6205.028548,,,,,5121.156186,2905.5187,,,,,37508.922,,,
1973,,,1119.5616,,,303400.0,10487.68111,6035.11217,,,210109.1514,21532.812,3178.499706,,,,,,,1442.749168,516.12,1522.40088,1421.40532,,,,23330.0,199561.5,,,41789.58858,,6712.334856,10208.89117,,12713.89168,11770.86141,2230.25825,7936.5845,4542.19212,10610.11318,3358.58474,5341.13736,6777.6192,,1070.58996,,506.341,978.59058,,,3422.49271,53731.52857,,49710.707800000004,,,,3117.962844,,1027.468,461.142,568.081,545.832,1055.166,732.23,1220.17,,,,7979.5848,,6575.915817,,5047.009994,2786.743812,2571.489401,101499.2457,,12431.4048,,,617.9917281,398.2197523,985.9,1145.0504035,,,,,,8119.0395,900.01125,,12511.25426,,,,,6663.342948,3807.1284,,,,,25339.29288,,,
1972,,,688.8033,,,192700.0,18736.71112,2593.058356,,,262866.8119,14001.9558,1815.803404,,,,,,,1375.263221,253.028,1550.52048,2059.07785,,,,17580.0,212020.9,,,44596.10932,,7441.028429,6598.3176,,9075.65494,4743.4332,3259.2,8426.37759,6500.68584,12573.95661,4510.1952,3938.159,15846.08688,,719.928,,1103.4002,1169.03584,,,7379.99274,31131.52834,,61153.0785,,,,2420.368843,,1208.688,586.772,652.268,,958.485,751.359,277.27,,,,3945.2322,,9956.458895,,3785.733616,2466.712443,2516.551657,37963.91777,,33327.1336,,,897.148081,522.8418205,803.9,963.683232,,,,,,2865.6828,898.7595,,12023.29097,,,,,5223.079569,5840.6874,,,,,21415.97392,,,
1971,,,710.711,,,294100.0,2193.065172,3786.570607,,,,9622.6959,855.6674144,,,,,,,2061.604932,911.676,1050.8562,2193.2331,,,,43290.0,881700.3,,,42984.16811,,7310.800998,5852.62396,,12253.9664,5122.70895,5399.08211,7556.71176,4894.83792,14923.07752,5851.35972,5817.0978,8027.03352,,1312.08345,,790.91868,1052.6594,,,3373.068,55056.28777,,51327.5391,,,,1820.508009,,1081.132,591.192,485.46,,1199.725,749.953,1213.03,,,,10092.4398,,11065.96162,,7753.213612,7950.985794,4224.897098,69851.4761,,16735.04922,,,517.1664124,1112.445638,852.9,1353.5445425,,,,,,4264.3104,531.92013,,8906.415452,,,,,5059.279299,3548.1154,,,,,28582.56896,,,
1970,,,99.5316,,,294900.0,6950.320909,5576.29629,,,,13997.178,996.9263049,,,,,,,2223.473734,661.368,1379.21405,2889.59502,,,,27310.0,181890.8,,,23164.81551,,30909.85588,9798.10256,,11060.6636,8787.742,6504.72088,4979.59,6133.10328,9405.07538,6195.94885,3844.86788,5074.5968,,764.57626,,910.32224,1640.23392,,,10927.6095,75368.04322,,52629.6172,,,,3186.403516,,990.444,523.396,314.041,566.568,1632.551,909.164,1761.9,,,,6350.6394,,7028.287176,,4584.205413,2973.418256,1091.63545,46488.65386,,16111.60538,,,874.5714634,1112.442395,891.1,1038.9702171,,,,,,5475.4652,1309.9907,,9752.813532,,,,,4446.493375,4322.7576,,,,,9051.92992,,,
1969,,,655.1454,,,141000.0,2368.413086,1809.458731,,,166309.3552,6562.9888,1164.321409,,,,,,,690.5164422,628.864,1541.75004,358.6575,,,,14370.0,280464.8,,,15697.91979,,7872.686052,5173.7821,,11655.64764,5889.6211,6423.93576,4503.31806,17098.64384,10811.9466,8592.76247,4613.21553,5996.6739,,775.32844,,480.284,617.53032,,,17673.276,33029.61052,,95729.6826,,,,2338.584318,,739.492,358.394,190.414,560.844,977.281,1127.131,1034.04,,,,4572.6064,,8712.34762,,6496.356391,1014.245431,2158.492786,34470.57869,,18146.58592,,,749.6942288,682.2554006,468.1,1234.4213238,,,,,,5871.6414,455.8086,,10131.55988,,,,,6758.289985,5714.1032,,,,,25160.90698,,,
1968,,,1143.393,,,395700.0,7579.746979,4508.29418,,,97175.88412,8258.99,845.2305641,,,,,,,1494.643262,1527.008,2410.8651,2717.06518,,,,48030.0,1238958.3,,,25779.65569,,14588.46376,4757.2135,,9601.44575,6527.22952,2546.2605,8337.30726,7358.54545,18734.2789,6196.62174,6100.691,13264.27641,,1183.1609,,380.63277,2134.50168,,,13186.60865,30758.94294,,32025.120000000003,,,,2353.46936,,924.352,292.264,229.883,500.85,433.27,693.75,585.48,,,,12223.2015,,13942.54577,,5394.688246,1900.05345,2582.097697,46522.50289,,16692.49399,,,905.8155307,207.2258019,,1144.49985,,,,,,5136.718,1344.816,,8978.890873,,,,,6665.680927,5287.4055,,,,,27461.25008,,,
1967,,,740.357,,,127200.0,5239.463332,3453.912636,,,,13073.164,848.9826857,,,,,,,911.5269649,826.948,587.295,1188.29732,,,,43210.0,718795.8,,,14314.87354,,38848.92118,8838.98905,,7641.89613,7026.90532,5970.22,6766.4364,5526.38142,7574.79458,7201.1733,5895.6552,6805.15748,,3315.93336,,803.73474,711.069,,,23755.316,43894.82684,,44876.50395,,,,5887.680194,,547.04,304.164,230.521,495.099,1675.138,627.816,1128.26,,,,9789.3797,,15140.39994,,6011.481536,1345.479295,3429.186521,29070.64837,,38249.00171,,,864.0787079,324.636582,,683.3461571,,,,,,4546.9928,963.0426,,17220.64743,,,,,7470.021558,6632.667,,,,,39092.0937,,,
1966,,,325.1983,,,211500.0,4137.958524,6201.392314,,,,13113.0397,1888.784548,,,,,,,2459.492846,160.072,856.55906,3375.92775,,,,38150.0,1048342.4,,,24311.99042,,10600.76237,8909.61805,,12141.10016,7971.09696,7867.6136,6937.06896,6687.88812,15758.14716,6827.26387,5748.56781,4989.16467,,3338.97648,,438.10288,1271.296,,,16565.2409,47567.92381,,48155.4144,,,,5159.678354,,1331.096,400.996,217.094,540.27,2772.003,573.759,1748.95,,,,7171.722,,15562.89564,,7910.013314,4596.342152,2977.552418,33167.44158,,14289.17255,,,1503.208733,366.0812121,,1293.6870978000002,,,,,,6466.8992,827.3475,,7267.273339,,,,,2678.376527,3343.302,,,,,27407.78898,,,
1965,,,930.1407,,,283900.0,14269.88717,2864.941848,,,,5366.176,1553.595372,,,,,,,1257.95485,1230.46,2156.26158,3385.39686,,,,37370.0,533307.2,,,36023.34161,,27178.15423,3682.25179,,7727.95885,7851.74711,3607.64803,3716.07624,9406.84061,11433.50368,5444.02824,8484.7026,13412.0262,,2138.75244,,695.80915,560.70228,,,8830.453,51918.65264,,53455.53125,,,,4599.870426,,1538.108,450.16,275.761,593.163,1905.685,944.166,1205.54,,,,5941.3767,,9159.007004,,6744.434595,2240.006091,2319.57792,86335.39139,,10738.81671,,,1100.743634,1450.006271,,1850.9056954999999,,,,,,3120.633,1775.925,,4867.475974,,,,,5049.817966,6434.28,,,,,17370.00188,,,
1964,,,1961.1738,,,441400.0,7757.909931,2748.055836,,,,8904.4956,2223.534218,,,,,,,2603.549627,1647.164,2572.28136,1477.4445,,,,44370.0,313791.3,,,23852.39387,,7782.858854,3969.99322,,9331.41423,5987.0118,2566.8324,6874.11192,5594.99248,8877.07095,4284.9328,6298.9465,10415.07972,,1499.42421,,411.78546,309.35,,,7342.71153,42817.75716,,59508.615600000005,,,,1528.159154,,945.568,460.258,344.781,581.985,1086.209,931.364,675.78,,,,5610.1248,,11425.07958,,2113.701203,3212.219853,2307.317756,68233.11771,,18313.89641,,,835.9115747,342.2043284,,741.98765015,,,,,,3510.4065,1133.4972,,6610.044897,,,,,4501.199527,2538.237,,,,,5948.6152,,,
1963,,,602.0934,,,151200.0,4546.994395,7221.952729,,,,8906.9186,2160.174391,,,,,,,1106.681549,1348.032,1914.76066,2586.48685,,,,31000.0,108839.0,,,27320.27828,,41815.9021,6884.81456,,9833.38448,5152.20039,4987.76463,5756.004,5578.5704,9488.15343,8926.76943,3531.19123,11145.01708,,1483.32,,428.2532,999.3696,,,22903.47618,47508.54816,,46460.505000000005,,,,1564.293885,,565.656,404.498,364.414,608.769,1094.46,1264.327,357.42,,,,7433.277,,5180.938813,,3332.220983,6611.614164,3981.928734,57548.37753,,31678.83556,,,867.7920171,403.4166289,,953.54535915,,,,,,3725.55,2314.564,,11630.63773,,,,,6880.691575,3732.1647,,,,,19852.41544,,,
1962,,,72.0117,,,393000.0,13076.27486,9972.335081,,,,9900.4794,2456.059574,,,,,,,881.3833396,1857.352,1892.60968,995.47197,,,,45590.0,322260.5,,,44820.78643,,11915.14565,3817.66461,,11446.25607,6063.3396,4805.80722,4657.2435,5908.8756,10602.39049,6886.14482,7687.86702,14071.22444,,4085.27127,,421.96924,1310.38035,,,9256.3344,76080.86623,,70702.95,,,,4701.169856,,818.22,320.144,488.07,737.127,641.617,1128.722,1912.12,,,,7456.0356,,20393.61379,,5304.53984,4360.159989,3345.647746,98381.373,,12128.95694,,,803.6421655,789.446107,,1545.855594,,,,,,3411.8393,1182.43125,,8713.938126,,,,,10313.49546,6461.0487,,,,,49309.0554,,,
1961,,,973.269,,,183600.0,13162.08388,4195.598642,,,,6321.92,1710.602961,,,,,,,1739.487583,1157.904,1054.1632,1184.928,,,,53900.0,527680.5,,,12806.2482,,10495.89123,2176.95104,,7490.13972,6070.46523,7859.566,10250.79045,4475.8142,14601.50912,6236.49437,4883.18788,6028.63035,,1239.29928,,537.69769,489.06,,,5063.29665,37792.29916,,59651.206000000006,,,,3377.30381,,726.336,264.452,633.969,782.406,262.848,1335.367,1211.77,,,,4599.46,,7656.920267,,4994.300343,11192.59815,4282.335463,40675.40253,,22187.65684,,,271.9021403,1974.755301,,703.1912499499999,,,,,,6025.2108,516.264,,11114.06821,,,,,2588.712515,7098.8488,,,,,32530.4694,,,
1960,,,947.3516,,,961200.0,9415.53701,16391.69965,,,,22515.0312,2239.900399,,,,,,,2549.816042,633.012,3450.09816,930.25818,,,,44980.0,106122.5,,,33480.02057,,53490.09505,11689.50853,,15233.70771,6317.43598,7756.9908,25858.12896,14963.53737,15847.4232,15608.46564,7039.52434,10554.53399,,1655.805,,254.67372,416.28453,,,5236.79457,44212.73317,,61053.9921,,,,2473.866417,,503.568,282.88,453.879,709.182,467.495,983.941,982.24,,,,15864.5656,,14175.36963,,4032.918785,4964.835022,2801.247471,100762.0432,,35900.94784,,,771.2799154,1605.985676,,903.31104335,,,,,,6527.881,384.803125,,6723.875954,,,,,9163.933674,5600.3692,,,,,30645.14882,,,
1959,,,660.5654,,,191300.0,12343.22363,6055.384728,,,,10555.94,1202.452725,,,,,,,1023.006807,1212.848,2070.5507,1006.84584,,,,35630.0,825515.9,,,25200.63928,,11261.11795,4228.7045,,9677.87892,6766.1627,4972.6155,5287.6395,2594.23784,8087.061,6375.37932,4228.05696,5404.07133,,591.77808,,447.8698,1889.65398,,,6739.21996,89460.36824,,69521.47215,,,,5508.168487,,555.256,299.132,317.028,605.988,867.132,633.07,955.5,,,,6351.5736,,16618.53955,,11395.12009,2935.882875,8807.307772,48105.43088,,29011.97382,,,1547.032061,1318.757666,,1206.19171125,,,,,,5635.8208,1396.191,,3559.968198,,,,,3588.235528,4794.9863,,,,,23019.4734,,,
1958,,,959.563,,,308600.0,7385.459551,1808.966155,,,,12298.4883,677.0327104,,,,,,,967.8770058,597.38,787.2445,932.55436,,,,29440.0,174870.0,,,28508.71609,,22588.7681,3685.56435,,6461.92866,4426.49655,6285.28067,6799.5432,2315.40586,15395.38212,5139.54446,4036.6782,8089.38342,,426.04002,,770.85512,517.7095,,,6996.32535,31605.58737,,54975.6054,,,,2049.236764,,956.384,284.376,319.058,592.677,975.32,944.869,1404.83,,,,7087.3868,,13175.94579,,4380.987732,2553.090832,1669.121717,46979.46454,,10592.04354,,,456.5773691,286.2739735,,742.1129839,,,,,,5962.1487,997.3152,,6270.213947,,,,,5016.180599,5824.6384,,,,,21586.3428,,,
1957,,,1294.0681,,,429800.0,5430.652914,3663.279028,,,,10186.7536,1223.945315,,,,,,,720.1655342,910.18,873.36319,1250.31074,,,,25290.0,673454.4,,,26634.67903,,16655.21037,4975.8867,,11294.58421,4863.10851,8108.80812,2907.76681,3845.69985,14204.04615,5037.4443,3997.242,8732.48541,,1294.99539,,183.13568,1744.95672,,,7346.833,35684.61575,,57160.56405,,,,5744.292485,,999.336,278.358,282.46,633.312,363.229,1311.243,583.45,,,,3755.2032,,13823.18928,,4173.950138,3912.459801,4679.964597,54432.02079,,16427.56836,,,1429.973622,425.7925626,,742.90723005,,,,,,6176.0448,497.193,,8586.961305,,,,,3205.420254,2577.5631,,,,,12290.60646,,,
1956,,,947.4087,,,524500.0,3778.010883,3808.446303,,,,14600.8032,1295.821899,,,,,,,774.6877248,962.2,1916.57918,1464.14154,,,,,229337.6,,,44837.52086,,16341.25845,6877.5588,,11805.74288,14357.4445,7710.4764,7589.3202,6139.03884,9513.0359,8100.603,10620.11775,17042.824,,1039.24016,,450.447,174.42,,,,118566.4754,,85243.725,,,,828.540752,,380.38,399.024,397.039,549.126,902.467,586.339,494.9,,,,12389.0818,,14880.65746,,4691.513485,2360.272211,2028.486167,120324.665,,33049.97336,,,202.7034724,187.9709978,,1011.58741055,,,,,,12105.7629,1559.2095,,6908.098185,,,,,7881.963757,4578.855,,,,,22907.27208,,,
1955,,,1180.701,,,808300.0,5049.168916,8813.075471,,,259831.1142,13551.12,917.6342423,,,,,,,1026.908358,514.352,1568.587,871.42122,,,,44150.0,145252.8,,,45646.32196,,6022.071776,5702.571,,12099.7794,7142.97987,2791.36935,6550.16535,8693.26794,8363.63,5849.5645,6292.62989,14959.40612,,1114.7957,,524.31792,1043.68073,,,,79226.48944,,54708.324250000005,,,,6968.823855,,836.836,540.328,546.621,512.325,823.731,487.734,576.8,,,,6270.628,,17283.85769,,9967.457231,3654.141441,4193.525847,68121.35151,,12855.82071,,,655.1845114,707.0883624,,1221.76260665,,,,,,4219.6525,1663.6914,,6800.667485,,,,,18083.26079,3561.2325,,,,,28367.3907,,,
1954,,,779.9085,,,785400.0,6095.629545,2431.950442,,,230415.0051,10590.2214,895.761634,,,,,,,870.9912059,532.372,815.61291,1409.69202,,,,26880.0,344823.8,,,24962.14109,,8613.972461,3295.7008,,15230.6364,5273.21494,10112.84812,7676.43597,3296.7244,6426.64775,3707.154,5566.99,6374.269,,962.371,,1355.52942,286.13488,,,,41170.40466,,32681.319000000003,,,,1212.698465,,1291.732,525.266,462.144,572.886,520.96,886.446,2035.04,,,,5924.352,,14602.23639,,9001.590588,3203.73848,4931.363724,62049.27151,,42441.10233,,,537.1042844,538.9526806,,1275.358315,,,,,,5166.8505,2097.6708,,8091.294525,,,,,3906.026484,3391.7364,,,,,25424.43948,,,
1953,,,387.7715,,,203400.0,4222.245853,2136.942954,,,217329.7513,13136.8956,1050.319222,,,,,,,860.1963478,759.56,2011.647,2629.60368,,,,36080.0,105706.5,,,15812.39877,,8146.004978,5476.60449,,10466.29956,6338.6092,8246.6915,7359.45151,4543.99834,11139.35878,5567.37057,5200.64986,7893.0072,,1430.17407,,586.41099,640.59436,,,,33186.18239,,61439.82,,,,2357.173083,,1952.704,469.88,661.055,782.028,855.588,842.416,261.66,,,,5068.0864,,3293.320618,,7429.48522,10069.43828,2224.094623,40097.90755,,22768.53631,,,986.3698817,992.7347595,,1264.3465540000002,,,,,,7460.5989,1377.5125,,5675.788125,,,,,9716.806515,4213.8775,,,,,28159.9197,,,
1952,,,895.967,,,334100.0,3833.504255,2368.235841,,,406526.9473,7713.6145,1455.15747,,,,,,,1077.005719,1054.952,1231.21204,1972.0461,,,,16090.0,213362.5,,,39930.17501,,12965.52852,5350.65463,,11700.59,14695.89968,9654.53776,9708.87125,5380.35222,8871.93636,5927.23824,6050.95343,6423.8185,,870.92775,,723.894,1730.71866,,,,58835.16966,,68413.2495,,,,1228.609947,,995.436,377.026,785.465,861.435,755.429,722.795,580.02,,,,7826.44,,6707.041102,,8361.921293,3241.998837,744.4468815,52519.29899,,6266.430641,,,1128.844964,270.4729193,,1350.92109805,,,,,,4972.0638,866.565,,11993.89376,,,,,6779.331244,3534.5808,,,,,11106.11898,,,
1951,,,486.4234,,,619100.0,8968.073324,,,,152171.4439,14343.4177,918.3357143,,,,,,,1214.349575,1239.232,3495.1728,2319.8373,,,,44550.0,221743.2,,,33172.24644,,32977.00535,7048.304,,16138.3716,6491.863,12207.79095,8444.63958,10216.7775,28432.47054,4959.48955,6615.91448,13988.77235,,711.25614,,766.96264,1481.6705,,,,76808.51482,,36870.1515,,,,4716.808804,,1746.368,231.54,780.013,739.044,816.59,520.775,586.18,,,,7420.2126,,5451.555817,,6547.157324,2683.014841,2428.12836,58931.57286,,11293.89673,,,495.705359,974.6364024,,898.99395195,,,,,,5379.6925,1215.396,,8896.243324,,,,,5989.017854,6579.0792,,,,,36796.93248,,,
1950,,,604.5877,,,320900.0,4575.489953,,,,134424.7535,23062.524,1363.674188,,,,,,,938.511909,364.82,2502.74112,1659.36804,,,,25220.0,104979.6,,,38327.46488,,7309.773655,6906.8426,,13778.67036,13806.62,15666.43563,6123.42351,8457.65064,14918.54474,10106.02148,6121.19352,10189.795,,3007.62,,781.12888,1587.95097,,,,45999.07755,,37940.1041,,,,2497.296623,,1935.128,73.27,636.26,638.847,696.747,238.28,416.22,,,,13463.9488,,9557.492543,,11188.54217,3318.8781,1801.239669,68559.37314,,19768.06216,,,827.7504617,1629.582503,612.9,895.7637303500001,,,,,,7662.41,979.608,,4482.63659,,,,,11774.05237,12164.7757,,,,,31884.40684,,,
1949,,,419.546,,,353100.0,6602.78202,,,,117491.7087,7448.9625,975.4231832,,,,,,,1139.813076,1024.284,1836.88648,2473.60534,,,,17220.0,196182.4,,,18403.62366,,14024.31126,6625.86336,,3934.9461,6910.36024,3061.814,4603.24,6585.08142,7518.1719,6064.16,4236.53723,11676.89012,,721.6365,,609.98065,1625.30222,,,,16808.5549,,37810.8302,,,,2978.592019,,329.836,20.944,532.179,718.173,685.203,319.384,910.91,,,,3720.6393,,9781.783563,,6496.829245,2432.037263,1645.093177,27977.18677,,9682.975332,,,947.8651189,917.9664474,611.1,740.9874994500001,,,,,,4117.5568,1695.0645,,12711.32466,,,,,3985.716567,2560.7114,,,,,14337.02116,,,
1948,,,661.44,,,127800.0,4999.890424,,,,,7674.138,1663.44969,,,,,,,1272.164182,1092.352,1002.07572,1003.11288,,,,33920.0,52157.2,,,14498.15428,,42815.02299,5868.88399,,7806.43924,4221.08694,3358.4562,4985.94931,4333.68982,9913.3125,4768.79296,11440.31616,7734.762,,481.388,,204.46118,583.76526,,,,26587.113,,67368.04879999999,,,,1435.775748,,525.2,36.55,801.183,887.544,1030.894,689.458,1245.23,,,,7801.1676,,10899.71263,,3214.463366,4133.021117,5531.904774,26237.84891,,32400.61162,,,192.5383807,1168.721827,698.6,1223.4361324000001,,,,,,2272.0743,1362.4875,,5972.396767,,,,,3517.738722,2441.03,,,,,11891.28006,,,
1947,,,1107.78,,,232400.0,7432.271562,,,,,11260.4041,770.8000721,,,,,,,1200.535177,841.432,1240.92408,1037.2806,,,,26070.0,73382.4,,,28116.12008,,21769.33172,6189.254,,8879.4657,3687.67134,4552.70662,7729.88232,5583.34272,10402.11,7022.37834,5418.625,10317.33631,,1079.75165,,224.706,1019.9021,,,,49919.76078,,44292.264800000004,,,,744.9447713,,1097.512,677.45,789.148,943.218,943.611,387.612,1151.85,,,,5987.394,,19883.21582,,4219.157734,4452.577924,2708.948214,40343.5695,,10512.64681,,,1212.670359,2603.529987,352.4,1105.55422035,,,,,,5234.2575,2341.38138,,8090.296544,,,,,3890.251257,2566.3048,,,,,14667.6453,,,
1946,,,1017.9939,,,181700.0,3799.808325,,,,,10678.7106,793.451963,,,,,,,769.9475217,474.776,1260.52773,639.95688,,,,41850.0,154391.2,,,26031.36994,,9174.393806,6440.299,,10383.01588,5657.94612,3956.2402,5956.8036,12289.732,11540.01904,4272.94546,2574.78495,13379.81463,,1360.5745,,790.64874,666.76213,,,,102871.9977,,23853.600250000003,,,,2643.145991,,1711.112,454.274,677.092,761.643,1277.055,694.046,598.08,,,,6048.5042,,9721.827148,,3999.881801,1769.551518,1793.47896,38858.89498,,8736.796872,,,738.1930923,749.5267774,543.8,1595.8680985,,,,,,6184.53,521.9136,,11843.87288,,,,,4330.56497,4738.608,,,,,10758.10824,,,
1945,,,646.8336,,,263200.0,12821.72373,,,,,5473.2042,761.3812935,,,,,,,706.7472475,446.896,1317.87697,2029.9819,,,,26210.0,249814.5,,,9815.459167,,6690.669988,4875.73461,,6513.06187,6002.39497,11282.49792,5272.25062,7414.99525,3864.05894,2879.71775,2438.38106,21055.94214,,1493.35284,,573.1008,1314.36928,,,,21345.708,,38718.726,,,,2294.894487,,891.748,447.712,708.093,538.677,952.01,1264.216,430.29,,,,4299.3306,,9039.254716,,9300.693035,3786.258794,879.488544,17204.74322,,9536.320962,,,760.763754,1205.372836,1396.9,917.84540035,,,,,,5798.1196,1815.5745,,11955.0695,,,,,4361.368078,1779.624,,,,,27033.25482,,,
1944,,,882.4658,,,119200.0,22698.98908,,,,,6846.1234,1342.306872,,,,,,,1378.821211,1130.704,2311.35486,980.91869,,,,30530.0,,,,14547.58631,,31024.25461,4590.44373,,8114.061,5890.84075,9915.20188,5090.31162,15249.13072,8114.75698,3464.00535,2459.81796,7399.12628,,951.192,,627.3309,737.45074,,,,28167.1214,,50283.961,,,,1881.630712,,697.32,617.746,536.964,476.118,511.821,906.241,295.54,,,,4448.43,,11178.318,,1894.421701,2611.433575,1717.57664,29484.50486,,12588.38713,,,1382.401162,1273.955227,1010.1,737.282085,,,,,,4526.4929,1824.1425,,32301.89783,,,,,3914.127655,3881.8333,,,,,26977.13172,,,
1943,,,737.6859,,,1307800.0,3396.381787,,,,,13684.5312,1456.036242,,,,,,,1728.758284,1441.056,1121.19777,740.92732,,,,24060.0,322176.4,,,34541.33086,,22155.60371,9002.4066,,10145.2494,10461.88465,4120.74288,7003.363,24919.3952,7774.95119,8505.04395,14164.48878,18548.55288,,1828.74174,,433.05808,903.60724,,,,59376.29796,,47507.77625,,,,1703.121313,,850.616,840.276,489.868,539.325,670.366,598.216,303.73,,,,8356.1408,,26557.68697,,5399.015096,2510.025878,3761.024733,42270.99172,,18990.828,,,646.6345522,470.0975474,577.2,1156.925569,,,,,,13365.432,1872.4776,,2094.491774,,,,,3075.008488,4167.1168,,,,,16643.90112,,,
1942,,,1005.1658,,,126100.0,1196.543368,,,,,4427.0061,2436.80709,,,,,,,910.9274654,1968.328,2602.85571,1542.14184,,,,33880.0,44177.4,,,27887.77645,,17339.14309,6770.92284,,5540.18452,7740.12159,3055.728,6054.53696,2063.18861,9397.47627,4805.54781,4531.50714,14856.50692,,1924.86544,,302.97561,1082.24747,,,5226.47451,106220.2752,,44822.946299999996,,,,4676.200034,,594.36,678.402,605.723,559.035,1061.456,1111.554,563.43,,,,4016.1948,,3642.689042,,5357.012971,1134.307581,4569.118238,37313.0586,,13971.61927,,,904.0942222,863.9801185,126.4,1248.7792725,,,,,,7687.7391,1027.89,,5115.484978,,,,,3268.415803,4387.41,,,,,16980.75126,,,
1941,,,1904.628,,,166400.0,1102.447871,,,,,5004.7527,1905.645635,,,,,,,1211.315484,678.64,946.2438,5175.2337,,,,27760.0,38684.3,,,17234.02042,,17831.54834,4160.34899,,8795.89974,3243.065,3036.44242,4199.86047,4857.75641,7261.7685,2772.85545,3693.83718,6954.44538,,1025.89298,,787.43568,1035.48115,,,14558.0979,22227.15888,,31818.143450000003,,,,9469.311708,,910.364,470.288,574.287,415.827,852.443,749.879,1121.19,,,,4834.636,,13889.09143,,4700.269607,4373.48406,2034.324396,29396.95173,,26391.60282,,,1431.346652,1446.971805,322.1,426.18022840000003,,,,,,6573.6752,1505.952,,15004.98401,,,,,2419.182511,4542.109,,,,,8710.59398,,,
1940,,,1014.1236,,,90900.0,3766.791198,,,,,13740.3078,812.7641021,,,,,,,1341.667168,1513.68,262.938,1079.97098,,,,33390.0,76028.5,,,35204.02541,,38378.80449,4302.0474,,7478.92731,6746.02344,2834.2032,9523.36684,4068.30692,9009.9945,10554.54316,5888.59464,15463.09186,,1177.81728,,745.3773,576.25475,,,6504.744,49737.37629,,39722.22355,,,,3793.838299,,665.756,437.92,389.006,420.66,956.857,734.08,949.55,,,,6863.4678,,18329.18586,,7318.167073,3486.75522,2570.647959,40898.47742,,24334.47117,,,805.9537728,1408.341307,1451.4,511.42636085000004,,,,,,3312.384,1363.608,,6700.338319,,,,,2346.859913,2664.8832,,,,,8465.76126,,,
1939,,,640.1625,,,76800.0,3664.989504,,,,,19478.9636,873.3971011,,,,,,,898.857838,1054.748,3355.21445,247.31582,,,,29310.0,48922.0,,,24217.84417,,34806.83327,2818.08567,,6932.59422,5404.42695,4545.5052,10246.8696,1974.69144,13849.65375,5229.39347,5208.90776,15669.98832,,1430.48176,,1222.2756,497.2968,,,4946.12118,46348.52176,,67671.4396,,,,2359.313572,,625.56,505.138,327.642,612.792,1119.065,531.098,2917.46,,,,7112.1699,,12038.50888,,2042.902857,2318.402617,2325.137976,37594.19393,,26657.59959,,,1081.379908,690.2600375,822.4,1069.3447599,,,,,,7119.2495,1228.275,,9453.303637,,,,,4773.586095,4367.778,,,,,16838.24736,,,
1938,,,669.3519,,,113000.0,,,,,,18298.968,844.8848055,,,,,,,1228.35155,1232.364,2156.32943,684.3316,,,,40940.0,130199.4,,,18834.04239,,62892.33409,6744.42496,,13925.0573,6092.8252,3432.00744,8139.38128,5379.36264,9132.8396,3933.52632,4159.0612,9158.0276,,561.55476,,911.88744,760.00625,,,4789.1856,54330.27076,,70881.8661,,,,5071.864888,,568.88,516.8,382.481,655.749,1130.979,154.179,,,,,4373.6437,,8745.216125,,4512.54708,1400.779303,1663.54135,38798.56342,,30901.88927,,,1858.08187,2478.39688,730.2,877.4901544,,,,,,6072.704,1093.03506,,8104.659402,,,,,5743.224055,4484.8909,,,,,15340.25262,,,
1937,,,301.8378,,,511500.0,,,,,,13270.4259,1701.739749,,,,,,,1621.559741,583.916,2776.57776,552.8308,,,,30270.0,202968.0,,,29329.12015,,17431.12048,4680.95408,,11662.26327,5376.59051,7285.67514,8115.84768,5232.75732,9391.86624,4348.99102,4648.05628,8614.02666,,1559.22219,,270.78995,376.992,,,9418.2228,49657.23799,,77512.8882,,,,4353.305282,,1511.796,508.368,548.68,619.515,405.224,616.79,,,,,4811.7965,,3930.791887,,9096.404575,5006.466522,3597.475723,43075.40212,,13663.53047,,,618.4286467,1304.115812,1916.7,520.517573,,,,,,7583.5224,4993.2315,,6611.868674,,,,,4878.185548,327.6595,,,,,10510.16274,,,
1936,47138.06275,,1958.4567,,,301300.0,,,,,,8625.2712,751.4043501,,,,,,,951.9421616,316.676,2598.68375,649.87328,,,,23170.0,95305.6,,,31857.12829,,16136.76334,5725.2128,,12799.28897,6082.21824,4089.10848,5406.8109,3927.04098,7492.1073,8507.66952,5606.74953,11792.0502,,908.48,,446.70197,422.78112,,,12138.368,88460.92396,,79629.08540000001,,,,11612.51185,,1069.068,649.4,1276.696,558.819,1009.878,2227.992,,,,,6522.1625,,6459.045093,,10018.87573,3640.875921,5142.498977,59581.26685,,11754.0006,,,927.5989177,431.5119962,3085.0,752.748828,,,,,,5166.0855,2761.1145,,4999.960995,,,,,4741.94297,5826.348,,,,,17611.32648,,,
1935,,,1134.9965,,,130700.0,,,,,,9767.4004,2002.039176,,,,,,,973.4548781,1077.936,2350.092,799.9019,,,,44170.0,68331.6,,,14846.22213,,12885.90078,5245.2544,,9010.85639,7893.58705,8444.32281,8579.02185,9896.9988,6474.58515,5551.82566,3027.7452,5923.49428,,974.23328,,304.785,431.618,,,10182.89272,37940.04638,,45175.8,,,,7811.771975,,709.644,585.378,1320.225,556.524,1078.291,1516.519,1237.32,,,,10686.1898,,16401.77405,,7995.696863,2754.614679,1025.25419,26233.98334,,7579.612001,,,373.8373812,756.5450431,679.9,859.0989360000001,,,,,,6311.4042,927.5175,,6433.875962,,,,,5242.793465,3609.5986,,,,,5554.2212,,,
1934,,,710.0108,,,511200.0,,,,,,23606.9124,718.481414,,,,,,,584.3091578,595.544,2242.65366,358.0659,,,,43590.0,172720.0,,,29976.77425,,,4705.42464,,10722.30131,5047.82488,4128.432,5934.06352,3856.46366,10731.59232,4652.9157,4496.5233,10766.4271,,1529.4717,,731.22708,1534.5,,,11651.8116,51040.43173,,52761.1329,,,,2301.448236,,760.136,503.506,1395.857,576.099,514.226,540.607,371.42,,,,6576.1647,,8383.94524,,4470.317326,4232.37444,3586.520956,50569.92091,,54213.11987,,,1439.159079,498.2032635,911.6,797.7936496,,,,,,7230.7264,1300.563,,4975.755667,,,,,12793.99643,4199.1525,,,,,20351.60512,,,
1933,,,391.3559,,,162700.0,,,,,,8633.9056,1354.058053,,,,,,,578.927531,358.768,1054.27845,1367.7975,,,,16680.0,113617.8,,,19169.72553,,,3995.3963,,5134.2368,6500.4169,4086.045,7435.4616,6807.65893,10997.49473,4131.933,5423.9045,10215.09949,,1963.66632,,920.15694,1099.1493,,,9839.896,36509.81658,,84224.8704,,,,2914.756923,,933.036,744.77,691.969,764.289,662.855,579.42,457.45,,,,12365.776,,13479.96602,,9705.606975,3879.829599,1972.746082,30225.54042,,22312.75388,,,899.8656843,486.9666737,633.2,721.6868461500001,,,,,,4135.5908,1429.70184,,4588.174438,,,,,3631.676788,2626.449,,,,,11201.3176,,,
1932,,,1174.887,,,233500.0,,,,,,12365.1336,993.304818,,,,,,,1382.828609,774.996,2121.8522,943.38916,,,,27800.0,168823.6,,,16387.64369,,,3962.0931,,5905.85216,4041.753,2087.4,12844.21825,6089.9703,10814.23862,5317.2504,6226.71,10371.36215,,822.078,,508.85952,498.732,,,7237.96752,44954.68421,,50853.9864,,,,2619.607486,,203.008,649.944,347.565,760.59,1042.142,745.994,1043.28,,,,9588.3164,,14842.49813,,3779.249419,4295.662122,1029.739973,46825.54425,,1677.031447,,,751.0972037,780.9749786,896.0,901.1539568999999,,,,,,7690.98,953.532,,22717.50451,,,,,3324.242049,3278.1112,,,,,14861.26048,,,
1931,,,758.352,,,553200.0,,,,,,13344.6362,3467.440976,,,,,,,2969.916423,643.008,3752.2145,829.50989,,,,32260.0,83589.3,,,36193.97246,,,4027.44377,,8261.03304,3228.19032,3068.9256,7561.01336,5127.0125,10885.4532,7419.8944,5172.51072,10352.96,,1512.22976,,1243.0089,705.66864,,,7926.7049,55224.11495,,31943.237,,,,8939.628237,,972.816,534.548,547.926,498.771,1210.307,477.189,920.64,,,,4688.6125,,22877.10834,,5296.520353,1669.736889,2459.244827,62859.12201,,7536.050584,,,810.3390317,792.6819218,732.4,1171.8464640500001,,,,,,4019.5378,3783.02886,,7014.82004,,,,,5698.955742,4764.3859,,,,,17557.74482,,,
1930,,,1229.6338,,,110100.0,,,,,,5919.6552,1013.344626,,,,,,,886.3836215,1234.336,1312.54659,300.56991,,,,17340.0,212521.0,,,24682.11663,,,3480.82,,8773.64672,5939.30256,2270.36397,7554.09375,6850.56372,14109.18036,4423.45859,3255.231,5809.60125,,736.6065,,652.2834,1194.78214,,,4746.37,94049.28514,,53713.275,,,,5016.99978,,1986.868,474.64,545.142,736.641,1965.292,914.677,586.74,,,,4826.5272,,12157.09891,,4853.579158,2798.15634,1129.704218,23858.61799,,10510.20312,,,806.5740561,1194.303881,1551.4,920.3025875000001,,,,,,5879.477,1778.76,,6400.061638,,,,,3300.031233,5331.4809,,,,,11031.85116,,,
1929,,,754.8875,,,194600.0,,,,,,5434.1542,1744.064651,,,,,,,436.9554451,3372.324,4090.58496,2320.50735,,,,23180.0,72459.9,,,17117.49421,,,2039.5648,,6327.99966,3110.38988,7259.44,4726.1292,2274.026,9561.005,3852.08208,6981.63268,18692.4384,,878.163,,421.00836,573.097,,,8301.57871,24987.32336,,49791.1814,,,,3234.651617,,496.86,613.972,791.207,602.046,1541.05,1227.512,669.2,,,,6737.386,,20420.84696,,2526.645875,3039.522293,2401.657991,40827.11557,,14671.94994,,,738.5050562,3498.731697,691.5,648.8716378500001,,,,,,4069.736,1019.358,,7943.02259,,,,,4553.566554,5810.2973,,,,,16861.76624,,,
1928,,,918.4116,,,167900.0,,,,,,11041.2102,1403.176567,,,,,,,1561.673826,1167.764,790.5195,1301.54982,,,,25210.0,147507.3,,,16496.131,,,4698.14375,,4944.19031,2053.00772,3319.83055,4662.46312,3087.56808,10265.24386,6224.91703,3074.38656,7625.1376,,1041.1065,,486.93086,239.98901,,,6754.6885,17568.35513,,25884.3357,,,,2298.561302,,1072.188,651.1,884.123,724.734,751.396,818.736,938.42,,,,5309.172,,4449.36306,,5452.014472,3876.558431,1753.31296,48018.44064,,24273.40002,,,687.2809198,797.23441,978.0,433.8550409,,,,,,4188.4048,1174.88958,,14075.17663,,,,,4340.089631,3432.3975,,,,,18548.42132,,,
1927,,,749.91,,,274600.0,,,,,,7855.7584,1396.213042,,,,,,,1482.911721,2280.312,850.22426,1388.36786,,,,25600.0,33916.7,,,18981.39987,,,4988.33936,,7870.30176,9253.284,3241.674,5153.24836,4865.47656,6752.88027,6067.49504,3408.9174,8234.196,,1004.64,,415.3588,807.92217,,,6051.632,25743.88074,,39809.4306,,,,3069.927252,,997.568,517.786,465.392,867.726,477.3,1092.055,1016.61,,,,4738.3864,,10508.56281,,9977.890278,2753.89907,957.5469189,40417.04534,,45044.93696,,,738.2895396,1262.064637,725.1,682.47445515,,,,,,6761.8065,3592.87425,,10578.40355,,,,,4792.462653,3898.6168,,,,,17562.721,,,
1926,,,376.9029,,,175300.0,,,,,,13867.4052,884.5627868,,,,,,,909.6793631,792.948,1568.05924,610.82758,,,,37440.0,168439.0,,,23372.66415,,,2766.687,,7470.80754,6405.0584,5451.09725,9143.74526,3916.76406,10617.881,4609.03496,6833.6337,10244.15988,,629.909,,1534.08424,524.91831,,,9464.70912,38230.85192,,54418.598,,,,1535.073153,,1458.496,844.594,334.921,535.518,238.872,873.94,1396.57,,,,6264.4483,,6553.639517,,5537.414375,1858.636035,3199.131936,48876.07775,,9327.421299,,,976.6437514,1024.704166,456.3,588.09054325,,,,,,7437.3795,3544.4025,,18288.82875,,,,,3787.047256,4426.235,,,,,29844.1671,,,
1925,,,724.0779,,,175200.0,,,,,,11655.4244,1181.384542,,,,,,,698.7152147,903.856,1337.34912,825.285,,,,25330.0,43187.7,,,35154.60036,,,5319.86067,,10888.6986,9057.99202,4828.8448,6602.3909,7957.83912,8647.35542,3931.42,6898.2192,11470.24677,,662.0796,,856.82616,1766.45,,,5477.81685,23552.52723,,48252.712,,,,2550.825431,,816.764,985.15,415.222,311.175,681.503,1128.278,2813.86,,,,7726.2906,,12719.66112,,4284.784162,892.083456,3141.556663,41890.49475,,8151.16028,,,1285.347798,610.7461874,557.4,562.7409235499999,,,,,,4792.6318,1142.223,,12663.71623,,,,,4489.889282,3878.6976,,,,,36836.18752,,,
1924,,,256.1638,,,309800.0,,,,,,10039.733,677.3220556,,,,,,,1372.498572,585.072,2627.13295,583.92486,,,,31980.0,100009.5,,,29115.83165,,,4636.632,,10631.07444,7096.76819,1811.9375,4826.569,7636.20936,6126.0594,5492.877,3831.34108,10574.93238,,2562.07068,,761.29424,1663.56429,,,4311.09182,43604.1266,,50610.028,,,,3309.507084,,706.576,896.206,617.12,446.769,1127.575,923.15,762.93,,,,2795.3268,,9416.08566,,2176.633828,2840.08032,1426.943272,37460.48327,,7902.187403,,,289.3702488,362.7279818,1343.9,835.594709,,,,,,5078.944,404.92629,,32210.80278,,,,,2134.049102,3919.7277,,,,,29020.2297,,,
1923,,,397.9064,,,345000.0,,,,,,9571.38,1270.525823,,,,,,,802.2511628,629.068,728.15002,461.65125,,,,20040.0,175375.2,,,22924.2842,,,7507.73925,,8706.19638,8160.0455,3247.74375,6223.9459,11377.18766,7068.65874,4225.80748,8118.8767,14818.5109,,1082.19662,,660.70585,522.19356,,,8410.58771,42819.59977,,72708.75,,,,4517.231484,,1177.28,708.22,705.077,407.862,585.71,635.993,537.25,,,,6394.9608,,12410.08843,,4944.294123,2523.756,3595.541561,39011.60805,,4023.404244,,,1327.473042,1024.280558,1026.6,674.93902655,,,,,,4091.2498,1465.641,,23161.41521,,,,,4263.660752,7059.6944,,,,,11787.99248,,,
1922,,,1274.058,,,622800.0,,,,,,6854.9444,1274.55564,,,,,,,842.910995,1250.86,639.31536,1636.66285,,,,40790.0,45897.8,,,24858.22916,,,6524.1496,,7355.94797,5446.563,6718.02,13753.98528,3468.44802,11033.87505,4691.00312,6068.61198,8169.67917,,1140.5016,,831.48833,996.89431,,,5056.29292,48038.33643,,67568.664,,,,4982.296778,,711.1,734.196,406.058,293.895,256.891,619.121,639.8,,,,5951.5137,,19521.70001,,3468.526871,5045.5548,941.7774,46758.25209,,28597.6998,,,457.3804449,425.4900448,899.5,975.6236891,,,,,,5972.3976,434.24025,,16927.90653,,,,,4556.758717,4655.343,,,,,34447.1996,,,
1921,,,729.1708,,,392000.0,,,,,,18972.8955,421.0214646,,,,,,,845.515821,518.84,1472.3358,1467.29149,,,,55890.0,118375.2,,,25495.96162,,,4619.6928,,10170.22868,8471.13115,8116.20625,3012.95808,5183.07738,7622.9424,4746.85299,5370.95952,26300.09818,,1340.928,,722.9646,510.20802,,,10671.826,45109.06026,,42646.6,,,,3933.351873,,553.28,696.048,296.67,627.534,99.493,292.3,777.14,,,,18145.443,,18576.30311,,10218.42585,,2713.711975,59754.63656,,30714.28689,,,831.5576685,897.7714621,821.1,863.13360225,,,,,,13127.2218,1699.8255,,13012.40788,,,,,5572.762464,9657.8776,,,,,13658.94948,,,
1920,39864.56646,,193.887,,,87200.0,,,,,,11582.627,1010.700755,,,,,,,361.425968,370.532,3749.01296,1598.9259,,,,36940.0,79321.8,,,19712.78161,,,7679.54,,9286.1182,6434.79935,6694.92775,7414.00464,5032.70901,8727.1275,4961.30432,2700.18801,8178.46106,,559.74437,,559.62864,701.6886,,,7321.8405,38076.39603,,56725.82,,,,3734.150783,,715.104,531.216,618.831,755.379,541.014,249.935,792.33,,,,7398.3498,,11424.36639,,8351.398008,,2407.32687,59016.77793,,24849.24917,,,725.8466148,652.3825696,1868.2,660.0620678,,,,,,4541.0526,886.186125,,8989.489884,,,,,4440.005045,3972.3306,,,,,6764.15256,,,
1919,,,223.0774,,,231200.0,,,,,,15466.3348,1762.276281,,,,,,,1055.210502,646.952,956.571,2197.7452,,,,34620.0,202466.6,,,27325.27577,,,4405.4752,,9696.19615,4343.1948,2691.676,7456.85774,7561.56162,12565.70415,4187.04786,7203.37904,10267.92396,,419.08902,,604.012,704.0475,,,2890.935,27197.1354,,32148.48,,,,5255.076713,,563.42,545.394,786.045,610.524,761.904,823.953,723.73,,,,7100.298,,23266.75724,,4592.99304,,1222.452897,57098.16137,,17714.6973,,,695.541313,442.3070179,1036.5,787.42686,,,,,,3864.646,936.60975,,28217.31174,,,,,7787.075832,3128.8068,,,,,16889.246,,,
1918,,,228.8598,,,227100.0,,,,,,7415.391,2993.151264,,,,,,,1029.307986,636.276,1941.1608,1050.487,,,,33360.0,,,,24423.80179,,,4951.4304,,9942.49254,6298.64913,3365.0804,7645.38876,7058.17948,9301.1379,7400.2308,4253.71521,10053.22338,,2770.9264,,866.1959,1451.49672,,,4396.288,31205.40244,,56754.8,,,,2926.690787,,1346.852,486.778,306.588,663.525,1875.234,645.983,413.28,,,,8175.18,,8078.169773,,3561.308213,,3288.20759,76883.00171,,15097.04069,,,964.6146404,359.0403072,1374.8,764.2646671,,,,,,3611.8804,2028.198375,,7678.507547,,,,,3665.695659,4729.9,,,,,23101.20032,,,
1917,,,1113.0153,,,1100600.0,,,,,,12606.4728,3545.350922,,,,,,,1647.554732,1004.7,1294.75008,274.2768,,,,19170.0,207471.4,,,56574.6972,,,9531.15824,,12892.11722,7666.52172,8915.37813,8409.5492,2875.34979,12723.44736,4324.43705,5041.51214,15224.40576,,1115.0244,,504.41298,499.6845,,,5722.20451,94544.35233,,50314.248,,,,4124.236589,,1496.924,460.598,431.491,1020.222,1385.687,809.486,965.79,,,,,,20661.6266,,7062.249089,,1807.6344,95467.43128,,14028.04848,,,893.9298192,752.0794476,832.9,666.23523945,,,,,,6411.391,1292.98959,,5885.838305,,,,,5780.70627,2941.9146,,,,,25701.1887,,,
1916,,,2485.4184,,,157700.0,,,,,,12005.263,1463.225791,,,,,,,1357.923195,1576.308,3222.4806,774.74475,,,,35180.0,101213.4,,,18045.42951,,,9769.84144,,13250.3898,4688.21772,6339.6615,6437.54475,8924.42865,8011.2328,10376.99694,10283.7142,14845.17177,,665.77504,,724.00724,1380.31091,,,2067.0256,41256.04412,,70735.511,,,,4331.532758,,1839.5,594.218,587.946,932.769,2374.29,999.518,947.87,,,,,,10896.02877,,4909.700852,,3732.173016,90062.98346,,16093.27227,,,596.9928366,1145.365358,626.4,1090.068044,,,,,,8993.544,754.73325,,10085.59304,,,,,5104.961822,5926.0665,,,,,33335.31696,,,
1915,,,1307.2158,,,98200.0,,,,,,5033.96,1576.945151,,,,,,,1077.213397,580.992,1130.09336,1072.80116,,,,36230.0,157202.5,,,26698.92144,,,17459.8197,,8446.7768,5130.0205,4451.826,5318.4924,5049.36326,8972.82828,4951.82256,9466.82662,5034.59078,,1641.12935,,857.51496,425.47817,,,6650.262,26983.98058,,38227.84,,,,5450.457675,,1885.104,785.944,1158.173,790.02,2008.693,806.896,1357.16,,,,,,11306.4508,,7462.789627,,2078.45066,55895.73977,,18146.23619,,,935.0264945,578.9703434,878.4,743.54696805,,,,,,6269.094,944.46,,11190.34131,,,,,3377.393055,4334.2352,,,,,34001.8899,,,
1914,,,430.5248,,,466700.0,,,,,,13144.3775,1484.566056,,,,,,,1072.159123,1235.288,1003.38287,2124.29052,,,,43060.0,49384.5,,,29515.40353,,,6201.24298,,8213.586,7121.5082,4172.88795,4481.64144,5620.44652,9308.77938,17787.202,5006.05875,16993.504,,1450.90099,,490.7142,1185.36391,,,3975.248,39459.16631,,97119.363,,,,3459.274256,,1717.352,799.51,1263.791,1066.824,922.262,355.2,1527.82,,,,,,7302.119088,,4439.60838,,1507.1394,127451.2742,,21372.63005,,,984.6388899,732.410702,812.9,750.18629235,,,,,,3437.684,1081.2235,,9380.082018,,,,,6837.079708,4883.1,,,,,9674.42014,,,
1913,,,711.2925,,,387900.0,,,,,,6583.4856,1709.714942,,,,,,,2043.555459,2095.284,1510.06072,735.27806,,,,28920.0,74803.2,,,18038.35288,,,6894.36096,,10011.96812,7724.69904,2108.77524,5482.84374,8934.90794,11645.898,7552.21248,3760.83274,13623.43344,,2316.70776,,219.01364,855.07625,,,4561.22574,31868.62134,,129658.958,,,,2756.057875,,268.476,686.12,597.11,1016.658,854.404,259.629,1960.77,,,,,,8641.318142,,5953.05711,,4377.73375,43011.13998,,28174.05072,,,303.6179067,987.677765,1727.0,919.966356,,,,,,3392.7776,1274.385,,22331.28959,,,,,6681.502099,4567.4128,,,,,12525.42984,,,
1912,,,476.0782,,,262800.0,,,,,,10496.7984,2536.0953,,,,,,,1574.268571,1050.94,1613.05608,2190.0497,,,,36750.0,119624.4,,,16397.54922,,,6296.101,,12786.6519,5180.76,2746.97713,11314.63188,14464.14504,11312.00136,3445.16536,4927.49288,10248.1895,,773.08137,,417.37288,413.561,,,4734.82074,12835.41469,,55293.196,,,,1876.817375,,1205.464,617.406,589.715,925.749,1319.42,438.931,,,,,,,4879.373078,,7625.887003,,3871.626616,67781.98598,,9350.677054,,,977.0634569,1126.794511,892.1,816.3289984,,,,,,4343.751,2928.535035,,15915.47722,,,,,7716.431323,3534.6546,,,,,18269.71982,,,
1911,,,1204.878,,,731500.0,,,,,,10993.8011,2444.606514,,,,,,,1009.79877,1140.632,3455.33364,1712.64834,,,,44120.0,33382.9,,,40573.97837,,,5579.16471,,7014.742,4796.11106,7041.82888,6173.81248,5969.16264,2673.60534,6110.335,2597.6504,12241.86252,,2685.88729,,414.346,543.1755,,,4539.387,94265.63481,,115440.105,,,,4870.9725,,1540.812,611.014,840.768,1055.727,1562.954,409.775,354.27,,,,,,10240.91044,,7523.26278,,2244.27056,61393.46018,,28659.10613,,,1812.40779,607.13491,1332.5,738.7405578,,,,,,5033.6028,1993.572,,16085.60122,,,,,6483.709148,4270.3345,,,,,36015.47136,,,
1910,,,1052.8528,,,314200.0,,,,,,10957.509,1480.611127,,,,,,,702.6132853,911.948,1083.63123,758.4116,,,,22550.0,93566.2,,,16420.78946,,,4435.78612,,4420.0095,5616.28925,5020.59826,7613.46704,10523.85516,14905.78189,6848.65536,7664.88096,11732.52023,,855.37347,,,1096.4913,,,5486.58,35227.66167,,72486.294,,,,5582.879431,,863.928,600.678,986.783,772.875,1759.683,884.411,2228.17,,,,,,18931.10087,,1797.902911,,2899.53186,47884.54986,,38993.42809,,,893.96367,386.6257285,1131.2,973.0619106,,,,,,3623.3055,2194.45524,,16439.64365,,,,,5457.873609,3192.7564,,,,,12328.4656,,,
1909,,,1181.808,,,332100.0,,,,,,12732.084,1306.755306,,,,,,,1315.694844,1519.256,881.36412,995.2698,,,,24340.0,91108.8,,,35073.35109,,,2837.8194,,11642.7311,3605.49,5935.944,5970.94764,7202.39104,11066.52456,4422.23908,5326.6225,21594.44014,,891.91592,,,836.26624,,,8086.86307,52970.7684,,75685.824,,,,6671.301574,,738.14,570.316,804.257,675.486,1269.359,1643.688,1071.07,,,,,,11020.81706,,10445.41844,,2474.061576,76584.21301,,5081.078445,,,1473.971405,782.8957808,1324.5,1393.1240010000001,,,,,,6632.0236,961.956,,5434.068938,,,,,5752.082796,4875.159,,,,,35212.1341,,,
1908,,,1003.2416,,,427700.0,,,,,,8953.3949,3286.879116,,,,,,,974.4296899,2385.78,3549.0798,993.30696,,,,32340.0,178359.2,,,35199.02238,,,6891.65108,,11155.3494,4956.99918,5564.4705,2173.231,6529.17084,6444.18367,7746.01611,7337.24986,11593.60498,,725.61625,,,391.716,,,4684.31782,57413.37386,,97247.68,,,,4225.353499,,822.744,509.864,1041.825,206.685,1445.812,1724.829,826.49,,,,,,11459.33194,,3059.054047,,3455.616085,95348.17961,,25773.7542,,,472.511857,596.82838,2925.9,1018.9349788000001,,,,,,5282.6256,1643.4495,,11586.21676,,,,,5334.53452,5487.8184,,,,,10294.6558,,,
1907,,,846.963,,,597900.0,,,,,,9212.9906,2901.668321,,,,,,,2271.832779,1071.136,2032.51645,770.77209,,,,36830.0,58690.8,,,13273.90794,,,4494.6404,,10394.48736,3629.888,3979.33293,3539.64,7354.15824,7298.16005,3315.88586,4998.6618,5065.08254,,356.499,,,1117.41394,,,5735.90547,33827.1386,,44122.05,,,,4600.619887,,529.88,580.958,826.007,307.908,1467.235,1100.232,1033.06,,,,,,5271.766454,,4969.238639,,4314.569229,52750.88926,,11637.69303,,,1271.11177,628.4457446,1321.6,631.7112345,,,,,,4404.3736,936.2925,,11422.52311,,,,,5084.354759,3549.2888,,,,,22060.1964,,,
1906,,,492.8955,,,211700.0,,,,,,10686.0535,895.6207456,,,,,,,1506.812425,788.8,1771.8355,776.25291,,,,33820.0,220789.8,,,21286.97602,,,1802.03238,,5127.93288,3478.8375,6355.5816,9660.50698,2655.7344,9264.06666,3856.6282,3350.424,18516.3118,,2304.22475,,,937.3408,,,4300.05,32486.5735,,76481.072,,,,5247.127382,,1139.216,778.192,297.511,741.258,1016.168,478.336,1766.17,,,,,,8109.947605,,5618.384726,,2112.706176,59981.52811,,8320.464866,,,1025.918038,949.0490622,901.5,877.4628835000001,,,,,,3061.3076,2376.59125,,18681.09067,,,,,1130.071742,2836.951,,,,,22180.1085,,,
1905,,,396.0684,,,271100.0,,,,,150820.6314,19151.4775,3374.5303,,,,,,,1385.036391,864.008,4274.64154,2815.0912,,,,26280.0,158620.0,,,23791.88155,,,3278.2886,,15188.02355,5401.22193,5815.50297,3297.22294,6723.65673,9355.39968,3488.9001,6698.58825,30357.41172,,1009.45,,,1112.4409,,,8324.93168,21649.5302,,33152.131,,,,7953.43621,,397.904,951.388,347.71,939.168,620.49,1139.97,963.27,,,,,,7787.369711,,10483.56374,,4059.987561,66037.86677,,24375.39072,,,373.0187212,1904.970958,2419.9,1345.587317,,,,,,7044.7806,1898.613,,18353.4219,,,,,5069.679839,4507.7667,,,,,27224.5358,,,
1904,,,814.5907,,,492800.0,,,,,144072.6194,12008.7296,1609.216179,,,,,,,1543.049942,1154.436,3001.97664,610.18368,,,,9610.0,121495.5,,,19706.72223,,,16120.0732,,15346.09512,22309.12866,13075.524,10352.37152,16599.27256,8809.3245,9046.77365,9264.34519,18133.28419,,433.08945,,,1101.85951,,,6619.337,27168.24199,,48506.31,,,,4066.444854,,873.652,803.318,818.496,776.169,1132.163,1316.571,1510.32,,,,,,11067.24394,,7342.484147,,7384.885,69792.08716,,13558.39119,,,725.5919552,1191.162149,2000.1,974.4462735,,,,,,5278.866,597.132,,15494.07552,,,,,3684.295189,2868.3555,,,,,36247.77858,,,
1903,,,1833.7968,,,144100.0,,,,,101706.7301,12556.0512,1329.432756,,,,,,,1519.48765,1069.572,2394.972,951.21543,,,,12490.0,79245.8,,,37164.45905,,,7400.78973,,8770.60625,5128.2387,5929.58665,4977.79584,3268.7981,7266.06252,4815.46377,10845.34984,18138.5391,,2033.631,,,1034.93316,,,4850.9405,50402.34351,,87194.61,,,,5146.296722,,1244.412,557.124,922.664,664.362,842.897,1405.741,2079.07,,,,,,9236.445335,,5985.030138,,3296.1951,62126.21742,,5922.227807,,,1442.805113,1270.368146,1062.2,941.9567355500001,,,,,,6402.702,681.5205,,11714.69376,,,,,8691.782244,3361.2243,,,,,,,,
1902,,,1019.0246,,,490700.0,,,,,130519.8523,5536.968,2062.495137,,,,,,,1467.026972,995.86,881.1744,755.9994,,,,41670.0,171841.2,,,15050.34217,,,6424.20944,,9856.9442,6390.06313,5994.0912,5967.84468,7495.44072,12922.24494,9061.8359,7007.08635,9866.99325,,836.5035,,,790.9,,,6592.5628,13700.53543,,45224.256,,,,5719.816456,,986.232,377.536,390.514,723.573,1469.603,1253.227,1754.9,,,,,,3880.897058,,4565.143094,,,25703.20979,,10805.59148,,,1211.777477,765.7632612,1393.1,1104.0508475,,,,,,2733.3507,1043.497125,,14616.46626,,,,,5504.543425,5957.6505,,,,,,,,
1901,,,893.1315,,,202300.0,,,,,105746.3582,11916.783,1322.684635,,,,,,,741.2659079,452.268,1097.53336,1015.2171,,,,10930.0,81548.0,,,26708.80276,,,5414.50182,,6726.3712,4368.32264,8913.5235,6485.6428,5200.9626,11438.8442,3087.18028,3317.96316,14724.49393,,1299.5304,,,643.987,,,5462.9316,49973.68758,,38968.233,,,,6784.536699,,584.844,411.4,614.162,724.464,1379.323,976.43,530.95,,,,,,17368.72187,,3542.22454,,,63378.33656,,46928.73456,,,464.044099,1311.355144,1035.4,717.11623095,,,,,,2681.874,2100.22176,,6375.18024,,,,,2885.513602,,,,,,,,,
1900,,,1150.3548,,,291800.0,,,,,122933.556,10847.7739,1906.912418,,,,,,,1249.302828,1059.236,5276.09355,700.66595,,,,10150.0,252829.5,,,24592.00463,,,6765.11724,,8028.51541,4304.303,4675.91816,5408.2514,5701.83972,18724.21462,5102.7372,4059.16551,12738.51954,,210.9906,,,1410.08272,,,8734.2,31469.61398,,53048.741,,,,9562.968522,,571.844,671.5,1070.042,703.431,372.516,1154.585,371.28,,,,,,14523.34352,,3520.825788,,,108410.4035,,13578.03877,,,1488.25995,839.2314572,1086.2,958.4422663,,,,,,2807.9304,2063.09208,,6525.874644,,,,,4254.026249,3014.9145,,,,,,,,
1899,,,886.707,,,341400.0,,,,,130305.5057,15823.5687,2993.83054,,,,,,,1144.384638,1645.532,1392.84594,2304.95671,,,,10750.0,79380.0,,,15353.03643,,,7206.78459,,6728.99236,2860.33275,3100.10272,6306.8467,6472.14732,23736.5612,6139.35168,8726.8449,22038.4536,,1321.83491,,,,,,9308.03852,38957.75182,,64315.498,,,,37553.98282,,1140.048,816.442,1005.285,749.007,84.175,1191.289,573.65,,,,,,10814.55069,,7589.186292,,,64778.28493,,9018.24117,,,812.7340284,646.392941,1006.3,752.56244765,,,,,,3923.8914,867.58,,1591.728768,,,,,9131.189915,279.0344,,,,,,,,
1898,,,922.9716,,,189900.0,,,,,111576.2885,9261.5808,1009.222922,,,,,,,1534.066272,641.24,781.14561,1108.48191,,,,8270.0,131688.0,,,14290.06948,,,7722.86562,,8057.13677,2317.40873,4231.8556,7791.80762,3433.62285,10478.8548,5375.04804,5390.57199,4729.09752,,294.3616,,,,,,17566.75492,15896.57945,,53305.352,,,,13103.25147,,964.496,884.816,876.757,636.498,338.032,875.457,993.09,,,,,,7932.051985,,6373.663572,,,31589.23365,,3413.62049,,,1068.944862,1108.223022,851.4,875.012665,,,,,,2034.556,1324.89,,7086.411421,,,,,7488.92067,4158.2278,,,,,,,,
1897,,,1510.184,,,104100.0,,,,,133065.0905,4444.277,1622.895304,,,,,,,1140.764198,829.26,3281.1896,2471.69799,,,,30870.0,141487.2,,,9455.938739,,,2873.2925,,11173.50491,4800.06648,2262.825,6273.47732,6835.83288,20231.73936,2653.86191,2208.72396,23451.8583,,538.2,,,,,,6932.273,30441.44987,,34847.53,,,,2738.266981,,722.956,997.56,925.912,379.809,1778.738,512.524,2460.92,,,,,,17961.70232,,7689.1331,,,70506.53983,,14272.5602,,,595.0809164,1008.254739,840.7,398.37571119999996,,,,,,5625.7866,1509.886,,5533.478062,,,,,7835.501432,4983.2172,,,,,,,,
1896,,,572.7726,,,145900.0,,,,,143653.0505,11341.9865,2166.054065,,,,,,,2088.497478,2032.86,1445.9637,1410.866,,,,15000.0,64080.0,,,16120.16653,,,6691.19184,,11756.9984,7384.5828,6243.5976,4662.91969,15856.799,12066.27628,5160.99,7443.3163,18874.25553,,2463.1478,,,,,,6955.67358,44404.46076,,23276.0,,,,16836.47106,,2360.488,960.67,1109.917,790.182,1854.218,523.476,465.64,,,,,,15555.12707,,9664.733316,,,41645.3883,,32042.32442,,,627.7805534,642.5979851,827.8,903.1800906,,,,,,7738.7247,976.752,,19599.89442,,,,,4365.348332,9281.9223,,,,,,,,
1895,,,637.2261,,,341000.0,,,,,217053.3773,4359.9129,1012.736657,,,,,,,1636.272,1542.308,1222.79572,516.46778,,,,20110.0,170334.7,,,24827.57468,,,9174.5328,,5616.09802,7156.5184,4758.09192,2613.72468,6712.62984,16559.96,4862.655,4885.9277,21374.02834,,789.1338,,,,,,3522.929,13260.14612,,28197.54,,,,8406.881392,,2073.344,571.438,605.781,612.144,865.948,695.637,3430.28,,,,,,12762.63305,,3094.04566,,,30735.59259,,11368.25673,,,514.6890654,774.6724737,738.6,663.466587,,,,,,3118.3614,536.928,,16269.27063,,,,,4449.82412,2154.4784,,,,,,,,
1894,,,1181.2179,,,530700.0,,,,,164107.8227,10423.2172,673.731318,,,,,,,1571.019812,695.504,1828.17726,2273.86988,,,,28560.0,78537.0,,,13920.15869,,,2561.40444,,8869.79912,3755.1162,5185.47248,7011.49086,5333.9319,8993.8296,2325.50412,6281.9858,12958.101,,171.54465,,,,,,3301.2216,,,75322.24,,,,2135.27708,,620.932,483.378,690.258,833.112,1308.69,2602.987,850.29,,,,,,16840.06164,,6754.15125,,,77479.76204,,6907.715074,,,305.0037555,426.1640674,349.6,675.8208614,,,,,,3349.292,591.696,,15557.02681,,,,,6313.350949,4017.816,,,,,,,,
1893,,,403.959,,,535600.0,,,,,,15278.854,1231.80277,,,,,,,1173.66076,987.088,1583.9467,1011.15378,,,,12690.0,103517.2,,,38912.02419,,,3393.1128,,13420.72784,10192.35858,8489.37927,4236.72768,3366.85364,10874.45944,7891.14128,5825.0059,16510.2714,,514.45418,,,,,,4496.2592,,,67850.046,,,,8061.810462,,763.672,769.964,519.1,965.412,1183.852,923.409,720.09,,,,,,15782.92855,,7268.069321,,,179609.7063,,34641.96991,,,554.9492963,1378.697784,432.3,569.12831845,,,,,,11399.4398,2737.098,,16310.44583,,,,,3869.157913,5451.292,,,,,,,,
1892,,,938.6208,,,703000.0,,,,,,18659.5918,1048.883419,,,,,,,1785.56007,824.16,1757.53774,1447.0995,,,,21850.0,29592.0,,,43933.8874,,,7129.0406,,15807.61728,7690.9635,7907.20668,8779.07352,6174.43794,6742.63822,5667.5306,6508.03065,6229.9627,,3674.7282,,,,,,12492.4866,,,42322.53,,,,9128.078076,,1056.588,1037.85,988.523,799.605,944.832,323.935,750.47,,,,,,16629.81997,,11189.14969,,,62377.64782,,39445.19893,,,761.0080388,958.8059317,1289.1,798.04191685,,,,,,7078.713,601.89024,,7470.7077,,,,,10424.19538,3662.3367,,,,,,,,
1891,,,630.2819,,,460200.0,,,,,,14613.303,1804.66809,,,,,,,834.1215267,683.332,1853.16536,658.17708,,,,23280.0,259243.2,,,30808.26537,,,6131.64,,8643.31468,8191.92677,12178.7626,8874.9303,2904.14859,12556.09877,8318.70315,8676.075,22858.5625,,754.84,,,,,,5540.51025,,,139627.181,,,,5001.242556,,1120.132,813.96,885.312,748.413,1305.545,762.977,296.66,,,,,,8828.401371,,3117.601542,,,57517.32372,,9210.396441,,,450.5830284,1201.183276,1742.1,1231.1367595,,,,,,4961.8371,615.65,,4656.47052,,,,,6435.099848,4616.3065,,,,,,,,
1890,,,533.885,,,451000.0,,,,,,12651.6036,1445.536831,,,,,,,1217.687299,578.544,996.82366,537.498,,,,23250.0,37114.2,,,23484.02672,,,7881.8088,,9505.51872,6143.72825,4438.826,3751.5528,5471.57208,15282.33588,5486.48745,4281.09539,13027.12544,,582.5248,,,,,,6434.50102,,,47362.014,,,,6200.501602,,699.972,998.104,586.583,798.498,1488.806,712.324,957.04,,,,,,13658.81718,,8911.665036,,,45815.92947,,,,,308.4916086,466.8794231,2172.3,942.2126665000001,,,,,,4445.168,4617.19655,,26605.365,,,,,6307.295217,5238.3656,,,,,,,,
1889,,,2854.7364,,,323400.0,,,,,,6553.215,1650.657205,,,,,,,913.9120846,1358.844,1709.41936,1809.7122,,,,17610.0,91527.6,,,30149.17676,,,8717.9166,,10628.16328,9424.88084,5368.4568,4923.00945,4462.1413,,5858.02756,9305.62362,16256.89539,,744.42933,,,,,,6855.90192,,,35483.25,,,,6963.814172,,919.464,1063.996,510.661,683.829,1115.809,557.96,2404.22,,,,,,10711.80487,,6459.37793,,,40911.3807,,,,,411.9243173,727.1010469,911.5,719.3783338000001,,,,,,5167.6625,675.96471,,12126.18663,,,,,3678.512244,4139.5068,,,,,,,,
1888,,,3172.1925,,,292900.0,,,,,,12741.6448,2076.906405,,,,,,,1268.142101,1142.876,708.9576,1009.19254,,,,9410.0,15950.1,,,24277.62483,,,9880.85316,,7294.04799,4084.668,7723.8278,7412.34612,4580.96892,,8336.66135,5183.17899,12408.33204,,2245.87944,,,,,,2494.5715,,,50045.424,,,,2381.203648,,1659.008,722.704,982.781,566.514,1195.803,1649.645,587.93,,,,,,16428.7629,,8299.51979,,,37857.16565,,,,,1124.930968,1349.138746,1374.8,957.86210065,,,,,,4046.328,655.272,,39691.67099,,,,,8918.495564,2147.7105,,,,,,,,
1887,,,1040.6484,,,185500.0,,,,,178111.9614,8752.247,1247.571946,,,,,,,1543.545241,1068.008,915.0084,1469.9719,,,,25960.0,35516.6,,,18102.27391,,,2991.00698,,,3895.9404,5933.63768,6108.86826,2343.96735,,7393.10758,4835.52,16313.3768,,709.804,,,,,,5274.36,,,90027.06,,,,4601.112235,,1089.556,315.724,688.199,753.327,1135.493,690.124,1425.41,,,,,,15254.98326,,4050.273656,,,26603.87835,,,,,915.228768,1543.756445,1201.0,908.6055312999999,,,,,,5594.0015,1108.3365,,10698.11395,,,,,4044.121429,4747.987,,,,,,,,
1886,,,1100.8808,,,236700.0,,,,,496720.2868,10197.8282,912.498532,,,,,,,2183.435306,1019.388,1134.95494,959.3815,,,,14210.0,117603.2,,,16202.85921,,,4520.09736,,,4708.55411,6226.08,4207.62439,5878.75144,,3425.73546,3166.95021,11209.45932,,1132.11609,,,,,,6333.6364,,,39984.327,,,,18721.88652,,1331.668,91.562,582.639,781.92,1233.876,1012.838,1225.42,,,,,,9753.930026,,4766.886916,,,23582.69951,,,,,1952.052285,739.0402587,990.7,708.46953515,,,,,,4466.4204,734.452695,,9440.41852,,,,,10422.2328,3678.3461,,,,,,,,
1885,,,833.1878,,,99200.0,,,,,121113.2898,8219.6487,2075.941664,,,,,,,2796.299934,1547.476,577.94656,1137.252,,,,10050.0,150335.8,,,16147.24984,,,3221.6445,,,5161.3666,2688.45975,7172.12462,3376.93706,,3615.35664,4760.47294,10832.15435,,2029.876,,,,,,3657.654,,,38530.175,,,,5877.3384,,845.312,367.642,564.891,1081.971,1159.173,943.87,2697.8,,,,,,16765.19033,,7946.852959,,,37015.70418,,,,,1198.756729,409.655317,670.7,470.94865799999997,,,,,,5278.3232,1651.86,,16085.07173,,,,,4096.53641,3652.2591,,,,,,,,
1884,,,622.8342,,,292400.0,,,,,171498.7126,9117.2674,1465.18696,,,,,,,1600.75034,1330.352,1423.752,2710.30032,,,,6780.0,70310.6,,,24358.54669,,,6635.34542,,,7507.39836,2091.71538,6104.75712,7920.69063,,6846.03515,4858.566,12560.9275,,781.82041,,,,,,10115.378,,,53166.225,,,,1107.658125,,1068.652,406.538,461.999,828.657,484.922,944.24,1468.67,,,,,,20076.29154,,3441.373774,,,27563.35284,,,,,1356.213948,474.5826267,1677.0,846.2521213499999,,,,,,5271.7056,1831.301415,,15417.39151,,,,,7077.191205,3404.069,,,,,,,,
1883,,,1030.1762,,,321000.0,,,,,153085.9524,5482.3949,989.8781775,,,,,,,359.5884944,581.332,3899.59636,1375.8896,,,,19310.0,90423.3,,,24222.92097,,,3773.1568,,,1835.21098,2632.287,4719.76344,5394.7728,,3693.00898,3503.415,10406.66193,,816.099,,,,,,4416.958,,,73995.324,,,,24462.56008,,879.008,596.36,299.106,664.173,240.463,755.614,1329.02,,,,,,11992.05593,,3933.780683,,,27366.6198,,,,,983.7513434,899.0422243,805.5,944.4437542000001,,,,,,3558.0936,1764.7785,,12088.00817,,,,,4595.401768,2931.459,,,,,,,,
1882,,,668.6376,,,236700.0,,,,,70547.96617,11976.768,494.6946536,,,,,,,2655.226458,2343.144,1406.33136,1766.08648,,,,26540.0,138415.2,,,8369.170151,,,6523.09623,,,5029.69912,4821.51519,4790.9943,5106.83448,,4557.1968,2027.21805,5950.6326,,1456.15471,,,,,,2789.15364,,,52229.32,,,,,,854.62,536.724,629.793,710.64,637.066,539.645,338.45,,,,,,11509.84588,,4470.442183,,,28731.51179,,,,,656.4130618,468.4262354,990.9,581.1580177,,,,,,4635.1095,1454.4975,,16371.61882,,,,,2716.59025,3490.5856,,,,,,,,
1881,,,492.4915,,,127200.0,,,,,95467.52046,6558.244,854.7076199,,,,,,,1440.569641,496.672,3151.64658,621.8399,,,,14480.0,52041.0,,,18017.42031,,,4740.484,,,8909.87265,3053.1249,7640.78021,7237.637,,8863.41066,1575.3864,13220.29084,,743.57589,,,,,,3069.43,,,62149.335,,,,,,1781.364,524.688,566.051,669.519,1152.957,576.053,377.93,,,,,,12671.25657,,4606.660454,,,39233.85625,,,,,1817.721597,1017.011901,761.5,824.5176457,,,,,,3426.9996,174.699,,20118.54753,,,,,7928.677354,3317.403,,,,,,,,
1880,,,627.1616,,,785300.0,,,,,157227.3053,9677.3953,924.5529329,,,,,,,2247.760095,700.468,1503.1983,1181.4686,,,,33360.0,46350.7,,,19594.98345,,,4479.88296,,,4879.29118,6830.02026,5376.9368,5788.2438,,8021.47346,4274.51378,12158.60422,,857.51082,,,,,,1966.88753,,,106503.11,,,,,,1605.5,630.496,544.823,680.427,1200.243,908.609,984.83,,,,,,8891.450482,,4812.43968,,,47097.64298,,,,,1055.561914,330.4390528,1472.3,584.30482385,,,,,,2829.6412,826.708,,14541.99548,,,,,2328.043451,3978.0928,,,,,,,,
1879,,,1351.911,,,232000.0,,,,,246485.7877,10885.6448,1464.246985,,,,,,,1833.781606,526.728,2111.58725,520.66875,,,,23530.0,335480.0,,,16820.38819,,,6168.7638,,,5937.2433,8416.1025,5209.2516,3043.799,,7142.26194,4251.27878,12682.9928,,1686.96,,,,,,1778.504,,,43650.642,,,,,,907.088,672.01,407.334,611.334,373.478,704.887,790.09,,,,,,11951.68184,,4632.332904,,,73569.28931,,,,,912.2164295,738.6384129,1467.9,656.35695015,,,,,,8163.7263,830.13,,4909.49145,,,,,2825.407559,4724.72,,,,,,,,
1878,,,1068.48,,,1250800.0,,,,,134860.0475,5247.7248,1810.288249,,,,,,,1629.407543,809.54,2799.89918,1881.62496,,,,21410.0,53917.6,,,40376.97901,,,5396.6873,,,5534.43968,9375.4422,6446.12265,5244.4573,,8151.6825,6496.95409,25279.68288,,796.85229,,,,,,1714.74985,,,62079.024,,,,,,707.096,861.934,577.013,395.712,899.137,985.125,811.44,,,,,,9933.140806,,4361.150987,,,41073.84219,,,,,814.687098,1364.596156,1473.5,546.3528729,,,,,,2509.6896,1817.3475,,9178.47936,,,,,7086.5994,3955.248,,,,,,,,
1877,,,479.465,,,68400.0,,,,,161554.2991,9576.0907,1634.064591,,,,,,,803.3545816,1177.284,620.98524,2794.0325,,,,27660.0,327690.3,,,20090.2382,,,3601.73217,,,3670.96192,4540.68225,7732.9473,11588.69453,,4572.93355,6858.70108,14880.23962,,1420.70043,,,,,,1268.685,,,35930.6,,,,,,1166.62,779.858,397.3,584.145,1697.893,595.922,1575.28,,,,,,17966.3186,,6236.682597,,,42390.25488,,,,,1288.944062,1151.797678,4239.9,870.8439705,,,,,,5876.423,2170.728,,18241.3506,,,,,4944.041865,4482.846,,,,,,,,
1876,,,735.8022,,,332500.0,,,,,,15124.7363,1781.083461,,,,,,,643.8106822,1592.56,926.91242,2018.13808,,,,19400.0,90899.2,,,24018.20748,,,4130.87493,,,9014.51639,6282.77394,5181.20316,4274.47328,,4761.09418,2498.37362,11436.12162,,1267.6886,,,,,,1395.2625,,,47413.304,,,,,,1691.716,815.524,632.2,859.653,768.564,355.126,2020.62,,,,,,20256.57934,,7982.602091,,,71874.97997,,,,,805.5933657,840.1126009,1602.1,869.31238055,,,,,,7344.9915,751.011,,18828.79245,,,,,4329.46452,8004.8167,,,,,,,,
1875,,,1908.8636,,,390100.0,,,,,,13141.5946,1133.746092,,,,,,,1429.440372,1022.516,1220.20232,843.939,,,,16390.0,68637.2,,,17762.27969,,,5139.04868,,,7779.06092,10797.9756,10317.37925,644.33722,,8455.6296,2270.73798,15616.6461,,1830.71109,,,,,,8016.8528,,,47447.712,,,,,,1142.752,986.714,601.054,735.588,1186.294,998.223,1654.59,,,,,,25095.96348,,6554.47238,,,38618.99363,,,,,2967.640643,240.0526995,1651.2,940.445456,,,,,,10683.3888,612.312,,18211.73686,,,,,1265.410862,5591.4104,,,,,,,,
1874,,,1323.9226,,,401500.0,,,,,,12555.732,1282.552925,,,,,,,1531.660742,1705.712,937.6941,,,,,20780.0,27677.4,,,30555.02701,,,9690.23458,,,6371.2032,12804.428,9065.7996,6296.90468,,6844.39532,1956.93,18784.9981,,795.4572,,,,,,3533.415,,,51777.232,,,,,,861.38,748.748,919.735,680.211,877.196,3104.781,850.64,,,,,,13149.7896,,4847.964893,,,31314.46787,,,,,841.0355612,576.3660595,1428.7,1212.447703,,,,,,5766.264,697.914,,8138.25957,,,,,10909.26247,3252.814,,,,,,,,
1873,,,770.64,,,309200.0,,,,,,8778.4904,2613.425974,,,,,,,1923.497429,927.724,803.25856,1012.9638,,,,26110.0,85780.8,,,28680.37639,,,9298.5888,,,7309.67071,7695.36334,9650.9611,18525.03228,,6046.01733,7644.0441,19320.7797,,579.328,,,,,,4920.6012,,,86093.991,,,,,,721.916,498.712,702.931,439.02,926.406,1685.313,530.32,,,,,,10992.58482,,5906.364304,,,60388.38754,,,,,1265.089121,776.3027191,1276.9,1432.8321879999999,,,,,,5416.5045,1526.67252,,31775.86716,,,,,3415.470699,4567.2704,,,,,,,,
1872,,,614.772,,,363700.0,,,,,,13127.3154,1271.14796,,,,,,,829.9235007,487.492,636.521,1106.1896,,,,23900.0,47232.0,,,24945.62079,,,3382.286,,,4930.39737,5219.17924,5438.884,4852.69215,,5425.33596,4597.3642,15360.54964,,2368.31,,,,,,2889.83475,,,34657.665,,,,,,801.944,436.934,320.276,336.42,852.998,890.923,598.64,,,,,,22299.15732,,7324.898275,,,77509.8616,,,,,851.4506408,1066.503644,714.3,809.90287655,,,,,,6018.7138,2487.01738,,16765.40577,,,,,4103.836643,5106.9708,,,,,,,,
1871,,,921.2952,,,786200.0,,,,,,5888.8173,1365.326319,,,,,,,821.3821227,1031.424,2540.2468,1085.76537,,,,24360.0,34084.8,,,27886.64808,,,5205.024,,,7884.54465,6488.57751,7266.72408,9394.19052,,4247.94799,10606.47821,27657.7903,,1752.74806,,,,,,6669.054,,,63800.62,,,,,,834.912,380.256,511.763,312.039,1020.238,861.952,1460.48,,,,,,17011.76448,,3953.598004,,,48685.16562,,,,,675.3825247,1228.743648,1305.4,608.89093595,,,,,,5277.1488,1562.99966,,14380.1266,,,,,3075.247272,4065.4404,,,,,,,,
1870,,,833.3624,,,335800.0,,,,,104213.634,13235.0724,1440.898333,,,,,,,1178.939121,739.228,1887.06056,708.75134,,,,19010.0,30504.0,,,24317.2729,,,4258.404,,,10766.48328,4645.8945,6964.64,11629.17268,,3088.38852,2935.168,19338.98589,,273.9655,,,,,,2855.69625,,,55684.656,,,,,,471.9,470.696,545.751,554.499,1060.309,810.892,740.18,,,,,,30398.29142,,2228.364863,,,28546.85498,,,,,865.0181266,510.3228254,917.1,504.8367346,,,,,,2839.023,974.1825,,15844.05872,,,,,3083.642156,1671.0725,,,,,,,,
1869,,,422.532,,,840100.0,,,,,121551.7469,13985.8012,996.5294011,,,,,,,2119.791382,880.124,2041.83315,,,,,13700.0,77352.6,,,19043.33029,,,7851.88136,,,7766.37918,7482.895,4579.01642,12587.8021,,4131.72,6049.6643,14296.24098,,1103.044,,,,,,3899.05415,,,76458.67,,,,,,1023.724,432.004,835.519,1027.836,526.917,514.152,319.34,,,,,,27320.40548,,5615.812675,,,40050.61781,,,,,459.6581959,610.4750225,1263.5,906.5497061000001,,,,,,6799.2952,703.82826,,,,,,,3817.560863,2034.6777,,,,,,,,
1868,,,865.2728,,,380300.0,,,,,117048.3205,13808.8251,472.1942739,,,,,,,920.9060032,1358.572,2050.08716,231.6705,,,,23490.0,95799.6,,,27270.08877,,,9731.8368,,,5477.47369,4477.87212,12593.72538,21839.61039,,8190.83176,1945.89146,19049.3124,,868.21875,,,,,,3893.25174,,,55249.818,,,,,,690.456,519.52,520.869,721.44,686.868,939.689,454.23,,,,,,14036.73901,,7868.114211,,,61382.55571,,,,,1594.721545,789.4026736,573.8,846.561548,,,,,,3201.399,1808.71347,,,,,,,6216.620673,5870.052,,,,,,,,
1867,,,670.3212,,,361500.0,,,,,191630.9779,9866.1068,547.8843895,,,,,,,588.7659258,1310.904,2943.68678,1210.33836,,,,9370.0,66748.0,,,10315.53579,,,5867.4098,,,8048.205,4741.14272,6458.88504,3315.22453,,5605.64136,4662.3948,8731.59772,,722.96405,,,,,,5315.24194,,,53117.12,,,,,,579.748,747.864,320.798,387.612,1185.443,1142.782,661.78,,,,,,10912.08105,,8461.761343,,,28312.50326,,,,,1531.754785,851.6000753,1636.3,1102.1519833500001,,,,,,6606.6487,600.59,,,,,,,4451.297589,4691.7024,,,,,,,,
1866,,,647.424,,,211400.0,,,,,148465.9076,8579.1238,1272.690187,,,,,,,802.7206296,1078.276,3677.7704,980.80536,,,,22180.0,,,,13656.6765,,,10789.58128,,,3765.8746,6945.44,8292.32844,3261.82068,,10166.541,5315.59602,14357.48364,,406.82355,,,,,,7600.40554,,,57198.125,,,,,,1048.06,879.206,386.309,566.865,698.116,1146.963,585.41,,,,,,15348.54153,,7281.133539,,,47382.76116,,,,,955.0423515,734.7813621,4945.5,1049.1794705,,,,,,,1637.0529,,,,,,,3833.160297,5268.9878,,,,,,,,
1865,,,1293.723,,,365300.0,,,,,44812.57078,5464.5063,4097.059691,,,,,,,1644.748173,829.668,595.8645,2217.25152,,,,16910.0,35477.2,,,21389.59576,,,4802.29543,,,4306.1581,2086.1372,6957.73218,4851.2512,,3732.9755,4496.36292,16545.22286,,1012.68186,,,,,,5927.31696,,,75724.05,,,,,,979.42,1072.802,513.532,403.677,1061.086,1351.536,2029.51,,,,,,5994.022806,,3005.841388,,,35547.15186,,,,,1157.084246,758.5663699,13275.1,1302.0313765,,,,,,,1249.378,,,,,,,4116.643283,3725.3265,,,,,,,,
1864,,,1609.743,,,342300.0,,,,,,12706.9927,2368.418504,,,,,,,1641.172321,1057.536,2036.9536,1057.31962,,,,29690.0,83925.7,,,18434.46454,,,3651.44975,,,12528.9355,4986.20575,8060.0526,4393.90808,,5631.61144,6786.20709,11921.76985,,808.8875,,,,,,7274.99333,,,77970.0,,,,,,1366.196,1090.142,762.787,723.06,1789.024,1188.292,798.98,,,,,,13121.79057,,6999.47928,,,38847.64925,,,,,2825.443627,752.4355509,1954.0,1829.3874110000002,,,,,,,1130.826,,,,,,,5388.81333,5912.8216,,,,,,,,
1863,,,917.655,,,566200.0,,,,,,4977.9552,844.8253473,,,,,,,2282.200785,1348.44,3542.71168,1174.3144,,,,20500.0,88462.9,,,9351.912272,,,3233.424,,,8020.8969,6450.94458,3920.3276,2604.81312,,5858.19045,8467.90288,8515.9046,,3581.5668,,,,,,4897.40716,,,41532.48,,,,,,2479.412,870.536,815.625,890.433,386.687,1345.394,1126.02,,,,,,14406.85251,,4891.6339,,,70531.78476,,,,,4145.312552,1149.031587,971.3,922.009729,,,,,,,654.936,,,,,,,2163.771041,2585.4504,,,,,,,,
1862,,,2275.812,,,266200.0,,,,,,13590.6402,3139.585915,,,,,,,1216.804591,1680.756,1562.8578,728.83741,,,,21230.0,57173.4,,,17065.70614,,,6813.41196,,,2593.52,3455.3584,5454.82987,2146.25312,,4586.43816,,14187.74258,,420.4494,,,,,,4761.0156,,,52553.712,,,,,,2508.064,1013.472,1051.221,898.02,463.536,1250.489,880.39,,,,,,6771.751625,,3123.937979,,,35673.70637,,,,,1585.235416,1126.491226,1096.5,987.4653111,,,,,,,1465.20093,,,,,,,3082.448753,2207.3744,,,,,,,,
1861,,,1292.4006,,,458000.0,,,,,,9407.295,1254.892826,,,,,,,661.9483011,3428.832,1082.2931,1011.2949,,,,41370.0,187954.7,,,8105.883373,,,5592.64745,,,6643.70478,7251.265,9762.2707,9470.271,,3841.15187,,21255.61911,,1266.3744,,,,,,5983.296,,,49420.284,,,,,,882.7,865.504,1036.576,1304.991,683.353,794.723,785.89,,,,,,12134.91909,,8026.904644,,,37963.13355,,,,,1131.30624,925.0453205,1635.3,775.8213243499999,,,,,,,973.85625,,,,,,,3563.30546,4912.12,,,,,,,,
1860,27827.18692,,512.6688,,,311100.0,,,,,,15719.1368,1309.656325,,,,,,,1430.030509,1355.58,1383.07004,812.5444,,,,19830.0,39928.0,,,26755.38916,,,2451.55297,,,8439.46572,2683.83841,5936.04831,16254.28714,,4771.86892,,11856.195,,1589.564,,,,,,5187.77805,,,57177.494,,,,,,680.004,391.306,794.6,881.874,969.844,767.898,689.99,,,,,,11338.83253,,7579.745055,,,49622.57757,,,,,1313.87021,568.5108708,1140.2,993.8483905,,,,,,,1429.35432,,,,,,,6827.494774,4906.6368,,,,,,,,
1859,,,556.5399,,,310400.0,,,,,,5374.4814,1179.029399,,,,,,,1120.572914,551.684,1778.69155,2298.4896,,,,21650.0,142441.2,,,22920.81212,,,5540.3923,,,5733.5132,2993.782,4890.53943,11652.36038,,4123.37404,,7011.0797,,714.7035,,,,,,4939.5996,,,47397.342,,,,,,2706.028,223.72,969.876,341.793,1539.644,1652.716,767.27,,,,,,8849.803149,,4751.258933,,,38944.98509,,,,,907.5500188,416.5605837,1182.4,861.8665469,,,,,,,863.8056,,,,,,,4286.379253,4542.6524,,,,,,,,
1858,,,858.126,,,297200.0,,,,,,7287.9708,363.1884896,,,,,,,1307.929053,3844.992,2295.80988,1282.9935,,,,22490.0,92797.9,,,16696.84516,,,11608.7164,,,5884.5836,3505.14791,6084.27786,3729.83526,,,,19884.05197,,545.99426,,,,,,3176.0626,,,47272.659,,,,,,2182.752,600.304,1006.387,616.491,1470.01,1615.975,6321.21,,,,,,16660.06253,,6295.911036,,,77757.18225,,,,,784.4955646,653.0619208,1236.2,739.55180395,,,,,,,1397.22,,,,,,,3329.320719,3608.199,,,,,,,,
1857,,,1634.304,,,552000.0,,,,,,23504.0934,2080.385462,,,,,,,,2910.74,1998.185,656.64936,,,,18610.0,108490.6,,,28535.2806,,,4697.55855,,,6878.1429,6041.13021,11053.4688,6105.8856,,,,10993.2603,,1056.97855,,,,,,3261.83375,,,40988.829,,,,,,683.852,1150.186,977.706,564.786,582.158,987.826,1376.41,,,,,,9534.142077,,5097.096456,,,47685.39533,,,,,1654.296976,757.6910483,1055.8,795.7925846,,,,,,,605.868,,,,,,,5873.791188,6817.4546,,,,,,,,
1856,,,609.6454,,,207400.0,,,,,,8591.2617,1315.131388,,,,,,,,693.94,2316.66285,1938.78531,,,,19440.0,74142.6,,,40387.34737,,,6168.47328,,,6353.7138,4998.84,,6206.91765,,,,17301.82833,,1513.2416,,,,,,12917.86836,,,66909.53,,,,,,426.66,1576.614,928.986,365.661,724.941,626.632,830.27,,,,,,27132.33284,,4996.107685,,,33768.25309,,,,,355.6374549,1134.139978,922.1,1103.57671035,,,,,,,1378.1308,,,,,,,3677.609764,4184.9264,,,,,,,,
1855,,,1687.075,,,643300.0,,,,,,15198.9282,1020.525934,,,,,,,1278.748313,1867.756,3239.06314,1480.50324,,,,18560.0,58784.2,,,,,,4074.2127,,,3093.15468,4124.5713,,4441.72492,,,,16710.93787,,210.95675,,,,,,1993.4178,,,70884.252,,,,,,579.02,1596.13,1190.363,403.623,1481.258,948.532,2731.47,,,,,,24218.97698,,3930.8433,,,39489.03868,,,,,2944.753712,559.3239251,910.0,951.56722635,,,,,,,1165.14,,,,,,,3658.787621,5867.7696,,,,,,,,
1854,,,809.5392,,,863900.0,,,,,,25449.0054,1789.575041,,,,,,,2568.841054,801.244,984.72802,1221.60972,,,,23720.0,214843.2,,,,,,4528.9551,,,7034.53678,10241.60049,,4989.936,,,,12030.99597,,568.33905,,,,,,1255.463,,,71624.898,,,,,,1405.456,1454.146,1377.674,417.933,1611.461,513.264,1932.63,,,,,,11114.36445,,6031.567505,,,18268.44453,,,,,681.032599,343.3137067,406.2,895.99893185,,,,,,,1368.225,,,,,,,7210.483865,6484.6208,,,,,,,,
1853,,,1776.4476,,,373500.0,,,,,,10975.1328,1939.229219,,,,,,,1956.521362,566.508,524.0505,686.9052,,,,18590.0,61752.6,,,,,,7049.75697,,,5055.57548,5831.742,,6474.91495,,,,14985.87186,,619.65989,,,,,,2498.6124,,,42023.162,,,,,,838.084,1216.248,761.627,607.392,1106.485,1124.097,1376.13,,,,,,8014.12963,,4728.19968,,,45931.64296,,,,,476.94671,581.3677586,766.8,984.55431215,,,,,,,1417.95,,,,,,,6304.609238,5226.8643,,,,,,,,
1852,,,1315.7892,,,690800.0,,,,,,9103.0122,2279.546016,,,,,,,1201.493184,1050.192,942.5304,1180.40608,,,,22470.0,111690.0,,,,,,6172.03584,,,2607.67821,3017.35911,,9158.2944,,,,15370.87051,,843.188,,,,,,6505.13232,,,48809.772,,,,,,460.408,1069.878,510.458,1035.504,1379.619,1474.561,1149.47,,,,,,11112.58842,,3627.029016,,,33775.0066,,,,,1387.160536,1395.845744,662.3,826.8927795,,,,,,,1752.96,,,,,,,6131.048927,5017.1209,,,,,,,,
1851,,,1010.568,,,449500.0,,,,,129539.0252,14910.3336,1653.203218,,,,,,,1865.015003,1278.876,1074.95887,696.93025,,,,15140.0,100323.8,,,,,,5964.84576,,,8243.24553,6633.54912,,4737.26192,,,,8369.254,,1313.19529,,,,,,3853.22025,,,53649.8,,,,,,271.804,653.208,524.059,769.419,1482.22,942.538,386.4,,,,,,14024.07265,,5875.181838,,,19635.59975,,,,,1278.796946,655.7367196,554.8,935.1395,,,,,,,1962.7755,,,,,,,4919.505957,5860.9278,,,,,,,,
1850,,,758.1615,,,269400.0,,,,,203730.6892,11053.2825,1223.181814,,,,,,,535.9647244,300.764,484.77267,625.83624,,,,18640.0,47527.2,,,,,,4319.8545,,,3372.132,2458.512,,3664.4996,,,,10859.01396,,439.04,,,,,,2242.6728,,,53132.99,,,,,,588.64,420.648,741.443,603.018,934.398,902.985,477.96,,,,,,7159.883652,,3799.944622,,,45337.44174,,,,,1503.936837,851.1643515,469.5,1135.6817265,,,,,,,830.088,,,,,,,4434.929435,4210.778,,,,,,,,
1849,,,968.7025,,,232800.0,,,,,158063.872,7410.5448,958.6023805,,,,,,,486.2512082,1449.964,1644.9324,1007.94496,,,,17250.0,66096.8,,,,,,5497.21975,,,2840.838,7295.19036,,3205.56665,,,,8981.41628,,701.6576,,,,,,5334.5708,,,54829.194,,,,,,623.636,406.334,414.062,811.944,940.984,480.778,201.95,,,,,,8057.769027,,9394.283315,,,74692.28451,,,,,404.6539896,998.6174565,569.2,1082.6722645,,,,,,,2491.911,,,,,,,3461.283553,4491.3112,,,,,,,,
1848,,,1286.2965,,,205600.0,,,,,98386.15254,12317.781,583.6220883,,,,,,,1742.351874,532.44,2811.65594,710.98304,,,,28900.0,71882.0,,,,,,5614.84092,,,7054.90988,10141.00275,,16847.5079,,,,5936.37072,,608.328,,,,,,2555.325,,,60171.473,,,,,,243.568,447.338,410.582,541.35,811.114,337.81,630.84,,,,,,8620.653959,,8421.015331,,,43421.11091,,,,,1435.759017,1045.573646,942.3,1276.150196,,,,,,,1546.38,,,,,,,10523.26468,5425.5855,,,,,,,,
1847,,,512.5491,,,98800.0,,,,,401237.7677,7609.932,2787.94809,,,,,,,1961.254952,1771.808,3174.9795,1342.66735,,,,19300.0,67536.4,,,,,,5678.6,,,5229.71562,3697.50875,,3679.37804,,,,12499.264,,425.27312,,,,,,5025.425,,,56486.16,,,,,,404.976,727.09,586.177,481.356,1120.804,793.391,567.7,,,,,,7857.33855,,2499.268353,,,50914.27953,,,,,1531.834944,316.7085791,447.7,1311.5218129999998,,,,,,,436.218,,,,,,,6486.111721,3156.816,,,,,,,,
1846,,,922.7196,,,168100.0,,,,,186410.3868,13415.3765,1917.537215,,,,,,,1108.249876,881.348,4478.67318,1514.56824,,,,8390.0,102666.5,,,,,,3878.8095,,,15538.6176,5380.6288,,5685.74391,,,,11316.672,,547.995,,,,,,706.6254,,,54680.223,,,,,,719.836,1564.306,904.133,902.502,1099.936,958.337,505.47,,,,,,8842.707336,,5790.059417,,,40031.81162,,,,,1228.004458,923.7727673,1059.1,823.5763057,,,,,,,2467.7115,,,,,,,3861.22799,4721.62,,,,,,,,
1845,,,949.9989,,,344600.0,,,,,225527.0742,4250.0357,1657.986237,,,,,,,1029.021057,818.176,2093.67191,1607.05188,,,,14910.0,85518.4,,,,,,12191.0805,,,5839.81335,9627.63968,,3500.95314,,,,14656.70556,,2386.6551,,,,,,2450.43,,,53185.384,,,,,,1167.088,1917.09,539.487,1124.361,648.573,1150.441,623.21,,,,,,7779.434811,,4182.971812,,,33677.43789,,,,,973.6868921,587.2420338,1591.5,867.4932329999999,,,,,,,2450.268,,,,,,,2281.121095,4763.6069,,,,,,,,
1844,,,815.1806,,,139200.0,,,,,142795.5606,9914.814,1814.010128,,,,,,,996.7987277,1852.796,1575.5697,1216.0785,,,,13200.0,52768.8,,,,,,7328.02222,,,11806.62831,5877.06,,3143.8568,,,,17454.56721,,194.964,,,,,,4642.29025,,,63076.902,,,,,,1011.4,1274.83,1744.756,1005.237,645.317,1361.674,994.35,,,,,,11610.41568,,2621.718189,,,26918.10054,,,,,1409.311666,369.9099675,1538.1,541.16661395,,,,,,,736.98512,,,,,,,3822.153661,5313.2898,,,,,,,,
1843,,,971.5641,,,242000.0,,,,,303194.1771,8241.1802,1769.352262,,,,,,,958.1642675,1821.788,1644.5283,1195.28944,,,,24800.0,83225.6,,,,,,4545.996,,,3864.29636,6914.44116,,6669.5244,,,,13292.25135,,1506.3013,,,,,,2932.3134,,,44772.03,,,,,,703.508,695.98,2059.145,646.893,837.014,1530.135,1325.38,,,,,,8642.180106,,9888.513931,,,18024.63717,,,,,872.604761,1032.092437,1171.2,1005.9591553,,,,,,,1082.736,,,,,,,4696.685279,7735.9452,,,,,,,,
1842,,,671.1741,,,91300.0,,,,,167118.3517,6295.888,1294.60317,,,,,,,1088.136754,1003.544,682.70445,793.92728,,,,22380.0,89595.0,,,,,,5657.0327,,,4982.42875,10747.27008,,1898.01576,,,,11854.90475,,634.502,,,,,,2362.3905,,,73139.655,,,,,,639.288,649.774,973.385,639.63,979.02,688.718,802.83,,,,,,11064.24078,,5016.206516,,,,,,,,914.347588,650.6807152,732.1,916.1401944500001,,,,,,,11154.24,,,,,,,5582.369549,2527.6544,,,,,,,,
1841,,,631.359,,,240000.0,,,,,132954.1047,13167.684,1124.251888,,,,,,,883.3026471,942.208,1461.41142,1637.05973,,,,28240.0,,,,,,,5587.6905,,,8889.948,6104.7,,4232.9322,,,,19990.85688,,521.5498,,,,,,4319.89035,,,44944.829,,,,,,1841.684,862.308,195.518,631.017,489.917,1123.32,4280.71,,,,,,11129.87714,,7137.829469,,,,,,,,937.1352795,1128.102462,883.0,907.5225045,,,,,,,13895.832,,,,,,,5948.690342,5065.2822,,,,,,,,
1840,18368.97269,,627.7383,,,346400.0,,,,,117498.4369,10206.9558,1465.262398,,,,,,,1282.803444,651.236,5857.996,724.06235,,,,25830.0,31566.6,,,,,,4349.0804,,,3330.97396,4092.61395,,3387.76247,,,,14573.46012,,1584.2334,,,,,,3564.7328,,,126008.835,,,,,,2405.624,896.24,255.316,480.897,693.269,653.346,2092.44,,,,,,22540.67842,,8733.343591,,,,,,,,1414.054787,668.629353,844.9,973.263541,,,,,,,2950.416,,,,,,,6573.532889,9077.4099,,,,,,,,
1839,,,395.8508,,,564600.0,,,,,266638.2688,8491.23,1562.887886,,,,,,,1389.205998,691.356,3709.8048,1723.1808,,,,20710.0,87457.8,,,,,,6005.74515,,,6387.53463,2162.56,,4328.10378,,,,13601.29752,,1229.32,,,,,,5677.1452,,,62485.02,,,,,,2062.632,697.238,445.556,494.154,911.902,735.301,1321.53,,,,,,12401.2156,,6569.426546,,,,,,,,1194.726299,519.0379855,1195.5,610.1949864,,,,,,,914.928,,,,,,,1423.728068,3115.8032,,,,,,,,
1838,,,885.2228,,,381200.0,,,,,136919.3816,10059.104,1025.747905,,,,,,,1682.922121,2421.14,2462.21088,1194.6888,,,,26430.0,108231.0,,,,,,7024.347,,,2967.8232,4462.15958,,8785.23216,,,,18155.15,,1529.1276,,,,,,4820.69479,,,66406.52,,,,,,2319.72,610.844,481.168,662.634,881.303,942.575,1183.98,,,,,,11480.08912,,4380.925267,,,,,,,,1396.101122,680.6034909,426.2,641.06369995,,,,,,,956.76,,,,,,,2785.832722,3263.3087,,,,,,,,
1837,,,1109.3544,,,236200.0,,,,,219233.6342,16612.532,1875.471535,,,,,,,1328.950005,1531.224,1543.2855,1103.946,,,,20170.0,50626.1,,,,,,8224.112,,,10388.50193,4328.0358,,8476.28128,,,,20221.64676,,869.1768,,,,,,6921.972,,,80010.33,,,,,,1701.076,819.026,432.999,782.352,1001.368,778.147,1341.55,,,,,,16042.93357,,6714.96732,,,,,,,,1468.992596,493.443246,643.5,746.998306,,,,,,,8220.8028,,,,,,,4160.816986,2242.8432,,,,,,,,
1836,,,1275.131,,,777400.0,,,,,152893.6375,25130.5377,1282.682231,,,,,,,1217.995605,1953.708,1028.12846,1159.6992,,,,28710.0,74227.2,,,,,,2928.58362,,,3654.83625,11928.61967,,6746.2496,,,,10558.42425,,998.20784,,,,,,4041.83264,,,59026.602,,,,,,2258.412,765.646,631.736,371.844,1095.015,1245.383,1002.26,,,,,,20644.94219,,6620.597281,,,,,,,,1516.958688,698.4351938,1047.2,461.37637395,,,,,,,6957.225,,,,,,,8831.837512,6434.0444,,,,,,,,
1835,,,1174.295,,,523500.0,,,,,112469.3081,5518.878,1801.483322,,,,,,,1468.675079,600.032,1069.36611,1850.6418,,,,29870.0,161069.4,,,,,,6953.658,,,6046.59951,5150.1558,,3805.42941,,,,10606.1301,,797.258,,,,,,6336.65669,,,65965.357,,,,,,1066.676,536.316,806.461,564.759,1439.041,1134.494,983.43,,,,,,7793.711255,,5736.8449,,,,,,,,1397.391372,447.6938425,943.2,755.5357602,,,,,,,2310.4038,,,,,,,4726.244821,4517.8939,,,,,,,,
1834,,,402.144,,,412900.0,,,,,108073.8509,8334.7588,1356.54014,,,,,,,1237.246151,566.78,2036.45975,1075.84488,,,,12600.0,77276.9,,,,,,4847.0961,,,3796.85784,2873.895,,5788.70999,,,,6737.5105,,1551.592,,,,,,3763.4625,,,89094.456,,,,,,536.38,471.682,634.085,666.657,1170.68,529.544,2513.49,,,,,,20313.03188,,5048.537819,,,,,,,,1112.898867,310.7514363,428.8,1043.9929729,,,,,,,558.126,,,,,,,3577.853503,4634.4399,,,,,,,,
1833,,,394.9347,,,497900.0,,,,,89352.88287,12511.7416,1002.888973,,,,,,,739.34081,1429.496,771.0885,966.2752,,,,25300.0,74880.0,,,,,,3148.1376,,,5806.175,7073.50523,,3965.9977,,,,15633.67192,,614.6658,,,,,,1880.944,,,65399.35,,,,,,660.608,719.508,621.412,603.18,1273.207,1205.46,2395.54,,,,,,7913.167437,,5040.308243,,,,,,,,496.9868813,1031.1153,583.7,867.27457115,,,,,,,1763.388,,,,,,,2623.928808,8853.2971,,,,,,,,
1832,,,1137.6587,,,373500.0,,,,,170342.7367,8329.4909,1168.73522,,,,,,,1450.530952,1005.652,724.812,1453.05,,,,26980.0,61119.8,,,,,,6698.93055,,,7577.3808,3042.385,,5486.5663,,,,10712.74028,,2390.66289,,,,,,3703.95558,,,34399.375,,,,,,657.592,910.894,761.018,413.073,828.911,1727.974,1200.78,,,,,,9857.845027,,4971.852827,,,,,,,,1615.280534,1556.135592,885.9,893.45938075,,,,,,,1429.23366,,,,,,,2588.445228,3490.6088,,,,,,,,
1831,,,1236.768,,,399000.0,,,,,208291.7427,15962.975,753.3827796,,,,,,,1226.30757,802.876,461.49688,3997.9344,,,,15090.0,137039.4,,,,,,6846.23434,,,8552.99196,9601.98248,,6630.11536,,,,32451.97725,,394.3456,,,,,,5237.08668,,,155060.48,,,,,,424.372,897.77,1183.722,336.258,402.375,817.589,780.29,,,,,,7693.065179,,4948.755327,,,,,,,,1082.402689,799.0617733,994.6,1104.2654765,,,,,,,675.63783,,,,,,,3589.06621,5721.6679,,,,,,,,
1830,,,925.1348,,,1304100.0,,,,,171208.6717,17239.2367,561.0964218,,,,,,,1594.324024,695.028,795.53228,1441.3686,,,,28100.0,94224.0,,,,,,7147.79076,,,5072.59874,12182.173,,8857.02144,,,,5453.88375,,1197.056,,,,,,6980.148,,,46739.22,,,,,,577.824,867.034,1143.876,583.173,919.117,1929.587,268.31,,,,,,12588.17402,,,,,,,,,,1093.355023,187.7823991,986.2,600.0495506,,,,,,,1612.8,,,,,,,7129.795766,5365.9008,,,,,,,,
1829,,,465.048,,,188000.0,,,,,65135.29696,5980.0037,572.7356991,,,,,,,683.0620521,1014.288,2344.12008,1194.15488,,,,30930.0,107599.1,,,,,,5435.64036,,,7183.6558,5839.20869,,5546.45259,,,,17680.17394,,1075.35232,,,,,,4932.278,,,89828.156,,,,,,1144.26,852.312,1546.425,690.309,1330.261,1808.967,542.08,,,,,,4808.360644,,,,,,,,,,1519.022842,225.8042513,967.2,388.8591058,,,,,,,3231.963,,,,,,,10310.8042,3958.6872,,,,,,,,
1828,,,551.1576,,,208700.0,,,,,116918.0659,7787.7192,800.2880715,,,,,,,1027.116898,1570.868,2576.95056,642.827,,,,21520.0,81327.6,,,,,,3322.5728,,,6016.9305,3946.38375,,7846.624,,,,8425.39956,,828.02715,,,,,,3837.3048,,,61195.41,,,,,,2455.804,1018.47,1068.882,523.503,1107.521,1740.073,2066.96,,,,,,10176.63413,,,,,,,,,,1260.01405,1072.481854,949.1,1010.4392232499999,,,,,,,1941.096,,,,,,,2897.960648,3795.0066,,,,,,,,
1827,,,1432.936,,,407900.0,,,,,91869.62546,9880.7352,2013.935439,,,,,,,1595.343102,1701.36,1374.04776,1601.75275,,,,21800.0,40780.4,,,,,,3436.815,,,6805.3344,8087.4255,,8469.01602,,,,16517.48849,,1459.1089,,,,,,3445.7208,,,49310.804,,,,,,1549.808,583.338,747.127,212.787,476.967,1685.461,1758.89,,,,,,7314.324869,,,,,,,,,,958.229375,883.4919041,275.4,1136.8971285,,,,,,,906.564,,,,,,,3524.123476,3883.989,,,,,,,,
1826,,,1192.4416,,,374600.0,,,,,99672.79078,15496.83,2892.038966,,,,,,,1344.418937,2350.76,2806.63766,473.79306,,,,15010.0,172252.5,,,,,,3069.30324,,,3261.8544,5683.44,,2681.70054,,,,8958.02724,,1038.678,,,,,,4357.88325,,,74464.432,,,,,,752.336,190.094,569.705,235.602,591.778,363.414,2157.26,,,,,,13741.14096,,,,,,,,,,1234.225156,854.8214358,519.2,576.59584565,,,,,,,1623.16,,,,,,,5122.98732,4445.8323,,,,,,,,
1825,,,914.894,,,307200.0,,,,,209329.3929,10450.004,2122.141822,,,,,,,989.4427886,1017.212,2324.0358,425.66065,,,,14640.0,179976.5,,,,,,8587.57936,,,6508.512,3685.08996,,8842.8982,,,,12409.81224,,1492.813,,,,,,3085.6705,,,52238.865,,,,,,873.86,,382.858,259.335,536.463,612.942,449.75,,,,,,7336.332315,,,,,,,,,,1877.256336,557.3951652,527.9,1554.278946,,,,,,,1632.2075,,,,,,,4278.61405,6156.2176,,,,,,,,
1824,,,810.7426,,,125600.0,,,,,265971.2972,11318.2695,1423.963426,,,,,,,912.5925284,1333.48,1079.24952,763.24941,,,,15290.0,17410.8,,,,,,5720.95152,,,4228.99566,3371.75552,,2586.75882,,,,9056.15612,,1885.52839,,,,,,5042.88,,,86001.6,,,,,,1331.148,566.406,489.694,332.991,614.237,888.666,1965.74,,,,,,4818.966567,,,,,,,,,,1905.02001,649.0266299,596.0,811.50646785,,,,,,,441.891625,,,,,,,6034.618228,7393.3664,,,,,,,,
1823,,,1306.3126,,,188100.0,,,,,283547.3093,10995.556,1263.351891,,,,,,,1693.656752,1120.98,915.31488,1223.55072,,,,18940.0,60080.8,,,,,,6585.038,,,4864.266,4445.25554,,5233.99044,,,,14985.02332,,1122.6857,,,,,,5250.54159,,,46695.888,,,,,,1323.192,837.93,498.713,610.254,1259.813,727.087,1506.68,,,,,,9059.061268,,,,,,,,,,1058.514096,1029.027496,800.4,878.7655925,,,,,,,581.94,,,,,,,4376.014206,5099.961,,,,,,,,
1822,,,1389.6135,,,427500.0,,,,,,6579.3556,1432.25051,,,,,,,2273.710539,1131.452,1125.5372,1802.4266,,,,12980.0,78550.2,,,,,,5947.94858,,,3068.7636,4464.42814,,7226.70858,,,,16131.36588,,717.66846,,,,,,5282.44,,,38254.336,,,,,,947.7,766.088,446.368,401.949,1171.05,1285.195,1004.78,,,,,,5752.12407,,,,,,,,,,837.8703064,719.5771706,592.9,905.3377866999999,,,,,,,1061.4,,,,,,,6161.418447,6401.9442,,,,,,,,
1821,32213.91051,,1198.4148,,,231500.0,,,,,,14757.7615,1566.561906,,,,,,,2060.021011,1283.772,1914.01875,1774.46745,,,,25790.0,63277.2,,,,,,10608.82152,,,9783.7474,5772.60172,,5371.03581,,,,18566.83155,,325.066,,,,,,8580.1865,,,38709.0,,,,,,1157.78,469.812,655.545,432.945,715.247,1104.117,1311.24,,,,,,14087.70281,,,,,,,,,,1324.185363,502.1438159,705.1,594.1429018,,,,,,,2154.825,,,,,,,4200.201844,3524.7641,,,,,,,,
1820,23076.29283,,477.465,,,377100.0,,,,,205001.36,12660.7032,1520.882311,,,,,,,1462.465379,1251.608,1873.00832,1250.83904,,,,14690.0,74829.6,,,,,,2465.706,,,11260.58864,4422.867,,8354.5322,,,,23835.98356,,925.64004,,,,,,5612.0,,,64585.794,,,,,,1609.972,371.484,1247.841,568.242,799.163,1119.435,557.06,,,,,,15635.95568,,,,,,,,,,,923.3353435,536.0,727.74685485,,,,,,,1723.677,,,,,,,5222.747389,5151.7273,,,,,,,,
1819,19576.50878,,807.756,,,619600.0,,,,,145197.564,8250.4464,921.7189469,,,,,,,1690.761467,1457.512,711.1691,1657.21025,,,,28280.0,169642.2,,,,,,8450.6301,,,3554.80936,2185.2392,,7582.63248,,,,8235.19242,,1479.6612,,,,,,11354.283,,,51670.65,,,,,,1382.264,609.008,915.124,833.112,1198.726,279.165,590.73,,,,,,12459.27556,,,,,,,,,,1094.131398,701.9491814,701.4,573.83126265,,,,,,,1053.3175,,,,,,,4086.147071,3240.7936,,,,,,,,
1818,,,643.4816,,,1136700.0,,,,,129999.0787,11492.3669,768.7774427,,,,,,,1456.678133,560.116,7549.22075,2949.53391,,,,21090.0,92348.6,,,,,,4264.20436,,,3119.61741,13142.81782,,3314.8688,,,,7206.51491,,794.122,,,,,,9348.3766,,,38796.998,,,,,,794.248,816.238,387.353,720.981,1186.627,835.164,395.08,,,,,,15190.52009,,,,,,,,,,869.0563213,636.6919281,370.2,716.70423725,,,,,,,4611.439875,,,,,,,4109.690927,6769.4645,,,,,,,,
1817,,,517.6545,,,193300.0,,,,,185536.5233,7623.3944,1221.911485,,,,,,,917.9907756,618.936,2783.9922,1259.24032,,,,23720.0,105330.4,,,,,,6119.63908,,,9458.7759,5914.6076,,3765.52868,,,,6462.42651,,1181.14119,,,,,,16366.192,,,63411.966,,,,,,1364.48,782.034,437.117,468.288,1706.773,1193.287,885.64,,,,,,18634.15316,,,,,,,,,,1507.878136,926.4828933,661.5,650.1490844,,,,,,,1996.9509,,,,,,,3704.703959,3201.899,,,,,,,,
1816,,,866.822,,,209900.0,,,,,77150.736,5682.7396,1989.620297,,,,,,,1659.536783,931.056,1596.171,1375.46136,,,,20470.0,76334.4,,,,,,5788.88,,,5111.89359,4062.72763,,5479.27888,,,,8476.80792,,1879.0696,,,,,,5720.56458,,,41861.242,,,,,,1808.924,889.27,544.504,524.88,1948.716,270.988,392.63,,,,,,7853.367472,,,,,,,,,,872.5553025,646.671711,373.7,659.4983142,,,,,,,568.4035,,,,,,,3580.960981,3788.4163,,,,,,,,
1815,,,891.3892,,,435600.0,,,,,120098.3277,11221.3838,1709.513839,,,,,,,1034.401626,1468.732,2685.3972,3459.9292,,,,31760.0,94084.2,,,,,,4692.54723,,,5612.21283,3838.8885,,3999.099,,,,10143.32552,,441.525,,,,,,4471.263,,,69048.668,,,,,,543.816,1781.668,406.493,423.09,1410.477,449.661,832.09,,,,,,7563.020118,,,,,,,,,,1679.598619,551.2846919,426.1,965.542052,,,,,,,1374.168,,,,,,,4398.455284,4828.9116,,,,,,,,
1814,,,1795.2811,,,497500.0,,,,,160029.6459,10452.5216,1821.054057,,,,,,,2041.265014,2119.764,2462.495,1376.5983,,,,48130.0,112320.0,,,,,,3413.12706,,,3669.9158,7451.416,,2303.3604,,,,5565.65796,,548.49776,,,,,,3309.28,,,53208.016,,,,,,530.244,725.118,411.974,413.262,950.16,1014.984,586.95,,,,,,15307.58573,,,,,,,,,,651.2412851,332.8111342,1113.9,1374.916449,,,,,,,926.65386,,,,,,,5224.464449,3373.808,,,,,,,,
1813,,,2020.8114,,,329000.0,,,,,161970.8073,14045.5874,1313.661438,,,,,,,1083.958467,1331.576,2528.96613,1323.31204,,,,30940.0,47934.6,,,,,,8423.84764,,,6559.1352,4003.695,,3719.0729,,,,14131.082,,1794.35102,,,,,,3792.054,,,66668.145,,,,,,301.392,418.846,567.994,774.765,1112.479,1000.665,966.0,,,,,,11226.54835,,,,,,,,,,1231.520307,508.7372734,1132.7,1238.41359,,,,,,,1120.65,,,,,,,2347.193897,4291.728,,,,,,,,
1812,,,684.573,,,159000.0,,,,,315258.7135,17394.5728,1261.140247,,,,,,,938.3904339,660.008,1150.21764,548.24616,,,,19910.0,123166.2,,,,,,3868.4214,,,4103.02152,3384.9876,,3714.66568,,,,9904.73572,,462.24,,,,,,4277.50469,,,58736.25,,,,,,149.136,343.06,350.552,1001.43,1075.96,809.819,248.92,,,,,,10648.99518,,,,,,,,,,1071.396981,1260.730052,574.0,535.55261055,,,,,,,548.948,,,,,,,5910.769533,6010.0719,,,,,,,,
1811,,,614.6946,,,700300.0,,,,,135569.03,14485.6651,1579.304517,,,,,,,584.1210314,1107.244,926.0273,1097.95392,,,,24420.0,60481.7,,,,,,3048.032,,,4248.73834,7111.41772,,3251.13925,,,,2335.6602,,526.676,,,,,,6306.6016,,,55200.184,,,,,,428.376,589.424,898.043,936.549,1483.774,881.081,832.86,,,,,,8918.544841,,,,,,,,,,976.0301125,1092.799051,460.5,683.6763258999999,,,,,,,766.5525,,,,,,,3442.534225,4759.48,,,,,,,,
1810,,,942.2312,,,1390400.0,,,,,147572.5836,11969.8936,1757.881924,,,,,,,1596.642896,863.872,1328.34856,606.74388,,,,25780.0,123617.2,,,,,,3063.65,,,4576.53,7765.57275,,6381.1823,,,,6131.468,,1616.684,,,,,,10500.732,,,50174.799,,,,,,1450.748,1064.404,482.415,942.489,808.043,969.141,731.78,,,,,,20377.61163,,,,,,,,,,858.01339,768.2669146,303.8,675.38383475,,,,,,,1170.405,,,,,,,3554.979448,3708.2304,,,,,,,,
1809,,,750.1008,,,661400.0,,,,,179195.6809,8082.3908,1265.597351,,,,,,,1648.316313,1744.472,1424.56756,1201.15511,,,,21960.0,38343.9,,,,,,4022.13,,,2270.11654,17588.27315,,1398.99966,,,,17279.14875,,1298.968,,,,,,4360.6336,,,53205.256,,,,,,1083.368,1028.33,557.786,832.275,507.233,419.543,1387.89,,,,,,22430.14323,,,,,,,,,,1568.32738,658.9814003,450.7,860.76155475,,,,,,,477.414,,,,,,,4859.615283,4624.4328,,,,,,,,
1808,,,983.088,,,226700.0,,,,,159794.3682,17493.4361,413.5617563,,,,,,,1098.974051,1068.892,8797.971,1286.7929,,,,15280.0,49398.6,,,,,,5062.2356,,,5909.3292,10226.931,,3891.11688,,,,12010.09466,,1341.85375,,,,,,6118.07,,,51561.492,,,,,,703.508,1054.884,819.047,835.434,710.918,916.786,536.83,,,,,,5840.152371,,,,,,,,,,1726.190713,437.5407559,296.5,673.8753236,,,,,,,986.202,,,,,,,5766.271974,3832.614,,,,,,,,
1807,,,748.4456,,,518200.0,,,,,234748.2612,22183.4526,1287.597063,,,,,,,835.0945877,1117.308,5130.26115,1711.6089,,,,29400.0,93682.0,,,,,,5902.58844,,,5023.886,7985.1625,,1939.85309,,,,14355.6676,,3678.75606,,,,,,6013.194,,,73360.892,,,,,,907.296,1013.064,543.112,702.621,1332.592,1356.124,299.95,,,,,,13029.48932,,,,,,,,,,1221.517343,377.501341,807.6,964.4810950000001,,,,,,,895.104,,,,,,,4546.521816,6570.96,,,,,,,,
1806,,,397.9905,,,1155200.0,,,,,173213.9013,7803.3024,1549.902367,,,,,,,1035.662222,1085.688,1916.85288,758.28636,,,,47610.0,50893.5,,,,,,3613.27095,,,6724.096,3391.232,,3703.70347,,,,17678.77597,,683.0628,,,,,,13680.675,,,79516.612,,,,,,708.812,732.122,369.953,560.196,1578.161,941.539,1405.32,,,,,,27018.07328,,,,,,,,,,332.88156,213.6526918,781.7,869.4024465,,,,,,,469.0035,,,,,,,4571.068018,3088.1992,,,,,,,,
1805,,,564.8356,,,413800.0,,,,,148817.859,17249.1165,1689.198298,,,,,,,1398.26943,1284.452,1074.157,968.877,,,,27390.0,72054.4,,,,,,6308.75336,,,5443.64744,5732.904,,2072.1294,,,,11019.385,,1062.91646,,,,,,5454.397,,,79616.064,,,,,,947.96,,358.585,694.008,1040.033,716.061,540.89,,,,,,13965.52282,,,,,,,,,,1384.82034,466.3214429,803.8,1084.8327975,,,,,,,960.43185,,,,,,,4348.54049,4195.7343,,,,,,,,
1804,,,755.411,,,468100.0,,,,,252048.4747,6778.9638,2394.297918,,,,,,,2176.761287,874.412,1328.82624,2110.04082,,,,27430.0,66189.5,,,,,,6238.2992,,,4000.46143,1695.5745,,5804.59473,,,,12648.045,,752.10975,,,,,,14073.95916,,,35055.105,,,,,,723.528,452.778,550.797,681.669,2688.309,559.625,1186.85,,,,,,11865.21877,,,,,,,,,,644.6867501,961.2477253,496.6,616.6188945,,,,,,,1269.7965,,,,,,,2476.470076,3980.2188,,,,,,,,
1803,,,769.4742,,,421600.0,,,,,170889.0244,6135.7452,1206.679076,,,,,,,1621.575097,991.168,3280.27974,719.07022,,,,32810.0,70006.1,,,,,,2800.54417,,,3613.2606,5373.54,,3652.77068,,,,5823.60078,,878.99175,,,,,,6693.5136,,,49221.84,,,,,,709.384,705.534,602.881,698.49,4367.11,731.009,471.94,,,,,,12453.70955,,,,,,,,,,986.8212054,411.0871109,312.2,890.49066115,,,,,,,897.58053,,,,,,,3852.658012,5716.2652,,,,,,,,
1802,,,765.347,,,367400.0,,,,,182815.151,12900.0915,1755.215872,,,,,,,832.7773208,749.632,2220.55275,1816.56398,,,,42900.0,68730.4,,,,,,5860.0999,,,6188.37768,5455.9773,,1165.97855,,,,12978.22196,,1985.87025,,,,,,8372.7202,,,55599.372,,,,,,828.256,766.054,460.462,665.037,1256.224,674.584,832.65,,,,,,9552.657379,,,,,,,,,,827.763464,666.9767825,608.2,944.3687885500001,,,,,,,1255.818,,,,,,,3842.319888,7857.225,,,,,,,,
1801,,,602.769,,,630400.0,,,,,118752.5837,13980.0969,1941.843494,,,,,,,1006.093308,866.864,718.6788,1344.6734,,,,17650.0,50516.4,,,,,,9062.326,,,4423.2075,5389.8016,,1891.34676,,,,9673.9656,,2481.3652,,,,,,9265.3956,,,58919.284,,,,,,783.016,991.134,485.866,420.255,335.516,826.543,542.92,,,,,,13560.25962,,,,,,,,,,517.8281975,509.2121911,894.9,571.138553,,,,,,,1352.034,,,,,,,7278.102028,9184.8486,,,,,,,,
1800,,,527.378,,,126200.0,,,,,182046.126,13755.4172,2569.781399,,,,,,,1331.498216,1758.004,,,,,,21690.0,68537.7,,,,,,4034.856,,,4898.27001,8032.6947,,2140.05014,,,,4526.36356,,774.62,,,,,,8940.4496,,,45871.591,,,,,,435.864,1500.148,488.215,518.778,1293.89,803.899,807.1,,,,,,12033.02935,,,,,,,,,,1441.766305,139.6468216,254.8,407.247456,,,,,,,2049.33126,,,,,,,3825.693526,4807.2796,,,,,,,,
1799,,,1018.8504,,,193700.0,,,,,129215.9326,6657.2905,927.1192169,,,,,,,972.4642498,900.796,,,,,,23210.0,67933.8,,,,,,3224.4966,,,4830.905,5936.00325,,2616.62566,,,,11068.53696,,1043.0905,,,,,,5480.6647,,,62641.88,,,,,,555.568,1149.472,677.44,635.364,1484.181,552.484,1782.2,,,,,,5629.867585,,,,,,,,,,2380.565745,505.8608359,488.5,538.011481,,,,,,,2204.1344,,,,,,,3814.61042,6885.6692,,,,,,,,
1798,,,589.4832,,,172200.0,,,,,135298.2987,13099.257,1685.195083,,,,,,,1339.507655,1053.728,,,,,,37790.0,51989.4,,,,,,8362.30745,,,,5333.90247,,2553.04335,,,,16259.5419,,3399.06,,,,,,5999.1352,,,47246.922,,,,,,683.436,921.468,777.519,772.389,1038.886,1648.609,1061.13,,,,,,23905.59334,,,,,,,,,,489.0222365,838.3364466,1099.8,673.618451,,,,,,,1355.2,,,,,,,3121.043104,3709.8629,,,,,,,,
1797,,,1073.9924,,,1135700.0,,,,,154994.5073,12630.381,1166.880582,,,,,,,1637.042945,621.452,,,,,,29330.0,123715.8,,,,,,5234.329,,,,3398.29074,,2447.7321,,,,9244.22542,,1087.94,,,,,,14227.42225,,,53951.56,,,,,,1571.908,967.708,750.114,692.118,952.269,1573.425,491.68,,,,,,10287.41058,,,,,,,,,,588.5428476,572.3050626,666.6,486.299468,,,,,,,1302.72192,,,,,,,4763.611497,4153.5356,,,,,,,,
1796,,,405.35,,,392200.0,,,,,,9249.7699,546.2915766,,,,,,,1277.474796,595.068,,,,,,24970.0,75504.0,,,,,,3204.74667,,,,8173.1275,,8591.4719,,,,6583.75155,,1795.72688,,,,,,10855.73478,,,66420.389,,,,,,3514.94,527.646,881.02,519.534,852.628,1293.335,549.08,,,,,,12368.38136,,,,,,,,,,1404.727994,224.0001333,580.2,542.611854,,,,,,,1348.992,,,,,,,5455.912999,6992.0158,,,,,,,,
1795,,,630.7877,,,645900.0,,,,,,16615.1144,1253.524371,,,,,,,1215.766743,409.496,,,,,,23970.0,64342.2,,,,,,8252.82366,,,,3968.6724,,7366.20582,,,,10704.68334,,4712.02748,,,,,,10297.43989,,,41756.454,,,,,,1224.34,798.762,496.886,725.544,2399.339,824.249,1005.76,,,,,,9571.130113,,,,,,,,,,1967.778182,714.3348854,690.8,1098.55219,,,,,,,534.528,,,,,,,4997.84453,4565.1046,,,,,,,,
1794,,,684.9624,,,411600.0,,,,,,6331.7836,1253.29484,,,,,,,1392.892506,735.76,,,,,,28390.0,34858.2,,,,,,4429.4737,,,,3440.285,,4335.29024,,,,6828.64256,,838.622,,,,,,4134.48334,,,37096.608,,,,,,558.272,800.87,621.441,920.484,1481.813,202.723,481.88,,,,,,18650.29255,,,,,,,,,,1571.421555,392.4392103,703.9,1382.988606,,,,,,,3738.68,,,,,,,4017.294724,4359.814,,,,,,,,
1793,,,337.734,,,497600.0,,,,,,10832.7854,2281.741327,,,,,,,1319.036296,1625.472,,,,,,12710.0,,,,,,,8176.72799,,,,4691.92352,,2993.78849,,,,19602.44158,,539.6672,,,,,,16110.72755,,,52558.151,,,,,,605.384,874.174,671.292,871.857,625.855,347.171,1321.25,,,,,,13859.06427,,,,,,,,,,1025.61355,363.2004084,12345.2,2426.346894,,,,,,,2458.15104,,,,,,,3386.975906,3313.8204,,,,,,,,
1792,,,820.6782,,,439500.0,,,,,,12092.6624,2074.188994,,,,,,,752.7295238,1170.212,,,,,,23560.0,41545.0,,,,,,4824.375,,,,1954.39816,,7402.0331,,,,13563.21132,,1273.2307,,,,,,17077.09432,,,76527.44,,,,,,843.596,774.656,605.897,772.173,973.322,875.679,1854.44,,,,,,9182.369221,,,,,,,,,,1165.308367,143.1798307,1443.6,944.936245,,,,,,,609.8625,,,,,,,7330.785853,6909.973,,,,,,,,
1791,27945.94883,,1018.1325,,,178700.0,,,,,,4465.986,590.4052081,,,,,,,,742.492,,,,,,21850.0,60480.9,,,,,,5565.19595,,,,2365.14033,,1539.52645,,,,6536.27849,,854.14143,,,,,,14564.83628,,,75823.525,,,,,,1201.408,787.644,714.908,726.057,1820.141,1491.951,534.94,,,,,,12680.90661,,,,,,,,,,1506.999684,681.0296199,748.7,898.945726,,,,,,,3203.46,,,,,,,5175.977974,6498.4168,,,,,,,,
1790,48132.02641,,912.8158,,,650800.0,,,,,,13707.71,1015.428664,,,,,,,,1789.08,,,,,,40160.0,55436.4,,,,,,6663.52166,,,,4236.72943,,1886.65638,,,,9969.90828,,2773.6004,,,,,,15489.37793,,,66983.636,,,,,,742.82,688.976,519.883,684.963,1056.794,1051.947,1168.58,,,,,,18014.20154,,,,,,,,,,857.4242599,855.7402856,1314.3,1424.625755,,,,,,,1172.981875,,,,,,,6390.264449,4935.4256,,,,,,,,
1789,30778.65111,,567.615,,,374800.0,,,,,,7920.538,943.8931077,,,,,,,,563.176,,,,,,39870.0,38147.0,,,,,,3861.46535,,,,6089.07113,,2293.49419,,,,12217.702,,1570.50684,,,,,,9653.11872,,,97893.681,,,,,,373.568,565.046,428.156,773.739,835.608,948.199,1849.12,,,,,,9386.190725,,,,,,,,,,745.5170344,338.2334436,607.8,1139.337155,,,,,,,1032.05245,,,,,,,4891.917502,5528.628,,,,,,,,
1788,26077.53798,,596.2866,,,376500.0,,,,,,15586.7072,1643.269298,,,,,,,,870.944,,,,,,49090.0,53677.6,,,,,,6014.61182,,,,2228.15853,,3997.23624,,,,6252.42021,,491.31,,,,,,4886.0378,,,53945.304,,,,,,710.216,468.826,488.824,542.241,679.727,1023.05,1368.29,,,,,,12462.58725,,,,,,,,,,887.3198208,482.9726168,418.2,515.222795,,,,,,,2459.509325,,,,,,,5396.866806,4023.162,,,,,,,,
1787,19859.13683,,1327.5864,,,667200.0,,,,,,17268.6624,2043.252373,,,,,,,,1263.576,,,,,,40050.0,33532.0,,,,,,5331.09184,,,,3834.32802,,2335.5618,,,,23027.3025,,1014.12542,,,,,,12794.9625,,,26323.224,,,,,,1096.732,472.974,779.114,526.5,1140.34,1426.202,1105.02,,,,,,9844.657099,,,,,,,,,,504.7241472,523.1741423,517.6,985.453771,,,,,,,1310.78934,,,,,,,5251.867448,3921.086,,,,,,,,
1786,,,1601.844,,,943600.0,,,,,,13725.8544,1159.01209,,,,,,,1513.997877,930.376,,,,,,28030.0,82876.8,,,,,,3778.498,,,,2237.81376,,2961.71399,,,,5545.45825,,1745.6186,,,,,,11086.596,,,39588.75,,,,,,1296.672,553.52,489.549,846.558,1046.656,1065.045,698.88,,,,,,8194.095799,,,,,,,,,,1066.071586,453.2509335,151.1,930.363923,,,,,,,2244.50268,,,,,,,4398.282834,6401.44,,,,,,,,
1785,,,1088.7036,,,687200.0,,,,,,,2165.290362,,,,,,,974.8769423,1062.432,,,,,,41090.0,78293.6,,,,,,3638.33808,,,,4434.69928,,1942.30762,,,,4472.4787,,1230.59937,,,,,,7972.58943,,,69520.582,,,,,,1137.76,725.152,635.39,651.996,390.831,435.638,970.76,,,,,,9071.807783,,,,,,,,,,1661.059363,486.3552875,277.9,701.956572,,,,,,,2204.568,,,,,,,5157.864337,4647.0178,,,,,,,,
1784,,,325.18,,,203600.0,,,,,,,2092.686411,,,,,,,1085.88984,1186.328,,,,,,41020.0,113372.1,,,,,,4884.95445,,,,2997.00442,,2322.21375,,,,6167.0625,,904.788,,,,,,10964.16405,,,84390.726,,,,,,726.336,763.538,834.475,640.467,724.46,539.645,904.33,,,,,,17474.99725,,,,,,,,,,1147.272918,395.1356101,764.8,1195.403443,,,,,,,740.082,,,,,,,2785.162504,3824.4576,,,,,,,,
1783,,,603.7364,,,523600.0,,,,,,,1825.989247,,,,,,,1457.69777,1126.964,,,,,,49520.0,104076.0,,,,,,5017.93248,,,,2782.554,,2099.24195,,,,9577.3623,,116.3575,,,,,,21837.77638,,,91880.262,,,,,,1310.4,688.534,786.509,609.66,1782.771,1022.051,1224.65,,,,,,11162.59466,,,,,,,,,,1550.109259,365.9217431,702.1,710.738343,,,,,,,1259.809375,,,,,,,3933.230396,3504.895,,,,,,,,
1782,,,1218.4165,,,234500.0,,,,,,,1289.849164,,,,,,,1825.031788,1542.784,,,,,,50970.0,55540.8,,,,,,3821.0046,,,,4441.476,,,,,,6666.81008,,360.3312,,,,,,8526.144,,,47889.45,,,,,,1459.172,501.534,812.406,442.557,1380.655,1625.669,322.0,,,,,,6280.262352,,,,,,,,,,1028.770838,635.3344683,869.4,1184.597647,,,,,,,2103.79665,,,,,,,8221.193006,4194.0976,,,,,,,,
1781,,,1652.3716,,,284700.0,,,,,,,1322.015392,,,,,,,1548.837432,765.884,,,,,,32910.0,94168.0,,,,,,8180.92519,,,,328.7834,,,,,,17586.54982,,668.9565,,,,,,7059.34175,,,54018.352,,,,,,606.112,383.894,713.139,522.531,1218.965,1644.502,89.53,,,,,,10058.52519,,,,,,,,,,973.2084375,322.7791443,806.1,1562.683217,,,,,,,3219.496,,,,,,,7202.859726,6380.4068,,,,,,,,
1780,,,925.896,,,874800.0,,,,,100376.7189,,1993.046682,,,,,,,1140.733705,1372.716,,,,,,48770.0,109612.8,,,,,,6735.52504,,,,4044.69488,,,,,,18059.82549,,1387.375,,,,,,9108.8305,,,44099.51,,,,,,800.072,460.53,630.199,578.772,939.763,1002.959,363.65,,,,,,8636.191495,,,,,,,,,,1154.791683,372.5630092,369.5,967.561509,,,,,,,1736.7867,,,,,,,7260.648502,7125.1712,,,,,,,,
1779,,,1038.4296,,,786900.0,,,,,58894.54922,,2341.507749,,,,,,,1635.210965,780.776,,,,,,32210.0,94150.4,,,,,,4023.34114,,,,4488.445,,,,,,,,1537.599,,,,,,5105.41,,,58836.76,,,,,,717.912,447.814,528.873,601.668,776.482,917.489,796.88,,,,,,16223.80883,,,,,,,,,,905.18625,307.8295554,566.1,1061.8854,,,,,,,1551.0033,,,,,,,5522.620032,2893.0696,,,,,,,,
1778,,,1705.2926,,,1175800.0,,,,,167560.7461,,1283.153621,,,,,,,1787.526262,714.68,,,,,,24160.0,111273.5,,,,,,4272.19672,,,,1963.13208,,,,,,,,1020.68311,,,,,,11607.79354,,,53466.168,,,,,,809.536,319.294,382.481,444.204,477.855,1235.541,579.6,,,,,,11315.32727,,,,,,,,,,696.44835,558.2714772,576.1,1034.482946,,,,,,,888.86358,,,,,,,2822.690802,5757.6785,,,,,,,,
1777,44322.77127,,912.4533,,,840400.0,,,,,78709.77828,,1761.285416,,,,,,,1673.389945,738.616,,,,,,26430.0,39789.6,,,,,,5198.67,,,,2794.198,,,,,,,,1107.90615,,,,,,20270.0165,,,43658.232,,,,,,1106.924,310.658,396.082,740.313,582.343,959.891,1804.11,,,,,,12742.4672,,,,,,,,,,1190.29187,673.1397781,632.2,232.266598,,,,,,,1609.938,,,,,,,3335.762596,5723.2315,,,,,,,,
1776,54952.49587,,1134.6888,,,230500.0,,,,,182021.3737,,1800.521613,,,,,,,1158.737616,1064.404,,,,,,28660.0,99189.7,,,,,,6988.7466,,,,3425.26304,,,,,,,,921.3762,,,,,,9876.8845,,,25069.678,,,,,,852.488,454.002,825.717,1042.929,1178.413,245.273,1660.26,,,,,,9899.976725,,,,,,,,,,1135.737283,286.2973089,1453.3,169.908238,,,,,,,1196.62686,,,,,,,3716.654316,3675.5037,,,,,,,,
1775,39388.52507,,1132.175,,,165100.0,,,,,125152.5541,,1939.886677,,,,,,,1300.602887,868.972,,,,,,30640.0,32823.2,,,,,,2666.92371,,,,1908.3075,,,,,,,,779.61465,,,,,,12696.22396,,,68516.448,,,,,,1008.852,758.642,744.401,1004.103,781.736,300.588,1452.71,,,,,,7039.521143,,,,,,,,,,517.1651125,439.9304121,716.2,1113.030311,,,,,,,2656.7175,,,,,,,3798.650926,6314.249,,,,,,,,
1774,33607.5921,,659.6352,,,324500.0,,,,,96062.99958,,2072.318182,,,,,,,1526.546992,447.168,,,,,,18420.0,52571.2,,,,,,2568.847,,,,2023.896,,,,,,,,810.2506,,,,,,17370.3916,,,25057.35,,,,,,1485.328,1000.96,981.824,605.988,1414.177,581.973,1628.83,,,,,,8332.610521,,,,,,,,,,732.5865675,387.99598,352.7,1294.152725,,,,,,,533.85399,,,,,,,3728.506302,,,,,,,,,
1773,,,1132.5496,,,234200.0,,,,,128362.3138,,2326.881181,,,,,,,2093.254832,1065.968,,,,,,20950.0,58752.0,,,,,,4632.94351,,,,5731.1488,,,,,,,,735.58914,,,,,,18521.56606,,,45266.438,,,,,,2407.912,968.32,670.538,710.775,1619.342,697.82,428.19,,,,,,7150.262796,,,,,,,,,,1659.428819,735.1693027,942.3,615.892611,,,,,,,475.6464,,,,,,,6643.377123,,,,,,,,,
1772,,,723.2328,,,1300500.0,,,,,102892.6161,,1252.162058,,,,,,,1237.408987,470.288,,,,,,23080.0,94035.5,,,,,,4845.75908,,,,7676.9046,,,,,,,,723.294,,,,,,5342.647,,,45115.88,,,,,,1417.156,751.536,347.478,983.34,1167.128,880.045,301.49,,,,,,9764.978517,,,,,,,,,,1325.056024,842.3410365,270.3,1129.919981,,,,,,,3369.053125,,,,,,,3297.2479,,,,,,,,,
1771,,,288.3982,,,352400.0,,,,,104962.1219,,1711.618929,,,,,,,1398.862619,1004.768,,,,,,18120.0,151580.0,,,,,,7582.71108,,,,2498.0346,,,,,,,,972.543,,,,,,6342.00696,,,67230.932,,,,,,525.772,684.862,526.408,1044.495,608.132,1343.322,921.69,,,,,,9185.034211,,,,,,,,,,727.9675911,675.7919512,529.9,1165.968156,,,,,,,298.686,,,,,,,2549.386919,,,,,,,,,
1770,,,331.2034,,,143500.0,,,,,132004.3807,,3374.658417,,,,,,,1046.682821,1261.264,,,,,,18870.0,43997.9,,,,,,8781.77045,,,,3505.5328,,,,,,,,3087.78798,,,,,,15194.5856,,,64848.96,,,,,,995.488,540.974,568.545,380.943,1258.259,1144.891,969.64,,,,,,6995.324733,,,,,,,,,,1163.787563,404.2059358,256.2,1143.211061,,,,,,,707.0175,,,,,,,3322.787857,,,,,,,,,
1769,,,640.283,,,899300.0,,,,,101341.6862,,2401.319504,,,,,,,2180.185301,1019.32,,,,,,41640.0,42542.0,,,,,,3814.104,,,,4124.37284,,,,,,,,1291.6855,,,,,,20039.7888,,,119429.662,,,,,,1153.984,412.216,455.474,842.643,2471.23,582.639,1034.74,,,,,,5384.203418,,,,,,,,,,1560.355575,927.7395844,1120.4,586.64115,,,,,,,772.59375,,,,,,,4009.679994,,,,,,,,,
1768,,,812.48,,,378100.0,,,,,219500.868,,1887.579812,,,,,,,2309.501635,1181.568,,,,,,38580.0,137088.0,,,,,,5342.72941,,,,5456.262,,,,,,,,1387.23259,,,,,,8751.765,,,95585.217,,,,,,2397.668,516.494,,805.869,1574.017,657.453,1927.03,,,,,,13694.89137,,,,,,,,,,1601.705963,451.8625582,611.1,651.344976,,,,,,,927.27732,,,,,,,6040.567793,,,,,,,,,
1767,,,975.429,,,892700.0,,,,,,,1210.440184,,,,,,,1408.73155,1715.844,,,,,,34460.0,50933.2,,,,,,8551.60152,,,,3307.8816,,,,,,,,1626.99,,,,,,12238.80516,,,47695.054,,,,,,3392.116,893.656,613.64,666.414,755.873,1273.133,881.93,,,,,,8659.085939,,,,,,,,,,942.883975,511.2869111,877.5,1143.450614,,,,,,,1108.98132,,,,,,,4070.026898,,,,,,,,,
1766,,,1206.7327,,,482800.0,,,,,,,730.5468437,,,,,,,642.8804714,4126.58,,,,,,33280.0,46207.7,,,,,,4291.20575,,,,1617.616,,,,,,,,759.21356,,,,,,10881.96,,,71207.862,,,,,,3651.544,1121.388,652.993,652.914,831.723,1307.765,746.62,,,,,,22965.88809,,,,,,,,,,895.9077545,1110.328748,625.7,688.018557,,,,,,,1873.32,,,,,,,4035.634387,,,,,,,,,
1765,,,1850.7456,,,627800.0,,,,,,,958.6415339,,,,,,,4482.405442,628.388,,,,,,60530.0,58838.0,,,,,,8722.21168,,,,5951.42016,,,,,,,,937.98232,,,,,,11003.85,,,51430.53,,,,,,5334.68,1113.058,819.801,487.458,1641.468,835.312,1305.85,,,,,,7439.653296,,,,,,,,,,1765.136722,814.7849305,899.1,585.180735,,,,,,,1016.5575,,,,,,,8449.646591,,,,,,,,,
1764,,,5499.6072,,,310200.0,,,,,,,1305.133948,,,,,,,1947.577711,1922.496,,,,,,9600.0,22915.2,,,,,,7904.3247,,,,11696.56621,,,,,,,,1403.2395,,,,,,9039.0,,,83897.1,,,,,,3043.976,1100.172,802.343,599.427,479.187,1006.437,2063.53,,,,,,24268.8164,,,,,,,,,,1294.530619,1077.114228,675.0,707.212845,,,,,,,2131.2305,,,,,,,5259.63902,,,,,,,,,
1763,,,1759.2561,,,496700.0,,,,,,,1195.645704,,,,,,,1224.747232,289.204,,,,,,28980.0,46849.6,,,,,,2299.89528,,,,3387.0605,,,,,,,,445.8096,,,,,,4042.59779,,,39784.48,,,,,,2417.22,1201.696,740.399,830.817,824.138,1961.444,3465.14,,,,,,4974.821399,,,,,,,,,,1039.446915,689.0154906,534.9,1218.26065,,,,,,,159.78146,,,,,,,3003.643043,,,,,,,,,
1762,,,356.089,,,293900.0,,,,,,,894.4228045,,,,,,,1154.088166,393.856,,,,,,29290.0,125664.0,,,,,,3343.9548,,,,1352.79625,,,,,,,,457.968,,,,,,4321.88265,,,55907.181,,,,,,3137.576,1161.27,825.34,563.679,1689.457,1655.232,1782.06,,,,,,10784.59957,,,,,,,,,,765.3657502,467.7947813,715.3,624.176633,,,,,,,1144.57068,,,,,,,6074.590526,,,,,,,,,
1761,,,502.4292,,,318700.0,,,,,,,1352.609079,,,,,,,1304.71809,798.116,,,,,,41390.0,170640.2,,,,,,4362.36696,,,,2677.5,,,,,,,,298.9952,,,,,,16295.11716,,,58114.422,,,,,,998.036,883.966,1055.629,394.713,1317.089,1094.016,775.67,,,,,,7413.905481,,,,,,,,,,323.2310913,516.6903313,1884.0,1528.244121,,,,,,,461.736,,,,,,,2789.192143,,,,,,,,,
1760,,,293.2497,,,940600.0,,,,,,,941.8995991,,,,,,,1313.951272,1521.5,,,,,,17490.0,54183.6,,,,,,5320.50768,,,,3357.1575,,,,,,,,1009.344,,,,,,35108.4393,,,63375.12,,,,,,1068.808,794.648,1245.115,667.008,835.312,1683.278,1246.0,,,,,,10597.72504,,,,,,,,,,1158.393839,256.6778247,567.8,839.778712,,,,,,,1379.3175,,,,,,,5219.312247,,,,,,,,,
1759,,,542.1086,,,1145100.0,,,,,,,2713.896232,,,,,,,2039.57365,1854.496,,,,,,29650.0,76199.1,,,,,,4351.43634,,,,2463.604,,,,,,,,953.1692,,,,,,6066.29751,,,64307.034,,,,,,3473.496,907.324,1063.836,446.58,814.925,949.087,2152.78,,,,,,11040.96274,,,,,,,,,,1756.178892,665.1817193,1071.5,508.632482,,,,,,,613.8,,,,,,,4881.963663,,,,,,,,,
1758,,,507.065,,,533300.0,,,,,162543.9759,,1588.185019,,,,,,,1876.258335,757.928,,,,,,19340.0,85888.4,,,,,,5619.0563,,,,2692.35947,,,,,,,,798.87434,,,,,,7191.39456,,,67391.012,,,,,,1512.784,763.708,1438.052,398.709,806.304,777.851,597.87,,,,,,9563.023873,,,,,,,,,,828.5020019,1005.414565,686.0,968.872209,,,,,,,3041.029002,,,,,,,3635.099068,,,,,,,,,
1757,,,779.7204,,,615700.0,,,,,97833.00477,,1033.238899,,,,,,,2453.608889,2002.464,,,,,,38570.0,24368.8,,,,,,4714.347,,,,3419.2032,,,,,,,,495.9675,,,,,,14226.81732,,,90513.28,,,,,,994.188,639.574,728.596,1244.592,549.857,1625.114,460.53,,,,,,5315.182391,,,,,,,,,,1397.891741,1150.231344,335.3,588.103701,,,,,,,1638.9875,,,,,,,5759.408418,,,,,,,,,
1756,,,1145.737,,,717900.0,,,,,41203.23392,,1391.617043,,,,,,,1324.09454,338.572,,,,,,16310.0,54922.5,,,,,,5410.26738,,,,3333.6028,,,,,,,,2818.48129,,,,,,20000.086,,,34364.898,,,,,,580.216,529.618,274.253,1241.784,453.472,1380.729,534.17,,,,,,5405.686153,,,,,,,,,,1731.250949,797.4823103,312.0,1968.081018,,,,,,,787.847104,,,,,,,4601.338792,,,,,,,,,
1755,,,2253.745,,,324900.0,,,,,134001.0398,,1759.833345,,,,,,,1432.444227,250.852,,,,,,24240.0,40587.6,,,,,,5250.31674,,,,1737.00004,,,,,,,,788.7,,,,,,8168.14796,,,42643.955,,,,,,1035.476,608.974,243.281,475.686,338.957,436.23,1036.35,,,,,,8404.597785,,,,,,,,,,1681.713927,658.7563676,1156.6,975.388208,,,,,,,2066.481,,,,,,,3907.464421,,,,,,,,,
1754,,,688.8868,,,689900.0,,,,,70618.34107,,1383.227975,,,,,,,1430.611027,920.244,,,,,,19330.0,65321.0,,,,,,7502.51252,,,,7097.79672,,,,,,,,803.09536,,,,,,6836.37885,,,43493.736,,,,,,803.504,1007.352,410.147,556.416,792.725,369.741,3687.11,,,,,,11378.99466,,,,,,,,,,1112.208133,514.2796129,888.8,971.436461,,,,,,,460.42266,,,,,,,3256.748365,,,,,,,,,
1753,,,797.2285,,,573100.0,,,,,188764.9421,,691.9359778,,,,,,,2232.814591,1224.68,,,,,,27420.0,23701.6,,,,,,5276.0248,,,,4243.1368,,,,,,,,1778.29344,,,,,,6402.7208,,,64226.442,,,,,,,1083.784,510.4,570.942,1383.097,855.033,1187.97,,,,,,7297.012715,,,,,,,,,,1222.53159,635.023213,1219.4,898.649561,,,,,,,594.759,,,,,,,4215.215171,,,,,,,,,
1752,,,1310.8524,,,429900.0,,,,,222136.1998,,1719.173554,,,,,,,3405.517874,787.032,,,,,,18890.0,33260.5,,,,,,4090.2354,,,,4219.68844,,,,,,,,551.151,,,,,,17120.33218,,,44913.112,,,,,,,1024.216,542.271,741.933,1060.827,1009.952,1604.19,,,,,,6595.656717,,,,,,,,,,1477.49472,658.6328239,1153.4,979.894973,,,,,,,376.7745,,,,,,,6112.570198,,,,,,,,,
1751,,,1239.2832,,,336600.0,,,,,,,1237.402753,,,,,,,1779.571628,967.096,,,,,,25010.0,19074.9,,,,,,3040.16364,,,,5590.78037,,,,,,,,620.138,,,,,,20818.19626,,,9658.206,,,,,,,873.426,612.074,640.953,1193.213,503.755,1612.73,,,,,,5043.277086,,,,,,,,,,1189.88064,746.5405536,507.5,912.618643,,,,,,,1730.52,,,,,,,5795.151041,,,,,,,,,
1750,,,1456.7976,,,472800.0,,,,,,,1006.53001,,,,,,,1678.165264,1225.088,,,,,,19430.0,73306.2,,,,,,5338.58336,,,,4923.02577,,,,,,,,557.111,,,,,,8490.75926,,,39608.415,,,,,,,541.178,679.47,566.622,1371.812,543.382,646.8,,,,,,7307.525759,,,,,,,,,,640.8953125,867.5462008,820.7,1181.049866,,,,,,,794.553,,,,,,,4586.577091,,,,,,,,,
1749,,,543.0342,,,167500.0,,,,,,,1676.024242,,,,,,,1939.128631,1355.852,,,,,,24400.0,100081.0,,,,,,6011.55038,,,,6077.92572,,,,,,,,704.568,,,,,,12527.08688,,,55790.295,,,,,,,606.424,421.138,498.069,929.181,1036.333,719.6,,,,,,8244.262391,,,,,,,,,,1405.764063,205.422603,402.0,682.470835,,,,,,,987.156,,,,,,,7446.168639,,,,,,,,,
1748,,,711.36,,,423000.0,,,,,,,1557.355822,,,,,,,2983.661856,1072.088,,,,,,29740.0,90255.6,,,,,,3627.0669,,,,4130.27262,,,,,,,,461.125,,,,,,21122.59438,,,39191.103,,,,,,,674.866,613.089,514.323,1176.489,828.356,1147.79,,,,,,6270.919844,,,,,,,,,,2112.908748,385.4953588,399.5,1066.46551,,,,,,,712.23336,,,,,,,8767.79116,,,,,,,,,
1747,,,464.2263,,,779400.0,,,,,,,613.3376687,,,,,,,2528.117947,870.808,,,,,,34550.0,45229.9,,,,,,9932.48424,,,,4683.95,,,,,,,,1610.2002,,,,,,15386.02177,,,67812.855,,,,,,,787.032,717.286,383.535,658.267,627.853,704.06,,,,,,7625.385963,,,,,,,,,,1387.26921,406.6238867,1096.2,485.450197,,,,,,,389.8644,,,,,,,4738.422369,,,,,,,,,
1746,,,408.1511,,,253000.0,,,,,,,1171.654451,,,,,,,2573.52376,1091.604,,,,,,15970.0,68640.0,,,,,,1493.57286,,,,7210.08882,,,,,,,,848.3296,,,,,,20661.612,,,48056.016,,,,,,,833.714,407.044,319.383,2063.564,1008.398,428.26,,,,,,5510.307593,,,,,,,,,,1452.873616,474.1550921,790.2,1805.731621,,,,,,,651.78,,,,,,,2859.275096,,,,,,,,,
1745,,,469.1238,,,567400.0,,,,,,,1169.687436,,,,,,,1214.962127,762.212,,,,,,17780.0,25309.9,,,,,,5653.66485,,,,6046.203,,,,,,,,1581.45,,,,,,8671.1022,,,60194.565,,,,,,,847.314,476.354,704.943,1363.635,1468.197,724.85,,,,,,6945.355442,,,,,,,,,,2157.176477,697.8269936,794.8,1000.564004,,,,,,,932.229,,,,,,,2530.173492,,,,,,,,,
1744,,,828.6096,,,813300.0,,,,,,,1500.487317,,,,,,,2013.467468,1264.052,,,,,,23930.0,63927.6,,,,,,3777.095,,,,2712.2788,,,,,,,,1299.11307,,,,,,10347.88392,,,56390.802,,,,,,,817.904,532.44,863.325,837.458,1028.6,1237.04,,,,,,4787.599493,,,,,,,,,,674.322536,566.141381,938.1,557.185924,,,,,,,4589.3125,,,,,,,3529.100602,,,,,,,,,
1743,,,859.1143,,,175000.0,,,,,,,1484.396767,,,,,,,2273.408391,891.888,,,,,,19890.0,18900.2,,,,,,3056.542,,,,1745.535,,,,,,,,1696.74522,,,,,,16422.50883,,,43691.076,,,,,,,705.976,685.386,666.036,954.452,852.147,1161.23,,,,,,5497.692346,,,,,,,,,,274.8355336,882.8355498,622.4,765.875516,,,,,,,1532.58,,,,,,,3733.029399,,,,,,,,,
1742,,,715.8465,,,606400.0,,,,,,,1820.408028,,,,,,,2825.848493,696.932,,,,,,12930.0,63257.0,,,,,,3430.72835,,,,3117.42316,,,,,,,,651.75,,,,,,17833.8552,,,65753.688,,,,,,,655.928,664.129,599.211,811.854,1128.574,680.61,,,,,,7568.063522,,,,,,,,,,1234.026589,640.6222287,939.9,694.047096,,,,,,,779.94,,,,,,,4054.609222,,,,,,,,,
1741,,,414.2016,,,515500.0,,,,,,,2502.549554,,,,,,,2173.052982,1144.032,,,,,,28290.0,29852.7,,,,,,5792.73975,,,,4217.57941,,,,,,,,439.8645,,,,,,14764.51106,,,86870.724,,,,,,,534.446,462.376,629.91,614.533,631.072,880.04,,,,,,10685.50384,,,,,,,,,,1005.111607,400.2507918,971.4,1040.776667,,,,,,,924.525,,,,,,,2946.433379,,,,,,,,,
1740,,,1021.896,,,377100.0,,,,,,,1925.075629,,,,,,,1644.420605,610.844,,,,,,33790.0,28002.8,,,,,,4991.36064,,,,4456.23093,,,,,,,,918.9875,,,,,,10777.87467,,,52660.8,,,,,,,549.576,410.64,766.206,727.975,845.598,1197.91,,,,,,8046.995924,,,,,,,,,,542.5244887,769.1449907,274.8,1370.474834,,,,,,,1487.64,,,,,,,2387.188434,,,,,,,,,
1739,,,1039.8795,,,268400.0,,,,,,,991.3976229,,,,,,,1251.514181,1474.784,,,,,,46920.0,50672.6,,,,,,9157.60755,,,,5771.3985,,,,,,,,1472.06891,,,,,,15889.8672,,,77941.894,,,,,,,559.946,357.454,831.573,959.299,1690.197,505.47,,,,,,7817.572343,,,,,,,,,,760.4551205,381.2192551,409.8,1034.685711,,,,,,,896.66115,,,,,,,6837.013654,,,,,,,,,
1738,,,1039.3112,,,690700.0,,,,,,,2134.116371,,,,,,,1334.114551,468.18,,,,,,36030.0,63706.2,,,,,,6603.64771,,,,4086.37691,,,,,,,,857.31775,,,,,,12072.63694,,,38235.89,,,,,,,500.344,378.16,878.85,1110.518,683.686,627.62,,,,,,6271.13089,,,,,,,,,,435.5850681,190.7362224,394.6,762.822875,,,,,,,1415.6625,,,,,,,4009.448592,,,,,,,,,
1737,,,1783.0692,,,206100.0,,,,,,,1795.712831,,,,,,,978.0629891,1791.528,,,,,,10170.0,19471.8,,,,,,7201.11392,,,,6965.91606,,,,,,,,1365.99816,,,,,,15041.71604,,,44994.187,,,,,,,400.112,435.696,923.562,1369.555,1130.868,1586.13,,,,,,7838.706311,,,,,,,,,,952.7782446,336.1982953,385.0,450.836351,,,,,,,538.545,,,,,,,6433.990156,,,,,,,,,
1736,,,784.1506,,,662800.0,,,,,,,2239.789031,,,,,,,1847.610935,1106.564,,,,,,33580.0,,,,,,,8615.86775,,,,3068.6082,,,,,,,,1014.15788,,,,,,19091.45724,,,25796.34,,,,,,,816.068,616.221,714.231,1276.5,1580.418,1328.32,,,,,,11874.53204,,,,,,,,,,1447.126011,1008.029384,689.7,1064.231078,,,,,,,1679.1579,,,,,,,7506.891382,,,,,,,,,
1735,,,542.084,,,163400.0,,,,,,,1926.201582,,,,,,,1430.038982,855.168,,,,,,31830.0,,,,,,,6911.67324,,,,4220.8764,,,,,,,,1458.7296,,,,,,18610.01907,,,37731.96,,,,,,,1179.834,233.102,680.751,1258.259,766.011,884.31,,,,,,10849.46436,,,,,,,,,,1380.733806,416.6458699,593.8,761.4396,,,,,,,2199.89385,,,,,,,7050.63915,,,,,,,,,
1734,,,701.5368,,,185300.0,,,,,,,1188.337697,,,,,,,2062.707395,933.504,,,,,,26390.0,,,,,,,7175.3424,,,,12010.29321,,,,,,,,363.082,,,,,,12267.67786,,,75350.99,,,,,,,1463.088,216.282,532.17,604.987,796.758,893.2,,,,,,7741.046659,,,,,,,,,,1082.73354,386.0639409,855.4,321.661404,,,,,,,2954.1715,,,,,,,6142.335224,,,,,,,,,
1733,,,747.215,,,497900.0,,,,,,,1589.777882,,,,,,,1949.667163,1109.488,,,,,,43870.0,,,,,,,4583.20478,,,,1200.68758,,,,,,,,100.61025,,,,,,12729.8111,,,54607.957,,,,,,,1550.672,535.021,726.624,706.922,1462.462,451.01,,,,,,9719.814578,,,,,,,,,,878.34254,264.4129029,741.4,527.064106,,,,,,,1005.35787,,,,,,,5551.802181,,,,,,,,,
1732,,,665.6835,,,849400.0,,,,,,,1923.248427,,,,,,,1524.534284,1824.508,,,,,,45450.0,,,,,,,3818.76908,,,,3068.75502,,,,,,,,1581.18725,,,,,,14626.7604,,,21565.95,,,,,,,1951.09,613.64,869.346,953.712,2114.735,745.36,,,,,,15908.61098,,,,,,,,,,602.46664,493.6449213,664.5,889.099866,,,,,,,1081.32858,,,,,,,3263.516482,,,,,,,,,
1731,,,1031.4256,,,405500.0,,,,,,,1550.164592,,,,,,,1891.33296,539.648,,,,,,27980.0,,,,,,,2129.1008,,,,5877.5766,,,,,,,,338.7025,,,,,,5185.684,,,44580.808,,,,,,,928.744,497.669,682.911,1061.641,1177.562,852.95,,,,,,9967.267368,,,,,,,,,,991.8888,603.1104018,675.3,1228.490822,,,,,,,904.185,,,,,,,6429.153886,,,,,,,,,
1730,,,820.8034,,,329600.0,,,,,,,1098.834891,,,,,,,1687.630295,552.228,,,,,,30190.0,,,,,,,4009.6728,,,,3039.1674,,,,,,,,533.60762,,,,,,8415.128,,,85583.736,,,,,,,670.004,448.224,491.643,1703.036,539.867,962.78,,,,,,7642.720171,,,,,,,,,,616.7239875,179.975327,563.6,350.049061,,,,,,,3144.09087,,,,,,,5131.703748,,,,,,,,,
1729,,,629.918,,,340600.0,,,,,,,1253.647889,,,,,,,1126.860222,323.204,,,,,,37160.0,,,,,,,3128.2174,,,,2436.87868,,,,,,,,620.16304,,,,,,8418.498,,,37898.112,,,,,,,911.71,476.702,989.037,1347.133,954.452,852.39,,,,,,4625.669495,,,,,,,,,,858.2672925,410.4454869,804.6,673.587523,,,,,,,3998.862,,,,,,,6059.556158,,,,,,,,,
1728,,,1161.2412,,,769000.0,,,,,,,795.7269711,,,,,,,2115.407101,870.196,,,,,,27240.0,,,,,,,9757.676,,,,2731.8048,,,,,,,,2335.6953,,,,,,16200.7475,,,51979.54,,,,,,,644.164,895.201,808.515,1030.376,1179.967,670.6,,,,,,8502.028747,,,,,,,,,,950.893805,956.5146147,531.4,878.949556,,,,,,,2319.57,,,,,,,2535.224777,,,,,,,,,
1727,,,997.936,,,760900.0,,,,,,,1072.991363,,,,,,,1884.593537,1034.688,,,,,,14630.0,,,,,,,4489.03575,,,,3846.3432,,,,,,,,1079.085,,,,,,7033.42053,,,58458.042,,,,,,,410.414,1085.354,329.805,845.894,383.912,562.87,,,,,,8926.512884,,,,,,,,,,555.59639,590.1439342,746.8,953.124779,,,,,,,434.94813,,,,,,,3317.232688,,,,,,,,,
1726,,,493.0884,,,114600.0,,,,,,,2179.645567,,,,,,,1102.668242,546.176,,,,,,27740.0,,,,,,,13216.60446,,,,2335.10373,,,,,,,,1956.52311,,,,,,5219.49308,,,36230.06,,,,,,,444.686,627.531,198.099,513.634,602.397,429.17,,,,,,6932.434152,,,,,,,,,,1405.003645,593.014008,608.9,1164.641939,,,,,,,1150.41681,,,,,,,4797.910299,,,,,,,,,
1725,,,891.7016,,,618200.0,,,,,,,4255.182506,,,,,,,1171.343645,682.72,,,,,,22000.0,,,,,,,9478.77392,,,,4876.06965,,,,,,,,1993.31944,,,,,,12298.18206,,,38358.733,,,,,,,434.112,664.709,300.726,281.348,973.137,571.97,,,,,,7970.754619,,,,,,,,,,993.2774267,1159.036761,118.4,1004.570467,,,,,,,1629.39,,,,,,,4898.646922,,,,,,,,,
1724,,,467.415,,,1149200.0,,,,,,,2442.655297,,,,,,,1639.730722,577.66,,,,,,13680.0,,,,,,,6136.07248,,,,2893.75757,,,,,,,,2448.017,,,,,,6936.2822,,,46844.376,,,,,,,455.294,928.145,470.853,883.634,855.218,530.25,,,,,,13659.12482,,,,,,,,,,417.6358869,358.966378,624.6,244.436975,,,,,,,2716.1442,,,,,,,4495.441557,,,,,,,,,
1723,,,899.745,,,296000.0,,,,,,,2996.237299,,,,,,,2612.558512,2235.636,,,,,,10580.0,,,,,,,3944.0115,,,,1536.86357,,,,,,,,963.55023,,,,,,,,,60601.228,,,,,,,602.752,508.428,494.1,740.296,1846.3,789.25,,,,,,7568.183112,,,,,,,,,,801.6577561,550.3611567,1142.0,509.524273,,,,,,,462.9345,,,,,,,2541.497747,,,,,,,,,
1722,,,663.2792,,,168800.0,,,,,,,1388.419359,,,,,,,1919.404201,1542.24,,,,,,16060.0,,,,,,,2656.1538,,,,4260.82293,,,,,,,,555.30375,,,,,,,,,34876.05,,,,,,,595.136,849.758,491.238,483.257,1640.58,707.28,,,,,,5164.549432,,,,,,,,,,1077.467322,358.0326908,1169.7,799.742107,,,,,,,1262.52,,,,,,,3515.881381,,,,,,,,,
1721,,,593.055,,,199000.0,,,,,,,1631.318927,,,,,,,1109.057089,662.592,,,,,,22090.0,,,,,,,5991.463,,,,3421.236,,,,,,,,634.52769,,,,,,,,,54019.318,,,,,,,637.636,837.404,574.695,1002.626,1117.585,605.92,,,,,,7235.315808,,,,,,,,,,1289.823414,865.7755209,752.9,741.243533,,,,,,,837.1986,,,,,,,5648.897709,,,,,,,,,
1720,,,1420.29,,,335200.0,,,,,,,949.8555377,,,,,,,1509.10322,768.536,,,,,,24520.0,,,,,,,6053.57424,,,,2307.93774,,,,,,,,728.14,,,,,,,,,49979.184,,,,,,,1181.16,560.048,824.607,1557.293,665.889,599.83,,,,,,6615.768288,,,,,,,,,,469.5861125,639.6268118,862.1,460.866461,,,,,,,1621.2,,,,,,,9321.919578,,,,,,,,,
1719,,,558.096,,,387500.0,,,,,,,1359.0864,,,,,,,1511.713612,694.756,,,,,,31070.0,,,,,,,2570.4872,,,,1579.732,,,,,,,,717.10326,,,,,,,,,83312.44,,,,,,,1302.336,335.733,737.586,1281.162,665.112,783.79,,,,,,6395.359409,,,,,,,,,,490.683699,751.8911297,1357.1,641.160619,,,,,,,3330.512,,,,,,,6205.919148,,,,,,,,,
1718,,,1053.3544,,,146000.0,,,,,,,1546.00515,,,,,,,1398.366308,590.512,,,,,,29540.0,,,,,,,7011.07561,,,,1226.5008,,,,,,,,637.57547,,,,,,,,,70755.843,,,,,,,762.382,407.943,486.513,632.256,1195.692,388.57,,,,,,5764.399094,,,,,,,,,,791.3734147,448.2945541,819.4,996.566039,,,,,,,463.968,,,,,,,4290.729922,,,,,,,,,
1717,,,947.3072,,,1277000.0,,,,,,,2262.437192,,,,,,,2053.050804,903.244,,,,,,25620.0,,,,,,,5884.22875,,,,2685.41,,,,,,,,439.7987,,,,,,,,,35025.55,,,,,,,596.53,501.613,646.056,606.171,1421.244,564.9,,,,,,10470.76339,,,,,,,,,,1222.329998,299.5494101,269.1,657.921067,,,,,,,754.758,,,,,,,10624.68074,,,,,,,,,
1716,,,765.5604,,,659100.0,,,,,,,2912.023949,,,,,,,1851.154117,442.204,,,,,,23920.0,,,,,,,13094.50265,,,,7029.20995,,,,,,,,1102.09774,,,,,,,,,67882.752,,,,,,,678.98,799.472,834.84,970.103,925.962,596.19,,,,,,11006.74121,,,,,,,,,,1224.672125,476.0478789,1642.9,1120.446712,,,,,,,1177.34256,,,,,,,6320.646606,,,,,,,,,
1715,,,978.558,,,617900.0,,,,,,,2187.17035,,,,,,,2598.527788,1029.248,,,,,,33990.0,,,,,,,9504.9251,,,,,,,,,,,,1063.668,,,,,,,,,59764.419,,,,,,,649.06,1018.364,598.995,945.091,1480.888,642.95,,,,,,6000.811548,,,,,,,,,,1286.79903,575.0975338,1306.8,1260.440649,,,,,,,546.9624,,,,,,,4474.531194,,,,,,,,,
1714,,,333.1428,,,364300.0,,,,,,,1884.608705,,,,,,,2861.16243,844.56,,,,,,19460.0,,,,,,,5148.95704,,,,,,,,,,,,1292.44812,,,,,,,,,65663.62,,,,,,,606.186,555.64,624.186,646.982,1247.455,448.49,,,,,,10186.35747,,,,,,,,,,339.2451,627.2709057,756.2,779.679937,,,,,,,796.31856,,,,,,,5023.080358,,,,,,,,,
1713,,,1895.136,,,1008200.0,,,,,,,591.013697,,,,,,,2060.806198,833.272,,,,,,10570.0,,,,,,,3607.1728,,,,,,,,,,,,2067.3024,,,,,,,,,51158.256,,,,,,,488.478,423.632,448.605,1149.072,1574.979,1533.56,,,,,,9716.097501,,,,,,,,,,1268.368,459.5843146,381.4,1177.037419,,,,,,,727.2,,,,,,,5113.143518,,,,,,,,,
1712,,,2035.362,,,384300.0,,,,,,,1325.530203,,,,,,,2272.12668,907.188,,,,,,22550.0,,,,,,,4110.736,,,,,,,,,,,,1573.2465,,,,,,,,,76436.751,,,,,,,182.784,678.658,606.501,2852.848,1694.711,598.15,,,,,,8977.418235,,,,,,,,,,336.24,691.8730627,488.4,695.06299,,,,,,,11161.33668,,,,,,,6149.975815,,,,,,,,,
1711,,,801.9426,,,865000.0,,,,,,,1414.832345,,,,,,,1566.753604,768.06,,,,,,6650.0,,,,,,,8365.75228,,,,,,,,,,,,1518.31863,,,,,,,,,49590.944,,,,,,,,499.641,1214.892,2387.351,785.584,1457.12,,,,,,10880.72194,,,,,,,,,,1521.183725,755.5970114,451.2,623.312142,,,,,,,1402.272,,,,,,,9201.888026,,,,,,,,,
1710,,,616.665,,,508900.0,,,,,,,1592.339615,,,,,,,876.3755527,1494.232,,,,,,25810.0,,,,,,,4565.85104,,,,,,,,,,,,1562.10912,,,,,,,,,73093.862,,,,,,,449.004,588.033,1405.836,1208.679,923.779,1629.53,,,,,,7261.621539,,,,,,,,,,518.08825,811.8874954,657.7,782.627478,,,,,,,1984.554,,,,,,,5927.831979,,,,,,,,,
1709,,,1546.473,,,587500.0,,,,,,,1256.953573,,,,,,,1224.577866,981.24,,,,,,11010.0,,,,,,,4304.69886,,,,,,,,,,,,1435.392,,,,,,,,,61122.546,,,,,,,676.872,748.055,1223.208,925.074,1210.122,1422.54,,,,,,6092.17399,,,,,,,,,,539.75405,629.5867722,406.4,857.772607,,,,,,,495.072,,,,,,,7941.501393,,,,,,,,,
1708,,,1307.8098,,,792100.0,,,,,,,1929.48074,,,,,,,1478.83581,665.108,,,,,,20430.0,,,,,,,6580.3248,,,,,,,,,,,,662.54832,,,,,,,,,58850.445,,,,,,,599.794,893.954,1221.615,1184.444,608.983,2081.17,,,,,,7313.924839,,,,,,,,,,610.408275,833.2597278,516.2,531.172936,,,,,,,997.5636,,,,,,,5343.641392,,,,,,,,,
1707,,,713.328,,,458300.0,,,,,,,1972.680747,,,,,,,1829.843763,494.7,,,,,,23210.0,,,,,,,2448.4752,,,,,,,,,,,,1726.065,,,,,,,,,68769.816,,,,,,,788.902,761.627,1071.711,879.675,638.361,550.76,,,,,,5648.739167,,,,,,,,,,702.568009,306.2337587,1199.9,532.754626,,,,,,,533.24313,,,,,,,1849.673022,,,,,,,,,
1706,,,424.1328,,,586500.0,,,,,,,1178.06089,,,,,,,2025.557233,760.648,,,,,,11500.0,,,,,,,7093.99,,,,,,,,,,,,1265.803,,,,,,,,,26736.626,,,,,,,1140.36,817.365,985.419,1179.227,837.606,551.04,,,,,,8709.040872,,,,,,,,,,1075.575015,517.7890364,697.3,1064.242704,,,,,,,2195.2845,,,,,,,5310.715399,,,,,,,,,
1705,,,653.838,,,788200.0,,,,,,,1688.975617,,,,,,,1437.052487,758.472,,,,,,16350.0,,,,,,,3764.08944,,,,,,,,,,,,820.3125,,,,,,,,,58772.36,,,,,,,1060.188,963.032,793.233,1503.828,931.401,781.48,,,,,,7860.175383,,,,,,,,,,643.4603446,441.9023488,557.5,1224.360127,,,,,,,21588.402,,,,,,,3664.977373,,,,,,,,,
1704,,,997.3656,,,578600.0,,,,,,,1790.418661,,,,,,,1882.943908,1037.136,,,,,,26140.0,,,,,,,4719.855,,,,,,,,,,,,1677.06397,,,,,,,,,77077.623,,,,,,,929.764,1011.984,774.63,1213.378,828.985,1441.02,,,,,,10024.76794,,,,,,,,,,660.8890743,316.0959069,531.7,582.929977,,,,,,,1108.87587,,,,,,,3935.036574,,,,,,,,,
1703,,,556.5636,,,399500.0,,,,,,,3338.351889,,,,,,,2299.995659,844.56,,,,,,16330.0,,,,,,,5137.58684,,,,,,,,,,,,1995.33009,,,,,,,,,67271.55,,,,,,,922.182,711.863,749.223,1171.679,1378.953,852.88,,,,,,8684.676919,,,,,,,,,,722.4899748,520.1040673,436.4,908.328833,,,,,,,1806.872255,,,,,,,7518.088495,,,,,,,,,
1702,,,776.6688,,,473900.0,,,,,,,8028.003728,,,,,,,1280.118564,668.508,,,,,,,,,,,,,6718.91272,,,,,,,,,,,,1270.78546,,,,,,,,,30132.024,,,,,,,928.37,517.969,930.96,1235.8,1787.359,597.1,,,,,,11646.10687,,,,,,,,,,1336.492578,453.7782893,569.3,852.001808,,,,,,,4075.27575,,,,,,,4478.650063,,,,,,,,,
1701,,,1371.0252,,,301400.0,,,,,,,3468.230641,,,,,,,2028.28254,1138.048,,,,,,,,,,,,,5692.871,,,,,,,,,,,,1876.4438,,,,,,,,,56968.424,,,,,,,1048.356,551.899,1207.494,1174.565,1099.27,848.47,,,,,,10244.04607,,,,,,,,,,786.5395661,861.2349684,672.9,1180.220719,,,,,,,2812.968,,,,,,,5969.780715,,,,,,,,,
1700,,,954.1848,,,726900.0,,,,,,,1200.539269,,,,,,,1600.555136,839.868,,,,,,,,,,,,,7520.47145,,,,,,,,,,,,1622.9904,,,,,,,,,46949.21,,,,,,,1082.05,666.971,1194.615,1038.664,779.738,1421.49,,,,,,9720.66206,,,,,,,,,,749.3878115,256.5673143,1186.3,1197.321981,,,,,,,640.359,,,,,,,5129.818678,,,,,,,,,
1699,,,870.1676,,,740900.0,,,,,,,1334.353322,,,,,,,1365.808852,639.064,,,,,,,,,,,,,6189.18195,,,,,,,,,,,,1623.72761,,,,,,,,,59225.966,,,,,,,905.25,486.794,1225.368,885.336,1011.802,1487.5,,,,,,12934.83113,,,,,,,,,,471.9797883,504.0763869,560.7,1063.745856,,,,,,,1530.912,,,,,,,4211.710141,,,,,,,,,
1698,,,1070.2312,,,505200.0,,,,,,,954.0627992,,,,,,,1110.223316,1504.432,,,,,,,,,,,,,4017.3958,,,,,,,,,,,,1751.22848,,,,,,,,,55288.964,,,,,,,887.128,310.648,1027.647,749.805,2038.256,1343.51,,,,,,13190.21957,,,,,,,,,,1181.018059,1035.977341,647.3,648.420291,,,,,,,276.39,,,,,,,4896.14919,,,,,,,,,
1697,,,1377.3188,,,241400.0,,,,,,,1373.6332,,,,,,,932.3115114,1357.96,,,,,,,,,,,,,6762.66678,,,,,,,,,,,,777.1315,,,,,,,,,29723.82,,,,,,,872.27,487.983,482.463,618.751,1526.768,943.18,,,,,,6294.35855,,,,,,,,,,1055.63667,393.8001823,461.7,831.882545,,,,,,,1136.048,,,,,,,6388.27664,,,,,,,,,
1696,,,717.377,,,447800.0,,,,,,,1147.842578,,,,,,,844.9004449,1597.048,,,,,,,,,,,,,10877.9538,,,,,,,,,,,,1508.3745,,,,,,,,,34092.9,,,,,,,1010.14,898.971,449.172,569.171,1496.539,1918.7,,,,,,6558.104505,,,,,,,,,,511.0368014,705.6965564,975.5,890.919058,,,,,,,1650.015,,,,,,,8613.623464,,,,,,,,,
1695,,,2259.1552,,,750100.0,,,,,,,1643.084234,,,,,,,1272.82381,1726.996,,,,,,,,,,,,,6419.55458,,,,,,,,,,,,777.638,,,,,,,,,82492.283,,,,,,,930.818,1005.285,714.447,554.519,1199.725,1270.01,,,,,,8746.036314,,,,,,,,,,1242.135906,587.8022448,1111.2,478.003196,,,,,,,759.129,,,,,,,8683.797558,,,,,,,,,
1694,,,964.3635,,,886300.0,,,,,,,1516.474008,,,,,,,1271.274055,1490.628,,,,,,,,,,,,,6441.42507,,,,,,,,,,,,605.8484,,,,,,,,,75146.566,,,,,,,679.218,642.234,618.678,936.581,759.869,165.13,,,,,,9270.086461,,,,,,,,,,1253.88926,822.9893544,1721.2,458.77168,,,,,,,755.085,,,,,,,2546.025482,,,,,,,,,
1693,,,484.5,,,555500.0,,,,,,,1397.171369,,,,,,,1824.977655,1050.328,,,,,,,,,,,,,7138.40072,,,,,,,,,,,,1739.71,,,,,,,,,56800.064,,,,,,,425.068,555.234,637.956,1280.274,786.213,430.43,,,,,,6104.795902,,,,,,,,,,454.0612356,712.5307298,722.8,766.877238,,,,,,,1117.398,,,,,,,5919.339827,,,,,,,,,
1692,,,696.1755,,,266300.0,,,,,,,2507.871857,,,,,,,963.6976712,922.216,,,,,,,,,,,,,5374.99452,,,,,,,,,,,,2027.865,,,,,,,,,78745.744,,,,,,,409.598,753.71,818.235,1357.345,676.841,976.22,,,,,,16353.30704,,,,,,,,,,1468.335133,831.3842858,572.9,485.560008,,,,,,,1214.1,,,,,,,4685.084801,,,,,,,,,
1691,,,544.9738,,,1088100.0,,,,,,,2023.749478,,,,,,,1149.509818,930.648,,,,,,,,,,,,,5362.73568,,,,,,,,,,,,1075.109,,,,,,,,,75473.166,,,,,,,529.958,856.631,831.438,1354.311,534.613,680.82,,,,,,21245.83094,,,,,,,,,,977.9139216,717.353585,657.0,406.145105,,,,,,,1403.67,,,,,,,5684.344787,,,,,,,,,
1690,,,369.6888,,,331600.0,,,,,,,1942.09364,,,,,,,1363.473769,520.472,,,,,,,,,,,,,4133.43864,,,,,,,,,,,,336.126,,,,,,,,,73594.825,,,,,,,980.22,724.42,312.336,878.787,1135.604,714.63,,,,,,9842.054615,,,,,,,,,,1273.308725,205.8481351,1506.1,315.652619,,,,,,,585.75,,,,,,,6477.035118,,,,,,,,,
1689,,,937.8263,,,538000.0,,,,,,,1119.833897,,,,,,,1081.507221,713.184,,,,,,,,,,,,,6994.14318,,,,,,,,,,,,575.28108,,,,,,,,,37481.168,,,,,,,1210.842,941.978,293.49,430.162,1148.147,1224.37,,,,,,11939.40299,,,,,,,,,,3702.731254,429.4855264,532.1,508.39406,,,,,,,8990.943,,,,,,,6162.60569,,,,,,,,,
1688,,,1561.4144,,,719300.0,,,,,,,866.042693,,,,,,,947.9313656,695.912,,,,,,,,,,,,,4577.66046,,,,,,,,,,,,2155.9012,,,,,,,,,75126.418,,,,,,,1250.35,1380.487,662.904,385.873,753.505,2138.71,,,,,,9446.093983,,,,,,,,,,1964.112637,314.0853763,627.5,527.148158,,,,,,,453.50327,,,,,,,3555.139966,,,,,,,,,
1687,,,2451.391,,,326400.0,,,,,,,1790.646854,,,,,,,1344.536193,995.656,,,,,,,,,,,,,5034.98125,,,,,,,,,,,,1101.552,,,,,,,,,43340.878,,,,,,,1432.148,942.877,590.733,575.646,1460.612,1023.82,,,,,,7904.950529,,,,,,,,,,1491.572182,557.9505424,647.1,689.824624,,,,,,,1007.13725,,,,,,,3961.398085,,,,,,,,,
1686,,,1305.0818,,,412300.0,,,,,,,1215.172023,,,,,,,2039.167979,771.664,,,,,,,,,,,,,2940.43164,,,,,,,,,,,,852.016,,,,,,,,,69705.87,,,,,,,1667.734,610.189,496.179,741.887,1001.035,1103.83,,,,,,8607.736638,,,,,,,,,,1315.446568,807.9403805,436.2,704.698575,,,,,,,1803.08844,,,,,,,3675.079511,,,,,,,,,
1685,,,774.4522,,,760600.0,,,,,,,699.5949242,,,,,,,1295.077659,688.772,,,,,,,,,,,,,3741.003,,,,,,,,,,,,,,,,,,,,,61169.949,,,,,,,1254.634,414.207,465.129,799.348,807.34,1055.25,,,,,,10018.33971,,,,,,,,,,487.91015,601.8564563,646.4,460.522499,,,,,,,1239.65725,,,,,,,3929.034024,,,,,,,,,
1684,,,2073.6709,,,235800.0,,,,,,,515.7665382,,,,,,,1238.449105,1096.092,,,,,,,,,,,,,3557.11611,,,,,,,,,,,,988.80483,,,,,,,,,61903.465,,,,,,,730.66,285.969,610.173,779.072,1205.534,1206.59,,,,,,6242.778217,,,,,,,,,,745.7077079,587.1232814,2464.9,301.11332,,,,,,,2601.90882,,,,,,,4827.93991,,,,,,,,,
1683,,,1007.4993,,,505200.0,,,,,,,959.4174893,,,,,,,1062.9029,966.144,,,,,,,,,,,,,3697.42716,,,,,,,,,,,,2433.55766,,,,,,,,,76401.745,,,,,,,430.644,176.146,707.67,677.174,844.34,736.26,,,,,,7313.408062,,,,,,,,,,933.0632945,472.7642011,543.9,654.443816,,,,,,,1213.81275,,,,,,,4530.580556,,,,,,,,,
1682,,,629.7828,,,362800.0,,,,,,,1313.98834,,,,,,,605.0152668,517.752,,,,,,,,,,,,,2612.48428,,,,,,,,,,,,453.54652,,,,,,,,,35835.426,,,,,,,343.06,289.942,409.104,489.103,465.386,534.59,,,,,,15127.33678,,,,,,,,,,826.6131416,270.0665254,452.6,670.226224,,,,,,,1042.512,,,,,,,4990.955645,,,,,,,,,
1681,,,873.6885,,,583400.0,,,,,,,874.0048958,,,,,,,1625.92592,553.86,,,,,,,,,,,,,3009.98176,,,,,,,,,,,,1224.7872,,,,,,,,,40379.605,,,,,,,619.922,607.144,247.887,480.112,486.698,1204.7,,,,,,6601.855114,,,,,,,,,,1207.940469,211.32913,870.4,1144.290888,,,,,,,1834.5636,,,,,,,4140.922102,,,,,,,,,
1680,,,443.0475,,,331500.0,,,,,,,791.2424737,,,,,,,1511.563276,755.14,,,,,,,,,,,,,3585.4968,,,,,,,,,,,,2048.4699,,,,,,,,,47607.47,,,,,,,566.202,683.965,574.317,578.347,668.109,1898.82,,,,,,4106.761721,,,,,,,,,,1106.406289,630.4851641,669.2,789.908105,,,,,,,2067.552,,,,,,,2267.724557,,,,,,,,,
1679,,,2055.876,,,574400.0,,,,,,,1324.586812,,,,,,,1263.866417,838.984,,,,,,,,,,,,,3635.556,,,,,,,,,,,,3512.5272,,,,,,,,,62535.252,,,,,,,593.674,845.495,785.754,1076.108,921.337,1280.3,,,,,,7813.241139,,,,,,,,,,1108.845826,670.8255262,155.0,448.866431,,,,,,,404.94204,,,,,,,2469.721657,,,,,,,,,
1678,,,868.3558,,,361400.0,,,,,,,1634.823824,,,,,,,1789.793302,1218.424,,,,,,,,,,,,,4294.36572,,,,,,,,,,,,291.56,,,,,,,,,58807.182,,,,,,,1002.694,776.127,265.599,1366.299,809.301,690.48,,,,,,7350.242514,,,,,,,,,,365.8363543,742.7728307,393.3,898.548358,,,,,,,765.648,,,,,,,4626.806828,,,,,,,,,
1677,,,214.7544,,,951200.0,,,,,,,1342.143367,,,,,,,1600.426031,1626.152,,,,,,,,,,,,,4930.92386,,,,,,,,,,,,1234.2078,,,,,,,,,39977.956,,,,,,,1368.092,897.115,429.381,1339.918,1370.517,829.29,,,,,,14301.23246,,,,,,,,,,851.5630907,726.166961,358.0,96.727428,,,,,,,1819.29888,,,,,,,3670.998458,,,,,,,,,
1676,,,184.977,,,464300.0,,,,,,,931.4644192,,,,,,,602.1901482,1441.668,,,,,,,,,,,,,7912.01148,,,,,,,,,,,,1930.36105,,,,,,,,,72628.71,,,,,,,1017.62,862.17,1032.21,1406.074,1125.133,520.59,,,,,,10848.55101,,,,,,,,,,622.9143571,553.1491065,485.3,994.723939,,,,,,,901.206,,,,,,,6296.986079,,,,,,,,,
1675,,,321.2748,,,671600.0,,,,,,,946.8184805,,,,,,,1038.570576,1089.428,,,,,,,,,,,,,7163.52698,,,,,,,,,,,,1587.476,,,,,,,,,40114.024,,,,,,,721.684,747.098,757.134,1313.759,884.226,824.53,,,,,,12822.13739,,,,,,,,,,1060.158276,481.8250732,634.7,744.938657,,,,,,,3208.86828,,,,,,,7138.101382,,,,,,,,,
1674,,,1391.4838,,,419600.0,,,,,,,1606.708299,,,,,,,1673.4601,1587.324,,,,,,,,,,,,,3550.4325,,,,,,,,,,,,801.57852,,,,,,,,,107008.512,,,,,,,505.07,903.408,879.471,1965.514,1668.33,1010.24,,,,,,9350.027479,,,,,,,,,,1433.551833,854.1475013,1676.8,302.977209,,,,,,,7035.18444,,,,,,,5901.948385,,,,,,,,,
1673,,,1215.9294,,,1039500.0,,,,,,,1062.245099,,,,,,,757.5387735,1745.016,,,,,,,,,,,,,4486.6604,,,,,,,,,,,,668.459,,,,,,,,,118426.08,,,,,,,439.348,1135.988,553.419,2113.218,1194.101,302.54,,,,,,10462.7416,,,,,,,,,,2344.603135,1803.622138,684.7,1128.684713,,,,,,,2183.259,,,,,,,4844.737443,,,,,,,,,
1672,,,1598.3125,,,132700.0,,,,,,,1167.445476,,,,,,,1267.938815,380.528,,,,,,,,,,,,,6727.04978,,,,,,,,,,,,991.539,,,,,,,,,49036.0,,,,,,,591.498,824.673,375.246,1145.89,837.125,302.61,,,,,,6915.00454,,,,,,,,,,1437.85228,682.6704155,353.3,1268.61682,,,,,,,1779.552,,,,,,,5330.705955,,,,,,,,,
1671,,,756.4401,,,453500.0,,,,,,,748.4137147,,,,,,,1840.434925,950.368,,,,,,,,,,,,,8348.22,,,,,,,,,,,,1947.708,,,,,,,,,61590.32,,,,,,,933.912,458.229,585.252,761.83,872.312,428.54,,,,,,9143.204814,,,,,,,,,,605.0333774,339.1712996,709.4,810.225767,,,,,,,1722.4425,,,,,,,2079.253024,,,,,,,,,
1670,,,513.6098,,,305000.0,,,,,,,937.0599028,,,,,,,1493.724359,744.464,,,,,,,,,,,,,3675.0294,,,,,,,,,,,,1081.06709,,,,,,,,,51646.408,,,,,,,,583.132,909.495,625.337,1596.55,440.3,,,,,,8435.798525,,,,,,,,,,870.53692,314.7403032,1412.8,405.554956,,,,,,,996.78,,,,,,,2045.169617,,,,,,,,,
1669,,,345.1648,,,551500.0,,,,,,,911.6813219,,,,,,,1198.615768,529.992,,,,,,,,,,,,,8059.0448,,,,,,,,,,,,740.24328,,,,,,,,,66265.668,,,,,,,344.658,624.283,888.84,631.775,1914.491,573.23,,,,,,5624.370682,,,,,,,,,,528.535744,125.8313027,663.1,578.912932,,,,,,,1427.09,,,,,,,5742.539075,,,,,,,,,
1668,,,778.005,,,216500.0,,,,,,,766.843434,,,,,,,734.1657235,714.952,,,,,,,,,,,,,4812.90183,,,,,,,,,,,,983.35152,,,,,,,,,66626.952,,,,,,,727.634,461.709,624.375,1365.226,1125.725,672.28,,,,,,6516.848763,,,,,,,,,,1422.081366,577.6317133,269.0,558.1846,,,,,,,2239.425,,,,,,,4907.079807,,,,,,,,,
1667,,,651.6072,,,640600.0,,,,,,,806.3009121,,,,,,,1257.298575,712.708,,,,,,,,,,,,,5040.9428,,,,,,,,,,,,1481.0348,,,,,,,,,63612.48,,,,,,,797.402,617.845,595.782,1222.073,1221.407,248.08,,,,,,10130.82321,,,,,,,,,,629.607257,318.6404956,358.3,1489.698443,,,,,,,405.816,,,,,,,8976.152546,,,,,,,,,
1666,,,1062.1945,,,546900.0,,,,,,,1138.084689,,,,,,,1661.987237,820.556,,,,,,,,,,,,,5069.1691,,,,,,,,,,,,1725.26727,,,,,,,,,26830.65,,,,,,,,606.622,799.632,1421.836,917.97,755.16,,,,,,7491.584419,,,,,,,,,,721.7500928,1015.465696,201.2,588.729383,,,,,,,304.28652,,,,,,,5178.074139,,,,,,,,,
1665,,,938.9952,,,660700.0,,,,,,,1335.816213,,,,,,,1232.373275,581.264,,,,,,,,,,,,,6736.57488,,,,,,,,,,,,1291.79853,,,,,,,,,59732.058,,,,,,,,673.438,794.475,1674.065,1474.487,902.58,,,,,,5631.989236,,,,,,,,,,821.7922878,642.7459996,318.4,562.245214,,,,,,,417.027,,,,,,,6897.108996,,,,,,,,,
1664,,,1920.138,,,339400.0,,,,,,,1429.859752,,,,,,,566.0393662,811.104,,,,,,,,,,,,,5270.0362,,,,,,,,,,,,1156.6624,,,,,,,,,50445.969,,,,,,,,735.585,906.687,1595.921,2200.205,952.14,,,,,,10525.51156,,,,,,,,,,1208.338501,291.6510969,268.1,435.200412,,,,,,,443.33622,,,,,,,3581.645392,,,,,,,,,
1663,,,1103.778,,,840400.0,,,,,,,1868.134016,,,,,,,968.4543593,555.764,,,,,,,,,,,,,8347.99482,,,,,,,,,,,,5808.58057,,,,,,,,,53328.858,,,,,,,,877.221,1016.523,1429.902,2283.011,869.4,,,,,,9064.389135,,,,,,,,,,419.896015,263.154816,788.8,1079.57724,,,,,,,696.0958,,,,,,,7022.179057,,,,,,,,,
1662,,,624.65,,,1896900.0,,,,,,,915.1475315,,,,,,,2382.511812,845.308,,,,,,,,,,,,,5417.4258,,,,,,,,,,,,2598.38761,,,,,,,,,54181.56,,,,,,,,764.15,879.66,1858.843,1160.838,1112.37,,,,,,14269.29544,,,,,,,,,,874.6403543,342.6574578,410.7,730.772057,,,,,,,1199.54,,,,,,,6422.952991,,,,,,,,,
1661,,,1382.1056,,,228000.0,,,,,,,1604.484509,,,,,,,3031.688126,1253.036,,,,,,,,,,,,,4002.61957,,,,,,,,,,,,1953.84042,,,,,,,,,72899.397,,,,,,,,675.671,795.096,1849.001,886.335,391.79,,,,,,8700.558889,,,,,,,,,,184.8737856,392.1105811,517.4,467.868145,,,,,,,1716.20652,,,,,,,4897.662973,,,,,,,,,
1660,,,972.6822,,,180900.0,,,,,,,2072.287331,,,,,,,1843.214937,4308.82,,,,,,,,,,,,,7902.28242,,,,,,,,,,,,1955.41871,,,,,,,,,62448.174,,,,,,,,684.168,869.157,1309.43,989.972,917.49,,,,,,18789.38166,,,,,,,,,,536.9907732,156.2740522,434.6,829.000344,,,,,,,1278.054,,,,,,,7256.123155,,,,,,,,,
1659,,,994.2263,,,396500.0,,,,,,,2085.293989,,,,,,,2381.439205,1722.984,,,,,,,,,,,,,10038.54214,,,,,,,,,,,,1046.7662,,,,,,,,,52416.885,,,,,,,,758.002,959.013,1404.557,1591.592,491.19,,,,,,7052.949914,,,,,,,,,,1290.501775,118.7946116,1228.1,929.896456,,,,,,,436.67622,,,,,,,5164.626413,,,,,,,,,
1658,,,3793.5909,,,593400.0,,,,,,,1653.347506,,,,,,,1668.755398,1201.424,,,,,,,,,,,,,5759.7819,,,,,,,,,,,,501.5385,,,,,,,,,51176.196,,,,,,,984.844,552.885,672.003,925.481,1111.887,969.08,,,,,,17489.012,,,,,,,,,,1008.673308,668.3586225,1214.2,838.229841,,,,,,,701.631,,,,,,,4876.638238,,,,,,,,,
1657,,,2100.2968,,,158900.0,,,,,,,1330.412075,,,,,,,579.0733924,652.664,,,,,,,,,,,,,5763.53541,,,,,,,,,,,,2687.4282,,,,,,,,,66950.217,,,,,,,2189.702,850.657,500.688,705.997,2223.552,830.9,,,,,,11482.77771,,,,,,,,,,1696.83259,691.1646214,1542.9,1326.33379,,,,,,,1084.97727,,,,,,,2109.958254,,,,,,,,,
1656,,,1065.2148,,,955100.0,,,,,,,2535.049265,,,,,,,1297.442408,575.008,,,,,,,,,,,,,4534.43874,,,,,,,,,,,,1712.41852,,,,,,,,,77332.854,,,,,,,932.246,1229.281,624.996,652.199,2160.948,346.64,,,,,,10021.50517,,,,,,,,,,570.171888,583.9332467,560.5,542.21497,,,,,,,2641.8,,,,,,,3459.230855,,,,,,,,,
1655,,,1793.2402,,,350000.0,,,,,,,2274.758484,,,,,,,2317.30456,957.032,,,,,,,,,,,,,5713.0321,,,,,,,,,,,,1161.6006,,,,,,,,,71802.964,,,,,,,819.366,1029.877,661.257,823.028,1280.459,498.61,,,,,,11821.46732,,,,,,,,,,1020.545856,687.3425281,620.0,722.244864,,,,,,,906.5925,,,,,,,2839.501916,,,,,,,,,
1654,,,2592.0093,,,244800.0,,,,,,,1202.82405,,,,,,,4828.378991,1801.66,,,,,,,,,,,,,4604.70144,,,,,,,,,,,,1486.198,,,,,,,,,37690.56,,,,,,,893.928,577.651,516.348,666.703,1181.077,841.82,,,,,,8441.886255,,,,,,,,,,856.6224288,580.9324215,440.4,900.192427,,,,,,,982.13022,,,,,,,2817.919763,,,,,,,,,
1653,,,855.118,,,595200.0,,,,,,,2042.94783,,,,,,,933.5152035,948.532,,,,,,,,,,,,,3140.08673,,,,,,,,,,,,530.706,,,,,,,,,61465.338,,,,,,,1159.468,239.946,482.652,415.399,1278.535,511.35,,,,,,17045.62098,,,,,,,,,,974.0146992,869.6444506,670.3,774.977784,,,,,,,1139.07978,,,,,,,4823.539929,,,,,,,,,
1652,,,645.1431,,,258700.0,,,,,,,433.7000136,,,,,,,670.6440737,1523.54,,,,,,,,,,,,,,,,,,,,,,,,,1643.39875,,,,,,,,,96075.6,,,,,,,1377.884,105.183,459.243,430.902,1490.693,1568.56,,,,,,4908.405584,,,,,,,,,,1667.292294,725.4896079,866.0,739.429021,,,,,,,492.84,,,,,,,8372.448739,,,,,,,,,
1651,,,4424.4812,,,181400.0,,,,,,,1222.828542,,,,,,,575.6995663,999.124,,,,,,,,,,,,,,,,,,,,,,,,,1207.3065,,,,,,,,,44023.38,,,,,,,1341.878,162.545,646.218,1167.757,2214.746,1495.62,,,,,,5726.634148,,,,,,,,,,1595.313034,642.1786702,841.1,990.120099,,,,,,,922.62978,,,,,,,7027.285298,,,,,,,,,
1650,,,1008.7564,,,733600.0,,,,,,,1401.496036,,,,,,,4115.481177,864.756,,,,,,,,,,,,,,,,,,,,,,,,,1265.65964,,,,,,,,,81753.408,,,,,,,1029.86,435.29,417.771,1322.824,788.174,1743.56,,,,,,11695.08451,,,,,,,,,,1136.88288,467.9765904,379.1,515.744756,,,,,,,1127.98422,,,,,,,1777.130471,,,,,,,,,
1649,,,1242.1512,,,427500.0,,,,,,,1470.280571,,,,,,,2458.327375,1555.84,,,,,,,,,,,,,,,,,,,,,,,,,929.92623,,,,,,,,,58572.72,,,,,,,762.858,714.27,472.986,1434.157,1771.264,1064.14,,,,,,10093.47865,,,,,,,,,,652.3731093,681.6829808,612.0,1001.491444,,,,,,,1158.84,,,,,,,6933.960625,,,,,,,,,
1648,,,995.0526,,,891200.0,,,,,,,2253.889601,,,,,,,998.147206,982.94,,,,,,,,,,,,,,,,,,,,,,,,,948.56575,,,,,,,,,57684.0,,,,,,,853.978,820.758,736.803,1220.889,2734.559,1401.05,,,,,,6550.401104,,,,,,,,,,1300.912213,420.8205634,632.5,896.500271,,,,,,,773.892,,,,,,,3735.870578,,,,,,,,,
1647,,,748.1385,,,470100.0,,,,,,,2111.571903,,,,,,,1671.4664,1329.944,,,,,,,,,,,,,,,,,,,,,,,,,967.66164,,,,,,,,,47093.696,,,,,,,1132.812,520.579,462.186,1362.932,1614.347,630.07,,,,,,6711.642398,,,,,,,,,,1485.519776,442.4244557,689.3,932.46353,,,,,,,1591.74,,,,,,,11331.46935,,,,,,,,,
1646,,,1625.8452,,,308100.0,,,,,,,940.8832567,,,,,,,1822.085246,1340.144,,,,,,,,,,,,,,,,,,,,,,,,,851.59612,,,,,,,,,40400.397,,,,,,,1403.146,527.075,533.385,1230.472,846.671,783.23,,,,,,8143.778173,,,,,,,,,,780.2264888,392.3905996,332.6,1096.641419,,,,,,,2525.472,,,,,,,6414.83519,,,,,,,,,
1645,,,4167.9624,,,988600.0,,,,,,,831.3438208,,,,,,,1922.863614,1478.796,,,,,,,,,,,,,,,,,,,,,,,,,1877.309,,,,,,,,,45753.831,,,,,,,1300.568,776.533,811.08,704.739,1364.227,808.22,,,,,,6100.285682,,,,,,,,,,803.0061424,401.8658021,137.1,1139.923632,,,,,,,2154.72978,,,,,,,4674.905731,,,,,,,,,
1644,,,3172.527,,,356600.0,,,,,,,1118.652003,,,,,,,1421.137813,4522.0,,,,,,,,,,,,,,,,,,,,,,,,,153.7112,,,,,,,,,50107.731,,,,,,,962.54,745.445,1049.085,869.722,929.144,1090.04,,,,,,9782.350899,,,,,,,,,,575.343384,827.2209349,1224.4,464.508704,,,,,,,1539.792,,,,,,,6358.034791,,,,,,,,,
1643,,,1235.4036,,,485900.0,,,,,,,1455.909075,,,,,,,2511.893287,845.92,,,,,,,,,,,,,,,,,,,,,,,,,1106.322,,,,,,,,,39394.124,,,,,,,684.114,548.448,1055.97,1757.389,1409.034,2678.83,,,,,,11879.93732,,,,,,,,,,2569.256461,758.8557713,869.0,341.865081,,,,,,,1579.6558,,,,,,,7297.454591,,,,,,,,,
1642,,,1366.9621,,,557300.0,,,,,,,2025.550196,,,,,,,1379.336299,2113.644,,,,,,,,,,,,,,,,,,,,,,,,,1287.078,,,,,,,,,63009.144,,,,,,,559.028,307.719,1070.199,1288.599,1935.211,1614.34,,,,,,13647.76914,,,,,,,,,,1686.501367,800.7779865,799.1,868.519385,,,,,,,2554.4025,,,,,,,3099.74872,,,,,,,,,
1641,,,1598.868,,,646200.0,,,,,,,997.022275,,,,,,,980.3226211,1237.26,,,,,,,,,,,,,,,,,,,,,,,,,1089.15271,,,,,,,,,42298.725,,,,,,,505.648,250.125,625.023,713.693,598.253,954.59,,,,,,9702.499814,,,,,,,,,,981.68729,609.1659103,263.0,779.98725,,,,,,,2400.24438,,,,,,,4211.543345,,,,,,,,,
1640,,,1240.1114,,,419500.0,,,,,,,3355.956853,,,,,,,1765.646903,771.188,,,,,,,,,,,,,,,,,,,,,,,,,1527.4518,,,,,,,,,65934.675,,,,,,,441.15,555.408,596.808,372.886,312.65,1165.08,,,,,,8785.539811,,,,,,,,,,842.3769439,461.4864976,1356.0,283.544239,,,,,,,1005.21,,,,,,,5445.702814,,,,,,,,,
1639,,,1549.1412,,,52100.0,,,,,,,2539.231489,,,,,,,2617.302785,2585.36,,,,,,,,,,,,,,,,,,,,,,,,,339.9584,,,,,,,,,43701.15,,,,,,,329.12,501.671,397.359,345.099,565.767,349.23,,,,,,3527.271907,,,,,,,,,,845.1535656,187.1616382,789.9,517.732659,,,,,,,2683.845,,,,,,,4519.568234,,,,,,,,,
1638,,,479.1688,,,454700.0,,,,,,,1032.267056,,,,,,,3986.371254,1329.06,,,,,,,,,,,,,,,,,,,,,,,,,812.864,,,,,,,,,37772.785,,,,,,,318.274,516.113,464.319,416.028,740.962,995.75,,,,,,7242.686302,,,,,,,,,,612.5837388,731.9158992,617.3,998.681275,,,,,,,3862.33875,,,,,,,6975.325509,,,,,,,,,
1637,,,530.8121,,,834600.0,,,,,,,1948.823148,,,,,,,2312.856144,865.164,,,,,,,,,,,,,,,,,,,,,,,,,1421.15404,,,,,,,,,89403.162,,,,,,,280.092,560.367,771.768,407.259,411.514,939.47,,,,,,4242.641299,,,,,,,,,,1302.626998,536.5351335,688.0,329.955933,,,,,,,1554.54,,,,,,,5733.815031,,,,,,,,,
1636,,,999.2334,,,706900.0,,,,,,,1139.813366,,,,,,,966.8243246,830.212,,,,,,,,,,,,,,,,,,,,,,,,,686.82266,,,,,,,,,40943.565,,,,,,,438.26,583.19,662.526,651.866,573.796,888.79,,,,,,20478.4274,,,,,,,,,,827.9847041,958.5987343,740.3,748.70407,,,,,,,758.33028,,,,,,,5004.394042,,,,,,,,,
1635,,,1323.274,,,148700.0,,,,,,,603.2336959,,,,,,,938.4667025,2083.18,,,,,,,,,,,,,,,,,,,,,,,,,664.8642,,,,,,,,,12582.15,,,,,,,626.28,511.647,627.561,1419.764,802.715,865.62,,,,,,5140.412098,,,,,,,,,,854.5606298,643.3721219,573.0,1338.849606,,,,,,,1162.458,,,,,,,5741.146875,,,,,,,,,
1634,,,1285.3432,,,371200.0,,,,,,,1242.711747,,,,,,,453.8661714,764.864,,,,,,,,,,,,,,,,,,,,,,,,,2386.176,,,,,,,,,72421.02,,,,,,,842.282,401.215,335.475,1391.385,425.093,914.06,,,,,,7246.152429,,,,,,,,,,876.34419,325.681668,766.6,826.584122,,,,,,,2046.8928,,,,,,,2480.686724,,,,,,,,,
1633,,,1095.536,,,565500.0,,,,,,,1839.356887,,,,,,,1439.143828,768.74,,,,,,,,,,,,,,,,,,,,,,,,,1515.43305,,,,,,,,,48371.323,,,,,,,892.806,408.175,363.906,867.724,259.74,545.16,,,,,,6258.476224,,,,,,,,,,558.190125,484.5693701,297.0,709.50543,,,,,,,452.808,,,,,,,5530.722806,,,,,,,,,
1632,,,954.6495,,,551100.0,,,,,,,1381.659803,,,,,,,1929.952573,1387.676,,,,,,,,,,,,,,,,,,,,,,,,,677.293,,,,,,,,,40447.11,,,,,,,797.64,447.354,661.122,712.287,525.918,613.48,,,,,,7907.429039,,,,,,,,,,2156.171948,512.1051083,436.6,205.869701,,,,,,,1636.35372,,,,,,,4005.552638,,,,,,,,,
1631,,,967.9665,,,200300.0,,,,,,,1354.64276,,,,,,,1128.583401,984.844,,,,,,,,,,,,,,,,,,,,,,,,,848.65,,,,,,,,,48825.803,,,,,,,847.314,789.206,768.123,667.739,383.505,631.47,,,,,,9749.969104,,,,,,,,,,1268.756703,599.6662118,726.7,456.766463,,,,,,,1403.872,,,,,,,4373.912058,,,,,,,,,
1630,,,800.569,,,319700.0,,,,,,,1299.596058,,,,,,,640.9509181,1695.58,,,,,,,,,,,,,,,,,,,,,,,,,1657.018,,,,,,,,,44457.689,,,,,,,986.476,784.102,703.458,829.281,471.787,716.66,,,,,,7381.470776,,,,,,,,,,495.454548,407.4701595,551.0,871.902782,,,,,,,1073.6292,,,,,,,5152.129404,,,,,,,,,
1629,,,574.7166,,,524200.0,,,,,,,997.8446692,,,,,,,889.9743185,1979.208,,,,,,,,,,,,,,,,,,,,,,,,,3607.12346,,,,,,,,,48841.65,,,,,,,1148.316,774.648,694.035,948.014,1049.542,289.87,,,,,,6530.506136,,,,,,,,,,1463.551331,482.4769906,632.5,561.029089,,,,,,,1736.676,,,,,,,2724.094402,,,,,,,,,
1628,,,,,,337000.0,,,,,,,1661.470359,,,,,,,1027.675446,2193.952,,,,,,,,,,,,,,,,,,,,,,,,,856.84284,,,,,,,,,53534.156,,,,,,,1278.944,588.497,650.457,1120.508,1525.806,313.74,,,,,,6451.40982,,,,,,,,,,1213.388786,709.7702015,350.0,642.658782,,,,,,,1585.056,,,,,,,3255.272172,,,,,,,,,
1627,,,,,,376200.0,,,,,,,1500.230057,,,,,,,1649.782782,1084.668,,,,,,,,,,,,,,,,,,,,,,,,,1860.73251,,,,,,,,,29783.16,,,,,,,569.466,406.493,812.403,1363.857,1193.324,1331.61,,,,,,7391.910811,,,,,,,,,,1890.457806,491.1253164,571.9,353.444935,,,,,,,1651.005,,,,,,,4621.98092,,,,,,,,,
1626,,,1225.4072,,,344300.0,,,,,,,1372.038426,,,,,,,1635.538954,1391.756,,,,,,,,,,,,,,,,,,,,,,,,,977.85909,,,,,,,,,56850.365,,,,,,,673.03,818.438,898.29,933.066,905.094,1098.86,,,,,,8443.229477,,,,,,,,,,2540.348026,382.4423259,837.3,1008.992058,,,,,,,2025.09828,,,,,,,5476.989395,,,,,,,,,
1625,,,621.233,,,544100.0,,,,,,,1073.173429,,,,,,,1255.976694,1117.92,,,,,,,,,,,,,,,,,,,,,,,,,1089.088,,,,,,,,,75918.722,,,,,,,900.762,585.046,900.342,1152.735,887.001,997.36,,,,,,6183.570333,,,,,,,,,,555.3104256,610.3165528,546.6,475.204848,,,,,,,1696.32,,,,,,,6789.461464,,,,,,,,,
1624,,,456.4736,,,403000.0,,,,,,,889.3191672,,,,,,,821.1387875,845.58,,,,,,,,,,,,,,,,,,,,,,,,,523.88937,,,,,,,,,50829.264,,,,,,,1087.83,685.763,646.083,1059.199,914.825,6163.15,,,,,,6569.021361,,,,,,,,,,1404.772902,811.4031122,274.5,522.17222,,,,,,,1204.5981,,,,,,,8391.307863,,,,,,,,,
1623,,,752.5968,,,595700.0,,,,,,,922.7184536,,,,,,,347.3967654,2002.6,,,,,,,,,,,,,,,,,,,,,,,,,1226.69526,,,,,,,,,50739.15,,,,,,,1086.912,961.408,635.067,1782.031,1289.339,2685.62,,,,,,7590.701047,,,,,,,,,,833.868536,299.999384,602.8,373.941964,,,,,,,929.328,,,,,,,3651.112378,,,,,,,,,
1622,,,777.669,,,624200.0,,,,,,,1645.689996,,,,,,,549.7241624,490.824,,,,,,,,,,,,,,,,,,,,,,,,,1074.9216,,,,,,,,,87490.459,,,,,,,891.65,572.895,786.186,1357.456,1200.613,799.19,,,,,,6403.496176,,,,,,,,,,765.6403254,659.2988003,702.6,875.993246,,,,,,,2190.92496,,,,,,,3780.964133,,,,,,,,,
1621,,,1153.6861,,,299800.0,,,,,,,1095.149111,,,,,,,1814.186238,941.528,,,,,,,,,,,,,,,,,,,,,,,,,997.31604,,,,,,,,,58283.748,,,,,,,856.46,517.389,827.766,839.493,1067.265,3390.94,,,,,,7028.493143,,,,,,,,,,333.7137108,1008.187903,375.6,602.081193,,,,,,,777.17448,,,,,,,7730.207119,,,,,,,,,
1620,,,1210.1554,,,298200.0,,,,,,,2486.798796,,,,,,,5242.555777,861.628,,,,,,,,,,,,,,,,,,,,,,,,,771.48813,,,,,,,,,28896.004,,,,,,,966.28,620.629,808.758,,1435.156,25435.9,,,,,,,,,,,,,,,,716.190378,921.2161906,562.1,554.32362,,,,,,,1975.848,,,,,,,3916.122898,,,,,,,,,
1619,,,806.526,,,469400.0,,,,,,,1340.078085,,,,,,,1656.067435,1504.704,,,,,,,,,,,,,,,,,,,,,,,,,1379.975,,,,,,,,,48681.455,,,,,,,1423.342,702.467,564.786,,2046.803,2208.08,,,,,,,,,,,,,,,,916.5976728,402.7775137,349.1,846.056795,,,,,,,2270.741984,,,,,,,6025.601228,,,,,,,,,
1618,,,760.6797,,,312200.0,,,,,,,1010.863337,,,,,,,1699.146896,766.7,,,,,,,,,,,,,,,,,,,,,,,,,1062.9828,,,,,,,,,64057.254,,,,,,,1569.1,469.771,498.069,,1578.79,2531.34,,,,,,,,,,,,,,,,827.5480425,493.0532927,503.3,1144.415785,,,,,,,1205.36,,,,,,,5180.770009,,,,,,,,,
1617,,,2415.5901,,,765800.0,,,,,,,991.5680058,,,,,,,5327.608651,1243.312,,,,,,,,,,,,,,,,,,,,,,,,,3663.86562,,,,,,,,,54307.669,,,,,,,1157.802,720.447,715.77,,544.566,5352.97,,,,,,,,,,,,,,,,428.608125,322.637811,388.8,535.475862,,,,,,,2122.68,,,,,,,4359.545065,,,,,,,,,
1616,,,1876.3,,,570000.0,,,,,,,944.5851219,,,,,,,7946.537196,1020.408,,,,,,,,,,,,,,,,,,,,,,,,,397.5178,,,,,,,,,53421.87,,,,,,,931.702,560.483,835.056,,559.107,2525.18,,,,,,,,,,,,,,,,1263.777225,635.3802716,206.2,424.383036,,,,,,,460.469125,,,,,,,2737.956946,,,,,,,,,
1615,,,1586.8336,,,304300.0,,,,,,,2216.764957,,,,,,,1321.840357,673.472,,,,,,,,,,,,,,,,,,,,,,,,,409.05678,,,,,,,,,65671.578,,,,,,,485.928,382.945,671.463,,311.133,1011.5,,,,,,,,,,,,,,,,308.2898,1191.136281,1285.4,946.165692,,,,,,,397.8975,,,,,,,8253.116463,,,,,,,,,
1614,,,685.2608,,,207500.0,,,,,,,1207.812986,,,,,,,767.4395373,515.168,,,,,,,,,,,,,,,,,,,,,,,,,849.282,,,,,,,,,85277.445,,,,,,,489.838,408.494,553.041,,846.412,1011.08,,,,,,,,,,,,,,,,2093.47905,1245.807731,1035.8,397.874268,,,,,,,2016.24885,,,,,,,3831.426968,,,,,,,,,
1613,,,470.9672,,,588200.0,,,,,,,2214.461927,,,,,,,570.4977187,874.684,,,,,,,,,,,,,,,,,,,,,,,,,1331.25525,,,,,,,,,54402.291,,,,,,,896.308,335.414,855.873,,2679.614,296.45,,,,,,,,,,,,,,,,730.271225,599.2651714,1321.4,183.256805,,,,,,,1990.45,,,,,,,3579.404074,,,,,,,,,
1612,,,802.1976,,,518500.0,,,,,,,1711.103172,,,,,,,1366.476225,672.044,,,,,,,,,,,,,,,,,,,,,,,,,798.228,,,,,,,,,97014.0,,,,,,,938.162,851.759,1263.411,,2878.97,1015.63,,,,,,,,,,,,,,,,675.3701225,630.455425,854.9,471.470886,,,,,,,2194.5,,,,,,,5902.573349,,,,,,,,,
1611,,,1136.3242,,,1389000.0,,,,,,,1335.609256,,,,,,,2304.701098,997.628,,,,,,,,,,,,,,,,,,,,,,,,,843.75258,,,,,,,,,49610.862,,,,,,,812.362,1177.197,1082.592,,1024.493,1909.74,,,,,,,,,,,,,,,,502.2663,552.6536664,692.8,1163.908252,,,,,,,5468.124,,,,,,,4328.624529,,,,,,,,,
1610,,,948.1152,,,389100.0,,,,,,,814.4934949,,,,,,,825.9519855,695.3,,,,,,,,,,,,,,,,,,,,,,,,,976.64017,,,,,,,,,43549.971,,,,,,,1096.67,889.865,869.94,,837.236,620.9,,,,,,,,,,,,,,,,349.319475,231.5246613,1102.7,905.003621,,,,,,,2648.87553,,,,,,,4333.981527,,,,,,,,,
1609,,,1126.699,,,227100.0,,,,,,,953.5138116,,,,,,,4233.37933,1784.592,,,,,,,,,,,,,,,,,,,,,,,,,1137.519,,,,,,,,,47256.03,,,,,,,767.958,1125.258,876.285,,874.236,412.72,,,,,,,,,,,,,,,,644.7920888,498.0533663,1146.7,787.805304,,,,,,,755.87358,,,,,,,5075.790595,,,,,,,,,
1608,,,659.4509,,,350100.0,,,,,,,1082.343677,,,,,,,4058.170401,2473.432,,,,,,,,,,,,,,,,,,,,,,,,,493.14974,,,,,,,,,64697.85,,,,,,,503.166,780.477,843.723,,332.593,839.79,,,,,,,,,,,,,,,,2103.384839,780.6739213,809.1,1551.391004,,,,,,,815.4775,,,,,,,4186.62352,,,,,,,,,
1607,,,844.668,,,287200.0,,,,,,,1292.269246,,,,,,,887.7520264,2440.86,,,,,,,,,,,,,,,,,,,,,,,,,593.2035,,,,,,,,,38492.685,,,,,,,495.55,380.074,858.573,,427.165,696.36,,,,,,,,,,,,,,,,997.2788056,385.6588745,843.4,863.6732,,,,,,,749.501835,,,,,,,2881.107046,,,,,,,,,
1606,,,762.7692,,,700300.0,,,,,,,1750.906337,,,,,,,1339.116964,869.856,,,,,,,,,,,,,,,,,,,,,,,,,990.02983,,,,,,,,,160983.072,,,,,,,644.946,772.676,701.514,,1299.625,1507.45,,,,,,,,,,,,,,,,2532.437796,250.3435205,477.0,603.563318,,,,,,,937.41558,,,,,,,3328.212173,,,,,,,,,
1605,,,579.7748,,,290700.0,,,,,,,1311.694713,,,,,,,2253.257387,972.74,,,,,,,,,,,,,,,,,,,,,,,,,426.6286,,,,,,,,,67125.592,,,,,,,1094.256,696.145,377.568,,855.477,1568.49,,,,,,,,,,,,,,,,928.1671533,315.9024841,581.5,620.466986,,,,,,,1332.73,,,,,,,1911.824355,,,,,,,,,
1604,,,384.79,,,726100.0,,,,,,,1320.162961,,,,,,,759.508273,901.884,,,,,,,,,,,,,,,,,,,,,,,,,697.98575,,,,,,,,,39553.56,,,,,,,787.168,884.21,827.415,,650.497,1058.12,,,,,,,,,,,,,,,,1233.097448,1023.194334,803.2,1243.35232,,,,,,,310.26816,,,,,,,3784.972417,,,,,,,,,
1603,,,506.548,,,554300.0,,,,,,,1283.813236,,,,,,,260.1972765,1166.132,,,,,,,,,,,,,,,,,,,,,,,,,1313.272,,,,,,,,,66882.16,,,,,,,842.316,421.805,944.622,,1080.178,678.86,,,,,,,,,,,,,,,,1985.558062,627.593372,1107.3,1110.935514,,,,,,,654.192,,,,,,,6572.903751,,,,,,,,,
1602,,,1125.0427,,,523000.0,,,,,,,1048.818996,,,,,,,880.2027875,865.368,,,,,,,,,,,,,,,,,,,,,,,,,703.618,,,,,,,,,57343.83,,,,,,,923.1,522.0,909.09,,1848.964,1161.86,,,,,,,,,,,,,,,,1249.309455,1561.036318,1459.9,928.291152,,,,,,,350.427,,,,,,,6843.205439,,,,,,,,,
1601,,,252.7305,,,646300.0,,,,,,,1378.718461,,,,,,,903.7462652,989.876,,,,,,,,,,,,,,,,,,,,,,,,,1334.25822,,,,,,,,,61468.512,,,,,,,1167.628,1242.563,934.74,,958.966,703.22,,,,,,,,,,,,,,,,2077.028208,1400.429317,642.6,618.360599,,,,,,,693.92169,,,,,,,5640.302148,,,,,,,,,
1600,,,565.5336,,,869000.0,,,,,,,1256.725806,,,,,,,2028.183353,992.528,,,,,,,,,,,,,,,,,,,,,,,,,2085.49758,,,,,,,,,59856.35,,,,,,,1124.958,1054.643,725.139,,439.782,331.94,,,,,,,,,,,,,,,,972.5669184,507.2537886,435.9,1037.675808,,,,,,,2205.28308,,,,,,,5119.861179,,,,,,,,,
1599,,,1617.2198,,,234700.0,,,,,,,1203.721117,,,,,,,2414.147375,1598.748,,,,,,,,,,,,,,,,,,,,,,,,,1023.56317,,,,,,,,,36885.1,,,,,,,866.116,660.301,664.2,,763.273,205.87,,,,,,,,,,,,,,,,1018.893269,582.5208144,1803.7,491.852323,,,,,,,1226.09025,,,,,,,4668.021302,,,,,,,,,
1598,,,1774.3424,,,175200.0,,,,,,,2305.679468,,,,,,,1331.501222,1069.096,,,,,,,,,,,,,,,,,,,,,,,,,1054.117,,,,,,,,,33791.025,,,,,,,750.38,348.145,738.018,,780.552,1231.23,,,,,,,,,,,,,,,,629.251392,461.8593131,1274.9,536.805038,,,,,,,1306.536,,,,,,,3244.290473,,,,,,,,,
1597,,,757.538,,,339000.0,,,,,,,2624.466209,,,,,,,996.6377781,1254.056,,,,,,,,,,,,,,,,,,,,,,,,,743.56626,,,,,,,,,36500.448,,,,,,,703.222,509.298,738.18,,1129.684,1530.2,,,,,,,,,,,,,,,,836.07108,278.9876987,516.9,802.293251,,,,,,,2106.17181,,,,,,,2480.769072,,,,,,,,,
1596,,,673.1315,,,299200.0,,,,,,,1402.946897,,,,,,,707.5567021,1108.536,,,,,,,,,,,,,,,,,,,,,,,,,1758.82007,,,,,,,,,67931.88,,,,,,,754.324,709.05,949.644,,1493.061,1018.71,,,,,,,,,,,,,,,,296.8470651,507.8407361,789.0,1557.959952,,,,,,,2420.9838,,,,,,,4489.164155,,,,,,,,,
1595,,,492.6146,,,309900.0,,,,,,,5998.968321,,,,,,,975.1631607,2078.42,,,,,,,,,,,,,,,,,,,,,,,,,1648.48631,,,,,,,,,41406.555,,,,,,,738.004,791.207,1235.547,,1550.929,632.03,,,,,,,,,,,,,,,,1095.42955,852.1728097,893.1,1777.571965,,,,,,,771.635,,,,,,,5180.023925,,,,,,,,,
1594,,,516.9878,,,452000.0,,,,,,,2765.051324,,,,,,,1358.354668,1190.748,,,,,,,,,,,,,,,,,,,,,,,,,1896.30376,,,,,,,,,142240.602,,,,,,,554.472,938.991,1090.962,,776.371,646.87,,,,,,,,,,,,,,,,1377.135875,1719.323253,748.7,1062.926641,,,,,,,2010.12825,,,,,,,5142.433226,,,,,,,,,
1593,,,1330.8672,,,768900.0,,,,,,,1391.780776,,,,,,,1645.71354,1211.08,,,,,,,,,,,,,,,,,,,,,,,,,1777.44168,,,,,,,,,79617.651,,,,,,,615.604,501.816,750.411,,926.036,577.57,,,,,,,,,,,,,,,,1303.628623,438.4143413,675.0,533.230666,,,,,,,5483.4,,,,,,,6362.281819,,,,,,,,,
1592,,,923.9424,,,461600.0,,,,,,,1995.708638,,,,,,,1396.016705,1347.012,,,,,,,,,,,,,,,,,,,,,,,,,,,,,,,,,,41985.419,,,,,,,695.232,260.797,802.17,,1308.579,833.28,,,,,,,,,,,,,,,,625.884903,564.2059752,1119.9,558.941436,,,,,,,896.22,,,,,,,2776.537648,,,,,,,,,
1591,,,1021.1152,,,132400.0,,,,,,,2156.89605,,,,,,,1838.55286,2349.468,,,,,,,,,,,,,,,,,,,,,,,,,,,,,,,,,,41770.208,,,,,,,636.548,220.313,715.932,,1063.824,1017.52,,,,,,,,,,,,,,,,1257.482996,287.991171,1060.7,436.439173,,,,,,,2975.8755,,,,,,,4783.116713,,,,,,,,,
1590,,,655.8351,,,747600.0,,,,,,,1291.217878,,,,,,,4073.160375,1153.144,,,,,,,,,,,,,,,,,,,,,,,,,,,,,,,,,,96866.984,,,,,,,618.528,735.469,530.739,,1279.053,1136.94,,,,,,,,,,,,,,,,832.675725,248.6481053,538.2,743.461893,,,,,,,3449.628,,,,,,,6265.14637,,,,,,,,,
1589,,,585.9212,,,404000.0,,,,,,,759.9686218,,,,,,,834.009223,670.412,,,,,,,,,,,,,,,,,,,,,,,,,,,,,,,,,,63695.832,,,,,,,642.702,795.267,595.296,,593.628,1564.5,,,,,,,,,,,,,,,,1117.221599,336.8919961,583.0,728.740614,,,,,,,318.6927,,,,,,,7095.83288,,,,,,,,,
1588,,,2085.7848,,,257400.0,,,,,,,710.108445,,,,,,,850.5798493,994.568,,,,,,,,,,,,,,,,,,,,,,,,,,,,,,,,,,47603.721,,,,,,,774.86,408.378,567.864,,1276.833,6043.8,,,,,,,,,,,,,,,,515.7472852,693.0227755,676.2,921.512321,,,,,,,680.3919,,,,,,,2683.054255,,,,,,,,,
1587,,,1143.8568,,,929500.0,,,,,,,1176.03231,,,,,,,1170.01402,657.016,,,,,,,,,,,,,,,,,,,,,,,,,,,,,,,,,,90901.888,,,,,,,1077.392,610.682,669.492,,2379.951,2087.96,,,,,,,,,,,,,,,,598.5241612,305.5299181,208.2,982.525926,,,,,,,1282.8819,,,,,,,6844.504692,,,,,,,,,
1586,,,464.7698,,,279800.0,,,,,,,1138.312269,,,,,,,1917.458611,3199.944,,,,,,,,,,,,,,,,,,,,,,,,,,,,,,,,,,47573.614,,,,,,,1061.718,632.171,509.733,,1511.413,1077.23,,,,,,,,,,,,,,,,768.7345498,593.7287724,799.7,580.883872,,,,,,,1686.8789,,,,,,,3774.036471,,,,,,,,,
1585,,,563.27,,,418500.0,,,,,,,1218.211295,,,,,,,1171.679057,3023.756,,,,,,,,,,,,,,,,,,,,,,,,,,,,,,,,,,128908.077,,,,,,,687.038,587.946,587.277,,535.797,895.51,,,,,,,,,,,,,,,,1108.619732,540.8109867,379.1,723.556572,,,,,,,669.18,,,,,,,5419.929046,,,,,,,,,
1584,,,359.744,,,345700.0,,,,,,,3251.791513,,,,,,,643.5911257,1864.968,,,,,,,,,,,,,,,,,,,,,,,,,,,,,,,,,,67922.68,,,,,,,520.132,636.637,754.893,,218.485,1831.62,,,,,,,,,,,,,,,,411.4137972,472.7455991,291.7,1060.737368,,,,,,,1577.56844,,,,,,,8426.060044,,,,,,,,,
1583,,,1146.4392,,,282000.0,,,,,,,2005.137923,,,,,,,948.6100602,583.576,,,,,,,,,,,,,,,,,,,,,,,,,,,,,,,,,,40477.815,,,,,,,577.456,568.371,1019.817,,693.01,1510.88,,,,,,,,,,,,,,,,324.8537208,350.2428959,924.2,674.741496,,,,,,,1100.202,,,,,,,8476.587141,,,,,,,,,
1582,,,1012.0656,,,387000.0,,,,,,,1667.811905,,,,,,,1116.687297,866.66,,,,,,,,,,,,,,,,,,,,,,,,,,,,,,,,,,49701.16,,,,,,,557.056,883.659,941.22,,839.974,331.17,,,,,,,,,,,,,,,,1396.540412,525.1527248,643.9,673.205484,,,,,,,489.6,,,,,,,4213.924692,,,,,,,,,
1581,,,2204.016,,,264900.0,,,,,,,1108.205423,,,,,,,573.7442292,733.788,,,,,,,,,,,,,,,,,,,,,,,,,,,,,,,,,,59811.224,,,,,,,588.88,827.95,653.643,,1732.636,1128.4,,,,,,,,,,,,,,,,401.5791603,841.5556122,509.8,362.810052,,,,,,,412.5,,,,,,,4554.220824,,,,,,,,,
1580,,,1975.9704,,,405100.0,,,,,,,1752.324654,,,,,,,402.5361573,944.044,,,,,,,,,,,,,,,,,,,,,,,,,,,,,,,,,,43707.015,,,,,,,749.122,1004.212,768.933,,927.553,675.36,,,,,,,,,,,,,,,,846.975802,571.4756888,814.6,338.078485,,,,,,,255.0,,,,,,,8473.15981,,,,,,,,,
1579,,,1739.9556,,,468800.0,,,,,,,2067.270586,,,,,,,560.5172776,445.74,,,,,,,,,,,,,,,,,,,,,,,,,,,,,,,,,,43257.204,,,,,,,1020.714,832.822,583.335,,841.269,405.16,,,,,,,,,,,,,,,,1896.473403,720.8829679,672.8,953.931248,,,,,,,2134.08,,,,,,,5707.479268,,,,,,,,,
1578,,,1658.43,,,441700.0,,,,,,,1553.214289,,,,,,,1028.250386,630.088,,,,,,,,,,,,,,,,,,,,,,,,,,,,,,,,,,70846.302,,,,,,,845.172,547.259,500.688,,1506.492,1133.16,,,,,,,,,,,,,,,,3433.697482,1129.504264,477.7,342.888001,,,,,,,981.5,,,,,,,5327.041109,,,,,,,,,
1577,,,2123.6772,,,512200.0,,,,,,,877.7390032,,,,,,,1742.408145,2964.392,,,,,,,,,,,,,,,,,,,,,,,,,,,,,,,,,,37856.62,,,,,,,607.41,636.086,759.618,,929.514,426.16,,,,,,,,,,,,,,,,1582.686265,385.6682153,345.8,972.974098,,,,,,,1113.0,,,,,,,5959.755504,,,,,,,,,
1576,,,1063.6751,,,380400.0,,,,,,,3069.599715,,,,,,,3046.402543,2377.076,,,,,,,,,,,,,,,,,,,,,,,,,,,,,,,,,,60971.482,,,,,,,441.864,667.58,912.492,,867.206,532.0,,,,,,,,,,,,,,,,657.9191579,753.7830641,839.7,1298.102901,,,,,,,2639.29,,,,,,,2152.322611,,,,,,,,,
1575,,,884.6386,,,1175800.0,,,,,,,1446.886003,,,,,,,487.0990087,1913.792,,,,,,,,,,,,,,,,,,,,,,,,,,,,,,,,,,49852.5,,,,,,,313.956,594.297,901.368,,950.641,1074.29,,,,,,,,,,,,,,,,1235.120156,564.8609099,645.2,776.038264,,,,,,,3566.077075,,,,,,,4329.47597,,,,,,,,,
1574,,,390.1284,,,150600.0,,,,,,,1932.451609,,,,,,,1959.220211,1908.216,,,,,,,,,,,,,,,,,,,,,,,,,,,,,,,,,,59594.656,,,,,,,272.102,442.337,567.243,,534.724,1088.5,,,,,,,,,,,,,,,,666.7768015,744.6289622,936.3,691.838713,,,,,,,688.2975,,,,,,,2691.544065,,,,,,,,,
1573,,,610.5078,,,691400.0,,,,,,,1125.642888,,,,,,,3960.830402,1931.132,,,,,,,,,,,,,,,,,,,,,,,,,,,,,,,,,,53157.117,,,,,,,341.598,517.998,497.448,,396.566,258.93,,,,,,,,,,,,,,,,596.4060547,501.2695329,357.5,883.998653,,,,,,,621.332775,,,,,,,5383.671387,,,,,,,,,
1572,,,725.868,,,537900.0,,,,,,,1407.441095,,,,,,,2797.45144,1194.352,,,,,,,,,,,,,,,,,,,,,,,,,,,,,,,,,,65950.499,,,,,,,469.472,396.053,589.653,,398.009,319.55,,,,,,,,,,,,,,,,1130.332252,564.4800276,409.0,386.958712,,,,,,,597.372975,,,,,,,5412.262866,,,,,,,,,
1571,,,766.661,,,319100.0,,,,,,,1674.066813,,,,,,,3350.336239,1175.448,,,,,,,,,,,,,,,,,,,,,,,,,,,,,,,,,,46078.292,,,,,,,631.55,216.63,904.662,,1123.801,753.97,,,,,,,,,,,,,,,,1665.748755,591.4422891,620.3,713.99486,,,,,,,743.780475,,,,,,,4690.001602,,,,,,,,,
1570,,,922.777,,,643300.0,,,,,,,2254.455457,,,,,,,1612.258551,762.552,,,,,,,,,,,,,,,,,,,,,,,,,,,,,,,,,,36790.018,,,,,,,613.326,512.343,801.9,,1037.221,570.15,,,,,,,,,,,,,,,,435.1977566,747.4950571,552.8,939.587175,,,,,,,2448.21,,,,,,,3952.27824,,,,,,,,,
1569,,,1111.9226,,,432000.0,,,,,,,922.9725766,,,,,,,757.3304196,1484.644,,,,,,,,,,,,,,,,,,,,,,,,,,,,,,,,,,40667.22,,,,,,,530.672,842.653,372.762,,823.583,352.66,,,,,,,,,,,,,,,,731.6465241,378.2936889,328.5,744.342199,,,,,,,1298.1774,,,,,,,4648.524495,,,,,,,,,
1568,,,1180.0066,,,479300.0,,,,,,,864.5537052,,,,,,,793.8582913,1332.664,,,,,,,,,,,,,,,,,,,,,,,,,,,,,,,,,,62645.238,,,,,,,515.882,682.051,442.152,,594.553,275.45,,,,,,,,,,,,,,,,1004.112274,663.0576312,647.4,332.199206,,,,,,,902.84805,,,,,,,5972.002496,,,,,,,,,
1567,,,808.8256,,,541500.0,,,,,,,4708.965267,,,,,,,470.0672109,1049.852,,,,,,,,,,,,,,,,,,,,,,,,,,,,,,,,,,57448.48,,,,,,,426.02,490.477,435.348,,946.941,655.9,,,,,,,,,,,,,,,,1241.077908,707.8737071,665.3,317.109904,,,,,,,2149.6761,,,,,,,7094.972176,,,,,,,,,
1566,,,981.2325,,,283800.0,,,,,,,978.4942661,,,,,,,670.6403883,339.184,,,,,,,,,,,,,,,,,,,,,,,,,,,,,,,,,,77616.49,,,,,,,387.43,325.09,444.879,,698.486,2284.52,,,,,,,,,,,,,,,,329.130888,431.4948683,681.0,502.49255,,,,,,,1281.296,,,,,,,8678.316386,,,,,,,,,
1565,,,196.0372,,,462100.0,,,,,,,1343.365695,,,,,,,837.7683015,895.492,,,,,,,,,,,,,,,,,,,,,,,,,,,,,,,,,,68792.678,,,,,,,529.108,484.126,656.451,,630.221,1207.15,,,,,,,,,,,,,,,,261.2926656,205.7954513,556.4,769.868576,,,,,,,999.35,,,,,,,3121.000573,,,,,,,,,
1564,,,893.4588,,,168500.0,,,,,,,1561.887194,,,,,,,487.0128687,1257.728,,,,,,,,,,,,,,,,,,,,,,,,,,,,,,,,,,108387.063,,,,,,,555.56,760.409,339.687,,534.206,392.84,,,,,,,,,,,,,,,,1400.028166,461.7631813,486.2,962.609969,,,,,,,617.9775,,,,,,,32323.95992,,,,,,,,,
1563,,,379.854,,,275300.0,,,,,,,387.6721681,,,,,,,857.9040266,772.412,,,,,,,,,,,,,,,,,,,,,,,,,,,,,,,,,,57224.736,,,,,,,730.864,543.373,260.28,,1267.213,724.01,,,,,,,,,,,,,,,,615.140052,869.7058038,830.4,694.903335,,,,,,,588.749475,,,,,,,4076.719718,,,,,,,,,
1562,,,1005.469,,,351500.0,,,,,,,469.2702136,,,,,,,374.8214053,571.064,,,,,,,,,,,,,,,,,,,,,,,,,,,,,,,,,,39980.325,,,,,,,1001.402,545.374,222.831,,605.32,363.44,,,,,,,,,,,,,,,,1193.875687,444.1768197,652.6,1134.834994,,,,,,,1054.7685,,,,,,,2946.907751,,,,,,,,,
1561,,,1072.23,,,201200.0,,,,,,,3565.484751,,,,,,,1289.556141,1134.988,,,,,,,,,,,,,,,,,,,,,,,,,,,,,,,,,,44187.945,,,,,,,1000.552,488.708,251.721,,494.579,297.36,,,,,,,,,,,,,,,,750.1195332,768.8973752,670.1,1166.072451,,,,,,,1210.673025,,,,,,,3887.08493,,,,,,,,,
1560,,,1024.7704,,,806300.0,,,,,,,1484.99659,,,,,,,975.2206408,1542.716,,,,,,,,,,,,,,,,,,,,,,,,,,,,,,,,,,29587.407,,,,,,,755.548,559.41,408.645,,1537.35,416.85,,,,,,,,,,,,,,,,985.2259554,340.3758757,716.8,901.544986,,,,,,,1971.2475,,,,,,,4803.973503,,,,,,,,,
1559,,,812.3973,,,265200.0,,,,,,,1468.901709,,,,,,,1665.057758,1942.08,,,,,,,,,,,,,,,,,,,,,,,,,,,,,,,,,,32128.079,,,,,,,735.25,571.039,449.847,,2678.541,701.89,,,,,,,,,,,,,,,,1105.111901,641.9539501,161.1,658.782795,,,,,,,2733.2025,,,,,,,4830.977546,,,,,,,,,
1558,,,521.31,,,353100.0,,,,,,,731.9658411,,,,,,,3347.192499,665.72,,,,,,,,,,,,,,,,,,,,,,,,,,,,,,,,,,47742.296,,,,,,,751.162,516.635,608.877,,1176.933,389.2,,,,,,,,,,,,,,,,812.4557499,864.828986,535.9,790.797534,,,,,,,803.29965,,,,,,,6262.341675,,,,,,,,,
1557,,,1235.937,,,763600.0,,,,,,,1390.259908,,,,,,,1668.726459,1066.716,,,,,,,,,,,,,,,,,,,,,,,,,,,,,,,,,,127120.908,,,,,,,618.154,847.38,639.414,,484.996,286.72,,,,,,,,,,,,,,,,401.7477204,760.5845425,447.5,580.298551,,,,,,,404.982045,,,,,,,3227.090635,,,,,,,,,
1556,,,802.444,,,304500.0,,,,,,,1312.278979,,,,,,,2973.986945,1309.544,,,,,,,,,,,,,,,,,,,,,,,,,,,,,,,,,,88587.858,,,,,,,525.232,845.611,629.1,,1336.033,787.08,,,,,,,,,,,,,,,,241.9374096,577.1327113,503.3,763.469735,,,,,,,1570.154625,,,,,,,4293.473536,,,,,,,,,
1555,,,1914.5632,,,216000.0,,,,,,,1536.570116,,,,,,,2182.859974,1263.712,,,,,,,,,,,,,,,,,,,,,,,,,,,,,,,,,,66406.428,,,,,,,566.984,679.441,341.739,,898.804,602.7,,,,,,,,,,,,,,,,257.3722836,895.9853528,1152.9,1082.587542,,,,,,,2714.138,,,,,,,7027.919837,,,,,,,,,
1554,,,1790.7065,,,466100.0,,,,,,,2992.948664,,,,,,,1040.795487,1024.352,,,,,,,,,,,,,,,,,,,,,,,,,,,,,,,,,,100013.2,,,,,,,577.762,767.659,366.066,,1669.847,1658.93,,,,,,,,,,,,,,,,792.8776044,477.4032195,193.4,570.689827,,,,,,,513.864,,,,,,,3291.467099,,,,,,,,,
1553,,,649.326,,,437800.0,,,,,,,1891.619923,,,,,,,707.6262401,596.156,,,,,,,,,,,,,,,,,,,,,,,,,,,,,,,,,,66034.679,,,,,,,487.9,438.712,475.146,,2201.389,1875.37,,,,,,,,,,,,,,,,1093.223425,584.0609796,588.1,1761.689405,,,,,,,617.8,,,,,,,1848.443883,,,,,,,,,
1552,,,826.9966,,,237700.0,,,,,,,1278.839884,,,,,,,1662.512881,655.656,,,,,,,,,,,,,,,,,,,,,,,,,,,,,,,,,,73352.727,,,,,,,453.288,408.668,554.58,,1103.192,1056.16,,,,,,,,,,,,,,,,471.5640633,780.9517057,333.0,500.985882,,,,,,,1057.16,,,,,,,2436.972999,,,,,,,,,
1551,,,835.6796,,,411700.0,,,,,,,2697.95871,,,,,,,1652.080734,880.6,,,,,,,,,,,,,,,,,,,,,,,,,,,,,,,,,,45468.654,,,,,,,374.68,501.236,740.421,,,843.64,,,,,,,,,,,,,,,,716.496669,327.3362031,212.3,681.907235,,,,,,,1641.4,,,,,,,5371.313553,,,,,,,,,
1550,,,456.2565,,,97800.0,,,,,,,886.392472,,,,,,,2892.703024,2047.072,,,,,,,,,,,,,,,,,,,,,,,,,,,,,,,,,,60718.896,,,,,,,177.31,704.236,1054.998,,887.778,953.96,,,,,,,,,,,,,,,,850.4889085,501.3277999,321.5,1417.69184,,,,,,,809.0104,,,,,,,3650.853124,,,,,,,,,
1549,,,1101.205,,,558400.0,,,,,,,1685.983374,,,,,,,1585.835634,1423.784,,,,,,,,,,,,,,,,,,,,,,,,,,,,,,,,,,53173.7,,,,,,,46.682,609.928,926.208,,842.083,559.79,,,,,,,,,,,,,,,,235.86395,746.8131962,433.2,581.555822,,,,,,,2495.681636,,,,,,,6324.515832,,,,,,,,,
1548,,,1881.0745,,,470200.0,,,,,,,1639.157848,,,,,,,1295.583139,1604.868,,,,,,,,,,,,,,,,,,,,,,,,,,,,,,,,,,53421.456,,,,,,,,289.681,535.032,,958.078,608.58,,,,,,,,,,,,,,,,1651.87085,511.2969238,533.8,431.594861,,,,,,,2401.905177,,,,,,,6896.561311,,,,,,,,,
1547,,,1619.9512,,,1308200.0,,,,,,,1341.867075,,,,,,,1791.01954,822.936,,,,,,,,,,,,,,,,,,,,,,,,,,,,,,,,,,37081.083,,,,,,,865.062,477.746,338.067,,808.228,1076.6,,,,,,,,,,,,,,,,915.969299,427.5276332,328.2,642.907447,,,,,,,1706.4,,,,,,,8520.364722,,,,,,,,,
1546,,,1016.5791,,,503400.0,,,,,,,1178.76213,,,,,,,2047.419785,1765.008,,,,,,,,,,,,,,,,,,,,,,,,,,,,,,,,,,64021.65,,,,,,,840.582,645.221,284.121,,1180.041,1284.71,,,,,,,,,,,,,,,,504.071575,707.6374917,597.3,768.836705,,,,,,,776.56605,,,,,,,3198.422553,,,,,,,,,
1545,,,2325.0744,,,537400.0,,,,,,,1603.967657,,,,,,,1806.967236,2047.344,,,,,,,,,,,,,,,,,,,,,,,,,,,,,,,,,,36940.737,,,,,,,879.58,702.844,287.064,,466.348,605.85,,,,,,,,,,,,,,,,888.2874669,698.8064178,579.3,557.454701,,,,,,,703.3607,,,,,,,3585.64498,,,,,,,,,
1544,,,1939.0104,,,220600.0,,,,,,,533.2277446,,,,,,,2217.812499,659.668,,,,,,,,,,,,,,,,,,,,,,,,,,,,,,,,,,86368.887,,,,,,,645.32,542.909,298.728,,258.963,532.14,,,,,,,,,,,,,,,,1450.781539,698.1837071,459.8,988.993209,,,,,,,697.798926,,,,,,,3000.18625,,,,,,,,,
1543,,,1309.6622,,,338800.0,,,,,,,1057.929757,,,,,,,960.2390996,1826.072,,,,,,,,,,,,,,,,,,,,,,,,,,,,,,,,,,22169.7,,,,,,,815.388,665.434,222.453,,403.485,826.07,,,,,,,,,,,,,,,,1027.175877,652.6435327,596.4,140.825616,,,,,,,1206.039375,,,,,,,5685.798352,,,,,,,,,
1542,,,1736.019,,,484100.0,,,,,,,573.6782688,,,,,,,1167.728145,1770.856,,,,,,,,,,,,,,,,,,,,,,,,,,,,,,,,,,51665.176,,,,,,,1259.122,689.997,306.747,,943.167,610.12,,,,,,,,,,,,,,,,1466.061679,457.1252505,604.1,600.312427,,,,,,,1919.295,,,,,,,8530.271154,,,,,,,,,
1541,,,1402.5078,,,582500.0,,,,,,,1971.738411,,,,,,,1432.56444,2145.876,,,,,,,,,,,,,,,,,,,,,,,,,,,,,,,,,,53958.874,,,,,,,1258.986,566.921,537.192,,998.223,578.34,,,,,,,,,,,,,,,,638.383005,493.9570874,1052.1,723.562709,,,,,,,825.66135,,,,,,,5504.850719,,,,,,,,,
1540,,,1104.138,,,405900.0,,,,,,,2041.103346,,,,,,,3135.582963,1072.292,,,,,,,,,,,,,,,,,,,,,,,,,,,,,,,,,,66457.902,,,,,,,884.51,545.925,599.94,,693.417,604.8,,,,,,,,,,,,,,,,1979.523746,543.1943373,671.2,1245.08417,,,,,,,1510.0425,,,,,,,3183.635918,,,,,,,,,
1539,,,1485.7048,,,531600.0,,,,,,,3746.251384,,,,,,,1751.265542,788.664,,,,,,,,,,,,,,,,,,,,,,,,,,,,,,,,,,49755.44,,,,,,,699.788,756.378,430.785,,987.049,956.62,,,,,,,,,,,,,,,,1605.581419,570.3735366,558.9,1124.585704,,,,,,,237.896,,,,,,,3205.084604,,,,,,,,,
1538,,,439.056,,,167900.0,,,,,,,3618.595696,,,,,,,769.5075903,607.512,,,,,,,,,,,,,,,,,,,,,,,,,,,,,,,,,,61410.966,,,,,,,985.422,1000.442,700.38,,950.789,1693.79,,,,,,,,,,,,,,,,2152.525443,1031.461174,265.2,945.212474,,,,,,,2294.784,,,,,,,3387.884969,,,,,,,,,
1537,,,254.4444,,,267400.0,,,,,,,4434.475365,,,,,,,651.6668643,762.688,,,,,,,,,,,,,,,,,,,,,,,,,,,,,,,,,,55569.932,,,,,,,674.39,825.92,1106.919,,1191.807,1508.92,,,,,,,,,,,,,,,,1173.240218,525.1438879,719.5,975.475721,,,,,,,868.317975,,,,,,,2859.966612,,,,,,,,,
1536,,,738.541,,,342100.0,,,,,,,896.0304447,,,,,,,810.9839475,2021.3,,,,,,,,,,,,,,,,,,,,,,,,,,,,,,,,,,50846.56,,,,,,,781.694,814.958,691.578,,2263.808,1138.76,,,,,,,,,,,,,,,,976.6158336,662.2364516,643.4,1087.078525,,,,,,,1773.565875,,,,,,,3012.52277,,,,,,,,,
1535,,,1845.85,,,300400.0,,,,,,,1556.485057,,,,,,,1357.827543,1282.412,,,,,,,,,,,,,,,,,,,,,,,,,,,,,,,,,,49904.02,,,,,,,674.798,714.85,755.19,,1304.25,1320.55,,,,,,,,,,,,,,,,1590.368691,814.5025555,318.1,1103.277664,,,,,,,1654.629525,,,,,,,7433.259889,,,,,,,,,
1534,,,938.08,,,295300.0,,,,,,,4601.545287,,,,,,,955.2791545,610.98,,,,,,,,,,,,,,,,,,,,,,,,,,,,,,,,,,66058.346,,,,,,,569.67,699.77,771.174,,1300.92,916.44,,,,,,,,,,,,,,,,2715.997935,921.4012293,786.0,1098.286796,,,,,,,315.76635,,,,,,,6712.090343,,,,,,,,,
1533,,,744.1995,,,488300.0,,,,,,,6443.286194,,,,,,,2524.218502,839.324,,,,,,,,,,,,,,,,,,,,,,,,,,,,,,,,,,58284.392,,,,,,,696.218,748.287,771.066,,1137.306,209.3,,,,,,,,,,,,,,,,782.637359,361.164118,357.8,598.702027,,,,,,,2883.276,,,,,,,2887.458292,,,,,,,,,
1532,,,1277.6418,,,303700.0,,,,,,,3334.048737,,,,,,,1979.378459,1649.952,,,,,,,,,,,,,,,,,,,,,,,,,,,,,,,,,,63358.1,,,,,,,1039.414,564.195,630.477,,1518.48,389.97,,,,,,,,,,,,,,,,676.4873997,720.6405798,451.6,594.698846,,,,,,,820.854,,,,,,,6149.838972,,,,,,,,,
1531,,,2204.4222,,,260500.0,,,,,,,963.3279953,,,,,,,681.0120215,716.108,,,,,,,,,,,,,,,,,,,,,,,,,,,,,,,,,,38798.608,,,,,,,1415.25,520.579,795.69,,1839.825,1062.67,,,,,,,,,,,,,,,,717.3948047,1302.983329,402.9,712.81748,,,,,,,1610.209125,,,,,,,6393.848003,,,,,,,,,
1530,,,1404.72,,,761100.0,,,,,,,884.8525793,,,,,,,778.5296654,613.904,,,,,,,,,,,,,,,,,,,,,,,,,,,,,,,,,,52473.902,,,,,,,1466.658,707.919,899.964,,860.99,495.6,,,,,,,,,,,,,,,,621.1074748,1092.200631,407.4,1732.712991,,,,,,,1740.41,,,,,,,5639.619134,,,,,,,,,
1529,,,450.0154,,,374800.0,,,,,,,4301.570609,,,,,,,2788.029303,533.052,,,,,,,,,,,,,,,,,,,,,,,,,,,,,,,,,,47820.496,,,,,,,1082.322,912.05,614.844,,778.406,895.23,,,,,,,,,,,,,,,,478.6239456,911.0778904,148.7,346.123161,,,,,,,1685.544,,,,,,,8498.311105,,,,,,,,,
1528,,,610.4149,,,849200.0,,,,,,,1906.629051,,,,,,,1170.895634,3268.352,,,,,,,,,,,,,,,,,,,,,,,,,,,,,,,,,,85721.322,,,,,,,801.414,744.024,546.237,,439.708,1062.95,,,,,,,,,,,,,,,,437.8202136,1244.346327,742.7,803.895334,,,,,,,1381.8,,,,,,,6683.902159,,,,,,,,,
1527,,,737.8335,,,289000.0,,,,,,,1306.265987,,,,,,,1344.943195,473.756,,,,,,,,,,,,,,,,,,,,,,,,,,,,,,,,,,63060.48,,,,,,,634.236,566.341,472.581,,739.963,1242.15,,,,,,,,,,,,,,,,945.0446376,603.4654497,240.3,667.824668,,,,,,,1073.6,,,,,,,2134.96796,,,,,,,,,
1526,,,705.8535,,,330700.0,,,,,,,1290.972554,,,,,,,1281.258279,1220.464,,,,,,,,,,,,,,,,,,,,,,,,,,,,,,,,,,25763.22,,,,,,,704.684,519.042,578.448,,1822.694,2902.83,,,,,,,,,,,,,,,,595.6836984,731.6182176,696.8,1182.838774,,,,,,,2407.596,,,,,,,4386.905225,,,,,,,,,
1525,,,826.1136,,,130200.0,,,,,,,1969.999764,,,,,,,1001.49612,1415.42,,,,,,,,,,,,,,,,,,,,,,,,,,,,,,,,,,90487.566,,,,,,,830.348,617.787,747.711,,2495.613,1306.62,,,,,,,,,,,,,,,,248.0229528,788.1591755,279.6,638.146773,,,,,,,6098.9808,,,,,,,6074.932497,,,,,,,,,
1524,,,585.8094,,,494500.0,,,,,,,1189.815603,,,,,,,730.3968929,1276.904,,,,,,,,,,,,,,,,,,,,,,,,,,,,,,,,,,50442.588,,,,,,,934.592,500.859,800.172,,2329.113,497.21,,,,,,,,,,,,,,,,1272.058507,829.2722057,933.1,953.137288,,,,,,,461.865,,,,,,,3577.505136,,,,,,,,,
1523,,,576.4647,,,771300.0,,,,,,,2697.85977,,,,,,,1024.840534,747.456,,,,,,,,,,,,,,,,,,,,,,,,,,,,,,,,,,63875.83,,,,,,,1099.56,426.619,743.175,,2075.404,1026.41,,,,,,,,,,,,,,,,514.3121568,1541.918199,302.3,619.144591,,,,,,,459.61,,,,,,,4037.910409,,,,,,,,,
1522,,,1243.9708,,,1047900.0,,,,,,,2772.823659,,,,,,,3406.607632,645.184,,,,,,,,,,,,,,,,,,,,,,,,,,,,,,,,,,39604.091,,,,,,,1078.14,573.765,710.91,,743.922,1221.43,,,,,,,,,,,,,,,,1479.508733,578.6250974,491.7,731.081818,,,,,,,1076.9306,,,,,,,4269.719088,,,,,,,,,
1521,,,609.945,,,471100.0,,,,,,,1525.212133,,,,,,,1765.915591,818.448,,,,,,,,,,,,,,,,,,,,,,,,,,,,,,,,,,31868.248,,,,,,,1035.912,526.814,491.238,,219.743,586.53,,,,,,,,,,,,,,,,657.296175,615.1638375,932.4,651.862691,,,,,,,1231.4025,,,,,,,5242.594155,,,,,,,,,
1520,,,959.5174,,,187400.0,,,,,,,834.0154272,,,,,,,1091.657927,1281.596,,,,,,,,,,,,,,,,,,,,,,,,,,,,,,,,,,69289.064,,,,,,,912.764,382.829,409.914,,408.554,555.66,,,,,,,,,,,,,,,,925.00394,351.0117073,645.7,1514.502507,,,,,,,306.99,,,,,,,9537.221754,,,,,,,,,
1519,,,1313.4282,,,532000.0,,,,,,,779.7916976,,,,,,,2292.614079,769.284,,,,,,,,,,,,,,,,,,,,,,,,,,,,,,,,,,47831.973,,,,,,,755.31,301.455,832.734,,814.592,246.68,,,,,,,,,,,,,,,,1144.997778,304.013421,358.3,652.77588,,,,,,,522.98865,,,,,,,3368.548408,,,,,,,,,
1518,,,687.9438,,,357900.0,,,,,,,1517.518497,,,,,,,1340.7894,1866.056,,,,,,,,,,,,,,,,,,,,,,,,,,,,,,,,,,91914.808,,,,,,,671.738,164.807,889.434,,743.811,232.96,,,,,,,,,,,,,,,,413.94965,558.2462315,619.1,252.082456,,,,,,,868.725,,,,,,,3111.172457,,,,,,,,,
1517,,,1217.846,,,589200.0,,,,,,,2213.716282,,,,,,,2075.532186,1048.084,,,,,,,,,,,,,,,,,,,,,,,,,,,,,,,,,,36021.956,,,,,,,613.156,294.06,480.708,,951.455,528.57,,,,,,,,,,,,,,,,916.7942425,1168.028917,1159.9,849.537166,,,,,,,1698.08675,,,,,,,8246.595929,,,,,,,,,
1516,,,2920.4766,,,204000.0,,,,,,,2321.52073,,,,,,,1576.100819,1202.648,,,,,,,,,,,,,,,,,,,,,,,,,,,,,,,,,,31891.294,,,,,,,452.404,395.618,520.452,,1652.975,960.47,,,,,,,,,,,,,,,,986.422525,1596.589709,387.3,1018.922368,,,,,,,2050.67,,,,,,,7964.829669,,,,,,,,,
1515,,,1064.4354,,,318200.0,,,,,,,1456.759242,,,,,,,2380.315864,1234.2,,,,,,,,,,,,,,,,,,,,,,,,,,,,,,,,,,56967.642,,,,,,,484.704,380.886,451.629,,503.755,1057.0,,,,,,,,,,,,,,,,938.3999,809.5362388,742.8,609.61787,,,,,,,1342.497,,,,,,,5532.493573,,,,,,,,,
1514,,,2000.9748,,,280400.0,,,,,,,2526.577335,,,,,,,2674.563648,600.304,,,,,,,,,,,,,,,,,,,,,,,,,,,,,,,,,,34488.96,,,,,,,704.752,316.042,359.181,,487.549,538.23,,,,,,,,,,,,,,,,549.4215507,1006.288863,1038.5,1342.265956,,,,,,,1415.67,,,,,,,4815.221941,,,,,,,,,
1513,,,1036.2976,,,518300.0,,,,,,,1271.363047,,,,,,,2365.622754,1112.344,,,,,,,,,,,,,,,,,,,,,,,,,,,,,,,,,,160070.639,,,,,,,817.53,356.99,327.51,,863.913,529.13,,,,,,,,,,,,,,,,1725.975234,993.9320617,734.6,1706.548204,,,,,,,412.695,,,,,,,5989.817096,,,,,,,,,
1512,,,811.6769,,,604400.0,,,,,,,1221.461557,,,,,,,1116.373198,2317.372,,,,,,,,,,,,,,,,,,,,,,,,,,,,,,,,,,101181.416,,,,,,,762.688,500.917,278.235,,995.411,613.34,,,,,,,,,,,,,,,,1548.788819,548.3046301,640.8,1129.00157,,,,,,,502.809525,,,,,,,1360.481555,,,,,,,,,
1511,,,825.7529,,,213600.0,,,,,,,3750.422231,,,,,,,1486.206174,1696.804,,,,,,,,,,,,,,,,,,,,,,,,,,,,,,,,,,37654.082,,,,,,,605.472,512.691,218.511,,1205.09,683.06,,,,,,,,,,,,,,,,1044.26959,429.370112,186.2,480.517831,,,,,,,468.68625,,,,,,,5963.279295,,,,,,,,,
1510,,,556.7936,,,322400.0,,,,,,,2898.680046,,,,,,,872.4697447,705.568,,,,,,,,,,,,,,,,,,,,,,,,,,,,,,,,,,34223.54,,,,,,,635.664,424.299,439.371,,1275.834,960.82,,,,,,,,,,,,,,,,447.6883838,953.7998806,347.4,1280.961948,,,,,,,328.72635,,,,,,,7824.629491,,,,,,,,,
1509,,,252.9372,,,503600.0,,,,,,,1519.540994,,,,,,,1525.292104,587.248,,,,,,,,,,,,,,,,,,,,,,,,,,,,,,,,,,73818.96,,,,,,,613.87,391.036,427.221,,1170.236,1509.9,,,,,,,,,,,,,,,,583.4722378,1055.739524,261.8,1235.182192,,,,,,,960.76125,,,,,,,3965.360927,,,,,,,,,
1508,,,97.8522,,,549000.0,,,,,,,1764.041582,,,,,,,748.6200777,1008.372,,,,,,,,,,,,,,,,,,,,,,,,,,,,,,,,,,54493.21,,,,,,,753.066,520.115,246.267,,1347.762,408.52,,,,,,,,,,,,,,,,3002.069822,720.6662559,376.3,679.133708,,,,,,,636.0525,,,,,,,3483.455653,,,,,,,,,
1507,,,179.6046,,,274400.0,,,,,,,1300.121712,,,,,,,2640.607436,932.892,,,,,,,,,,,,,,,,,,,,,,,,,,,,,,,,,,66333.357,,,,,,,886.38,677.933,702.837,,764.013,893.76,,,,,,,,,,,,,,,,765.27582,1642.777994,840.4,1404.203848,,,,,,,1203.33843,,,,,,,6062.986292,,,,,,,,,
1506,,,668.3215,,,230200.0,,,,,,,1668.623849,,,,,,,2471.325699,865.844,,,,,,,,,,,,,,,,,,,,,,,,,,,,,,,,,,113511.164,,,,,,,877.37,656.647,619.245,,530.58,470.19,,,,,,,,,,,,,,,,795.1791109,313.9480197,317.7,782.023934,,,,,,,2920.55625,,,,,,,5058.456863,,,,,,,,,
1505,,,1195.2864,,,634000.0,,,,,,,1517.745467,,,,,,,886.8788968,1751.952,,,,,,,,,,,,,,,,,,,,,,,,,,,,,,,,,,72481.878,,,,,,,916.13,489.694,554.094,,1155.473,963.06,,,,,,,,,,,,,,,,701.6209835,726.8053462,236.6,670.479498,,,,,,,1951.82865,,,,,,,1597.787509,,,,,,,,,
1504,,,,,,180300.0,,,,,,,1081.248131,,,,,,,1172.042573,845.24,,,,,,,,,,,,,,,,,,,,,,,,,,,,,,,,,,79386.294,,,,,,,938.06,375.463,476.847,,918.081,1130.22,,,,,,,,,,,,,,,,1082.744106,404.1173304,626.8,1071.583714,,,,,,,1078.8795,,,,,,,1702.403119,,,,,,,,,
1503,,,832.0184,,,213700.0,,,,,,,1654.176289,,,,,,,6269.507536,1116.764,,,,,,,,,,,,,,,,,,,,,,,,,,,,,,,,,,70471.264,,,,,,,885.496,504.02,756.594,,888.185,438.76,,,,,,,,,,,,,,,,1091.826495,317.762338,389.0,419.21279,,,,,,,1236.3175,,,,,,,4653.899998,,,,,,,,,
1502,,,285.872,,,431000.0,,,,,,,1675.396207,,,,,,,2513.53284,770.576,,,,,,,,,,,,,,,,,,,,,,,,,,,,,,,,,,56864.004,,,,,,,841.636,792.976,590.49,,972.397,712.81,,,,,,,,,,,,,,,,307.4249808,1195.685231,339.4,582.843122,,,,,,,719.96,,,,,,,7493.554737,,,,,,,,,
1501,,,1117.656,,,673300.0,,,,,,,1131.808387,,,,,,,1645.288392,661.232,,,,,,,,,,,,,,,,,,,,,,,,,,,,,,,,,,69206.195,,,,,,,735.522,953.955,336.555,,1206.348,393.54,,,,,,,,,,,,,,,,480.4509427,1365.057136,794.0,249.11231,,,,,,,397.905,,,,,,,4866.046378,,,,,,,,,
1500,,,989.422,,,385900.0,,,,,,,1660.701497,,,,,,,1529.369393,876.52,,,,,,,,,,,,,,,,,,,,,,,,,,,,,,,,,,46387.458,,,,,,,662.592,859.067,550.773,,1250.23,413.35,,,,,,,,,,,,,,,,947.1092782,1341.793216,453.6,330.630884,,,,,,,988.76625,,,,,,,3997.062308,,,,,,,,,
1499,,,1725.6218,,,466400.0,,,,,,,1397.310969,,,,,,,2861.734937,3000.024,,,,,,,,,,,,,,,,,,,,,,,,,,,,,,,,,,45584.988,,,,,,,545.462,643.365,373.275,,1199.133,671.09,,,,,,,,,,,,,,,,952.2666725,522.4032342,529.2,738.826995,,,,,,,4137.3141,,,,,,,2802.667706,,,,,,,,,
1498,,,10823.974,,,195300.0,,,,,,,1241.20104,,,,,,,1475.254044,1665.252,,,,,,,,,,,,,,,,,,,,,,,,,,,,,,,,,,63309.11,,,,,,,386.036,497.292,319.383,,1050.985,474.88,,,,,,,,,,,,,,,,764.3652016,719.4399253,556.5,332.658338,,,,,,,1250.295,,,,,,,6283.731208,,,,,,,,,
1497,,,2605.6954,,,436800.0,,,,,,,1280.408862,,,,,,,1207.778355,595.68,,,,,,,,,,,,,,,,,,,,,,,,,,,,,,,,,,73623.115,,,,,,,305.048,760.67,624.483,,1065.156,307.93,,,,,,,,,,,,,,,,1186.53412,695.796768,643.9,1322.500664,,,,,,,5912.47975,,,,,,,7799.07109,,,,,,,,,
1496,,,,,,283300.0,,,,,,,1970.114422,,,,,,,717.0820287,593.436,,,,,,,,,,,,,,,,,,,,,,,,,,,,,,,,,,46881.36,,,,,,,324.53,1069.694,636.525,,653.346,724.43,,,,,,,,,,,,,,,,857.7569648,1220.524831,747.8,493.019862,,,,,,,3111.67,,,,,,,5039.201373,,,,,,,,,
1495,,,660.782,,,333500.0,,,,,,,1931.79689,,,,,,,778.5231431,721.072,,,,,,,,,,,,,,,,,,,,,,,,,,,,,,,,,,7485.672,,,,,,,587.044,942.587,888.705,,224.886,756.28,,,,,,,,,,,,,,,,918.5062227,652.3585799,864.0,413.653607,,,,,,,155.07305,,,,,,,4157.706384,,,,,,,,,
1494,,,559.654,,,644300.0,,,,,,,1245.284777,,,,,,,972.3625139,916.912,,,,,,,,,,,,,,,,,,,,,,,,,,,,,,,,,,47494.08,,,,,,,991.304,542.822,1213.326,,193.88,994.28,,,,,,,,,,,,,,,,1397.823544,595.3872666,1451.9,874.834867,,,,,,,687.657075,,,,,,,4110.447791,,,,,,,,,
1493,,,746.9432,,,327100.0,,,,,,,1536.705979,,,,,,,1042.886501,407.592,,,,,,,,,,,,,,,,,,,,,,,,,,,,,,,,,,69757.068,,,,,,,1000.144,440.858,888.462,,375.846,1230.88,,,,,,,,,,,,,,,,394.1765716,741.5798838,281.6,947.233233,,,,,,,1363.69,,,,,,,5311.593321,,,,,,,,,
1492,,,1280.7634,,,452600.0,,,,,,,829.0156803,,,,,,,731.6973814,930.988,,,,,,,,,,,,,,,,,,,,,,,,,,,,,,,,,,58355.577,,,,,,,834.938,344.578,719.982,,625.781,926.94,,,,,,,,,,,,,,,,428.4938555,637.3189817,500.8,799.586407,,,,,,,278.472,,,,,,,5840.766083,,,,,,,,,
1491,,,473.3782,,,663700.0,,,,,,,1206.965526,,,,,,,1640.488279,2004.708,,,,,,,,,,,,,,,,,,,,,,,,,,,,,,,,,,61181.541,,,,,,,,449.848,645.624,,1427.534,502.67,,,,,,,,,,,,,,,,522.2508404,569.2332687,406.6,831.306913,,,,,,,325.6,,,,,,,3989.627288,,,,,,,,,
1490,,,927.7356,,,585600.0,,,,,,,1631.848675,,,,,,,5994.79002,1058.42,,,,,,,,,,,,,,,,,,,,,,,,,,,,,,,,,,44953.776,,,,,,,468.996,976.285,540.405,,652.014,837.13,,,,,,,,,,,,,,,,2021.735727,923.316169,454.0,329.971111,,,,,,,691.2,,,,,,,3508.812733,,,,,,,,,
1489,,,1308.572,,,164600.0,,,,,,,820.3236288,,,,,,,4392.131567,666.672,,,,,,,,,,,,,,,,,,,,,,,,,,,,,,,,,,20695.653,,,,,,,548.862,871.798,454.95,,402.819,568.26,,,,,,,,,,,,,,,,569.6506824,1648.570184,206.3,1005.89298,,,,,,,639.6,,,,,,,4631.927094,,,,,,,,,
1488,,,1018.077,,,351700.0,,,,,,,1409.13171,,,,,,,1109.323053,883.66,,,,,,,,,,,,,,,,,,,,,,,,,,,,,,,,,,72912.576,,,,,,,525.504,729.176,592.866,,826.432,524.93,,,,,,,,,,,,,,,,551.9254512,1102.726517,508.6,830.766248,,,,,,,217.2,,,,,,,6409.5483,,,,,,,,,
1487,,,691.362,,,501800.0,,,,,,,1648.556206,,,,,,,2291.237677,857.004,,,,,,,,,,,,,,,,,,,,,,,,,,,,,,,,,,70030.032,,,,,,,549.338,797.384,732.321,,846.671,1095.29,,,,,,,,,,,,,,,,1521.204773,998.5733885,840.8,870.047404,,,,,,,1524.48,,,,,,,6511.97095,,,,,,,,,
1486,,,1298.4444,,,226400.0,,,,,,,955.6452151,,,,,,,1823.306354,457.912,,,,,,,,,,,,,,,,,,,,,,,,,,,,,,,,,,49935.231,,,,,,,701.794,935.801,974.376,,728.9,772.45,,,,,,,,,,,,,,,,651.490224,784.8583583,1410.8,826.552189,,,,,,,980.097975,,,,,,,5607.028919,,,,,,,,,
1485,,,656.137,,,348400.0,,,,,,,714.1061172,,,,,,,1476.732413,698.836,,,,,,,,,,,,,,,,,,,,,,,,,,,,,,,,,,85206.904,,,,,,,811.818,630.199,911.871,,694.749,1151.5,,,,,,,,,,,,,,,,761.6319984,464.442679,956.5,1369.217366,,,,,,,959.2425,,,,,,,8218.953654,,,,,,,,,
1484,,,1607.2233,,,479200.0,,,,,,,837.328163,,,,,,,691.9695871,1056.516,,,,,,,,,,,,,,,,,,,,,,,,,,,,,,,,,,52186.379,,,,,,,812.192,459.36,416.448,,830.724,777.98,,,,,,,,,,,,,,,,1554.360084,718.0492749,711.9,585.181791,,,,,,,1684.121625,,,,,,,3692.019914,,,,,,,,,
1483,,,1879.4377,,,446800.0,,,,,,,561.7196603,,,,,,,652.5201682,970.496,,,,,,,,,,,,,,,,,,,,,,,,,,,,,,,,,,53361.495,,,,,,,941.29,658.561,300.402,,1133.939,812.14,,,,,,,,,,,,,,,,1257.820901,482.0958206,1497.4,1313.988683,,,,,,,886.3425,,,,,,,3682.588786,,,,,,,,,
1482,,,710.427,,,660900.0,,,,,,,787.0201357,,,,,,,1390.605865,2083.656,,,,,,,,,,,,,,,,,,,,,,,,,,,,,,,,,,89814.816,,,,,,,1170.824,1105.074,541.917,,1019.091,1033.06,,,,,,,,,,,,,,,,1875.419364,1124.101723,360.5,507.48251,,,,,,,1314.5085,,,,,,,2459.479722,,,,,,,,,
1481,,,527.9169,,,330900.0,,,,,,,1842.800023,,,,,,,1877.673059,2714.424,,,,,,,,,,,,,,,,,,,,,,,,,,,,,,,,,,46716.864,,,,,,,1209.856,754.0,662.391,,455.581,492.66,,,,,,,,,,,,,,,,1378.769472,689.8664649,925.4,507.945159,,,,,,,430.78635,,,,,,,12059.40424,,,,,,,,,
1480,,,751.113,,,268100.0,,,,,,,1385.71784,,,,,,,1372.533816,1317.568,,,,,,,,,,,,,,,,,,,,,,,,,,,,,,,,,,55154.736,,,,,,,794.546,300.904,933.984,,736.67,509.04,,,,,,,,,,,,,,,,1307.584512,1188.178064,973.7,521.088317,,,,,,,6676.182,,,,,,,6148.334806,,,,,,,,,
1479,,,1108.6848,,,233400.0,,,,,,,891.5304042,,,,,,,758.0030078,1052.096,,,,,,,,,,,,,,,,,,,,,,,,,,,,,,,,,,54469.428,,,,,,,477.054,209.09,795.42,,1530.949,1075.83,,,,,,,,,,,,,,,,1265.623844,521.4187337,474.5,533.627084,,,,,,,561.735,,,,,,,4748.90633,,,,,,,,,
1478,,,880.369,,,255700.0,,,,,,,792.0029943,,,,,,,2535.511205,2396.456,,,,,,,,,,,,,,,,,,,,,,,,,,,,,,,,,,64249.58,,,,,,,552.976,313.258,610.443,,1194.36,915.04,,,,,,,,,,,,,,,,659.171503,1341.81812,1472.7,565.796002,,,,,,,1072.845,,,,,,,3430.163719,,,,,,,,,
1477,,,752.0492,,,489000.0,,,,,,,1922.860849,,,,,,,2658.951155,823.684,,,,,,,,,,,,,,,,,,,,,,,,,,,,,,,,,,107514.696,,,,,,,593.266,444.686,606.717,,444.111,705.81,,,,,,,,,,,,,,,,1925.195389,646.3153227,868.9,1006.541759,,,,,,,506.0475,,,,,,,4682.255445,,,,,,,,,
1476,,,514.3324,,,617800.0,,,,,,,2122.135393,,,,,,,1422.30366,2058.632,,,,,,,,,,,,,,,,,,,,,,,,,,,,,,,,,,66456.384,,,,,,,660.008,490.071,534.492,,392.792,799.54,,,,,,,,,,,,,,,,4372.703819,360.3484452,969.5,390.337931,,,,,,,414.85365,,,,,,,2627.395997,,,,,,,,,
1475,,,1118.0891,,,798300.0,,,,,,,1327.054926,,,,,,,1548.183035,748.612,,,,,,,,,,,,,,,,,,,,,,,,,,,,,,,,,,79951.91,,,,,,,716.142,507.413,673.974,,888.111,560.49,,,,,,,,,,,,,,,,939.5098211,709.2370815,790.2,353.405746,,,,,,,761.93865,,,,,,,2685.571277,,,,,,,,,
1474,,,1644.678,,,548100.0,,,,,,,1245.680839,,,,,,,1212.125433,939.964,,,,,,,,,,,,,,,,,,,,,,,,,,,,,,,,,,63965.369,,,,,,,865.606,693.738,419.256,,1393.272,932.68,,,,,,,,,,,,,,,,1178.194282,1329.165304,529.1,983.653771,,,,,,,2103.296625,,,,,,,981.7799638,,,,,,,,,
1473,,,2215.532,,,212000.0,,,,,,,957.6516398,,,,,,,750.3451489,1723.052,,,,,,,,,,,,,,,,,,,,,,,,,,,,,,,,,,57354.732,,,,,,,913.716,634.433,178.2,,1065.933,776.79,,,,,,,,,,,,,,,,1310.190176,825.5015562,430.6,1963.755284,,,,,,,2280.00825,,,,,,,1568.506549,,,,,,,,,
1472,,,3111.4188,,,529800.0,,,,,,,1294.643784,,,,,,,843.2511107,1338.716,,,,,,,,,,,,,,,,,,,,,,,,,,,,,,,,,,50631.648,,,,,,,858.534,431.665,326.889,,1160.098,282.8,,,,,,,,,,,,,,,,436.6556837,451.0028261,585.3,293.524572,,,,,,,599.81195,,,,,,,9800.162306,,,,,,,,,
1471,,,1142.532,,,330700.0,,,,,,,1557.47512,,,,,,,913.1653466,829.872,,,,,,,,,,,,,,,,,,,,,,,,,,,,,,,,,,66301.318,,,,,,,702.542,279.531,437.319,,1192.88,611.31,,,,,,,,,,,,,,,,3852.952015,384.9345459,737.0,666.027584,,,,,,,588.885,,,,,,,2518.897877,,,,,,,,,
1470,,,682.3008,,,630600.0,,,,,,,1838.578,,,,,,,647.857896,1628.532,,,,,,,,,,,,,,,,,,,,,,,,,,,,,,,,,,53381.16,,,,,,,689.384,379.697,702.567,,509.786,1208.97,,,,,,,,,,,,,,,,3672.147534,337.7372177,409.0,1740.266213,,,,,,,612.81805,,,,,,,2787.671075,,,,,,,,,
1469,,,2677.6641,,,176700.0,,,,,,,1863.969796,,,,,,,2074.266701,462.4,,,,,,,,,,,,,,,,,,,,,,,,,,,,,,,,,,73607.406,,,,,,,670.378,670.683,733.212,,390.609,869.47,,,,,,,,,,,,,,,,2009.807638,1458.561232,409.5,1150.930877,,,,,,,1382.5725,,,,,,,4278.813283,,,,,,,,,
1468,,,1659.9804,,,342600.0,,,,,,,1022.412957,,,,,,,753.2687423,699.856,,,,,,,,,,,,,,,,,,,,,,,,,,,,,,,,,,63957.94,,,,,,,560.184,599.546,448.011,,292.929,1720.88,,,,,,,,,,,,,,,,4349.525376,801.8641022,556.5,288.381514,,,,,,,892.25,,,,,,,4794.894296,,,,,,,,,
1467,,,1580.8422,,,169700.0,,,,,,,1282.216099,,,,,,,2479.064477,483.752,,,,,,,,,,,,,,,,,,,,,,,,,,,,,,,,,,58365.168,,,,,,,597.448,653.37,475.146,,521.996,938.7,,,,,,,,,,,,,,,,1186.945314,1243.115778,509.9,439.104299,,,,,,,981.475,,,,,,,3905.956194,,,,,,,,,
1466,,,1267.7655,,,629700.0,,,,,,,2128.270542,,,,,,,998.2863835,470.288,,,,,,,,,,,,,,,,,,,,,,,,,,,,,,,,,,33733.709,,,,,,,629.782,625.327,790.263,,796.647,276.57,,,,,,,,,,,,,,,,815.9772775,749.8815782,1411.8,1166.066372,,,,,,,1384.0255,,,,,,,6266.451662,,,,,,,,,
1465,,,438.6243,,,135000.0,,,,,,,1282.988657,,,,,,,1248.653502,631.108,,,,,,,,,,,,,,,,,,,,,,,,,,,,,,,,,,20961.28,,,,,,,746.776,344.665,623.943,,903.133,481.46,,,,,,,,,,,,,,,,1091.07222,369.4972434,670.6,724.519903,,,,,,,2143.275,,,,,,,3082.963972,,,,,,,,,
1464,,,1607.472,,,974900.0,,,,,,,1037.534818,,,,,,,1409.487789,901.748,,,,,,,,,,,,,,,,,,,,,,,,,,,,,,,,,,47979.771,,,,,,,843.744,352.93,439.29,,851.925,856.31,,,,,,,,,,,,,,,,829.5006528,464.6754444,771.5,319.804921,,,,,,,1089.57705,,,,,,,7110.429104,,,,,,,,,
1463,,,3134.2503,,,172800.0,,,,,,,2848.829783,,,,,,,1458.054749,710.668,,,,,,,,,,,,,,,,,,,,,,,,,,,,,,,,,,35687.444,,,,,,,1049.376,654.095,806.652,,812.002,274.26,,,,,,,,,,,,,,,,945.6369615,521.9569199,1361.1,198.986813,,,,,,,1423.31295,,,,,,,7670.370338,,,,,,,,,
1462,,,240.302,,,601900.0,,,,,,,1815.883167,,,,,,,1604.101503,1203.056,,,,,,,,,,,,,,,,,,,,,,,,,,,,,,,,,,44490.418,,,,,,,1195.032,858.574,1428.705,,797.794,1195.6,,,,,,,,,,,,,,,,1000.011821,766.2258244,526.3,200.595802,,,,,,,1132.83,,,,,,,3533.187532,,,,,,,,,
1461,,,562.0615,,,148200.0,,,,,,,725.3074264,,,,,,,777.2580773,622.404,,,,,,,,,,,,,,,,,,,,,,,,,,,,,,,,,,47513.4,,,,,,,1054.612,876.67,1082.43,,748.584,649.67,,,,,,,,,,,,,,,,3599.455583,511.8477961,775.6,530.439318,,,,,,,1126.68,,,,,,,5033.40752,,,,,,,,,
1460,,,799.4105,,,583100.0,,,,,,,1194.42021,,,,,,,652.9182549,902.632,,,,,,,,,,,,,,,,,,,,,,,,,,,,,,,,,,54443.576,,,,,,,824.432,729.785,845.181,,1091.611,708.96,,,,,,,,,,,,,,,,3725.350433,927.4933891,346.4,414.525274,,,,,,,1453.86,,,,,,,4312.633999,,,,,,,,,
1459,,,978.9795,,,443100.0,,,,,,,1718.361666,,,,,,,1341.591342,1582.836,,,,,,,,,,,,,,,,,,,,,,,,,,,,,,,,,,60788.103,,,,,,,700.876,358.324,1158.678,,1312.76,1397.06,,,,,,,,,,,,,,,,435.0049211,1119.623477,546.7,1051.735132,,,,,,,671.39058,,,,,,,4002.924142,,,,,,,,,
1458,,,791.008,,,360100.0,,,,,,,1235.025657,,,,,,,937.3096704,1371.628,,,,,,,,,,,,,,,,,,,,,,,,,,,,,,,,,,74727.713,,,,,,,692.546,593.311,689.58,,1105.56,544.25,,,,,,,,,,,,,,,,843.3442455,1241.55347,917.2,350.150223,,,,,,,1243.32705,,,,,,,9078.922234,,,,,,,,,
1457,,,790.286,,,1099500.0,,,,,,,1784.080397,,,,,,,648.0456338,1319.676,,,,,,,,,,,,,,,,,,,,,,,,,,,,,,,,,,37867.43,,,,,,,674.254,576.926,789.804,,870.869,470.68,,,,,,,,,,,,,,,,1236.585523,203.4966654,1046.4,1214.179998,,,,,,,1851.8306,,,,,,,3708.501078,,,,,,,,,
1456,,,1288.9635,,,222900.0,,,,,,,1311.179298,,,,,,,832.1572573,1810.976,,,,,,,,,,,,,,,,,,,,,,,,,,,,,,,,,,50858.612,,,,,,,660.382,814.639,1706.805,,731.86,576.31,,,,,,,,,,,,,,,,1735.193096,740.9462027,848.5,449.674965,,,,,,,575.64,,,,,,,3362.705047,,,,,,,,,
1455,,,760.5148,,,645000.0,,,,,,,1122.414419,,,,,,,677.6503215,1444.66,,,,,,,,,,,,,,,,,,,,,,,,,,,,,,,,,,55502.703,,,,,,,644.3,599.169,2419.983,,1388.166,877.24,,,,,,,,,,,,,,,,1221.740358,534.664935,486.2,897.294364,,,,,,,1224.5306,,,,,,,8240.283709,,,,,,,,,
1454,,,1027.2555,,,200400.0,,,,,,,693.9683272,,,,,,,648.5809782,863.396,,,,,,,,,,,,,,,,,,,,,,,,,,,,,,,,,,44662.32,,,,,,,666.264,341.388,885.276,,1506.825,1243.76,,,,,,,,,,,,,,,,696.3130251,1944.333951,940.6,661.249344,,,,,,,819.5998,,,,,,,7738.15226,,,,,,,,,
1453,,,1118.25,,,434500.0,,,,,,,923.7479869,,,,,,,727.7197299,1154.164,,,,,,,,,,,,,,,,,,,,,,,,,,,,,,,,,,59268.24,,,,,,,867.748,250.212,728.325,,547.415,1587.95,,,,,,,,,,,,,,,,842.1486234,472.4014803,839.0,285.372235,,,,,,,1081.911636,,,,,,,2135.427589,,,,,,,,,
1452,,,1526.211,,,311800.0,,,,,,,1311.615854,,,,,,,696.7528382,897.192,,,,,,,,,,,,,,,,,,,,,,,,,,,,,,,,,,48477.744,,,,,,,1065.288,371.577,192.456,,891.626,818.86,,,,,,,,,,,,,,,,2083.909436,653.2383334,702.4,321.222788,,,,,,,1595.958,,,,,,,4545.950232,,,,,,,,,
1451,,,1272.8508,,,405900.0,,,,,,,926.084503,,,,,,,1383.899984,544.612,,,,,,,,,,,,,,,,,,,,,,,,,,,,,,,,,,41272.902,,,,,,,1125.434,143.84,187.596,,1220.852,350.98,,,,,,,,,,,,,,,,1790.332136,408.9075301,962.2,631.133806,,,,,,,1053.1885,,,,,,,3779.177136,,,,,,,,,
1450,,,120.704,,,556400.0,,,,,,,1220.585587,,,,,,,1655.938512,576.912,,,,,,,,,,,,,,,,,,,,,,,,,,,,,,,,,,39768.334,,,,,,,780.164,279.154,686.502,,932.585,373.45,,,,,,,,,,,,,,,,583.2135473,361.3389001,1009.0,340.717568,,,,,,,2667.5298,,,,,,,6237.932307,,,,,,,,,
1449,,,66.6528,,,201300.0,,,,,,,1395.437998,,,,,,,3954.564048,807.5,,,,,,,,,,,,,,,,,,,,,,,,,,,,,,,,,,59068.784,,,,,,,471.75,475.629,688.176,,745.661,991.97,,,,,,,,,,,,,,,,528.296529,652.4291567,1168.8,319.085033,,,,,,,1814.9144,,,,,,,3875.622066,,,,,,,,,
1448,,,157.9357,,,769800.0,,,,,,,1526.105125,,,,,,,1648.146593,1053.116,,,,,,,,,,,,,,,,,,,,,,,,,,,,,,,,,,68788.17,,,,,,,366.486,562.745,553.797,,933.584,497.7,,,,,,,,,,,,,,,,734.6448511,713.9317488,466.9,366.305333,,,,,,,666.1122,,,,,,,4896.795595,,,,,,,,,
1447,,,,,,484600.0,,,,,,,1528.087299,,,,,,,1606.36201,1260.108,,,,,,,,,,,,,,,,,,,,,,,,,,,,,,,,,,76329.456,,,,,,,354.382,571.126,731.322,,1355.199,511.0,,,,,,,,,,,,,,,,625.6734937,485.1861102,400.8,399.793424,,,,,,,566.357636,,,,,,,2449.383862,,,,,,,,,
1446,,,,,,475200.0,,,,,,,1600.705845,,,,,,,879.8051613,479.06,,,,,,,,,,,,,,,,,,,,,,,,,,,,,,,,,,63963.046,,,,,,,349.758,568.023,896.697,,805.046,544.32,,,,,,,,,,,,,,,,1290.029681,362.2744615,905.5,658.960864,,,,,,,1399.5956,,,,,,,6220.859144,,,,,,,,,
1445,,,,,,211900.0,,,,,,,1826.474233,,,,,,,1345.195279,1006.604,,,,,,,,,,,,,,,,,,,,,,,,,,,,,,,,,,69876.944,,,,,,,369.036,448.659,973.458,,536.611,795.41,,,,,,,,,,,,,,,,746.3178907,1071.842536,738.6,998.627978,,,,,,,358.0122,,,,,,,1857.528843,,,,,,,,,
1444,,,,,,393600.0,,,,,,,2708.325145,,,,,,,2354.00723,1619.148,,,,,,,,,,,,,,,,,,,,,,,,,,,,,,,,,,80044.416,,,,,,,461.448,365.661,648.297,,1898.877,739.62,,,,,,,,,,,,,,,,2097.791988,1250.390702,479.8,1242.423699,,,,,,,1473.9513,,,,,,,2099.000604,,,,,,,,,
1443,,,562.6179,,,380900.0,,,,,,,1206.267837,,,,,,,893.6352954,1346.264,,,,,,,,,,,,,,,,,,,,,,,,,,,,,,,,,,,,,,,,,609.654,525.103,454.302,,2415.212,1360.73,,,,,,,,,,,,,,,,1501.304447,737.7921482,914.0,399.246784,,,,,,,854.93408,,,,,,,3437.50752,,,,,,,,,
1442,,,1065.5652,,,404600.0,,,,,,,1227.042882,,,,,,,1216.267557,998.648,,,,,,,,,,,,,,,,,,,,,,,,,,,,,,,,,,53022.222,,,,,,,753.712,420.5,720.765,,1100.935,1181.67,,,,,,,,,,,,,,,,634.1042588,381.3800768,389.4,456.295381,,,,,,,564.72416,,,,,,,7186.091545,,,,,,,,,
1441,,,1328.2522,,,92600.0,,,,,,,1568.368922,,,,,,,2746.120631,1012.656,,,,,,,,,,,,,,,,,,,,,,,,,,,,,,,,,,31153.707,,,,,,,684.25,492.536,614.115,,754.985,742.49,,,,,,,,,,,,,,,,2956.27057,950.3567291,724.4,900.952277,,,,,,,1246.206562,,,,,,,5961.563718,,,,,,,,,
1440,,,581.4144,,,435500.0,,,,,,,2613.017472,,,,,,,1656.233917,541.28,,,,,,,,,,,,,,,,,,,,,,,,,,,,,,,,,,31831.08,,,,,,,610.232,805.852,347.22,,818.403,774.06,,,,,,,,,,,,,,,,1395.360388,1151.015447,664.5,904.592735,,,,,,,171.05088,,,,,,,5036.285683,,,,,,,,,
1439,,,612.9032,,,562100.0,,,,,,,949.3510637,,,,,,,927.4643417,1018.844,,,,,,,,,,,,,,,,,,,,,,,,,,,,,,,,,,70266.196,,,,,,,596.054,618.976,384.237,,1383.948,712.32,,,,,,,,,,,,,,,,874.8472005,513.4404283,676.7,609.927152,,,,,,,1265.264,,,,,,,4173.185355,,,,,,,,,
1438,,,1077.6409,,,214400.0,,,,,,,1412.947679,,,,,,,1011.990438,642.668,,,,,,,,,,,,,,,,,,,,,,,,,,,,,,,,,,94045.896,,,,,,,564.468,388.281,401.085,,1362.636,798.49,,,,,,,,,,,,,,,,1217.967251,703.4459676,1256.0,1212.51759,,,,,,,889.04816,,,,,,,1853.584616,,,,,,,,,
1437,,,1155.7984,,,461400.0,,,,,,,2198.653498,,,,,,,1380.714583,1353.132,,,,,,,,,,,,,,,,,,,,,,,,,,,,,,,,,,41244.336,,,,,,,533.222,306.965,649.728,,1054.056,981.19,,,,,,,,,,,,,,,,1114.307773,405.8187201,647.3,1162.302127,,,,,,,1004.2032,,,,,,,4348.706797,,,,,,,,,
1436,,,1460.48,,,216300.0,,,,,,,838.7410431,,,,,,,8817.90933,1193.4,,,,,,,,,,,,,,,,,,,,,,,,,,,,,,,,,,26861.769,,,,,,,565.114,290.58,720.252,,738.853,360.22,,,,,,,,,,,,,,,,1314.556131,843.1811076,271.5,896.762564,,,,,,,608.9267184,,,,,,,4260.035998,,,,,,,,,
1435,,,474.266,,,700100.0,,,,,,,605.975238,,,,,,,3698.362537,1013.54,,,,,,,,,,,,,,,,,,,,,,,,,,,,,,,,,,30844.656,,,,,,,690.234,281.329,555.741,,1366.373,1909.46,,,,,,,,,,,,,,,,1665.287445,451.1528299,619.4,1647.288039,,,,,,,2035.45784,,,,,,,4770.274839,,,,,,,,,
1434,,,1739.353,,,508400.0,,,,,,,7608.551311,,,,,,,1945.624123,1017.552,,,,,,,,,,,,,,,,,,,,,,,,,,,,,,,,,,44214.625,,,,,,,688.704,376.362,726.651,,2120.396,755.86,,,,,,,,,,,,,,,,1469.706975,583.9604616,429.2,716.135306,,,,,,,2007.1688,,,,,,,3983.750281,,,,,,,,,
1433,,,1340.6344,,,1103900.0,,,,,,,2087.001763,,,,,,,2311.960977,3179.816,,,,,,,,,,,,,,,,,,,,,,,,,,,,,,,,,,83302.09,,,,,,,530.332,569.531,774.549,,1119.694,303.38,,,,,,,,,,,,,,,,1152.872518,668.4259996,735.6,651.7529,,,,,,,1192.1416,,,,,,,10665.43575,,,,,,,,,
1432,,,515.4855,,,325600.0,,,,,,,1136.030319,,,,,,,804.7303766,1371.832,,,,,,,,,,,,,,,,,,,,,,,,,,,,,,,,,,56328.426,,,,,,,613.666,874.843,762.615,,513.116,407.4,,,,,,,,,,,,,,,,361.3639975,999.433679,262.7,1094.677248,,,,,,,2315.885,,,,,,,4708.275302,,,,,,,,,
1431,,,494.1957,,,354900.0,,,,,,,2787.263161,,,,,,,1057.022101,762.688,,,,,,,,,,,,,,,,,,,,,,,,,,,,,,,,,,80268.16,,,,,,,919.122,828.907,787.023,,763.421,570.36,,,,,,,,,,,,,,,,509.5537525,1548.331753,804.7,2017.25199,,,,,,,4639.20548,,,,,,,2682.867533,,,,,,,,,
1430,,,430.1892,,,483700.0,,,,,,,1933.513141,,,,,,,3898.20286,849.32,,,,,,,,,,,,,,,,,,,,,,,,,,,,,,,,,,73568.95,,,,,,,667.114,604.766,804.843,,712.25,774.34,,,,,,,,,,,,,,,,976.7799,873.3269877,708.6,848.737144,,,,,,,1917.74791,,,,,,,6207.526688,,,,,,,,,
1429,,,386.2336,,,167100.0,,,,,,,584.4191817,,,,,,,6789.742299,1680.416,,,,,,,,,,,,,,,,,,,,,,,,,,,,,,,,,,55152.689,,,,,,,319.702,661.142,688.608,,463.129,1011.36,,,,,,,,,,,,,,,,1483.079265,322.2173591,497.1,1080.157277,,,,,,,596.210472,,,,,,,2557.560227,,,,,,,,,
1428,,,234.6448,,,170800.0,,,,,,,1133.938186,,,,,,,2867.779539,676.26,,,,,,,,,,,,,,,,,,,,,,,,,,,,,,,,,,39932.692,,,,,,,357.272,1131.174,668.115,,445.739,1137.57,,,,,,,,,,,,,,,,1219.031773,1007.438179,799.4,1069.134948,,,,,,,673.5066,,,,,,,7780.607645,,,,,,,,,
1427,,,1075.32,,,93300.0,,,,,,,763.899144,,,,,,,1288.980655,1138.116,,,,,,,,,,,,,,,,,,,,,,,,,,,,,,,,,,128759.75,,,,,,,476.952,986.87,540.486,,680.652,605.5,,,,,,,,,,,,,,,,1441.378855,494.5748728,645.9,414.423797,,,,,,,751.1478,,,,,,,3503.037163,,,,,,,,,
1426,,,560.4264,,,821300.0,,,,,,,1098.712727,,,,,,,1413.645161,1301.928,,,,,,,,,,,,,,,,,,,,,,,,,,,,,,,,,,37266.624,,,,,,,461.006,793.875,328.887,,1215.524,1458.45,,,,,,,,,,,,,,,,1085.648967,944.909759,674.1,740.193597,,,,,,,592.18874,,,,,,,4152.585536,,,,,,,,,
1425,,,747.3363,,,534400.0,,,,,,,1047.856919,,,,,,,2568.288467,867.612,,,,,,,,,,,,,,,,,,,,,,,,,,,,,,,,,,45721.608,,,,,,,316.71,590.005,533.142,,1452.657,1067.71,,,,,,,,,,,,,,,,1154.277927,457.8330808,1000.8,958.206292,,,,,,,464.750364,,,,,,,5576.367887,,,,,,,,,
1424,,,1182.4137,,,933500.0,,,,,,,1526.845579,,,,,,,1963.463863,956.284,,,,,,,,,,,,,,,,,,,,,,,,,,,,,,,,,,52774.052,,,,,,,340.374,372.563,818.775,,857.882,177.31,,,,,,,,,,,,,,,,1093.924506,1399.873271,1252.2,869.049394,,,,,,,963.9422,,,,,,,3945.539401,,,,,,,,,
1423,,,1394.3567,,,545700.0,,,,,,,961.7071617,,,,,,,1795.607903,494.224,,,,,,,,,,,,,,,,,,,,,,,,,,,,,,,,,,61549.84,,,,,,,550.698,457.794,856.44,,834.165,543.27,,,,,,,,,,,,,,,,521.0816116,663.8738976,777.0,1200.256754,,,,,,,715.6136,,,,,,,8764.036497,,,,,,,,,
1422,,,1058.8705,,,516800.0,,,,,,,1723.34026,,,,,,,1421.390535,689.112,,,,,,,,,,,,,,,,,,,,,,,,,,,,,,,,,,63015.929,,,,,,,1152.464,779.984,796.446,,564.805,980.98,,,,,,,,,,,,,,,,1905.656711,784.1593643,1026.1,924.536573,,,,,,,4691.7832,,,,,,,4008.486259,,,,,,,,,
1421,,,1393.968,,,239300.0,,,,,,,2210.331141,,,,,,,1231.598002,1255.484,,,,,,,,,,,,,,,,,,,,,,,,,,,,,,,,,,44045.667,,,,,,,888.25,616.221,736.128,,485.551,1296.82,,,,,,,,,,,,,,,,916.2672776,974.199026,520.6,626.770219,,,,,,,931.632,,,,,,,11506.21425,,,,,,,,,
1420,,,3974.762,,,701300.0,,,,,,,3100.480322,,,,,,,997.7162229,810.628,,,,,,,,,,,,,,,,,,,,,,,,,,,,,,,,,,56541.475,,,,,,,870.978,832.3,591.759,,976.282,944.3,,,,,,,,,,,,,,,,2086.25008,675.4849511,1234.2,940.798084,,,,,,,3449.68,,,,,,,3685.146884,,,,,,,,,
1419,,,973.1124,,,635900.0,,,,,,,1516.515657,,,,,,,1038.866833,806.004,,,,,,,,,,,,,,,,,,,,,,,,,,,,,,,,,,43917.948,,,,,,,796.042,820.439,475.605,,1339.289,801.64,,,,,,,,,,,,,,,,347.1241466,524.6598029,993.6,1200.679607,,,,,,,1669.408,,,,,,,7678.868273,,,,,,,,,
1418,,,1193.4054,,,444900.0,,,,,,,1331.142161,,,,,,,775.0865198,1134.852,,,,,,,,,,,,,,,,,,,,,,,,,,,,,,,,,,46574.862,,,,,,,719.882,286.897,512.622,,978.613,341.88,,,,,,,,,,,,,,,,747.4028285,928.4916979,596.3,1432.470309,,,,,,,476.45728,,,,,,,3003.462969,,,,,,,,,
1417,,,,,,205300.0,,,,,,,1839.189882,,,,,,,884.5880228,1207.204,,,,,,,,,,,,,,,,,,,,,,,,,,,,,,,,,,92399.372,,,,,,,837.522,515.359,796.581,,698.301,790.09,,,,,,,,,,,,,,,,1562.601841,496.3789124,355.7,593.965898,,,,,,,517.088,,,,,,,3516.128677,,,,,,,,,
1416,,,,,,546700.0,,,,,,,1340.13299,,,,,,,775.1332556,1477.436,,,,,,,,,,,,,,,,,,,,,,,,,,,,,,,,,,67244.617,,,,,,,1112.48,775.199,1102.383,,545.528,1175.09,,,,,,,,,,,,,,,,591.510669,925.6212435,767.9,1049.36131,,,,,,,295.152,,,,,,,6495.005046,,,,,,,,,
1415,,,,,,513000.0,,,,,,,1740.06044,,,,,,,1002.066098,978.384,,,,,,,,,,,,,,,,,,,,,,,,,,,,,,,,,,53187.868,,,,,,,1209.72,502.425,594.459,,368.261,593.95,,,,,,,,,,,,,,,,1240.256424,667.495719,470.8,828.24605,,,,,,,1897.23456,,,,,,,2810.367154,,,,,,,,,
1414,,,,,,302100.0,,,,,,,1159.156703,,,,,,,1094.570563,1362.652,,,,,,,,,,,,,,,,,,,,,,,,,,,,,,,,,,33218.9,,,,,,,1362.822,372.824,540.054,,366.411,1492.12,,,,,,,,,,,,,,,,1713.7905,1185.472757,541.1,983.818657,,,,,,,1073.83744,,,,,,,9896.935754,,,,,,,,,
1413,,,1374.2112,,,524500.0,,,,,,,577.0989759,,,,,,,1155.370153,1739.984,,,,,,,,,,,,,,,,,,,,,,,,,,,,,,,,,,30084.805,,,,,,,1120.504,333.384,534.924,,542.938,1308.44,,,,,,,,,,,,,,,,1522.86974,1009.21876,460.8,586.356256,,,,,,,511.784,,,,,,,2649.571701,,,,,,,,,
1412,,,670.8292,,,900800.0,,,,,,,1694.714137,,,,,,,1025.360961,642.464,,,,,,,,,,,,,,,,,,,,,,,,,,,,,,,,,,81196.992,,,,,,,787.882,408.407,405.459,,596.107,1032.99,,,,,,,,,,,,,,,,1823.384219,780.793667,721.0,608.476264,,,,,,,477.984,,,,,,,4064.070104,,,,,,,,,
1411,,,410.4672,,,740200.0,,,,,,,1583.69013,,,,,,,5024.441235,957.848,,,,,,,,,,,,,,,,,,,,,,,,,,,,,,,,,,63964.656,,,,,,,649.026,652.239,422.415,,961.852,928.48,,,,,,,,,,,,,,,,1650.598284,529.1090568,663.9,1414.071461,,,,,,,512.512,,,,,,,5518.060946,,,,,,,,,
1410,,,458.6582,,,99600.0,,,,,,,1693.14137,,,,,,,1795.203949,1995.596,,,,,,,,,,,,,,,,,,,,,,,,,,,,,,,,,,69821.008,,,,,,,908.48,720.679,342.036,,809.338,538.51,,,,,,,,,,,,,,,,621.8494567,1123.341157,645.8,414.962402,,,,,,,6647.6592,,,,,,,3089.847066,,,,,,,,,
1409,,,837.3787,,,566900.0,,,,,,,2218.606912,,,,,,,1090.580707,1564.34,,,,,,,,,,,,,,,,,,,,,,,,,,,,,,,,,,53989.74,,,,,,,1174.496,813.131,444.663,,810.744,734.16,,,,,,,,,,,,,,,,1147.424147,876.1833949,360.6,788.395456,,,,,,,1146.492672,,,,,,,7563.527098,,,,,,,,,
1408,,,759.24,,,479200.0,,,,,,,4124.803971,,,,,,,1160.948383,1089.972,,,,,,,,,,,,,,,,,,,,,,,,,,,,,,,,,,68508.72,,,,,,,1192.55,615.38,551.178,,1738.63,857.29,,,,,,,,,,,,,,,,3083.112723,904.8773021,453.5,897.838122,,,,,,,426.504,,,,,,,5191.875406,,,,,,,,,
1407,,,2287.923,,,746800.0,,,,,,,1720.474691,,,,,,,1731.816449,1773.916,,,,,,,,,,,,,,,,,,,,,,,,,,,,,,,,,,82224.126,,,,,,,1105.646,620.136,486.243,,1864.43,552.37,,,,,,,,,,,,,,,,2822.82653,1180.867279,1060.4,930.046811,,,,,,,783.64,,,,,,,4009.64966,,,,,,,,,
1406,,,1456.2702,,,305300.0,,,,,,,1113.854849,,,,,,,1323.461363,2042.176,,,,,,,,,,,,,,,,,,,,,,,,,,,,,,,,,,44243.536,,,,,,,837.182,677.933,635.526,,1631.663,757.47,,,,,,,,,,,,,,,,1054.991081,1051.903597,799.1,460.860681,,,,,,,373.152,,,,,,,5481.540422,,,,,,,,,
1405,,,333.7731,,,365300.0,,,,,,,885.2402047,,,,,,,1290.707067,1543.532,,,,,,,,,,,,,,,,,,,,,,,,,,,,,,,,,,48463.668,,,,,,,643.008,574.171,700.407,,1236.244,460.39,,,,,,,,,,,,,,,,702.3359635,877.5127434,576.2,764.675499,,,,,,,2711.28,,,,,,,3757.37138,,,,,,,,,
1404,,,1390.488,,,636400.0,,,,,,,936.1011998,,,,,,,1291.452182,1092.148,,,,,,,,,,,,,,,,,,,,,,,,,,,,,,,,,,51360.265,,,,,,,584.528,811.797,715.878,,1065.045,719.25,,,,,,,,,,,,,,,,362.4152447,1303.657438,617.3,1307.865808,,,,,,,1244.41434,,,,,,,2012.128737,,,,,,,,,
1403,,,1106.3396,,,317000.0,,,,,,,1270.469045,,,,,,,1422.17449,1415.692,,,,,,,,,,,,,,,,,,,,,,,,,,,,,,,,,,43331.816,,,,,,,609.246,658.735,665.199,,1044.621,606.41,,,,,,,,,,,,,,,,1784.629732,679.394883,2556.8,596.271094,,,,,,,627.2916,,,,,,,3966.428208,,,,,,,,,
1402,,,1031.998,,,690000.0,,,,,,,607.1846412,,,,,,,725.1706468,660.484,,,,,,,,,,,,,,,,,,,,,,,,,,,,,,,,,,44639.688,,,,,,,831.742,522.522,401.49,,1694.156,415.17,,,,,,,,,,,,,,,,1158.969589,548.0654548,1677.0,466.231965,,,,,,,662.480728,,,,,,,2462.748833,,,,,,,,,
1401,,,779.34,,,127900.0,,,,,,,1880.531946,,,,,,,1074.810296,718.624,,,,,,,,,,,,,,,,,,,,,,,,,,,,,,,,,,42849.736,,,,,,,1110.678,465.392,538.785,,969.4,361.76,,,,,,,,,,,,,,,,1031.950423,518.4421123,488.8,1074.635942,,,,,,,1112.241,,,,,,,6412.162189,,,,,,,,,
1400,,,1117.4742,,,223600.0,,,,,,,2520.584335,,,,,,,1419.556979,807.024,,,,,,,,,,,,,,,,,,,,,,,,,,,,,,,,,,65496.042,,,,,,,1135.906,557.09,863.379,,354.201,662.41,,,,,,,,,,,,,,,,1070.983378,991.6473782,985.2,958.819245,,,,,,,1434.7476,,,,,,,5577.205564,,,,,,,,,
1399,,,641.5086,,,,,,,,,,3233.129977,,,,,,,1175.807439,1042.304,,,,,,,,,,,,,,,,,,,,,,,,,,,,,,,,,,54703.016,,,,,,,897.804,956.333,922.023,,597.18,512.96,,,,,,,,,,,,,,,,473.641439,806.9331139,575.6,1193.66922,,,,,,,805.376,,,,,,,2318.075152,,,,,,,,,
1398,,,643.8988,,,,,,,,,,2556.155353,,,,,,,2692.473301,1402.84,,,,,,,,,,,,,,,,,,,,,,,,,,,,,,,,,,52950.876,,,,,,,710.804,828.385,862.839,,1497.205,680.33,,,,,,,,,,,,,,,,1762.801017,1027.183292,1268.2,510.538811,,,,,,,564.928,,,,,,,6678.915279,,,,,,,,,
1397,,,546.1565,,,,,,,,,,2720.356539,,,,,,,1571.969025,639.132,,,,,,,,,,,,,,,,,,,,,,,,,,,,,,,,,,58671.574,,,,,,,706.078,686.343,889.596,,1314.055,1211.0,,,,,,,,,,,,,,,,1587.394236,376.3276835,549.0,167.443322,,,,,,,1241.136,,,,,,,4045.744667,,,,,,,,,
1396,,,1238.515,,,,,,,,,,1465.906612,,,,,,,2734.433597,977.976,,,,,,,,,,,,,,,,,,,,,,,,,,,,,,,,,,55237.168,,,,,,,660.348,733.236,862.839,,1148.85,873.81,,,,,,,,,,,,,,,,829.4419034,509.914518,874.7,513.603757,,,,,,,1069.6192,,,,,,,7755.904427,,,,,,,,,
1395,,,1801.3575,,,,,,,,,,1435.135591,,,,,,,2248.041066,524.076,,,,,,,,,,,,,,,,,,,,,,,,,,,,,,,,,,81030.84,,,,,,,686.63,707.716,774.414,,826.358,756.21,,,,,,,,,,,,,,,,1290.98974,890.0556431,491.9,255.348506,,,,,,,1043.094,,,,,,,3719.289928,,,,,,,,,
1394,,,1134.4008,,,,,,,,,,1722.53399,,,,,,,1921.246312,641.852,,,,,,,,,,,,,,,,,,,,,,,,,,,,,,,,,,53866.161,,,,,,,822.596,949.808,706.914,,833.462,249.9,,,,,,,,,,,,,,,,1095.713678,689.5892466,1079.0,145.690598,,,,,,,1678.0608,,,,,,,3970.540686,,,,,,,,,
1393,,,587.1508,,,,,,,,,,1351.337879,,,,,,,3044.622441,1033.464,,,,,,,,,,,,,,,,,,,,,,,,,,,,,,,,,,36333.054,,,,,,,958.188,893.693,910.494,,904.835,416.71,,,,,,,,,,,,,,,,1202.674943,588.3683509,565.0,533.295662,,,,,,,1309.932,,,,,,,4809.496711,,,,,,,,,
1392,,,226.0161,,,,,,,,,,5860.181129,,,,,,,1653.391508,1398.352,,,,,,,,,,,,,,,,,,,,,,,,,,,,,,,,,,38151.48,,,,,,,815.864,709.427,481.653,,642.653,1223.53,,,,,,,,,,,,,,,,1254.713558,589.8645314,735.9,584.414347,,,,,,,983.0808,,,,,,,5381.535943,,,,,,,,,
1391,,,2662.212,,,,,,,,,,2114.07172,,,,,,,1006.612099,648.312,,,,,,,,,,,,,,,,,,,,,,,,,,,,,,,,,,64829.64,,,,,,,607.852,749.128,336.933,,947.052,659.19,,,,,,,,,,,,,,,,717.2035581,686.2550114,715.7,887.983594,,,,,,,1299.73896,,,,,,,9491.01605,,,,,,,,,
1390,,,4445.5585,,,,,,,,,,1474.353235,,,,,,,3014.548016,1667.972,,,,,,,,,,,,,,,,,,,,,,,,,,,,,,,,,,58131.81,,,,,,,462.672,983.477,295.218,,732.859,1101.38,,,,,,,,,,,,,,,,673.3364164,349.7472886,496.9,1177.250301,,,,,,,1633.4136,,,,,,,3032.177503,,,,,,,,,
1389,,,1612.56,,,,,,,,,,1486.115081,,,,,,,1518.123918,2955.96,,,,,,,,,,,,,,,,,,,,,,,,,,,,,,,,,,58106.142,,,,,,,,970.456,323.73,,853.997,707.14,,,,,,,,,,,,,,,,724.6568125,730.934513,619.6,223.861944,,,,,,,,,,,,,,7239.427769,,,,,,,,,
1388,,,623.328,,,,,,,,,,1141.735038,,,,,,,571.9419432,723.928,,,,,,,,,,,,,,,,,,,,,,,,,,,,,,,,,,75848.388,,,,,,,427.142,551.29,465.939,,1700.483,427.49,,,,,,,,,,,,,,,,963.5296355,639.9902028,512.6,480.272872,,,,,,,2746.224,,,,,,,4316.332042,,,,,,,,,
1387,,,799.1124,,,,,,,,,,1441.090089,,,,,,,1375.78481,421.6,,,,,,,,,,,,,,,,,,,,,,,,,,,,,,,,,,38784.808,,,,,,,499.494,559.497,736.29,,1397.564,491.82,,,,,,,,,,,,,,,,755.2669465,522.3420408,347.4,2314.900035,,,,,,,6870.04864,,,,,,,3180.385548,,,,,,,,,
1386,,,1391.9625,,,,,,,,,,1255.241072,,,,,,,1595.00546,1604.8,,,,,,,,,,,,,,,,,,,,,,,,,,,,,,,,,,82716.004,,,,,,,700.57,710.268,746.064,,1140.858,826.91,,,,,,,,,,,,,,,,764.2804232,643.5168267,811.5,735.438651,,,,,,,4074.096,,,,,,,6368.694907,,,,,,,,,
1385,,,1424.2128,,,,,,,,,,422.778472,,,,,,,1347.46944,1547.952,,,,,,,,,,,,,,,,,,,,,,,,,,,,,,,,,,90716.301,,,,,,,896.92,759.423,640.089,,1374.883,1006.74,,,,,,,,,,,,,,,,1793.303311,1295.786636,1166.9,400.642722,,,,,,,846.768,,,,,,,6798.485428,,,,,,,,,
1384,,,713.6938,,,,,,,,,,1126.419978,,,,,,,6097.473289,1971.456,,,,,,,,,,,,,,,,,,,,,,,,,,,,,,,,,,42243.41,,,,,,,959.48,764.411,769.095,,1571.205,1504.51,,,,,,,,,,,,,,,,822.6651768,1034.801929,826.7,1103.86242,,,,,,,907.712,,,,,,,3111.468429,,,,,,,,,
1383,,,334.1336,,,,,,,,,,1852.275441,,,,,,,3206.88317,761.532,,,,,,,,,,,,,,,,,,,,,,,,,,,,,,,,,,77673.645,,,,,,,731.612,668.711,903.528,,2268.063,661.99,,,,,,,,,,,,,,,,620.9934902,702.8787788,1276.3,1625.156581,,,,,,,1684.8,,,,,,,3017.108234,,,,,,,,,
1382,,,,,,,,,,,,,2012.040049,,,,,,,1434.57482,845.784,,,,,,,,,,,,,,,,,,,,,,,,,,,,,,,,,,70968.8,,,,,,,631.414,758.901,471.285,,1857.511,654.15,,,,,,,,,,,,,,,,1086.524935,768.1617222,1537.8,921.076912,,,,,,,3567.564,,,,,,,3507.510498,,,,,,,,,
1381,,,2584.8036,,,,,,,,,,1400.442476,,,,,,,1234.103912,1377.612,,,,,,,,,,,,,,,,,,,,,,,,,,,,,,,,,,41538.0,,,,,,,556.58,661.374,328.266,,1240.24,808.71,,,,,,,,,,,,,,,,1305.110434,634.7822975,914.5,667.442301,,,,,,,1103.7546,,,,,,,3615.065728,,,,,,,,,
1380,,,1492.1774,,,,,,,,,,638.8850913,,,,,,,1959.737552,551.616,,,,,,,,,,,,,,,,,,,,,,,,,,,,,,,,,,31551.768,,,,,,,606.594,642.437,706.158,,769.267,1489.25,,,,,,,,,,,,,,,,1113.764955,1286.420734,457.8,886.492497,,,,,,,,,,,,,,4879.048864,,,,,,,,,
1379,,,3145.754,,,,,,,,,,776.0582047,,,,,,,1637.079703,842.044,,,,,,,,,,,,,,,,,,,,,,,,,,,,,,,,,,34379.664,,,,,,,649.91,895.984,647.595,,1218.336,1441.37,,,,,,,,,,,,,,,,762.0959619,287.7487541,546.2,850.908292,,,,,,,1236.9084,,,,,,,5663.444956,,,,,,,,,
1378,,,1524.9267,,,,,,,,,,1019.009834,,,,,,,2278.875995,911.744,,,,,,,,,,,,,,,,,,,,,,,,,,,,,,,,,,37253.192,,,,,,,660.858,672.8,436.86,,908.498,790.65,,,,,,,,,,,,,,,,890.0076133,191.0831659,584.8,209.061266,,,,,,,3127.28,,,,,,,1960.696324,,,,,,,,,
1377,,,757.12,,,,,,,,,,780.4500445,,,,,,,940.0942624,854.148,,,,,,,,,,,,,,,,,,,,,,,,,,,,,,,,,,63143.855,,,,,,,599.93,461.767,268.731,,867.724,607.18,,,,,,,,,,,,,,,,462.347136,382.3216723,567.8,159.495821,,,,,,,2203.968,,,,,,,5437.601646,,,,,,,,,
1376,,,1075.284,,,,,,,,,,1463.87813,,,,,,,542.8241781,415.82,,,,,,,,,,,,,,,,,,,,,,,,,,,,,,,,,,92153.295,,,,,,,370.634,434.913,260.712,,950.937,297.57,,,,,,,,,,,,,,,,575.8728072,232.5856253,1151.7,603.919769,,,,,,,983.0912,,,,,,,6287.08453,,,,,,,,,
1375,,,563.6232,,,,,,,,,,2147.720898,,,,,,,7988.783973,888.896,,,,,,,,,,,,,,,,,,,,,,,,,,,,,,,,,,40048.612,,,,,,,240.244,428.939,277.128,,520.701,503.02,,,,,,,,,,,,,,,,477.2658208,520.2225024,1160.8,711.048459,,,,,,,279.6768,,,,,,,3625.557044,,,,,,,,,
1374,,,1659.1085,,,,,,,,,,1433.32248,,,,,,,2395.718568,1023.876,,,,,,,,,,,,,,,,,,,,,,,,,,,,,,,,,,84024.336,,,,,,,295.256,319.551,431.838,,,560.07,,,,,,,,,,,,,,,,1170.671109,697.8250858,1100.1,814.359709,,,,,,,1205.8592,,,,,,,7558.415077,,,,,,,,,
1373,,,865.4016,,,,,,,,,,1237.722405,,,,,,,1384.540824,883.524,,,,,,,,,,,,,,,,,,,,,,,,,,,,,,,,,,106876.745,,,,,,,424.388,386.048,321.003,,403.781,633.57,,,,,,,,,,,,,,,,936.5180731,716.557445,1116.9,511.090641,,,,,,,873.6,,,,,,,4910.615243,,,,,,,,,
1372,,,307.5699,,,,,,,,,,1132.939078,,,,,,,1154.536422,573.24,,,,,,,,,,,,,,,,,,,,,,,,,,,,,,,,,,30394.845,,,,,,,467.126,777.606,665.334,,811.373,565.53,,,,,,,,,,,,,,,,508.8263746,671.0029421,916.2,596.913319,,,,,,,1103.856,,,,,,,2678.799784,,,,,,,,,
1371,,,878.4778,,,,,,,,,,1780.0709,,,,,,,672.5117446,1346.468,,,,,,,,,,,,,,,,,,,,,,,,,,,,,,,,,,97817.804,,,,,,,527.884,719.316,876.852,,1004.439,582.4,,,,,,,,,,,,,,,,601.0763674,372.2774227,2016.3,718.594708,,,,,,,1540.032,,,,,,,5455.750871,,,,,,,,,
1370,,,1872.4116,,,,,,,,,,1881.889045,,,,,,,881.3082106,1222.028,,,,,,,,,,,,,,,,,,,,,,,,,,,,,,,,,,36541.825,,,,,,,540.906,335.646,552.798,,735.449,616.84,,,,,,,,,,,,,,,,1744.699608,1049.715936,612.3,833.360935,,,,,,,3636.36,,,,,,,6652.548499,,,,,,,,,
1369,,,681.5226,,,,,,,,,,1712.718864,,,,,,,2065.683878,800.768,,,,,,,,,,,,,,,,,,,,,,,,,,,,,,,,,,83230.238,,,,,,,526.898,432.999,602.829,,501.757,724.64,,,,,,,,,,,,,,,,595.2580174,369.4809626,400.9,729.839438,,,,,,,1315.301,,,,,,,4309.401892,,,,,,,,,
1368,,,2706.9471,,,,,,,,,,932.532419,,,,,,,4394.676362,903.108,,,,,,,,,,,,,,,,,,,,,,,,,,,,,,,,,,41814.736,,,,,,,555.56,382.829,447.633,,704.48,1039.92,,,,,,,,,,,,,,,,537.1599328,782.8659523,544.4,742.245813,,,,,,,2249.0676,,,,,,,5332.355368,,,,,,,,,
1367,,,1855.65,,,,,,,,,,981.9565532,,,,,,,2555.481035,2169.744,,,,,,,,,,,,,,,,,,,,,,,,,,,,,,,,,,44799.216,,,,,,,591.634,505.006,378.297,,776.038,686.56,,,,,,,,,,,,,,,,704.3271,666.7877515,888.4,669.845704,,,,,,,1084.395,,,,,,,6293.10141,,,,,,,,,
1366,,,1450.6032,,,,,,,,,,1415.966823,,,,,,,2041.282353,1319.2,,,,,,,,,,,,,,,,,,,,,,,,,,,,,,,,,,77243.936,,,,,,,600.78,559.091,495.369,,825.692,510.16,,,,,,,,,,,,,,,,1107.610824,538.0444055,218.9,897.14097,,,,,,,408.941,,,,,,,2899.267236,,,,,,,,,
1365,,,636.3843,,,,,,,,,,1332.773444,,,,,,,2086.323745,1395.564,,,,,,,,,,,,,,,,,,,,,,,,,,,,,,,,,,56831.229,,,,,,,832.728,613.727,935.28,,549.746,825.86,,,,,,,,,,,,,,,,1846.017327,371.7462506,1346.7,1127.310213,,,,,,,1041.612,,,,,,,6020.44195,,,,,,,,,
1364,,,732.1935,,,,,,,,,,1462.664331,,,,,,,848.3028585,1267.588,,,,,,,,,,,,,,,,,,,,,,,,,,,,,,,,,,64008.149,,,,,,,1112.99,625.327,609.12,,817.996,1056.86,,,,,,,,,,,,,,,,2329.76039,575.1458815,828.3,694.209129,,,,,,,2097.355,,,,,,,2200.839703,,,,,,,,,
1363,,,886.1248,,,,,,,,,,1294.714716,,,,,,,1478.36439,801.584,,,,,,,,,,,,,,,,,,,,,,,,,,,,,,,,,,55394.35,,,,,,,939.556,753.681,501.633,,804.491,915.04,,,,,,,,,,,,,,,,2052.416858,677.3566156,349.3,866.369363,,,,,,,1028.9032,,,,,,,3076.196124,,,,,,,,,
1362,,,642.7026,,,,,,,,,,1601.746026,,,,,,,3831.987165,928.744,,,,,,,,,,,,,,,,,,,,,,,,,,,,,,,,,,89633.76,,,,,,,538.356,473.976,374.76,,909.349,1163.12,,,,,,,,,,,,,,,,1326.952383,454.0389703,775.3,834.329694,,,,,,,707.09912,,,,,,,2853.66782,,,,,,,,,
1361,,,215.496,,,,,,,,,,1547.20554,,,,,,,1458.58905,1043.596,,,,,,,,,,,,,,,,,,,,,,,,,,,,,,,,,,39222.935,,,,,,,392.258,591.368,653.94,,739.852,1128.47,,,,,,,,,,,,,,,,1701.73532,524.7073931,1726.5,1316.572873,,,,,,,1630.98,,,,,,,3243.795995,,,,,,,,,
1360,,,330.9239,,,,,,,,,,1616.431656,,,,,,,1119.326519,994.432,,,,,,,,,,,,,,,,,,,,,,,,,,,,,,,,,,59474.412,,,,,,,276.216,399.649,618.651,,556.776,1220.8,,,,,,,,,,,,,,,,597.1582175,359.177943,525.4,1070.87789,,,,,,,998.3584,,,,,,,4465.409177,,,,,,,,,
1359,,,1353.235,,,,,,,,,,461.0488717,,,,,,,1238.141149,2020.824,,,,,,,,,,,,,,,,,,,,,,,,,,,,,,,,,,44763.888,,,,,,,298.826,444.889,462.78,,1025.233,1120.07,,,,,,,,,,,,,,,,1610.625688,368.9608356,1320.7,562.751414,,,,,,,265.1376,,,,,,,3851.922337,,,,,,,,,
1358,,,2254.561,,,,,,,,,,1031.401279,,,,,,,2072.474856,977.568,,,,,,,,,,,,,,,,,,,,,,,,,,,,,,,,,,65477.481,,,,,,,630.802,801.386,654.237,,1609.019,1231.16,,,,,,,,,,,,,,,,2024.599538,728.53968,806.6,1845.039889,,,,,,,1694.27232,,,,,,,3099.090412,,,,,,,,,
1357,,,1118.9536,,,,,,,,,,1452.831771,,,,,,,3917.752163,460.836,,,,,,,,,,,,,,,,,,,,,,,,,,,,,,,,,,40817.364,,,,,,,1027.548,1036.547,827.955,,1060.383,1082.2,,,,,,,,,,,,,,,,2725.983413,815.0962636,593.4,865.28898,,,,,,,1310.4416,,,,,,,4369.190381,,,,,,,,,
1356,,,853.6176,,,,,,,,,,1184.613544,,,,,,,1988.143267,742.356,,,,,,,,,,,,,,,,,,,,,,,,,,,,,,,,,,87522.958,,,,,,,1082.118,677.556,880.47,,735.449,1389.29,,,,,,,,,,,,,,,,1869.586685,723.4370214,1027.8,378.213452,,,,,,,,,,,,,,8482.04412,,,,,,,,,
1355,,,1143.6316,,,,,,,,,,1101.426019,,,,,,,1226.42973,968.32,,,,,,,,,,,,,,,,,,,,,,,,,,,,,,,,,,68392.8,,,,,,,756.84,360.76,964.035,,814.851,1459.85,,,,,,,,,,,,,,,,619.6993836,884.9576386,1112.8,560.598316,,,,,,,,,,,,,,6849.23581,,,,,,,,,
1354,,,876.4526,,,,,,,,,,780.8111433,,,,,,,1244.550599,927.724,,,,,,,,,,,,,,,,,,,,,,,,,,,,,,,,,,66532.56,,,,,,,550.596,604.969,1052.757,,1476.448,1014.58,,,,,,,,,,,,,,,,507.3610211,1453.721065,1707.4,866.688616,,,,,,,,,,,,,,3318.571991,,,,,,,,,
1353,,,751.6104,,,,,,,,,,1997.760379,,,,,,,1129.262738,1511.232,,,,,,,,,,,,,,,,,,,,,,,,,,,,,,,,,,39667.824,,,,,,,488.41,407.653,929.367,,1895.14,565.81,,,,,,,,,,,,,,,,848.9241669,717.4278657,552.1,879.309096,,,,,,,,,,,,,,2702.591594,,,,,,,,,
1352,,,3934.77,,,,,,,,,,1478.051695,,,,,,,729.7554834,1337.696,,,,,,,,,,,,,,,,,,,,,,,,,,,,,,,,,,41688.558,,,,,,,541.45,694.231,878.31,,918.081,556.01,,,,,,,,,,,,,,,,451.9388674,978.2828756,1458.3,800.517045,,,,,,,,,,,,,,5254.019832,,,,,,,,,
1351,,,2339.133,,,,,,,,,,1111.0542,,,,,,,2856.351489,751.196,,,,,,,,,,,,,,,,,,,,,,,,,,,,,,,,,,68264.644,,,,,,,762.45,365.371,800.442,,1917.266,475.02,,,,,,,,,,,,,,,,1746.509205,849.3485407,894.0,656.410594,,,,,,,,,,,,,,3024.616222,,,,,,,,,
1350,,,2294.6346,,,,,,,,,,849.7233043,,,,,,,5397.723901,1360.68,,,,,,,,,,,,,,,,,,,,,,,,,,,,,,,,,,109429.86,,,,,,,833.918,335.472,871.938,,1091.389,390.74,,,,,,,,,,,,,,,,1187.743604,490.3625977,765.4,944.829507,,,,,,,,,,,,,,2131.081844,,,,,,,,,
1349,,,1012.8447,,,,,,,,,,1577.002209,,,,,,,804.6261459,1187.348,,,,,,,,,,,,,,,,,,,,,,,,,,,,,,,,,,35738.918,,,,,,,661.946,836.476,738.45,,1755.391,570.29,,,,,,,,,,,,,,,,1271.570104,706.5581855,730.9,741.150081,,,,,,,,,,,,,,3641.51142,,,,,,,,,
1348,,,1078.7712,,,,,,,,,,2558.590504,,,,,,,1472.605349,621.656,,,,,,,,,,,,,,,,,,,,,,,,,,,,,,,,,,69344.195,,,,,,,565.896,551.435,773.739,,1283.863,512.61,,,,,,,,,,,,,,,,1209.884252,621.5290633,1267.5,1748.75538,,,,,,,,,,,,,,10450.48268,,,,,,,,,
1347,,,1075.7319,,,,,,,,,,1592.394511,,,,,,,1644.529068,603.296,,,,,,,,,,,,,,,,,,,,,,,,,,,,,,,,,,59923.556,,,,,,,437.716,570.894,570.159,,847.855,632.52,,,,,,,,,,,,,,,,882.5635268,1049.351688,803.1,1936.60618,,,,,,,,,,,,,,6699.864626,,,,,,,,,
1346,,,799.456,,,,,,,,,,2873.831875,,,,,,,1357.405131,864.892,,,,,,,,,,,,,,,,,,,,,,,,,,,,,,,,,,114745.206,,,,,,,424.116,792.541,821.502,,966.033,650.3,,,,,,,,,,,,,,,,1303.231651,671.0197058,957.5,623.559828,,,,,,,,,,,,,,3943.195333,,,,,,,,,
1345,,,470.0268,,,,,,,,,,2147.109432,,,,,,,954.3897844,881.688,,,,,,,,,,,,,,,,,,,,,,,,,,,,,,,,,,40072.9,,,,,,,438.566,1509.943,697.491,,1091.093,1187.97,,,,,,,,,,,,,,,,1623.043216,1525.366039,1275.8,998.160615,,,,,,,,,,,,,,4661.185822,,,,,,,,,
1344,,,716.7325,,,,,,,,,,3230.701341,,,,,,,1638.694638,1327.36,,,,,,,,,,,,,,,,,,,,,,,,,,,,,,,,,,48551.62,,,,,,,469.166,1669.675,702.351,,1060.235,601.93,,,,,,,,,,,,,,,,455.2036425,1689.556207,851.2,1073.495664,,,,,,,,,,,,,,6967.433578,,,,,,,,,
1343,,,1072.0024,,,,,,,,,,2016.445936,,,,,,,1745.075618,1042.032,,,,,,,,,,,,,,,,,,,,,,,,,,,,,,,,,,102174.556,,,,,,,636.854,1234.791,448.308,,1320.641,496.3,,,,,,,,,,,,,,,,982.8003556,547.8364391,814.9,519.630544,,,,,,,,,,,,,,5496.715382,,,,,,,,,
1342,,,897.3284,,,,,,,,,,933.2901427,,,,,,,701.7943432,2593.248,,,,,,,,,,,,,,,,,,,,,,,,,,,,,,,,,,60481.26,,,,,,,977.364,885.399,991.467,,1048.802,895.02,,,,,,,,,,,,,,,,896.0475062,1375.679255,435.9,989.672409,,,,,,,,,,,,,,3001.540663,,,,,,,,,
1341,,,1691.734,,,,,,,,,,1333.082381,,,,,,,1165.187568,975.732,,,,,,,,,,,,,,,,,,,,,,,,,,,,,,,,,,61814.961,,,,,,,1088.782,796.166,835.839,,553.076,1016.47,,,,,,,,,,,,,,,,939.3403684,184.1820184,859.6,812.412499,,,,,,,,,,,,,,3105.66,,,,,,,,,
1340,,,976.1571,,,,,,,,,,1580.131511,,,,,,,1193.354141,729.232,,,,,,,,,,,,,,,,,,,,,,,,,,,,,,,,,,68449.794,,,,,,,825.588,555.756,841.131,,1431.493,1231.3,,,,,,,,,,,,,,,,1720.441717,1070.542,723.9,855.726741,,,,,,,,,,,,,,10346.34613,,,,,,,,,
1339,,,301.328,,,,,,,,,,1688.477269,,,,,,,904.5036667,439.416,,,,,,,,,,,,,,,,,,,,,,,,,,,,,,,,,,70647.26,,,,,,,815.116,449.094,970.407,,1518.924,1329.93,,,,,,,,,,,,,,,,320.2662173,1049.483538,1276.7,1514.254757,,,,,,,,,,,,,,3972.532678,,,,,,,,,
1338,,,219.7811,,,,,,,,,,2026.358362,,,,,,,970.5847231,583.372,,,,,,,,,,,,,,,,,,,,,,,,,,,,,,,,,,50802.354,,,,,,,882.436,621.847,527.877,,956.82,2207.94,,,,,,,,,,,,,,,,627.1203015,530.4850542,1263.2,958.908406,,,,,,,,,,,,,,2713.958214,,,,,,,,,
1337,,,,,,,,,,,,,2635.9471,,,,,,,1087.313826,1219.852,,,,,,,,,,,,,,,,,,,,,,,,,,,,,,,,,,62217.714,,,,,,,745.348,721.201,371.574,,2183.999,518.7,,,,,,,,,,,,,,,,188.6301428,1456.289802,738.1,1020.082097,,,,,,,,,,,,,,4829.917997,,,,,,,,,
1336,,,,,,,,,,,,,1388.53113,,,,,,,860.0563001,868.496,,,,,,,,,,,,,,,,,,,,,,,,,,,,,,,,,,116711.936,,,,,,,609.144,1124.678,300.51,,1048.358,951.02,,,,,,,,,,,,,,,,587.53989,678.2417881,949.0,972.225983,,,,,,,,,,,,,,3966.121688,,,,,,,,,
1335,,,1733.0352,,,,,,,,,,1270.642429,,,,,,,1946.97973,1840.828,,,,,,,,,,,,,,,,,,,,,,,,,,,,,,,,,,41600.928,,,,,,,703.154,1258.397,542.808,,1250.23,1183.35,,,,,,,,,,,,,,,,901.3817075,2305.883152,594.0,507.672855,,,,,,,,,,,,,,6633.652851,,,,,,,,,
1334,,,2096.0856,,,,,,,,,,1367.684849,,,,,,,1612.731149,504.492,,,,,,,,,,,,,,,,,,,,,,,,,,,,,,,,,,36350.856,,,,,,,936.7,527.713,313.47,,1392.421,652.12,,,,,,,,,,,,,,,,1460.178308,648.6978544,819.9,1223.644604,,,,,,,,,,,,,,11060.60596,,,,,,,,,
1333,,,,,,,,,,,,,1535.33243,,,,,,,1208.845377,998.104,,,,,,,,,,,,,,,,,,,,,,,,,,,,,,,,,,123221.672,,,,,,,841.874,553.291,342.441,,735.523,726.88,,,,,,,,,,,,,,,,674.480235,1356.986256,577.7,440.862621,,,,,,,,,,,,,,4192.564212,,,,,,,,,
1332,,,703.1871,,,,,,,,,,1226.106105,,,,,,,651.3680116,1254.804,,,,,,,,,,,,,,,,,,,,,,,,,,,,,,,,,,35074.494,,,,,,,676.328,711.051,475.875,,983.978,1326.92,,,,,,,,,,,,,,,,2398.592938,1137.789223,312.7,1058.60221,,,,,,,572.832,,,,,,,4100.550126,,,,,,,,,
1331,,,332.9365,,,,,,,,,,1483.404682,,,,,,,2284.047615,663.884,,,,,,,,,,,,,,,,,,,,,,,,,,,,,,,,,,79672.46,,,,,,,551.956,904.51,999.189,,949.309,877.45,,,,,,,,,,,,,,,,647.3024709,744.0053755,356.0,1025.937262,,,,,,,751.179,,,,,,,2655.672985,,,,,,,,,
1330,,,513.4044,,,,,,,,,,1103.517192,,,,,,,1718.353706,700.536,,,,,,,,,,,,,,,,,,,,,,,,,,,,,,,,,,54152.442,,,,,,,614.04,757.219,1007.613,,879.416,1068.55,,,,,,,,,,,,,,,,1801.205926,703.1088296,493.4,871.660722,,,,,,,1093.4196,,,,,,,3877.219842,,,,,,,,,
1329,,,719.5749,,,,,,,,,,979.6773541,,,,,,,1024.094615,1618.808,,,,,,,,,,,,,,,,,,,,,,,,,,,,,,,,,,161462.829,,,,,,,741.54,526.669,846.801,,824.878,1788.92,,,,,,,,,,,,,,,,555.3298748,1151.559001,876.7,708.430671,,,,,,,390.7956,,,,,,,4755.343483,,,,,,,,,
1328,,,376.0069,,,,,,,,,,1381.365353,,,,,,,1538.553112,1374.008,,,,,,,,,,,,,,,,,,,,,,,,,,,,,,,,,,72086.025,,,,,,,722.296,523.363,862.866,,710.585,1301.93,,,,,,,,,,,,,,,,285.3417984,1806.882359,642.0,1419.433635,,,,,,,994.3648,,,,,,,7377.960391,,,,,,,,,
1327,,,1309.3103,,,,,,,,,,915.4216356,,,,,,,1486.170393,1595.688,,,,,,,,,,,,,,,,,,,,,,,,,,,,,,,,,,67262.373,,,,,,,443.53,390.079,774.252,,480.926,1512.56,,,,,,,,,,,,,,,,1340.986522,166.8455615,618.6,822.29545,,,,,,,417.4456,,,,,,,5529.193392,,,,,,,,,
1326,,,1725.3184,,,,,,,,,,773.9239661,,,,,,,970.8622289,1697.484,,,,,,,,,,,,,,,,,,,,,,,,,,,,,,,,,,37320.582,,,,,,,330.956,342.142,606.744,,486.217,870.73,,,,,,,,,,,,,,,,858.7069747,521.4829846,613.2,1113.576658,,,,,,,813.1448,,,,,,,11100.84012,,,,,,,,,
1325,,,932.4346,,,,,,,,,,825.9088871,,,,,,,1107.760739,477.836,,,,,,,,,,,,,,,,,,,,,,,,,,,,,,,,,,76986.52,,,,,,,400.01,392.109,537.084,,597.809,281.82,,,,,,,,,,,,,,,,613.7630485,388.0075274,420.7,774.817004,,,,,,,849.3888,,,,,,,5661.504771,,,,,,,,,
1324,,,881.3052,,,,,,,,,,1430.19966,,,,,,,1639.810606,504.356,,,,,,,,,,,,,,,,,,,,,,,,,,,,,,,,,,58361.028,,,,,,,415.752,328.802,719.766,,1505.086,643.09,,,,,,,,,,,,,,,,707.5738949,1468.283271,1623.7,192.729766,,,,,,,1226.966,,,,,,,4810.965329,,,,,,,,,
1323,,,991.458,,,,,,,,,,1534.650455,,,,,,,417.5080068,1333.208,,,,,,,,,,,,,,,,,,,,,,,,,,,,,,,,,,143038.587,,,,,,,540.124,299.773,689.742,,1503.976,664.3,,,,,,,,,,,,,,,,361.2550525,476.5478572,1066.0,904.298976,,,,,,,878.12816,,,,,,,3290.340208,,,,,,,,,
1322,,,2253.22,,,,,,,,,,1893.035024,,,,,,,587.5171429,719.168,,,,,,,,,,,,,,,,,,,,,,,,,,,,,,,,,,49889.645,,,,,,,874.412,365.284,627.075,,,835.52,,,,,,,,,,,,,,,,915.1273025,434.7707973,496.4,643.556023,,,,,,,452.93976,,,,,,,6387.782013,,,,,,,,,
1321,,,1050.4332,,,,,,,,,,1261.61673,,,,,,,1121.217042,586.568,,,,,,,,,,,,,,,,,,,,,,,,,,,,,,,,,,73101.36,,,,,,,1049.614,442.192,797.85,,1184.74,451.15,,,,,,,,,,,,,,,,1328.229503,988.8188426,432.3,1340.67394,,,,,,,792.48,,,,,,,1929.094814,,,,,,,,,
1320,,,386.5312,,,,,,,,,,608.6846883,,,,,,,1035.757748,778.94,,,,,,,,,,,,,,,,,,,,,,,,,,,,,,,,,,91057.851,,,,,,,710.328,598.966,996.381,,2128.758,878.71,,,,,,,,,,,,,,,,1627.853196,747.8173916,528.9,821.400964,,,,,,,1211.392,,,,,,,3779.010626,,,,,,,,,
1319,,,341.6403,,,,,,,,,,1006.482853,,,,,,,1985.106355,904.876,,,,,,,,,,,,,,,,,,,,,,,,,,,,,,,,,,52132.03,,,,,,,530.23,505.209,576.342,,730.232,746.55,,,,,,,,,,,,,,,,477.6415952,1048.875873,520.4,755.458172,,,,,,,372.32,,,,,,,3975.635472,,,,,,,,,
1318,,,609.3133,,,,,,,,,,1358.521585,,,,,,,3118.852744,1010.684,,,,,,,,,,,,,,,,,,,,,,,,,,,,,,,,,,43198.922,,,,,,,519.758,381.756,519.696,,665.778,1023.82,,,,,,,,,,,,,,,,1290.942384,550.393675,312.8,568.554941,,,,,,,1055.496,,,,,,,3284.727187,,,,,,,,,
1317,,,984.798,,,,,,,,,,1883.973327,,,,,,,1409.093478,1376.252,,,,,,,,,,,,,,,,,,,,,,,,,,,,,,,,,,56406.12,,,,,,,493.272,1046.581,739.422,,1062.788,1319.08,,,,,,,,,,,,,,,,2385.113157,535.9072886,671.2,605.142136,,,,,,,1716.4576,,,,,,,3448.054621,,,,,,,,,
1316,,,1067.9724,,,,,,,,,,791.845162,,,,,,,1272.814595,1087.66,,,,,,,,,,,,,,,,,,,,,,,,,,,,,,,,,,45127.035,,,,,,,458.388,1384.17,809.595,,1969.584,942.34,,,,,,,,,,,,,,,,790.9054447,1235.053723,1342.6,401.057356,,,,,,,685.464,,,,,,,10122.50289,,,,,,,,,
1315,,,849.274,,,,,,,,,,1034.961724,,,,,,,650.354583,2082.636,,,,,,,,,,,,,,,,,,,,,,,,,,,,,,,,,,67953.408,,,,,,,464.95,1092.894,682.803,,1210.344,443.1,,,,,,,,,,,,,,,,1669.86109,776.970494,1031.2,1071.901853,,,,,,,456.144,,,,,,,7000.282918,,,,,,,,,
1314,,,1239.5196,,,,,,,,,,906.6322066,,,,,,,838.496716,787.644,,,,,,,,,,,,,,,,,,,,,,,,,,,,,,,,,,52563.51,,,,,,,502.316,732.627,600.453,,1112.442,640.78,,,,,,,,,,,,,,,,616.46709,310.9201468,1126.3,805.320019,,,,,,,1147.536,,,,,,,2605.438859,,,,,,,,,
1313,,,5369.4858,,,,,,,,,,4498.955022,,,,,,,1503.547775,1280.712,,,,,,,,,,,,,,,,,,,,,,,,,,,,,,,,,,80996.8,,,,,,,554.846,547.723,617.706,,2875.825,913.36,,,,,,,,,,,,,,,,733.94233,945.3607416,708.9,896.028292,,,,,,,1078.48,,,,,,,4765.982614,,,,,,,,,
1312,,,6929.3682,,,,,,,,,,1649.100422,,,,,,,1302.421344,1493.688,,,,,,,,,,,,,,,,,,,,,,,,,,,,,,,,,,46944.38,,,,,,,472.872,556.249,456.867,,2314.165,606.13,,,,,,,,,,,,,,,,793.6139775,1309.925756,877.0,1473.086637,,,,,,,405.6,,,,,,,8120.844257,,,,,,,,,
1311,,,2669.8425,,,,,,,,,,677.6190878,,,,,,,813.4184016,2258.824,,,,,,,,,,,,,,,,,,,,,,,,,,,,,,,,,,52489.68,,,,,,,408.068,505.238,163.647,,1107.78,610.54,,,,,,,,,,,,,,,,1429.644507,843.5176244,823.5,699.094774,,,,,,,760.656,,,,,,,1719.52424,,,,,,,,,
1310,,,2245.6296,,,,,,,,,,600.134568,,,,,,,771.1726467,1086.164,,,,,,,,,,,,,,,,,,,,,,,,,,,,,,,,,,37749.348,,,,,,,466.718,735.846,203.04,,1424.241,844.06,,,,,,,,,,,,,,,,651.647503,998.990163,587.5,748.807088,,,,,,,1004.0576,,,,,,,3313.341726,,,,,,,,,
1309,,,561.8024,,,,,,,,,,1514.232833,,,,,,,973.8288799,531.624,,,,,,,,,,,,,,,,,,,,,,,,,,,,,,,,,,31306.68,,,,,,,648.72,860.082,457.407,,1175.379,962.85,,,,,,,,,,,,,,,,314.7001114,319.2532725,666.6,201.620318,,,,,,,924.5184,,,,,,,5144.222316,,,,,,,,,
1308,,,1851.8777,,,,,,,,,,10058.21619,,,,,,,937.7981635,613.564,,,,,,,,,,,,,,,,,,,,,,,,,,,,,,,,,,70775.232,,,,,,,834.326,522.551,686.961,,1183.408,1561.14,,,,,,,,,,,,,,,,686.9137382,1858.015108,356.0,980.751126,,,,,,,1476.76256,,,,,,,4738.35725,,,,,,,,,
1307,,,1643.6784,,,,,,,,,,5072.495652,,,,,,,1084.337703,1181.908,,,,,,,,,,,,,,,,,,,,,,,,,,,,,,,,,,103790.72,,,,,,,786.896,586.902,721.251,,1673.806,2370.48,,,,,,,,,,,,,,,,2017.76526,595.4428817,422.0,513.272622,,,,,,,781.456,,,,,,,2081.212522,,,,,,,,,
1306,,,2392.3836,,,,,,,,,,1310.737072,,,,,,,732.3920616,1244.876,,,,,,,,,,,,,,,,,,,,,,,,,,,,,,,,,,109530.738,,,,,,,802.944,786.48,795.879,,1447.847,2142.98,,,,,,,,,,,,,,,,539.7018408,498.4465938,593.2,278.151506,,,,,,,531.7312,,,,,,,5502.63012,,,,,,,,,
1305,,,1681.89,,,,,,,,,,1826.347097,,,,,,,984.8082745,1478.524,,,,,,,,,,,,,,,,,,,,,,,,,,,,,,,,,,77089.721,,,,,,,880.6,839.927,781.461,,1232.988,919.38,,,,,,,,,,,,,,,,1291.926953,1369.095552,540.3,522.378968,,,,,,,617.42096,,,,,,,3696.718505,,,,,,,,,
1304,,,1252.236,,,,,,,,,,1284.74498,,,,,,,1514.496165,3727.896,,,,,,,,,,,,,,,,,,,,,,,,,,,,,,,,,,89405.968,,,,,,,904.604,588.323,943.137,,1054.463,809.97,,,,,,,,,,,,,,,,390.756705,724.1451907,669.2,1090.297851,,,,,,,482.0816,,,,,,,3528.963806,,,,,,,,,
1303,,,730.296,,,,,,,,,,1466.248329,,,,,,,878.4913503,2719.524,,,,,,,,,,,,,,,,,,,,,,,,,,,,,,,,,,47063.152,,,,,,,903.346,700.698,996.84,,797.757,1138.2,,,,,,,,,,,,,,,,653.445001,780.4366625,831.8,1096.866856,,,,,,,1124.9316,,,,,,,5443.196094,,,,,,,,,
1302,,,740.8826,,,,,,,,,,2706.482923,,,,,,,517.6339689,896.308,,,,,,,,,,,,,,,,,,,,,,,,,,,,,,,,,,46961.975,,,,,,,865.096,400.954,977.346,,1066.081,539.49,,,,,,,,,,,,,,,,955.220856,572.9851963,781.6,2133.434057,,,,,,,650.3406,,,,,,,7929.774278,,,,,,,,,
1301,,,1362.1322,,,,,,,,,,933.3656148,,,,,,,793.9708961,1001.164,,,,,,,,,,,,,,,,,,,,,,,,,,,,,,,,,,56119.31,,,,,,,799.306,151.96,903.825,,530.654,840.56,,,,,,,,,,,,,,,,1434.586421,631.9974698,1556.2,1750.763549,,,,,,,1253.0544,,,,,,,6819.968335,,,,,,,,,
1300,,,914.55,,,,,,,,,,1245.735901,,,,,,,1577.921131,893.656,,,,,,,,,,,,,,,,,,,,,,,,,,,,,,,,,,56828.4,,,,,,,877.234,603.2,652.374,,669.034,1349.39,,,,,,,,,,,,,,,,765.5322877,216.6823891,859.7,2377.812633,,,,,,,788.8608,,,,,,,4686.015948,,,,,,,,,
1299,,,758.862,,,,,,,,,,1598.485356,,,,,,,1229.009602,884.544,,,,,,,,,,,,,,,,,,,,,,,,,,,,,,,,,,59906.812,,,,,,,814.266,770.675,693.063,,523.069,587.58,,,,,,,,,,,,,,,,626.7111645,1202.991087,525.6,392.474856,,,,,,,283.972,,,,,,,6985.655538,,,,,,,,,
1298,,,904.2088,,,,,,,,,,1513.281841,,,,,,,1326.472184,577.796,,,,,,,,,,,,,,,,,,,,,,,,,,,,,,,,,,45991.26,,,,,,,769.488,941.543,852.552,,693.824,707.28,,,,,,,,,,,,,,,,1188.907582,839.2341519,802.3,969.160471,,,,,,,,,,,,,,5419.454723,,,,,,,,,
1297,,,530.595,,,,,,,,,,875.4927209,,,,,,,649.777983,526.116,,,,,,,,,,,,,,,,,,,,,,,,,,,,,,,,,,54171.693,,,,,,,844.492,997.31,965.466,,1178.857,937.72,,,,,,,,,,,,,,,,880.1130672,368.4148742,1348.1,478.731322,,,,,,,,,,,,,,5002.603387,,,,,,,,,
1296,,,800.9364,,,,,,,,,,653.5651849,,,,,,,760.4906029,1666.068,,,,,,,,,,,,,,,,,,,,,,,,,,,,,,,,,,85880.988,,,,,,,799.068,1025.295,1154.655,,1254.115,1080.66,,,,,,,,,,,,,,,,569.8565552,574.1051239,1753.7,433.0281,,,,,,,,,,,,,,3262.584818,,,,,,,,,
1295,,,1469.571,,,,,,,,,,1209.917568,,,,,,,1739.339361,1436.024,,,,,,,,,,,,,,,,,,,,,,,,,,,,,,,,,,49844.22,,,,,,,703.664,1258.629,1757.538,,979.094,3456.39,,,,,,,,,,,,,,,,1456.549204,1484.715298,1495.8,769.577223,,,,,,,,,,,,,,2886.749783,,,,,,,,,
1294,,,1032.678,,,,,,,,,,1140.530157,,,,,,,1342.558023,1095.616,,,,,,,,,,,,,,,,,,,,,,,,,,,,,,,,,,36236.431,,,,,,,575.518,1023.236,1141.533,,437.155,941.5,,,,,,,,,,,,,,,,1522.594377,565.4802042,1446.6,809.129131,,,,,,,,,,,,,,5328.917677,,,,,,,,,
1293,,,518.2136,,,,,,,,,,2351.278295,,,,,,,978.6519338,667.76,,,,,,,,,,,,,,,,,,,,,,,,,,,,,,,,,,76993.696,,,,,,,438.124,600.387,647.649,,602.027,1302.7,,,,,,,,,,,,,,,,1745.292823,932.8383915,669.7,717.069433,,,,,,,,,,,,,,7085.19098,,,,,,,,,
1292,,,543.555,,,,,,,,,,2297.264853,,,,,,,991.5467406,546.176,,,,,,,,,,,,,,,,,,,,,,,,,,,,,,,,,,51454.128,,,,,,,308.074,976.285,982.206,,979.427,1077.37,,,,,,,,,,,,,,,,1324.14934,1088.827618,405.0,168.39918,,,,,,,,,,,,,,5189.294253,,,,,,,,,
1291,,,777.8094,,,,,,,,,,2226.529493,,,,,,,1225.576112,683.604,,,,,,,,,,,,,,,,,,,,,,,,,,,,,,,,,,56020.18,,,,,,,,910.107,747.9,,1035.297,1244.11,,,,,,,,,,,,,,,,1814.893823,1644.703135,808.1,276.927988,,,,,,,,,,,,,,4006.695096,,,,,,,,,
1290,,,1382.5721,,,,,,,,,,917.6706823,,,,,,,871.792916,578.476,,,,,,,,,,,,,,,,,,,,,,,,,,,,,,,,,,39112.834,,,,,,,595.408,410.611,818.667,,1272.097,876.05,,,,,,,,,,,,,,,,1381.428423,2149.449495,902.8,891.484272,,,,,,,,,,,,,,4102.513606,,,,,,,,,
1289,,,1259.7739,,,,,,,,,,1303.304328,,,,,,,939.1996988,968.184,,,,,,,,,,,,,,,,,,,,,,,,,,,,,,,,,,81725.624,,,,,,,422.688,281.677,783.459,,1920.929,796.81,,,,,,,,,,,,,,,,903.3763942,696.1622581,1013.2,868.514554,,,,,,,,,,,,,,3728.02071,,,,,,,,,
1288,,,790.8706,,,,,,,,,,1028.198295,,,,,,,758.0325162,1166.676,,,,,,,,,,,,,,,,,,,,,,,,,,,,,,,,,,52563.28,,,,,,,345.644,242.411,859.761,,1807.709,544.18,,,,,,,,,,,,,,,,902.2406122,998.3610687,625.1,1342.607354,,,,,,,,,,,,,,3483.368154,,,,,,,,,
1287,,,816.582,,,,,,,,,,787.0521657,,,,,,,1033.381749,747.524,,,,,,,,,,,,,,,,,,,,,,,,,,,,,,,,,,92154.629,,,,,,,391.714,455.909,726.165,,1364.19,877.87,,,,,,,,,,,,,,,,1610.960237,1474.174947,766.3,980.116057,,,,,,,,,,,,,,3747.869547,,,,,,,,,
1286,,,1282.671,,,,,,,,,,1863.882149,,,,,,,1387.804316,709.376,,,,,,,,,,,,,,,,,,,,,,,,,,,,,,,,,,58218.888,,,,,,,398.888,766.586,709.317,,1587.337,894.46,,,,,,,,,,,,,,,,896.694396,1051.692003,1164.5,1323.712966,,,,,,,,,,,,,,5504.090148,,,,,,,,,
1285,,,1431.976,,,,,,,,,,1188.802204,,,,,,,1773.25438,1228.896,,,,,,,,,,,,,,,,,,,,,,,,,,,,,,,,,,49437.741,,,,,,,395.658,598.792,673.785,,2214.154,1119.93,,,,,,,,,,,,,,,,339.604824,665.8483647,533.6,481.44,,,,,,,,,,,,,,5757.42717,,,,,,,,,
1284,,,3025.7951,,,,,,,,,,1275.286866,,,,,,,1037.423045,765.204,,,,,,,,,,,,,,,,,,,,,,,,,,,,,,,,,,91749.944,,,,,,,481.542,356.062,626.94,,2499.646,1807.05,,,,,,,,,,,,,,,,875.925648,721.0170598,620.3,964.614545,,,,,,,,,,,,,,2655.282714,,,,,,,,,
1283,,,1649.9071,,,,,,,,,,727.0648232,,,,,,,1030.563311,845.24,,,,,,,,,,,,,,,,,,,,,,,,,,,,,,,,,,39257.665,,,,,,,665.72,453.85,548.694,,1755.946,2409.05,,,,,,,,,,,,,,,,821.6097248,383.6170695,1236.5,990.788143,,,,,,,,,,,,,,7419.927831,,,,,,,,,
1282,,,483.6755,,,,,,,,,,2555.053063,,,,,,,1083.12891,654.568,,,,,,,,,,,,,,,,,,,,,,,,,,,,,,,,,,36879.12,,,,,,,819.162,558.511,927.909,,982.905,609.42,,,,,,,,,,,,,,,,1098.714072,1305.48874,755.0,606.213605,,,,,,,,,,,,,,3702.654848,,,,,,,,,
1281,,,1418.1432,,,,,,,,,,1518.522078,,,,,,,1382.11532,805.12,,,,,,,,,,,,,,,,,,,,,,,,,,,,,,,,,,35019.432,,,,,,,864.96,796.166,920.403,,1391.718,498.96,,,,,,,,,,,,,,,,852.9495,910.0411226,743.4,202.185995,,,,,,,,,,,,,,6144.652725,,,,,,,,,
1280,,,723.0085,,,,,,,,,,1284.88995,,,,,,,1383.375962,488.784,,,,,,,,,,,,,,,,,,,,,,,,,,,,,,,,,,69377.269,,,,,,,823.548,671.466,764.802,,2163.575,313.81,,,,,,,,,,,,,,,,1731.99519,597.2619774,879.4,331.166496,,,,,,,,,,,,,,5037.376103,,,,,,,,,
1279,,,1088.3724,,,,,,,,,,1490.034566,,,,,,,1596.751075,738.208,,,,,,,,,,,,,,,,,,,,,,,,,,,,,,,,,,80196.745,,,,,,,693.6,469.017,890.703,,1232.84,1297.66,,,,,,,,,,,,,,,,1495.744694,432.8933295,437.9,727.309241,,,,,,,,,,,,,,6471.704197,,,,,,,,,
1278,,,2484.4196,,,,,,,,,,1435.669717,,,,,,,1293.713867,1001.98,,,,,,,,,,,,,,,,,,,,,,,,,,,,,,,,,,79144.104,,,,,,,583.542,579.681,921.483,,1377.473,1132.67,,,,,,,,,,,,,,,,1231.289631,898.0701772,301.4,1400.772279,,,,,,,,,,,,,,6197.879205,,,,,,,,,
1277,,,817.7009,,,,,,,,,,,,,,,,,592.1706619,966.552,,,,,,,,,,,,,,,,,,,,,,,,,,,,,,,,,,59888.481,,,,,,,581.91,920.605,779.058,,808.191,745.78,,,,,,,,,,,,,,,,332.77002,1062.670743,459.6,811.595189,,,,,,,,,,,,,,3569.986834,,,,,,,,,
1276,,,906.54,,,,,,,,,,,,,,,,,1577.263983,949.416,,,,,,,,,,,,,,,,,,,,,,,,,,,,,,,,,,64076.666,,,,,,,725.628,764.556,713.934,,1248.417,866.6,,,,,,,,,,,,,,,,1312.927866,944.9452396,794.3,1123.998175,,,,,,,,,,,,,,4606.507776,,,,,,,,,
1275,,,1384.1468,,,,,,,,,,,,,,,,,2733.518192,974.78,,,,,,,,,,,,,,,,,,,,,,,,,,,,,,,,,,71799.1,,,,,,,876.078,553.465,514.917,,1033.632,508.55,,,,,,,,,,,,,,,,1185.149661,416.923773,1012.6,1010.578108,,,,,,,,,,,,,,3248.132075,,,,,,,,,
1274,,,1095.5224,,,,,,,,,,,,,,,,,1270.894887,1200.2,,,,,,,,,,,,,,,,,,,,,,,,,,,,,,,,,,59592.54,,,,,,,786.93,334.776,441.963,,1007.695,780.36,,,,,,,,,,,,,,,,985.7996622,1774.058735,494.1,376.268261,,,,,,,,,,,,,,4077.802171,,,,,,,,,
1273,,,1326.2,,,,,,,,,,,,,,,,,1592.377234,727.124,,,,,,,,,,,,,,,,,,,,,,,,,,,,,,,,,,56137.802,,,,,,,754.97,631.62,539.649,,1907.276,1540.63,,,,,,,,,,,,,,,,489.2464831,768.2591855,424.6,871.082419,,,,,,,,,,,,,,4748.303176,,,,,,,,,
1272,,,778.005,,,,,,,,,,1308.560301,,,,,,,3639.183634,850.612,,,,,,,,,,,,,,,,,,,,,,,,,,,,,,,,,,37572.064,,,,,,,908.786,841.986,732.807,,1145.113,2534.56,,,,,,,,,,,,,,,,917.9541616,863.1002233,633.9,1470.920953,,,,,,,,,,,,,,11289.05544,,,,,,,,,
1271,,,785.0843,,,,,,,,,,1969.906845,,,,,,,2828.748012,774.52,,,,,,,,,,,,,,,,,,,,,,,,,,,,,,,,,,100972.507,,,,,,,1137.198,899.087,879.228,,256.04,675.78,,,,,,,,,,,,,,,,1051.219266,1215.683174,1943.5,1268.316296,,,,,,,,,,,,,,3502.373264,,,,,,,,,
1270,,,465.83,,,,,,,,,,704.5721407,,,,,,,1009.614801,889.168,,,,,,,,,,,,,,,,,,,,,,,,,,,,,,,,,,61887.342,,,,,,,1284.792,584.611,722.439,,380.027,1221.29,,,,,,,,,,,,,,,,1153.035111,1740.992429,1200.6,665.410877,,,,,,,,,,,,,,2786.792299,,,,,,,,,
1269,,,5179.9419,,,,,,,,,,1715.57201,,,,,,,3497.032239,1049.716,,,,,,,,,,,,,,,,,,,,,,,,,,,,,,,,,,35717.459,,,,,,,1210.944,733.642,838.404,,825.914,829.15,,,,,,,,,,,,,,,,308.7071344,635.7485668,1274.6,742.396822,,,,,,,,,,,,,,4624.422495,,,,,,,,,
1268,,,7006.6262,,,,,,,,,,1500.709251,,,,,,,5382.522902,1493.96,,,,,,,,,,,,,,,,,,,,,,,,,,,,,,,,,,52728.374,,,,,,,978.52,913.935,873.72,,870.499,373.31,,,,,,,,,,,,,,,,1399.890773,710.5987681,1104.7,475.393896,,,,,,,,,,,,,,7203.308881,,,,,,,,,
1267,,,647.9341,,,,,,,,,,1293.623945,,,,,,,1439.229547,1696.94,,,,,,,,,,,,,,,,,,,,,,,,,,,,,,,,,,41523.878,,,,,,,962.744,890.909,648.594,,793.354,661.99,,,,,,,,,,,,,,,,2341.364864,2180.129234,903.7,650.985843,,,,,,,,,,,,,,3982.445095,,,,,,,,,
1266,,,1148.805,,,,,,,,,,582.4698309,,,,,,,2309.737121,1924.672,,,,,,,,,,,,,,,,,,,,,,,,,,,,,,,,,,62626.24,,,,,,,798.762,790.714,585.252,,897.435,1316.7,,,,,,,,,,,,,,,,2434.323073,1334.287367,1738.3,1254.042592,,,,,,,,,,,,,,6436.645426,,,,,,,,,
1265,,,1161.068,,,,,,,,,,747.6290246,,,,,,,7365.391972,1018.912,,,,,,,,,,,,,,,,,,,,,,,,,,,,,,,,,,39666.352,,,,,,,508.164,540.618,592.002,,1422.909,903.42,,,,,,,,,,,,,,,,1396.56818,619.9729388,1160.8,657.62481,,,,,,,,,,,,,,4169.932308,,,,,,,,,
1264,,,238.95,,,,,,,,,,1283.427063,,,,,,,4111.24706,683.536,,,,,,,,,,,,,,,,,,,,,,,,,,,,,,,,,,74949.732,,,,,,,356.83,577.854,577.125,,1118.251,1720.32,,,,,,,,,,,,,,,,868.8297883,650.0484382,937.5,655.675385,,,,,,,,,,,,,,6074.707614,,,,,,,,,
1263,,,461.1672,,,,,,,,,,1469.931504,,,,,,,2899.747508,706.384,,,,,,,,,,,,,,,,,,,,,,,,,,,,,,,,,,44585.937,,,,,,,418.778,983.013,487.62,,1222.702,822.29,,,,,,,,,,,,,,,,842.8235477,494.7643806,484.3,396.744353,,,,,,,,,,,,,,2560.837058,,,,,,,,,
1262,,,1463.075,,,,,,,,,,1569.515686,,,,,,,2098.654546,1708.976,,,,,,,,,,,,,,,,,,,,,,,,,,,,,,,,,,48806.069,,,,,,,567.052,619.382,392.229,,1016.686,675.22,,,,,,,,,,,,,,,,1071.751609,657.9067971,553.0,492.135928,,,,,,,,,,,,,,2673.734011,,,,,,,,,
1261,,,816.213,,,,,,,,,,1044.633197,,,,,,,1119.372214,1785.816,,,,,,,,,,,,,,,,,,,,,,,,,,,,,,,,,,34277.176,,,,,,,634.508,539.922,406.647,,958.115,1369.34,,,,,,,,,,,,,,,,675.5034513,1031.338409,1126.9,356.342149,,,,,,,,,,,,,,4171.94407,,,,,,,,,
1260,,,1405.778,,,,,,,,,,784.8373975,,,,,,,1250.10155,754.596,,,,,,,,,,,,,,,,,,,,,,,,,,,,,,,,,,42135.448,,,,,,,600.61,629.329,591.003,,1822.176,1981.56,,,,,,,,,,,,,,,,1473.693183,971.6488618,898.1,485.751815,,,,,,,,,,,,,,5437.28023,,,,,,,,,
1259,,,1435.9194,,,,,,,,,,1146.40209,,,,,,,1540.791055,502.86,,,,,,,,,,,,,,,,,,,,,,,,,,,,,,,,,,44627.36,,,,,,,656.2,608.681,791.775,,1983.089,1431.08,,,,,,,,,,,,,,,,1388.977465,303.7725195,637.6,1350.199081,,,,,,,,,,,,,,6855.07462,,,,,,,,,
1258,,,531.582,,,,,,,,,,1919.9534,,,,,,,4126.605184,733.176,,,,,,,,,,,,,,,,,,,,,,,,,,,,,,,,,,47646.57,,,,,,,938.638,491.144,890.379,,2180.743,877.8,,,,,,,,,,,,,,,,1286.735546,557.8708235,1253.7,784.971789,,,,,,,,,,,,,,3840.114761,,,,,,,,,
1257,,,794.178,,,,,,,,,,1965.145329,,,,,,,1529.643959,1820.428,,,,,,,,,,,,,,,,,,,,,,,,,,,,,,,,,,28623.132,,,,,,,1124.992,370.591,850.932,,1469.381,,,,,,,,,,,,,,,,,1125.092563,920.5330276,1056.1,1009.730532,,,,,,,,,,,,,,3340.227609,,,,,,,,,
1256,,,996.2154,,,,,,,,,,857.3411214,,,,,,,2222.723964,1143.896,,,,,,,,,,,,,,,,,,,,,,,,,,,,,,,,,,57553.452,,,,,,,931.804,385.062,645.354,,727.605,,,,,,,,,,,,,,,,,467.0892694,1070.424027,573.9,1347.138108,,,,,,,,,,,,,,4400.94581,,,,,,,,,
1255,,,2216.5501,,,,,,,,,,735.2325876,,,,,,,857.1283255,1010.616,,,,,,,,,,,,,,,,,,,,,,,,,,,,,,,,,,69013.041,,,,,,,643.382,469.278,652.023,,976.097,,,,,,,,,,,,,,,,,1640.63215,264.8357532,555.4,736.023512,,,,,,,,,,,,,,3050.80051,,,,,,,,,
1254,,,1245.8274,,,,,,,,,,830.1267353,,,,,,,786.8713432,735.42,,,,,,,,,,,,,,,,,,,,,,,,,,,,,,,,,,50486.15,,,,,,,536.078,545.316,709.965,,1257.334,,,,,,,,,,,,,,,,,926.7406218,1488.564061,624.5,1434.407991,,,,,,,,,,,,,,11135.41013,,,,,,,,,
1253,,,809.784,,,,,,,,,,644.8493336,,,,,,,512.9793735,363.868,,,,,,,,,,,,,,,,,,,,,,,,,,,,,,,,,,51872.728,,,,,,,519.894,638.348,680.697,,1195.026,,,,,,,,,,,,,,,,,709.2874089,1124.706112,1513.6,759.843955,,,,,,,,,,,,,,4606.446209,,,,,,,,,
1252,,,437.0611,,,,,,,,,,1213.296096,,,,,,,1304.162014,1181.296,,,,,,,,,,,,,,,,,,,,,,,,,,,,,,,,,,45301.444,,,,,,,553.52,642.147,581.823,,1515.224,,,,,,,,,,,,,,,,,1130.858603,587.3288774,674.8,925.258085,,,,,,,,,,,,,,4210.187455,,,,,,,,,
1251,,,1264.0738,,,,,,,,,,6828.166127,,,,,,,477.6351964,1462.476,,,,,,,,,,,,,,,,,,,,,,,,,,,,,,,,,,49901.03,,,,,,,626.79,602.475,274.671,,1246.974,,,,,,,,,,,,,,,,,1173.168391,654.2753024,2278.9,330.046157,,,,,,,,,,,,,,4132.940916,,,,,,,,,
1250,,,1387.76,,,,,,,,,,2171.215993,,,,,,,2026.069307,1198.364,,,,,,,,,,,,,,,,,,,,,,,,,,,,,,,,,,37223.476,,,,,,,648.754,579.623,387.666,,795.907,,,,,,,,,,,,,,,,,873.0510726,542.3041354,461.7,347.293004,,,,,,,,,,,,,,5562.154915,,,,,,,,,
1249,,,1273.137,,,,,,,,,,970.6857967,,,,,,,1101.005958,682.312,,,,,,,,,,,,,,,,,,,,,,,,,,,,,,,,,,48265.822,,,,,,,556.648,576.114,731.7,,601.62,,,,,,,,,,,,,,,,,2223.337269,305.9283655,949.9,910.5514,,,,,,,,,,,,,,2544.534208,,,,,,,,,
1248,,,580.844,,,,,,,,,,1242.23172,,,,,,,888.3754646,1200.948,,,,,,,,,,,,,,,,,,,,,,,,,,,,,,,,,,77129.856,,,,,,,398.65,530.99,836.514,,1878.712,,,,,,,,,,,,,,,,,1504.471986,449.935201,426.6,571.20872,,,,,,,,,,,,,,4127.471456,,,,,,,,,
1247,,,1358.346,,,,,,,,,,3305.579465,,,,,,,729.4691966,349.044,,,,,,,,,,,,,,,,,,,,,,,,,,,,,,,,,,55401.342,,,,,,,472.124,447.528,775.629,,1496.761,,,,,,,,,,,,,,,,,1584.093397,400.6758671,301.4,834.768058,,,,,,,,,,,,,,4362.138963,,,,,,,,,
1246,,,854.502,,,,,,,,,,1097.133645,,,,,,,585.6151534,355.776,,,,,,,,,,,,,,,,,,,,,,,,,,,,,,,,,,39539.553,,,,,,,582.828,397.59,759.132,,1079.068,,,,,,,,,,,,,,,,,1616.195307,888.4422852,448.0,516.096414,,,,,,,,,,,,,,5431.849242,,,,,,,,,
1245,,,588.9742,,,,,,,,,,773.7807672,,,,,,,1114.207592,488.308,,,,,,,,,,,,,,,,,,,,,,,,,,,,,,,,,,38090.254,,,,,,,451.35,603.113,661.986,,1577.162,,,,,,,,,,,,,,,,,916.6094784,714.1337755,665.1,402.792723,,,,,,,,,,,,,,9745.806174,,,,,,,,,
1244,,,633.6,,,,,,,,,,371.2106163,,,,,,,895.0320393,1049.852,,,,,,,,,,,,,,,,,,,,,,,,,,,,,,,,,,41206.248,,,,,,,481.474,635.506,852.687,,1012.061,,,,,,,,,,,,,,,,,1247.735301,739.0639846,1261.6,263.528316,,,,,,,,,,,,,,12628.92627,,,,,,,,,
1243,,,999.8296,,,,,,,,,,626.5455146,,,,,,,1143.318068,1112.616,,,,,,,,,,,,,,,,,,,,,,,,,,,,,,,,,,63514.5,,,,,,,3194.232,917.966,653.157,,737.151,,,,,,,,,,,,,,,,,731.9337519,820.4003533,287.9,540.264427,,,,,,,,,,,,,,4362.464529,,,,,,,,,
1242,,,1187.6465,,,,,,,,,,1491.767416,,,,,,,2068.375131,1081.88,,,,,,,,,,,,,,,,,,,,,,,,,,,,,,,,,,49285.918,,,,,,,10614.46,1060.472,695.304,,705.923,,,,,,,,,,,,,,,,,897.8067498,1542.337092,1390.4,854.373998,,,,,,,,,,,,,,3095.800809,,,,,,,,,
1241,,,799.7157,,,,,,,,,,1258.914529,,,,,,,1814.239606,1455.404,,,,,,,,,,,,,,,,,,,,,,,,,,,,,,,,,,85669.25,,,,,,,4883.08,1010.36,692.496,,1471.675,,,,,,,,,,,,,,,,,464.1692355,669.1997734,566.8,843.304941,,,,,,,,,,,,,,6179.121078,,,,,,,,,
1240,,,1449.4592,,,,,,,,,,708.6862516,,,,,,,1720.045031,1210.4,,,,,,,,,,,,,,,,,,,,,,,,,,,,,,,,,,32230.314,,,,,,,517.208,794.223,903.609,,1718.28,,,,,,,,,,,,,,,,,1378.738397,1152.183985,1029.4,920.807858,,,,,,,,,,,,,,5656.650909,,,,,,,,,
1239,,,972.328,,,,,,,,,,1646.74536,,,,,,,934.7357868,1356.056,,,,,,,,,,,,,,,,,,,,,,,,,,,,,,,,,,84151.503,,,,,,,525.946,528.612,1435.293,,1044.214,,,,,,,,,,,,,,,,,1002.154484,633.689741,1237.4,1767.65453,,,,,,,,,,,,,,5397.819827,,,,,,,,,
1238,,,596.6121,,,,,,,,,,1672.686961,,,,,,,2445.547239,657.968,,,,,,,,,,,,,,,,,,,,,,,,,,,,,,,,,,44863.754,,,,,,,611.082,804.025,1410.48,,693.75,,,,,,,,,,,,,,,,,1891.353512,680.6472011,750.4,1736.586512,,,,,,,,,,,,,,2894.700279,,,,,,,,,
1237,,,1094.55,,,,,,,,,,1863.938578,,,,,,,1509.001918,939.148,,,,,,,,,,,,,,,,,,,,,,,,,,,,,,,,,,28718.467,,,,,,,807.636,875.336,1188.27,,928.922,,,,,,,,,,,,,,,,,868.7664701,533.984822,725.3,599.919218,,,,,,,,,,,,,,4307.149019,,,,,,,,,
1236,,,1607.3044,,,,,,,,,,1288.091526,,,,,,,2024.390404,1373.056,,,,,,,,,,,,,,,,,,,,,,,,,,,,,,,,,,44667.84,,,,,,,898.926,608.275,653.427,,1082.102,,,,,,,,,,,,,,,,,10430.92363,1110.53132,1573.3,554.839925,,,,,,,,,,,,,,4712.307396,,,,,,,,,
1235,,,653.133,,,,,,,,,,1443.808448,,,,,,,2955.813233,2318.052,,,,,,,,,,,,,,,,,,,,,,,,,,,,,,,,,,76963.934,,,,,,,1004.292,518.491,610.794,,836.496,,,,,,,,,,,,,,,,,294.9873258,1174.896268,1493.2,503.178004,,,,,,,,,,,,,,6731.124745,,,,,,,,,
1234,,,509.3456,,,,,,,,,,1424.129399,,,,,,,2562.450563,1421.676,,,,,,,,,,,,,,,,,,,,,,,,,,,,,,,,,,48098.244,,,,,,,830.586,637.159,401.112,,909.497,,,,,,,,,,,,,,,,,3543.24256,770.5338483,902.0,406.347292,,,,,,,,,,,,,,6661.469445,,,,,,,,,
1233,,,589.0576,,,,,,,,,,608.0589436,,,,,,,1096.845278,826.812,,,,,,,,,,,,,,,,,,,,,,,,,,,,,,,,,,47260.469,,,,,,,712.13,770.559,444.906,,1371.109,,,,,,,,,,,,,,,,,659.8307292,1438.425579,557.0,448.87812,,,,,,,,,,,,,,2745.822253,,,,,,,,,
1232,,,379.2084,,,,,,,,,,1259.423813,,,,,,,1219.086118,1151.172,,,,,,,,,,,,,,,,,,,,,,,,,,,,,,,,,,59183.278,,,,,,,785.876,667.812,679.158,,1533.391,,,,,,,,,,,,,,,,,1020.635728,762.5732701,740.7,708.189837,,,,,,,,,,,,,,2581.460799,,,,,,,,,
1231,,,826.7132,,,,,,,,,,995.0025198,,,,,,,896.3064743,677.892,,,,,,,,,,,,,,,,,,,,,,,,,,,,,,,,,,43003.675,,,,,,,864.654,911.702,651.942,,716.764,,,,,,,,,,,,,,,,,2195.915871,896.462524,933.0,959.066496,,,,,,,,,,,,,,2998.113999,,,,,,,,,
1230,,,1356.3364,,,,,,,,,,794.3711781,,,,,,,821.0987678,1193.944,,,,,,,,,,,,,,,,,,,,,,,,,,,,,,,,,,29411.296,,,,,,,845.07,682.544,724.41,,1070.336,,,,,,,,,,,,,,,,,1143.328979,743.9215738,1094.9,779.035401,,,,,,,,,,,,,,5517.837595,,,,,,,,,
1229,,,1128.87,,,,,,,,,,932.4544623,,,,,,,1455.787832,1666.884,,,,,,,,,,,,,,,,,,,,,,,,,,,,,,,,,,56387.007,,,,,,,753.644,358.266,978.642,,678.876,,,,,,,,,,,,,,,,,556.0051325,532.4759783,608.8,894.435345,,,,,,,,,,,,,,4051.456049,,,,,,,,,
1228,,,819.9702,,,,,,,,,,696.428064,,,,,,,2172.838585,1285.404,,,,,,,,,,,,,,,,,,,,,,,,,,,,,,,,,,78844.414,,,,,,,709.784,171.854,631.26,,686.572,,,,,,,,,,,,,,,,,1275.82963,908.7101587,450.3,429.748155,,,,,,,,,,,,,,7667.015417,,,,,,,,,
1227,,,392.2512,,,,,,,,,,709.1157206,,,,,,,1378.007012,1862.656,,,,,,,,,,,,,,,,,,,,,,,,,,,,,,,,,,19913.4,,,,,,,601.732,492.188,431.892,,597.254,,,,,,,,,,,,,,,,,641.995455,348.9846789,632.0,387.099767,,,,,,,,,,,,,,6259.8707,,,,,,,,,
1226,,,217.1085,,,,,,,,,,1121.655746,,,,,,,1197.179861,1345.72,,,,,,,,,,,,,,,,,,,,,,,,,,,,,,,,,,77550.342,,,,,,,571.132,532.063,547.992,,491.286,,,,,,,,,,,,,,,,,2474.296726,807.0992861,489.6,603.597945,,,,,,,,,,,,,,5241.761751,,,,,,,,,
1225,,,558.9974,,,,,,,,,,919.6143091,,,,,,,1622.867576,4760.816,,,,,,,,,,,,,,,,,,,,,,,,,,,,,,,,,,38601.36,,,,,,,650.964,504.165,555.984,,867.613,,,,,,,,,,,,,,,,,655.8523238,1072.631687,548.9,865.494809,,,,,,,,,,,,,,3449.832152,,,,,,,,,
1224,,,1353.7984,,,,,,,,,,605.9512718,,,,,,,1955.473522,2877.692,,,,,,,,,,,,,,,,,,,,,,,,,,,,,,,,,,54005.104,,,,,,,800.122,378.044,628.371,,1028.193,,,,,,,,,,,,,,,,,992.8498944,2690.724384,873.6,507.203591,,,,,,,,,,,,,,4690.600198,,,,,,,,,
1223,,,985.026,,,,,,,,,,449.3645658,,,,,,,677.2243548,1094.664,,,,,,,,,,,,,,,,,,,,,,,,,,,,,,,,,,53577.534,,,,,,,907.494,613.872,681.696,,519.147,,,,,,,,,,,,,,,,,1367.667996,681.4009538,1357.8,298.042701,,,,,,,,,,,,,,5411.196128,,,,,,,,,
1222,,,726.9345,,,,,,,,,,739.0093665,,,,,,,1786.476203,1470.908,,,,,,,,,,,,,,,,,,,,,,,,,,,,,,,,,,47299.707,,,,,,,869.176,1104.61,650.916,,643.726,,,,,,,,,,,,,,,,,2633.01514,615.099001,2497.2,1143.031309,,,,,,,,,,,,,,3436.589001,,,,,,,,,
1221,,,941.94,,,,,,,,,,1726.557383,,,,,,,1309.108364,1177.42,,,,,,,,,,,,,,,,,,,,,,,,,,,,,,,,,,38808.36,,,,,,,727.6,1081.787,599.616,,1080.215,,,,,,,,,,,,,,,,,1690.144531,1384.850977,768.6,1850.464925,,,,,,,,,,,,,,5743.613416,,,,,,,,,
1220,,,1794.81,,,,,,,,,,903.2112607,,,,,,,1290.805647,910.86,,,,,,,,,,,,,,,,,,,,,,,,,,,,,,,,,,39426.048,,,,,,,708.424,857.066,361.152,,2133.013,,,,,,,,,,,,,,,,,338.324565,1109.982061,1025.6,848.248893,,,,,,,,,,,,,,5289.289496,,,,,,,,,
1219,,,,,,,,,,,,,2318.331514,,,,,,,5066.617766,795.464,,,,,,,,,,,,,,,,,,,,,,,,,,,,,,,,,,47638.129,,,,,,,787.372,578.898,660.609,,1448.513,,,,,,,,,,,,,,,,,1956.125783,528.1925049,1486.0,668.796532,,,,,,,,,,,,,,3975.954717,,,,,,,,,
1218,,,,,,,,,,,,,2254.867159,,,,,,,2330.883333,835.244,,,,,,,,,,,,,,,,,,,,,,,,,,,,,,,,,,155016.504,,,,,,,1000.416,469.22,933.876,,773.004,,,,,,,,,,,,,,,,,1026.962,636.9537146,1149.8,536.377803,,,,,,,,,,,,,,5209.108759,,,,,,,,,
1217,,,2177.1076,,,,,,,,,,589.5371399,,,,,,,1000.220635,830.484,,,,,,,,,,,,,,,,,,,,,,,,,,,,,,,,,,30758.82,,,,,,,1152.77,291.595,802.872,,717.097,,,,,,,,,,,,,,,,,1643.382,1135.49469,694.3,716.571655,,,,,,,,,,,,,,4112.55547,,,,,,,,,
1216,,,778.635,,,,,,,,,,1556.37216,,,,,,,1463.419424,769.08,,,,,,,,,,,,,,,,,,,,,,,,,,,,,,,,,,38299.508,,,,,,,891.888,393.124,909.684,,746.216,,,,,,,,,,,,,,,,,622.406704,599.1086738,982.5,936.195611,,,,,,,,,,,,,,6289.290542,,,,,,,,,
1215,,,694.26,,,,,,,,,,640.5128656,,,,,,,1882.679128,966.416,,,,,,,,,,,,,,,,,,,,,,,,,,,,,,,,,,59588.17,,,,,,,551.106,642.205,1016.955,,1068.19,,,,,,,,,,,,,,,,,1695.786624,489.406669,1188.2,915.529074,,,,,,,,,,,,,,3139.915655,,,,,,,,,
1214,,,624.3224,,,,,,,,,,683.0803106,,,,,,,1925.698718,676.532,,,,,,,,,,,,,,,,,,,,,,,,,,,,,,,,,,67258.762,,,,,,,365.976,940.354,952.722,,1241.128,,,,,,,,,,,,,,,,,493.5950586,511.5914906,1070.1,544.237129,,,,,,,,,,,,,,4234.860191,,,,,,,,,
1213,,,924.4756,,,,,,,,,,1040.674703,,,,,,,2281.142727,1777.316,,,,,,,,,,,,,,,,,,,,,,,,,,,,,,,,,,50479.02,,,,,,,397.8,663.404,875.772,,952.639,,,,,,,,,,,,,,,,,776.9021072,277.8515551,290.3,515.794014,,,,,,,,,,,,,,5358.68089,,,,,,,,,
1212,,,3648.6784,,,,,,,,,,1912.768662,,,,,,,1797.934369,500.14,,,,,,,,,,,,,,,,,,,,,,,,,,,,,,,,,,59058.204,,,,,,,504.152,509.53,902.367,,969.659,,,,,,,,,,,,,,,,,1850.994951,527.3774667,1114.1,530.663638,,,,,,,,,,,,,,6840.887356,,,,,,,,,
1211,,,4025.3174,,,,,,,,,,1080.350672,,,,,,,1956.719242,751.944,,,,,,,,,,,,,,,,,,,,,,,,,,,,,,,,,,65688.0,,,,,,,621.282,,822.339,,665.297,,,,,,,,,,,,,,,,,2593.0705,1436.61746,601.2,900.906588,,,,,,,,,,,,,,4018.943456,,,,,,,,,
1210,,,1182.2354,,,,,,,,,,570.7364832,,,,,,,1426.732479,1392.504,,,,,,,,,,,,,,,,,,,,,,,,,,,,,,,,,,39154.878,,,,,,,680.476,906.395,433.35,,587.782,,,,,,,,,,,,,,,,,1207.213467,1563.357069,663.3,543.991071,,,,,,,,,,,,,,5348.832596,,,,,,,,,
1209,,,345.8285,,,,,,,,,,1251.590762,,,,,,,2188.979932,1154.232,,,,,,,,,,,,,,,,,,,,,,,,,,,,,,,,,,47462.8,,,,,,,679.524,606.129,399.195,,1018.314,,,,,,,,,,,,,,,,,477.0736458,365.4925548,977.5,743.461573,,,,,,,,,,,,,,3551.875579,,,,,,,,,
1208,,,596.9028,,,,,,,,,,2245.373363,,,,,,,1554.622718,268.464,,,,,,,,,,,,,,,,,,,,,,,,,,,,,,,,,,52941.791,,,,,,,,552.247,717.201,,962.814,,,,,,,,,,,,,,,,,1007.405738,587.073237,1088.5,590.937049,,,,,,,,,,,,,,5191.893644,,,,,,,,,
1207,,,1188.9024,,,,,,,,,,1192.779379,,,,,,,1247.037857,287.3,,,,,,,,,,,,,,,,,,,,,,,,,,,,,,,,,,46270.25,,,,,,,974.406,766.789,940.248,,1725.828,,,,,,,,,,,,,,,,,800.0038541,1186.787227,1129.2,360.266825,,,,,,,,,,,,,,4977.892186,,,,,,,,,
1206,,,723.7646,,,,,,,,,,770.6736161,,,,,,,2197.599993,773.976,,,,,,,,,,,,,,,,,,,,,,,,,,,,,,,,,,62925.102,,,,,,,1104.15,930.175,690.552,,3822.1,,,,,,,,,,,,,,,,,953.171299,753.9645917,543.1,1140.832466,,,,,,,,,,,,,,3222.602271,,,,,,,,,
1205,,,423.738,,,,,,,,,,1397.750275,,,,,,,2220.501026,1333.344,,,,,,,,,,,,,,,,,,,,,,,,,,,,,,,,,,64497.29,,,,,,,1145.392,614.22,593.136,,2239.166,,,,,,,,,,,,,,,,,2029.569459,990.5786763,1391.8,596.284489,,,,,,,,,,,,,,4041.193638,,,,,,,,,
1204,,,832.1898,,,,,,,,,,1941.39418,,,,,,,1121.545699,403.648,,,,,,,,,,,,,,,,,,,,,,,,,,,,,,,,,,38235.545,,,,,,,1058.216,539.168,605.907,,1046.36,,,,,,,,,,,,,,,,,359.1947962,720.7413925,1514.5,826.349583,,,,,,,,,,,,,,7431.454565,,,,,,,,,
1203,,,3281.175,,,,,,,,,,1085.142955,,,,,,,851.5237348,780.844,,,,,,,,,,,,,,,,,,,,,,,,,,,,,,,,,,41992.595,,,,,,,934.49,748.171,381.645,,1071.446,,,,,,,,,,,,,,,,,3336.8751,941.0837753,945.5,1582.145632,,,,,,,,,,,,,,6345.749893,,,,,,,,,
1202,,,3785.9252,,,,,,,,,,777.2216343,,,,,,,1320.761719,1702.312,,,,,,,,,,,,,,,,,,,,,,,,,,,,,,,,,,60463.872,,,,,,,1082.288,650.151,361.881,,1292.595,,,,,,,,,,,,,,,,,642.1569109,589.8001017,714.0,1622.316391,,,,,,,,,,,,,,5278.029528,,,,,,,,,
1201,,,1425.5892,,,,,,,,,,1033.731614,,,,,,,2629.161338,1555.84,,,,,,,,,,,,,,,,,,,,,,,,,,,,,,,,,,58072.976,,,,,,,1114.01,319.783,800.469,,1106.189,,,,,,,,,,,,,,,,,1518.624281,730.1510593,897.0,1335.843299,,,,,,,,,,,,,,3142.900564,,,,,,,,,
1200,,,1595.7656,,,,,,,,,,1170.186074,,,,,,,2246.821418,1493.552,,,,,,,,,,,,,,,,,,,,,,,,,,,,,,,,,,47035.736,,,,,,,829.6,363.979,591.462,,1026.676,,,,,,,,,,,,,,,,,340.0342889,575.7763462,1906.1,901.508897,,,,,,,,,,,,,,4646.42339,,,,,,,,,
1199,,,1482.0,,,,,,,,,,1094.999304,,,,,,,2026.104325,916.164,,,,,,,,,,,,,,,,,,,,,,,,,,,,,,,,,,36484.463,,,,,,,693.6,550.536,803.412,,474.636,,,,,,,,,,,,,,,,,1650.214953,772.0694147,1222.9,784.051402,,,,,,,,,,,,,,4674.008471,,,,,,,,,
1198,,,2116.341,,,,,,,,,,1710.32168,,,,,,,1169.06172,1284.724,,,,,,,,,,,,,,,,,,,,,,,,,,,,,,,,,,59383.516,,,,,,,718.862,577.738,948.996,,559.44,,,,,,,,,,,,,,,,,2532.872879,396.6560086,541.2,782.34887,,,,,,,,,,,,,,2109.235362,,,,,,,,,
1197,,,696.2956,,,,,,,,,,1490.08377,,,,,,,1751.816244,1267.18,,,,,,,,,,,,,,,,,,,,,,,,,,,,,,,,,,17601.164,,,,,,,865.708,498.626,880.713,,1947.754,,,,,,,,,,,,,,,,,732.0922126,1009.607196,687.3,612.149412,,,,,,,,,,,,,,2027.668538,,,,,,,,,
1196,,,373.369,,,,,,,,,,753.3608329,,,,,,,993.7328472,2428.212,,,,,,,,,,,,,,,,,,,,,,,,,,,,,,,,,,47063.497,,,,,,,978.792,500.946,806.949,,2272.281,,,,,,,,,,,,,,,,,1646.340534,972.9635167,781.2,763.785911,,,,,,,,,,,,,,4510.509543,,,,,,,,,
1195,,,1429.4447,,,,,,,,,,631.2864378,,,,,,,1054.518374,1515.788,,,,,,,,,,,,,,,,,,,,,,,,,,,,,,,,,,40629.96,,,,,,,968.524,456.895,595.917,,1283.086,,,,,,,,,,,,,,,,,1552.926414,761.447837,558.0,1676.629631,,,,,,,,,,,,,,4403.11385,,,,,,,,,
1194,,,1033.8203,,,,,,,,,,1424.866069,,,,,,,1438.303209,1004.7,,,,,,,,,,,,,,,,,,,,,,,,,,,,,,,,,,30500.392,,,,,,,902.394,408.291,775.71,,1045.657,,,,,,,,,,,,,,,,,1043.388278,1013.341607,1141.2,843.445951,,,,,,,,,,,,,,5197.565303,,,,,,,,,
1193,,,706.0746,,,,,,,,,,666.9931016,,,,,,,1616.733458,653.616,,,,,,,,,,,,,,,,,,,,,,,,,,,,,,,,,,46139.357,,,,,,,772.004,340.373,966.519,,2149.552,,,,,,,,,,,,,,,,,1330.310093,264.9913139,641.5,709.497828,,,,,,,,,,,,,,2544.579132,,,,,,,,,
1192,,,1120.354,,,,,,,,,,1593.843315,,,,,,,2182.138409,960.024,,,,,,,,,,,,,,,,,,,,,,,,,,,,,,,,,,86812.074,,,,,,,753.202,636.492,1266.111,,1547.71,,,,,,,,,,,,,,,,,1440.392928,317.4862512,946.3,848.900348,,,,,,,,,,,,,,5124.85898,,,,,,,,,
1191,,,756.7896,,,,,,,,,,1950.727122,,,,,,,1714.864033,568.548,,,,,,,,,,,,,,,,,,,,,,,,,,,,,,,,,,34060.24,,,,,,,782.068,788.307,833.517,,503.829,,,,,,,,,,,,,,,,,1236.651574,611.6863666,911.5,881.64742,,,,,,,,,,,,,,5035.299778,,,,,,,,,
1190,,,1452.2232,,,,,,,,,,833.4936598,,,,,,,717.5241576,349.724,,,,,,,,,,,,,,,,,,,,,,,,,,,,,,,,,,42590.25,,,,,,,752.454,988.175,587.682,,322.788,,,,,,,,,,,,,,,,,1610.461023,346.0007505,564.2,1223.604471,,,,,,,,,,,,,,5195.928341,,,,,,,,,
1189,,,956.6288,,,,,,,,,,664.4609966,,,,,,,1402.930103,1328.244,,,,,,,,,,,,,,,,,,,,,,,,,,,,,,,,,,50230.735,,,,,,,634.576,850.657,248.886,,737.632,,,,,,,,,,,,,,,,,655.1798567,474.4225259,768.1,1015.008383,,,,,,,,,,,,,,2918.983907,,,,,,,,,
1188,,,904.5806,,,,,,,,,,860.065136,,,,,,,751.34874,458.592,,,,,,,,,,,,,,,,,,,,,,,,,,,,,,,,,,32309.043,,,,,,,671.398,906.047,479.277,,1069.078,,,,,,,,,,,,,,,,,295.3777769,598.3242166,738.2,960.840151,,,,,,,,,,,,,,3723.435463,,,,,,,,,
1187,,,879.5375,,,,,,,,,,1212.915281,,,,,,,968.0116798,1700.34,,,,,,,,,,,,,,,,,,,,,,,,,,,,,,,,,,53041.22,,,,,,,746.674,729.35,559.17,,1137.972,,,,,,,,,,,,,,,,,978.7003053,758.9628854,676.0,813.651344,,,,,,,,,,,,,,5544.201631,,,,,,,,,
1186,,,639.272,,,,,,,,,,877.1644545,,,,,,,1370.93827,821.916,,,,,,,,,,,,,,,,,,,,,,,,,,,,,,,,,,58691.952,,,,,,,689.384,584.582,606.69,,974.062,,,,,,,,,,,,,,,,,731.161422,803.207455,737.6,1217.377237,,,,,,,,,,,,,,6580.841118,,,,,,,,,
1185,,,5179.882,,,,,,,,,,519.8270568,,,,,,,1173.360558,1581.204,,,,,,,,,,,,,,,,,,,,,,,,,,,,,,,,,,84475.964,,,,,,,800.122,1130.594,657.423,,616.827,,,,,,,,,,,,,,,,,730.3677236,474.7612076,1068.5,1144.049719,,,,,,,,,,,,,,3051.491933,,,,,,,,,
1184,,,1875.7872,,,,,,,,,,1935.232785,,,,,,,437.521966,1296.148,,,,,,,,,,,,,,,,,,,,,,,,,,,,,,,,,,52507.413,,,,,,,1013.166,1516.265,837.135,,735.819,,,,,,,,,,,,,,,,,1943.116618,415.3039303,788.2,971.296421,,,,,,,,,,,,,,4225.454,,,,,,,,,
1183,,,1381.0944,,,,,,,,,,1572.236666,,,,,,,205.1624919,610.164,,,,,,,,,,,,,,,,,,,,,,,,,,,,,,,,,,18277.686,,,,,,,1098.778,948.938,1095.498,,981.092,,,,,,,,,,,,,,,,,850.184064,597.1007475,576.8,1715.35967,,,,,,,,,,,,,,3471.225361,,,,,,,,,
1182,,,770.9536,,,,,,,,,,1122.698232,,,,,,,899.9287661,1137.232,,,,,,,,,,,,,,,,,,,,,,,,,,,,,,,,,,56003.85,,,,,,,1161.066,642.031,868.077,,1197.505,,,,,,,,,,,,,,,,,798.1956432,1647.203517,410.9,952.023484,,,,,,,,,,,,,,7906.187638,,,,,,,,,
1181,,,1157.156,,,,,,,,,,568.8053884,,,,,,,2862.140507,2553.876,,,,,,,,,,,,,,,,,,,,,,,,,,,,,,,,,,34812.317,,,,,,,1048.424,478.413,628.263,,2315.867,,,,,,,,,,,,,,,,,1433.149325,1119.796041,444.2,718.717461,,,,,,,,,,,,,,7444.577408,,,,,,,,,
1180,,,662.764,,,,,,,,,,455.0951242,,,,,,,910.6223081,785.944,,,,,,,,,,,,,,,,,,,,,,,,,,,,,,,,,,42782.185,,,,,,,726.648,259.956,637.227,,1511.524,,,,,,,,,,,,,,,,,643.2287808,841.3437822,804.4,1165.208264,,,,,,,,,,,,,,4862.413617,,,,,,,,,
1179,,,669.5694,,,,,,,,,,653.5155828,,,,,,,1403.238839,952.952,,,,,,,,,,,,,,,,,,,,,,,,,,,,,,,,,,39639.58,,,,,,,545.224,495.349,950.103,,589.558,,,,,,,,,,,,,,,,,728.1310656,1161.54567,771.2,118.408798,,,,,,,,,,,,,,3569.182007,,,,,,,,,
1178,,,584.1082,,,,,,,,,,698.4789907,,,,,,,1421.566923,677.28,,,,,,,,,,,,,,,,,,,,,,,,,,,,,,,,,,46929.085,,,,,,,471.002,749.215,783.999,,664.261,,,,,,,,,,,,,,,,,376.7341749,487.3414869,957.7,366.59645,,,,,,,,,,,,,,7072.148787,,,,,,,,,
1177,,,858.4063,,,,,,,,,,868.9036207,,,,,,,1320.485173,1094.868,,,,,,,,,,,,,,,,,,,,,,,,,,,,,,,,,,39879.355,,,,,,,477.054,1041.303,448.389,,720.279,,,,,,,,,,,,,,,,,1147.512096,858.8737346,1331.6,603.834995,,,,,,,,,,,,,,3243.706489,,,,,,,,,
1176,,,1116.3823,,,,,,,,,,738.2697969,,,,,,,1076.435884,1063.724,,,,,,,,,,,,,,,,,,,,,,,,,,,,,,,,,,43865.324,,,,,,,509.762,938.527,287.604,,1075.257,,,,,,,,,,,,,,,,,934.570224,568.9496969,1025.4,987.341953,,,,,,,,,,,,,,4779.726286,,,,,,,,,
1175,,,625.9552,,,,,,,,,,486.8706218,,,,,,,951.3321949,1214.616,,,,,,,,,,,,,,,,,,,,,,,,,,,,,,,,,,65510.394,,,,,,,464.576,517.592,374.544,,1221.0,,,,,,,,,,,,,,,,,1153.855368,301.0891144,752.9,1197.334051,,,,,,,,,,,,,,4318.129682,,,,,,,,,
1174,,,377.928,,,,,,,,,,1327.395406,,,,,,,2009.7,1707.82,,,,,,,,,,,,,,,,,,,,,,,,,,,,,,,,,,60738.216,,,,,,,431.018,364.994,435.348,,897.62,,,,,,,,,,,,,,,,,554.945904,616.5950669,1199.2,766.013103,,,,,,,,,,,,,,5281.389438,,,,,,,,,
1173,,,218.1409,,,,,,,,,,2485.31477,,,,,,,1447.666731,771.188,,,,,,,,,,,,,,,,,,,,,,,,,,,,,,,,,,37951.656,,,,,,,540.702,466.378,1018.089,,1306.84,,,,,,,,,,,,,,,,,1288.571158,851.2916844,983.4,737.882711,,,,,,,,,,,,,,5620.156602,,,,,,,,,
1172,,,,,,,,,,,,,683.2106351,,,,,,,1134.856514,682.584,,,,,,,,,,,,,,,,,,,,,,,,,,,,,,,,,,30806.269,,,,,,,629.68,875.771,1243.35,,1006.696,,,,,,,,,,,,,,,,,2266.340635,626.2100396,532.0,605.631474,,,,,,,,,,,,,,4542.870712,,,,,,,,,
1171,,,1655.2824,,,,,,,,,,499.0463694,,,,,,,3344.027742,1604.324,,,,,,,,,,,,,,,,,,,,,,,,,,,,,,,,,,61568.976,,,,,,,587.826,874.785,1250.073,,725.052,,,,,,,,,,,,,,,,,424.2334512,430.7585128,694.5,416.849749,,,,,,,,,,,,,,2144.726171,,,,,,,,,
1170,,,2082.9521,,,,,,,,,,938.6788725,,,,,,,728.3096294,1936.164,,,,,,,,,,,,,,,,,,,,,,,,,,,,,,,,,,96219.81,,,,,,,585.684,1054.904,1041.525,,919.265,,,,,,,,,,,,,,,,,930.0997464,629.0485696,955.0,231.602482,,,,,,,,,,,,,,4234.564218,,,,,,,,,
1169,,,4144.2565,,,,,,,,,,995.9782835,,,,,,,2178.759887,907.46,,,,,,,,,,,,,,,,,,,,,,,,,,,,,,,,,,71696.75,,,,,,,686.154,1377.993,847.611,,874.014,,,,,,,,,,,,,,,,,858.1170528,1092.015263,1673.7,889.153898,,,,,,,,,,,,,,7842.983846,,,,,,,,,
1168,,,4827.634,,,,,,,,,,645.1445174,,,,,,,1269.363027,1425.076,,,,,,,,,,,,,,,,,,,,,,,,,,,,,,,,,,42334.375,,,,,,,818.584,1022.105,824.121,,580.456,,,,,,,,,,,,,,,,,733.2398976,1180.103914,599.5,777.819846,,,,,,,,,,,,,,6676.716281,,,,,,,,,
1167,,,3923.7816,,,,,,,,,,1315.296868,,,,,,,2159.354473,1158.244,,,,,,,,,,,,,,,,,,,,,,,,,,,,,,,,,,42561.408,,,,,,,847.178,559.555,709.371,,653.864,,,,,,,,,,,,,,,,,203.1815064,917.7262312,762.6,913.133689,,,,,,,,,,,,,,3327.867542,,,,,,,,,
1166,,,654.8225,,,,,,,,,,1994.678934,,,,,,,1873.848774,342.176,,,,,,,,,,,,,,,,,,,,,,,,,,,,,,,,,,42223.584,,,,,,,832.32,722.912,658.935,,1727.863,,,,,,,,,,,,,,,,,726.0471343,630.2956868,1684.2,443.054879,,,,,,,,,,,,,,5720.254865,,,,,,,,,
1165,,,367.2948,,,,,,,,,,1526.63334,,,,,,,2304.178686,1364.624,,,,,,,,,,,,,,,,,,,,,,,,,,,,,,,,,,63954.398,,,,,,,877.71,612.973,848.718,,1638.952,,,,,,,,,,,,,,,,,1486.579329,661.3500842,875.8,1043.82192,,,,,,,,,,,,,,5016.071582,,,,,,,,,
1164,,,1040.3808,,,,,,,,,,790.1265495,,,,,,,946.9996342,853.74,,,,,,,,,,,,,,,,,,,,,,,,,,,,,,,,,,43443.09,,,,,,,874.956,479.428,850.77,,682.724,,,,,,,,,,,,,,,,,1059.022499,845.9796484,468.6,613.638937,,,,,,,,,,,,,,2348.831274,,,,,,,,,
1163,,,1411.613,,,,,,,,,,1320.381179,,,,,,,716.6205115,939.08,,,,,,,,,,,,,,,,,,,,,,,,,,,,,,,,,,45739.41,,,,,,,860.54,464.058,592.461,,656.195,,,,,,,,,,,,,,,,,863.9260517,901.4931808,206.6,315.39277,,,,,,,,,,,,,,5261.883918,,,,,,,,,
1162,,,2278.1373,,,,,,,,,,,,,,,,,855.2330934,799.136,,,,,,,,,,,,,,,,,,,,,,,,,,,,,,,,,,58794.003,,,,,,,749.428,369.634,349.65,,882.376,,,,,,,,,,,,,,,,,1136.886861,944.9186657,302.8,269.471288,,,,,,,,,,,,,,7415.357704,,,,,,,,,
1161,,,2788.527,,,,,,,,,,719.1170102,,,,,,,947.095195,869.38,,,,,,,,,,,,,,,,,,,,,,,,,,,,,,,,,,35377.381,,,,,,,675.036,568.342,274.05,,1185.665,,,,,,,,,,,,,,,,,589.7209813,547.7309306,1082.9,628.466578,,,,,,,,,,,,,,2084.901217,,,,,,,,,
1160,,,1577.0384,,,,,,,,,,1538.637971,,,,,,,2736.747165,1737.264,,,,,,,,,,,,,,,,,,,,,,,,,,,,,,,,,,66817.3,,,,,,,725.084,669.03,403.299,,776.371,,,,,,,,,,,,,,,,,1089.407637,716.1245043,920.7,1386.319943,,,,,,,,,,,,,,3317.892204,,,,,,,,,
1159,,,622.831,,,,,,,,,,2636.397437,,,,,,,1338.525487,1560.056,,,,,,,,,,,,,,,,,,,,,,,,,,,,,,,,,,95473.092,,,,,,,770.814,585.539,551.961,,620.527,,,,,,,,,,,,,,,,,675.6213838,294.0205599,1119.0,567.865919,,,,,,,,,,,,,,3375.468958,,,,,,,,,
1158,,,921.1671,,,,,,,,,,482.4725476,,,,,,,1194.240985,1311.38,,,,,,,,,,,,,,,,,,,,,,,,,,,,,,,,,,48766.739,,,,,,,679.66,309.894,778.302,,648.462,,,,,,,,,,,,,,,,,1526.157119,348.3325289,744.9,917.945453,,,,,,,,,,,,,,3381.265763,,,,,,,,,
1157,,,805.9869,,,,,,,,,,1042.297472,,,,,,,1352.783108,1101.464,,,,,,,,,,,,,,,,,,,,,,,,,,,,,,,,,,67746.523,,,,,,,544.68,461.767,651.753,,955.303,,,,,,,,,,,,,,,,,1211.880509,501.2842188,1287.4,619.783413,,,,,,,,,,,,,,7876.113931,,,,,,,,,
1156,,,898.5228,,,,,,,,,,1311.642917,,,,,,,988.9380495,681.972,,,,,,,,,,,,,,,,,,,,,,,,,,,,,,,,,,38643.312,,,,,,,430.066,540.937,548.586,,1602.544,,,,,,,,,,,,,,,,,561.773632,391.5791316,1017.8,458.499875,,,,,,,,,,,,,,6273.790198,,,,,,,,,
1155,,,2335.0104,,,,,,,,,,778.3468754,,,,,,,848.3633152,1089.224,,,,,,,,,,,,,,,,,,,,,,,,,,,,,,,,,,47279.421,,,,,,,382.092,442.569,686.583,,1066.34,,,,,,,,,,,,,,,,,5137.240486,1035.931223,1236.4,590.527858,,,,,,,,,,,,,,5429.810349,,,,,,,,,
1154,,,1880.282,,,,,,,,,,944.9227777,,,,,,,860.5722999,1274.66,,,,,,,,,,,,,,,,,,,,,,,,,,,,,,,,,,61608.26,,,,,,,378.08,503.063,573.291,,503.459,,,,,,,,,,,,,,,,,259.1083315,719.9680272,1068.4,490.056519,,,,,,,,,,,,,,2935.903093,,,,,,,,,
1153,,,1361.2467,,,,,,,,,,498.7882483,,,,,,,1238.425857,1208.224,,,,,,,,,,,,,,,,,,,,,,,,,,,,,,,,,,54474.12,,,,,,,410.958,1035.271,417.393,,498.612,,,,,,,,,,,,,,,,,768.0416563,612.2484835,558.3,270.544996,,,,,,,,,,,,,,3621.45646,,,,,,,,,
1152,,,,,,,,,,,,,1517.497682,,,,,,,1582.166198,1590.452,,,,,,,,,,,,,,,,,,,,,,,,,,,,,,,,,,27912.064,,,,,,,441.966,1175.863,317.007,,336.219,,,,,,,,,,,,,,,,,747.8980435,626.385697,1196.9,547.380268,,,,,,,,,,,,,,10331.29457,,,,,,,,,
1151,,,717.9342,,,,,,,,,,1252.12366,,,,,,,1197.555556,790.024,,,,,,,,,,,,,,,,,,,,,,,,,,,,,,,,,,53320.808,,,,,,,465.392,941.514,191.538,,331.52,,,,,,,,,,,,,,,,,836.7086765,597.5643229,985.4,661.241287,,,,,,,,,,,,,,5967.543724,,,,,,,,,
1150,,,568.3375,,,,,,,,,,1903.781641,,,,,,,1048.305182,1315.528,,,,,,,,,,,,,,,,,,,,,,,,,,,,,,,,,,43917.12,,,,,,,527.204,829.342,248.238,,995.115,,,,,,,,,,,,,,,,,1525.257925,332.5337055,542.8,1325.17199,,,,,,,,,,,,,,8199.647233,,,,,,,,,
1149,,,662.5822,,,,,,,,,,1170.121046,,,,,,,2011.896518,565.692,,,,,,,,,,,,,,,,,,,,,,,,,,,,,,,,,,48578.415,,,,,,,569.602,407.508,334.638,,1119.842,,,,,,,,,,,,,,,,,1587.776918,404.9395014,999.5,1101.227929,,,,,,,,,,,,,,10940.02351,,,,,,,,,
1148,,,921.5406,,,,,,,,,,923.0368648,,,,,,,1302.132387,465.256,,,,,,,,,,,,,,,,,,,,,,,,,,,,,,,,,,35226.846,,,,,,,513.264,336.951,479.925,,526.029,,,,,,,,,,,,,,,,,559.324638,375.2974299,808.3,750.878467,,,,,,,,,,,,,,,,,,,,,,,
1147,,,1402.4091,,,,,,,,,,1943.373357,,,,,,,1325.018237,785.808,,,,,,,,,,,,,,,,,,,,,,,,,,,,,,,,,,27199.662,,,,,,,491.13,406.957,770.337,,742.294,,,,,,,,,,,,,,,,,290.3683033,1641.762373,797.5,884.653928,,,,,,,,,,,,,,4860.2448,,,,,,,,,
1146,,,1221.4272,,,,,,,,,,1077.849399,,,,,,,921.9381407,546.244,,,,,,,,,,,,,,,,,,,,,,,,,,,,,,,,,,38172.456,,,,,,,461.244,307.98,1259.955,,699.781,,,,,,,,,,,,,,,,,963.3474856,377.859789,637.3,638.213762,,,,,,,,,,,,,,2632.48164,,,,,,,,,
1145,,,1440.036,,,,,,,,,,1218.815833,,,,,,,1051.708972,338.98,,,,,,,,,,,,,,,,,,,,,,,,,,,,,,,,,,177565.313,,,,,,,479.298,305.225,876.852,,617.16,,,,,,,,,,,,,,,,,664.3835264,381.5163944,1131.4,306.525013,,,,,,,,,,,,,,5373.192092,,,,,,,,,
1144,,,746.86,,,,,,,,,,765.2963269,,,,,,,869.729576,484.364,,,,,,,,,,,,,,,,,,,,,,,,,,,,,,,,,,105433.472,,,,,,,568.922,730.162,613.521,,490.102,,,,,,,,,,,,,,,,,1395.701146,1244.943945,969.7,401.15078,,,,,,,,,,,,,,7785.029158,,,,,,,,,
1143,,,534.48,,,,,,,,,,1351.8229,,,,,,,452.3790329,658.648,,,,,,,,,,,,,,,,,,,,,,,,,,,,,,,,,,43662.556,,,,,,,650.556,528.032,752.382,,655.307,,,,,,,,,,,,,,,,,1992.338063,677.964441,1178.2,253.647672,,,,,,,,,,,,,,5833.993175,,,,,,,,,
1142,,,,,,,,,,,,,1609.685094,,,,,,,767.8926179,397.528,,,,,,,,,,,,,,,,,,,,,,,,,,,,,,,,,,14755.167,,,,,,,646.918,548.738,813.618,,1028.452,,,,,,,,,,,,,,,,,1381.11074,650.9010657,1018.4,828.625171,,,,,,,,,,,,,,7395.132701,,,,,,,,,
1141,,,,,,,,,,,,,798.6868906,,,,,,,736.8279294,1418.208,,,,,,,,,,,,,,,,,,,,,,,,,,,,,,,,,,47083.691,,,,,,,775.744,1239.895,719.118,,966.07,,,,,,,,,,,,,,,,,1053.847595,1156.015931,1277.3,750.613396,,,,,,,,,,,,,,2182.819579,,,,,,,,,
1140,,,,,,,,,,,,,951.4386867,,,,,,,1201.142948,828.036,,,,,,,,,,,,,,,,,,,,,,,,,,,,,,,,,,61529.6,,,,,,,821.678,1299.026,934.443,,809.93,,,,,,,,,,,,,,,,,766.6300688,700.4655404,1062.2,519.737456,,,,,,,,,,,,,,5942.423311,,,,,,,,,
1139,,,,,,,,,,,,,2344.702562,,,,,,,801.7161557,1854.088,,,,,,,,,,,,,,,,,,,,,,,,,,,,,,,,,,63163.773,,,,,,,753.1,626.661,884.061,,703.962,,,,,,,,,,,,,,,,,1462.60027,621.6447281,724.9,189.641488,,,,,,,,,,,,,,5767.438727,,,,,,,,,
1138,,,3545.532,,,,,,,,,,2675.579654,,,,,,,395.8553719,2158.728,,,,,,,,,,,,,,,,,,,,,,,,,,,,,,,,,,27879.496,,,,,,,690.744,509.356,731.052,,710.437,,,,,,,,,,,,,,,,,692.5869486,1193.338639,672.4,278.183666,,,,,,,,,,,,,,3360.797567,,,,,,,,,
1137,,,1587.2977,,,,,,,,,,1290.513098,,,,,,,2037.652271,637.228,,,,,,,,,,,,,,,,,,,,,,,,,,,,,,,,,,37524.96,,,,,,,634.27,486.214,564.948,,1002.589,,,,,,,,,,,,,,,,,919.6293604,506.0580453,507.8,427.561676,,,,,,,,,,,,,,4858.284476,,,,,,,,,
1136,,,1734.4404,,,,,,,,,,1014.597443,,,,,,,1370.483118,1204.348,,,,,,,,,,,,,,,,,,,,,,,,,,,,,,,,,,25213.888,,,,,,,641.036,520.608,538.218,,1705.33,,,,,,,,,,,,,,,,,1237.137182,906.3334571,1036.1,433.72363,,,,,,,,,,,,,,4630.640146,,,,,,,,,
1135,,,1409.625,,,,,,,,,,1414.83041,,,,,,,769.8324493,1032.648,,,,,,,,,,,,,,,,,,,,,,,,,,,,,,,,,,50146.164,,,,,,,809.234,517.766,719.55,,1107.928,,,,,,,,,,,,,,,,,1064.573011,546.8278815,771.8,432.240195,,,,,,,,,,,,,,4919.517231,,,,,,,,,
1134,,,2670.726,,,,,,,,,,1766.899546,,,,,,,582.4775213,321.844,,,,,,,,,,,,,,,,,,,,,,,,,,,,,,,,,,88294.815,,,,,,,849.286,533.397,905.688,,600.843,,,,,,,,,,,,,,,,,11548.17903,1261.955996,1179.4,299.098159,,,,,,,,,,,,,,5171.452628,,,,,,,,,
1133,,,1135.6568,,,,,,,,,,2056.711734,,,,,,,781.3751501,1541.968,,,,,,,,,,,,,,,,,,,,,,,,,,,,,,,,,,58316.868,,,,,,,704.174,603.432,824.526,,611.425,,,,,,,,,,,,,,,,,2109.736442,727.3089878,1528.9,478.277888,,,,,,,,,,,,,,5165.969676,,,,,,,,,
1132,,,1493.8119,,,,,,,,,,937.2721075,,,,,,,1078.836803,1167.832,,,,,,,,,,,,,,,,,,,,,,,,,,,,,,,,,,44855.52,,,,,,,449.378,582.436,502.038,,947.903,,,,,,,,,,,,,,,,,2003.30701,1205.940236,1411.5,466.470417,,,,,,,,,,,,,,4652.596012,,,,,,,,,
1131,,,,,,,,,,,,,1770.982435,,,,,,,692.8096014,481.44,,,,,,,,,,,,,,,,,,,,,,,,,,,,,,,,,,57645.406,,,,,,,494.054,575.128,705.078,,2399.857,,,,,,,,,,,,,,,,,710.4175442,555.2945101,1061.7,73.875642,,,,,,,,,,,,,,5537.056882,,,,,,,,,
1130,,,1252.7324,,,,,,,,,,1263.965037,,,,,,,539.0427839,857.616,,,,,,,,,,,,,,,,,,,,,,,,,,,,,,,,,,48057.35,,,,,,,757.35,447.267,700.218,,2710.176,,,,,,,,,,,,,,,,,716.7885046,616.0702316,878.3,554.568987,,,,,,,,,,,,,,2910.669873,,,,,,,,,
1129,,,1565.1342,,,,,,,,,,573.6209901,,,,,,,1367.257021,1145.188,,,,,,,,,,,,,,,,,,,,,,,,,,,,,,,,,,29684.076,,,,,,,821.066,486.62,705.51,,1937.69,,,,,,,,,,,,,,,,,1917.476802,375.2426008,875.2,911.63089,,,,,,,,,,,,,,7624.091771,,,,,,,,,
1128,,,1226.7519,,,,,,,,,,988.7693705,,,,,,,736.6367976,998.376,,,,,,,,,,,,,,,,,,,,,,,,,,,,,,,,,,45074.94,,,,,,,814.572,940.325,740.124,,1704.738,,,,,,,,,,,,,,,,,1274.915136,671.9353687,870.2,1142.754733,,,,,,,,,,,,,,10055.85542,,,,,,,,,
1127,,,1313.564,,,,,,,,,,1192.79822,,,,,,,1355.449442,692.58,,,,,,,,,,,,,,,,,,,,,,,,,,,,,,,,,,42437.461,,,,,,,856.46,1111.454,1107.243,,1255.077,,,,,,,,,,,,,,,,,1114.236069,403.1852471,704.8,546.809246,,,,,,,,,,,,,,8636.957567,,,,,,,,,
1126,,,1359.9486,,,,,,,,,,1527.389796,,,,,,,1160.709359,1228.692,,,,,,,,,,,,,,,,,,,,,,,,,,,,,,,,,,41488.228,,,,,,,701.76,1036.344,1244.781,,874.199,,,,,,,,,,,,,,,,,1265.867147,441.2816638,1125.0,333.613952,,,,,,,,,,,,,,6746.243878,,,,,,,,,
1125,,,1224.7536,,,,,,,,,,2076.699328,,,,,,,838.2170503,1130.636,,,,,,,,,,,,,,,,,,,,,,,,,,,,,,,,,,59030.972,,,,,,,430.576,395.415,1029.564,,712.509,,,,,,,,,,,,,,,,,752.358223,344.5273497,495.6,423.748297,,,,,,,,,,,,,,3197.738933,,,,,,,,,
1124,,,1092.1104,,,,,,,,,,819.9420704,,,,,,,877.846676,722.5,,,,,,,,,,,,,,,,,,,,,,,,,,,,,,,,,,36914.448,,,,,,,372.028,361.224,748.656,,845.968,,,,,,,,,,,,,,,,,995.0871437,1931.023627,1606.2,680.059843,,,,,,,,,,,,,,6528.823526,,,,,,,,,
1123,,,910.7347,,,,,,,,,,2796.925785,,,,,,,638.0905883,1455.88,,,,,,,,,,,,,,,,,,,,,,,,,,,,,,,,,,55157.312,,,,,,,512.856,481.603,580.878,,1298.071,,,,,,,,,,,,,,,,,1017.976684,1718.482254,697.1,805.828615,,,,,,,,,,,,,,3894.201706,,,,,,,,,
1122,,,803.3337,,,,,,,,,,1491.600543,,,,,,,1891.358563,949.756,,,,,,,,,,,,,,,,,,,,,,,,,,,,,,,,,,42998.04,,,,,,,645.286,658.416,615.843,,1698.67,,,,,,,,,,,,,,,,,1914.036574,1105.999345,1687.6,419.69902,,,,,,,,,,,,,,4230.655075,,,,,,,,,
1121,,,2278.5202,,,,,,,,,,1480.205857,,,,,,,1015.436828,893.588,,,,,,,,,,,,,,,,,,,,,,,,,,,,,,,,,,46550.528,,,,,,,717.502,560.28,731.241,,1330.076,,,,,,,,,,,,,,,,,514.8418085,798.8997933,1034.4,272.084743,,,,,,,,,,,,,,5521.21351,,,,,,,,,
1120,,,1647.3744,,,,,,,,,,1176.646918,,,,,,,1321.172213,1076.984,,,,,,,,,,,,,,,,,,,,,,,,,,,,,,,,,,36748.02,,,,,,,633.964,644.119,891.486,,1021.422,,,,,,,,,,,,,,,,,2197.111409,1232.562977,942.0,537.639459,,,,,,,,,,,,,,7189.313107,,,,,,,,,
1119,,,1088.055,,,,,,,,,,1360.66298,,,,,,,921.1780349,1266.908,,,,,,,,,,,,,,,,,,,,,,,,,,,,,,,,,,40767.04,,,,,,,376.108,560.048,822.69,,647.611,,,,,,,,,,,,,,,,,845.6806875,629.4404939,983.4,713.590488,,,,,,,,,,,,,,5111.027746,,,,,,,,,
1118,,,400.842,,,,,,,,,,1201.137292,,,,,,,1656.43457,1523.132,,,,,,,,,,,,,,,,,,,,,,,,,,,,,,,,,,70875.098,,,,,,,211.82,383.206,672.084,,331.039,,,,,,,,,,,,,,,,,660.8848125,953.0166353,382.6,766.046995,,,,,,,,,,,,,,2992.373293,,,,,,,,,
1117,,,1033.3863,,,,,,,,,,963.4607754,,,,,,,1454.836815,2030.072,,,,,,,,,,,,,,,,,,,,,,,,,,,,,,,,,,67597.782,,,,,,,,380.683,534.357,,578.68,,,,,,,,,,,,,,,,,534.472917,1387.142384,594.2,562.959804,,,,,,,,,,,,,,4840.500603,,,,,,,,,
1116,,,1061.1874,,,,,,,,,,762.5332699,,,,,,,717.7045901,1196.596,,,,,,,,,,,,,,,,,,,,,,,,,,,,,,,,,,117836.452,,,,,,,717.026,506.253,558.9,,989.787,,,,,,,,,,,,,,,,,1090.919289,685.0138327,749.7,1054.99172,,,,,,,,,,,,,,3478.690418,,,,,,,,,
1115,,,2221.0848,,,,,,,,,,825.122094,,,,,,,866.6755412,1381.692,,,,,,,,,,,,,,,,,,,,,,,,,,,,,,,,,,60347.055,,,,,,,1055.088,349.044,765.315,,1233.284,,,,,,,,,,,,,,,,,1098.775993,531.3876004,1395.6,988.575945,,,,,,,,,,,,,,6850.760896,,,,,,,,,
1114,,,635.0967,,,,,,,,,,1363.034903,,,,,,,1245.376394,2289.084,,,,,,,,,,,,,,,,,,,,,,,,,,,,,,,,,,78095.856,,,,,,,1167.22,705.222,906.147,,2096.383,,,,,,,,,,,,,,,,,920.3185611,967.2984005,1089.6,408.760862,,,,,,,,,,,,,,8309.517602,,,,,,,,,
1113,,,383.6064,,,,,,,,,,698.1711711,,,,,,,1474.119563,1152.26,,,,,,,,,,,,,,,,,,,,,,,,,,,,,,,,,,69534.267,,,,,,,1079.432,724.971,913.356,,1532.096,,,,,,,,,,,,,,,,,1837.713941,1053.485231,344.1,1113.606057,,,,,,,,,,,,,,3687.525404,,,,,,,,,
1112,,,535.8114,,,,,,,,,,5256.044947,,,,,,,1517.26013,2414.0,,,,,,,,,,,,,,,,,,,,,,,,,,,,,,,,,,27212.312,,,,,,,912.73,598.328,821.34,,726.236,,,,,,,,,,,,,,,,,1421.026095,661.8429609,889.3,1145.094091,,,,,,,,,,,,,,2948.155346,,,,,,,,,
1111,,,324.9072,,,,,,,,,,1707.112924,,,,,,,1005.245009,1532.04,,,,,,,,,,,,,,,,,,,,,,,,,,,,,,,,,,79276.032,,,,,,,769.726,482.734,712.53,,1165.759,,,,,,,,,,,,,,,,,563.0726094,720.9889972,749.1,720.854468,,,,,,,,,,,,,,3739.928135,,,,,,,,,
1110,,,175.2774,,,,,,,,,,749.7124455,,,,,,,885.4159188,2007.768,,,,,,,,,,,,,,,,,,,,,,,,,,,,,,,,,,32254.464,,,,,,,585.48,573.243,653.805,,1014.318,,,,,,,,,,,,,,,,,790.4994618,999.0111898,792.0,217.085779,,,,,,,,,,,,,,6687.441345,,,,,,,,,
1109,,,,,,,,,,,,,1103.952895,,,,,,,889.8207299,733.856,,,,,,,,,,,,,,,,,,,,,,,,,,,,,,,,,,49613.76,,,,,,,367.574,938.498,659.664,,1002.589,,,,,,,,,,,,,,,,,744.5641107,460.355571,474.7,361.972071,,,,,,,,,,,,,,3840.50962,,,,,,,,,
1108,,,2527.8285,,,,,,,,,,346.7893726,,,,,,,773.8783745,995.248,,,,,,,,,,,,,,,,,,,,,,,,,,,,,,,,,,76682.644,,,,,,,332.758,577.187,634.23,,637.991,,,,,,,,,,,,,,,,,527.5947511,1033.542678,666.3,760.816984,,,,,,,,,,,,,,2463.293182,,,,,,,,,
1107,,,1476.9382,,,,,,,,,,813.2589528,,,,,,,584.874139,911.472,,,,,,,,,,,,,,,,,,,,,,,,,,,,,,,,,,92560.717,,,,,,,331.806,575.128,606.528,,532.43,,,,,,,,,,,,,,,,,739.784615,683.9177231,631.7,675.951098,,,,,,,,,,,,,,3898.567787,,,,,,,,,
1106,,,672.8183,,,,,,,,,,2140.54112,,,,,,,645.922185,573.716,,,,,,,,,,,,,,,,,,,,,,,,,,,,,,,,,,43652.16,,,,,,,305.83,492.507,765.747,,1143.966,,,,,,,,,,,,,,,,,1554.272765,515.7517063,1047.6,428.164912,,,,,,,,,,,,,,3421.549455,,,,,,,,,
1105,,,961.1644,,,,,,,,,,595.075452,,,,,,,1628.006479,913.58,,,,,,,,,,,,,,,,,,,,,,,,,,,,,,,,,,43478.441,,,,,,,398.514,407.885,950.913,,909.534,,,,,,,,,,,,,,,,,819.2115252,1146.533413,764.3,335.209471,,,,,,,,,,,,,,4394.37855,,,,,,,,,
1104,,,1297.3939,,,,,,,,,,425.6607791,,,,,,,1243.720132,455.192,,,,,,,,,,,,,,,,,,,,,,,,,,,,,,,,,,57243.55,,,,,,,586.806,477.804,824.148,,1397.12,,,,,,,,,,,,,,,,,564.408802,595.5716281,618.8,1050.974963,,,,,,,,,,,,,,5894.061562,,,,,,,,,
1103,,,6272.508,,,,,,,,,,591.1041399,,,,,,,1180.466701,1297.712,,,,,,,,,,,,,,,,,,,,,,,,,,,,,,,,,,35024.124,,,,,,,737.324,969.789,733.293,,799.866,,,,,,,,,,,,,,,,,541.5106092,1183.669653,1065.3,758.193465,,,,,,,,,,,,,,3462.398582,,,,,,,,,
1102,,,6051.971,,,,,,,,,,747.2949357,,,,,,,1367.866383,1162.596,,,,,,,,,,,,,,,,,,,,,,,,,,,,,,,,,,61366.668,,,,,,,637.194,1000.645,644.787,,812.15,,,,,,,,,,,,,,,,,1091.345556,536.9385587,1356.9,663.923472,,,,,,,,,,,,,,6792.213226,,,,,,,,,
1101,,,488.05,,,,,,,,,,799.4063204,,,,,,,1194.678132,667.42,,,,,,,,,,,,,,,,,,,,,,,,,,,,,,,,,,51407.898,,,,,,,451.18,644.525,585.198,,1244.643,,,,,,,,,,,,,,,,,15578.65458,521.7575948,2444.7,409.470367,,,,,,,,,,,,,,2716.119504,,,,,,,,,
1100,,,716.0544,,,,,,,,,,1364.677161,,,,,,,686.7927086,636.616,,,,,,,,,,,,,,,,,,,,,,,,,,,,,,,,,,75217.935,,,,,,,536.724,331.615,766.287,,482.406,,,,,,,,,,,,,,,,,934.7784767,976.4788868,661.4,278.385043,,,,,,,,,,,,,,3353.751034,,,,,,,,,
1099,,,1270.0164,,,,,,,,,,1795.464646,,,,,,,667.7381425,561.272,,,,,,,,,,,,,,,,,,,,,,,,,,,,,,,,,,46413.678,,,,,,,600.542,443.671,675.054,,453.546,,,,,,,,,,,,,,,,,821.4745084,1379.369413,596.6,565.680551,,,,,,,,,,,,,,6861.998833,,,,,,,,,
1098,,,795.4062,,,,,,,,,,617.9088717,,,,,,,1348.83892,881.552,,,,,,,,,,,,,,,,,,,,,,,,,,,,,,,,,,166135.164,,,,,,,465.018,540.56,504.036,,793.28,,,,,,,,,,,,,,,,,891.1587575,886.7886148,1015.6,752.831232,,,,,,,,,,,,,,3171.758774,,,,,,,,,
1097,,,957.9889,,,,,,,,,,597.0436886,,,,,,,1372.872553,828.172,,,,,,,,,,,,,,,,,,,,,,,,,,,,,,,,,,59753.793,,,,,,,425.544,262.972,529.929,,850.778,,,,,,,,,,,,,,,,,2477.840085,681.3634913,1893.8,430.207605,,,,,,,,,,,,,,7609.200174,,,,,,,,,
1096,,,1482.216,,,,,,,,,,368.5057369,,,,,,,1948.130488,1284.384,,,,,,,,,,,,,,,,,,,,,,,,,,,,,,,,,,44835.924,,,,,,,505.682,233.16,415.611,,901.727,,,,,,,,,,,,,,,,,830.3419102,435.4636948,639.2,1987.17077,,,,,,,,,,,,,,4746.827342,,,,,,,,,
1095,,,1087.122,,,,,,,,,,1382.063257,,,,,,,1139.083423,1517.148,,,,,,,,,,,,,,,,,,,,,,,,,,,,,,,,,,119708.376,,,,,,,529.278,408.262,571.374,,759.314,,,,,,,,,,,,,,,,,1379.982874,1331.588554,1374.4,378.684537,,,,,,,,,,,,,,6273.504271,,,,,,,,,
1094,,,1301.3924,,,,,,,,,,988.6773766,,,,,,,597.0366603,928.064,,,,,,,,,,,,,,,,,,,,,,,,,,,,,,,,,,63860.075,,,,,,,471.954,511.937,876.663,,907.721,,,,,,,,,,,,,,,,,361.740358,310.5918541,1028.8,565.819153,,,,,,,,,,,,,,5148.982103,,,,,,,,,
1093,,,1022.1724,,,,,,,,,,643.8261296,,,,,,,1127.263525,889.236,,,,,,,,,,,,,,,,,,,,,,,,,,,,,,,,,,124566.344,,,,,,,411.638,343.505,813.915,,1828.244,,,,,,,,,,,,,,,,,431.5523688,493.3986184,517.5,1118.475036,,,,,,,,,,,,,,2927.022032,,,,,,,,,
1092,,,1077.9518,,,,,,,,,,1160.397875,,,,,,,1324.919172,1029.384,,,,,,,,,,,,,,,,,,,,,,,,,,,,,,,,,,65680.824,,,,,,,497.488,404.956,846.153,,1597.734,,,,,,,,,,,,,,,,,885.0539573,1438.755021,1040.8,466.13188,,,,,,,,,,,,,,5828.326637,,,,,,,,,
1091,,,553.6375,,,,,,,,,,1002.403416,,,,,,,2763.774086,945.132,,,,,,,,,,,,,,,,,,,,,,,,,,,,,,,,,,50603.312,,,,,,,692.546,547.897,809.298,,1072.445,,,,,,,,,,,,,,,,,576.637548,1744.532842,587.0,1216.74616,,,,,,,,,,,,,,6494.323382,,,,,,,,,
1090,,,835.3408,,,,,,,,,,961.8138013,,,,,,,1128.205036,829.328,,,,,,,,,,,,,,,,,,,,,,,,,,,,,,,,,,38939.345,,,,,,,819.4,743.125,698.409,,984.57,,,,,,,,,,,,,,,,,305.817972,644.8197499,615.8,791.135326,,,,,,,,,,,,,,4717.733626,,,,,,,,,
1089,,,1033.956,,,,,,,,,,468.6798715,,,,,,,2085.016649,677.28,,,,,,,,,,,,,,,,,,,,,,,,,,,,,,,,,,45154.428,,,,,,,927.588,654.124,513.999,,1217.522,,,,,,,,,,,,,,,,,869.746176,970.8040407,989.2,791.309187,,,,,,,,,,,,,,3194.723862,,,,,,,,,
1088,,,890.496,,,,,,,,,,514.9760599,,,,,,,3672.776722,873.664,,,,,,,,,,,,,,,,,,,,,,,,,,,,,,,,,,36598.98,,,,,,,802.298,528.351,514.107,,1848.964,,,,,,,,,,,,,,,,,900.155776,991.6620985,566.6,374.275345,,,,,,,,,,,,,,2841.761093,,,,,,,,,
1087,,,8843.835,,,,,,,,,,884.6253106,,,,,,,719.156567,1344.972,,,,,,,,,,,,,,,,,,,,,,,,,,,,,,,,,,57425.94,,,,,,,,853.731,693.792,,1942.574,,,,,,,,,,,,,,,,,729.998464,890.316325,620.4,925.692269,,,,,,,,,,,,,,3831.944653,,,,,,,,,
1086,,,7379.9154,,,,,,,,,,1278.86026,,,,,,,1034.019838,1196.12,,,,,,,,,,,,,,,,,,,,,,,,,,,,,,,,,,,,,,,,,609.79,1127.694,450.954,,1413.585,,,,,,,,,,,,,,,,,1210.795448,443.4607308,1489.8,454.764455,,,,,,,,,,,,,,2833.9795,,,,,,,,,
1085,,,2244.4323,,,,,,,,,,1222.274297,,,,,,,612.6842222,619.48,,,,,,,,,,,,,,,,,,,,,,,,,,,,,,,,,,14379.807,,,,,,,697.816,412.641,475.983,,923.779,,,,,,,,,,,,,,,,,916.3413958,867.6553485,570.3,401.832815,,,,,,,,,,,,,,4942.641722,,,,,,,,,
1084,,,689.4018,,,,,,,,,,974.4733924,,,,,,,1018.397088,651.372,,,,,,,,,,,,,,,,,,,,,,,,,,,,,,,,,,64671.078,,,,,,,798.218,634.288,455.085,,752.876,,,,,,,,,,,,,,,,,801.9302412,320.9239232,769.6,967.156416,,,,,,,,,,,,,,4674.982216,,,,,,,,,
1083,,,470.0592,,,,,,,,,,730.5231059,,,,,,,1640.962219,4115.564,,,,,,,,,,,,,,,,,,,,,,,,,,,,,,,,,,34654.054,,,,,,,835.924,969.789,364.041,,1457.541,,,,,,,,,,,,,,,,,1000.307933,682.4745356,999.1,1823.185514,,,,,,,,,,,,,,5227.507669,,,,,,,,,
1082,,,825.2874,,,,,,,,,,1180.180393,,,,,,,924.4492123,1248.684,,,,,,,,,,,,,,,,,,,,,,,,,,,,,,,,,,83540.945,,,,,,,753.712,1098.259,321.705,,1469.233,,,,,,,,,,,,,,,,,1006.257994,899.598106,1436.0,922.235056,,,,,,,,,,,,,,5160.24495,,,,,,,,,
1081,,,592.36,,,,,,,,,,489.6494905,,,,,,,785.0996241,758.268,,,,,,,,,,,,,,,,,,,,,,,,,,,,,,,,,,43248.924,,,,,,,617.134,1014.275,764.289,,940.984,,,,,,,,,,,,,,,,,576.0497962,589.3105957,833.1,437.385583,,,,,,,,,,,,,,5710.014998,,,,,,,,,
1080,,,1364.8996,,,,,,,,,,655.1451453,,,,,,,1090.527199,1104.864,,,,,,,,,,,,,,,,,,,,,,,,,,,,,,,,,,72147.366,,,,,,,911.404,1241.519,969.489,,683.982,,,,,,,,,,,,,,,,,488.3342298,1041.496594,366.8,420.617887,,,,,,,,,,,,,,3835.778144,,,,,,,,,
1079,,,873.7842,,,,,,,,,,795.497521,,,,,,,960.8107006,1355.376,,,,,,,,,,,,,,,,,,,,,,,,,,,,,,,,,,50670.84,,,,,,,1131.758,1196.337,674.541,,725.755,,,,,,,,,,,,,,,,,924.0052417,453.9566949,762.5,950.906073,,,,,,,,,,,,,,5554.772698,,,,,,,,,
1078,,,435.9303,,,,,,,,,,660.232095,,,,,,,406.5715821,842.52,,,,,,,,,,,,,,,,,,,,,,,,,,,,,,,,,,41992.158,,,,,,,1171.402,678.02,567.594,,915.454,,,,,,,,,,,,,,,,,993.1091499,1058.820021,530.8,323.116512,,,,,,,,,,,,,,4790.698653,,,,,,,,,
1077,,,283.7575,,,,,,,,,,860.1322171,,,,,,,749.5234682,607.648,,,,,,,,,,,,,,,,,,,,,,,,,,,,,,,,,,32941.267,,,,,,,948.396,453.444,487.782,,1207.088,,,,,,,,,,,,,,,,,701.2867976,1084.392263,717.9,269.12267,,,,,,,,,,,,,,2433.884064,,,,,,,,,
1076,,,584.363,,,,,,,,,,602.9087315,,,,,,,2537.550751,798.32,,,,,,,,,,,,,,,,,,,,,,,,,,,,,,,,,,49793.068,,,,,,,718.216,376.739,506.682,,1128.352,,,,,,,,,,,,,,,,,1000.581992,751.321327,494.2,200.474048,,,,,,,,,,,,,,2496.221113,,,,,,,,,
1075,,,256.0785,,,,,,,,,,916.2745874,,,,,,,1649.908898,1534.964,,,,,,,,,,,,,,,,,,,,,,,,,,,,,,,,,,30554.603,,,,,,,603.976,594.21,511.164,,912.272,,,,,,,,,,,,,,,,,846.9155909,470.9945723,568.5,392.218716,,,,,,,,,,,,,,5886.988243,,,,,,,,,
1074,,,141.8622,,,,,,,,,,566.4005728,,,,,,,2360.202929,822.12,,,,,,,,,,,,,,,,,,,,,,,,,,,,,,,,,,65061.411,,,,,,,643.688,732.772,512.379,,769.674,,,,,,,,,,,,,,,,,1072.904771,877.4555639,831.0,1340.527873,,,,,,,,,,,,,,6243.148992,,,,,,,,,
1073,,,5429.1072,,,,,,,,,,1029.58863,,,,,,,1780.999944,2943.924,,,,,,,,,,,,,,,,,,,,,,,,,,,,,,,,,,68041.935,,,,,,,523.566,550.942,387.288,,511.007,,,,,,,,,,,,,,,,,1222.75816,547.6418311,617.1,1267.415527,,,,,,,,,,,,,,7124.857057,,,,,,,,,
1072,,,1345.0554,,,,,,,,,,625.5346306,,,,,,,2438.339757,1279.352,,,,,,,,,,,,,,,,,,,,,,,,,,,,,,,,,,29911.96,,,,,,,527.306,852.281,444.177,,579.235,,,,,,,,,,,,,,,,,1125.7136,1036.596721,,643.428509,,,,,,,,,,,,,,6252.52511,,,,,,,,,
1071,,,1349.1522,,,,,,,,,,1048.793297,,,,,,,488.2721138,953.496,,,,,,,,,,,,,,,,,,,,,,,,,,,,,,,,,,52539.498,,,,,,,771.29,687.619,606.771,,594.072,,,,,,,,,,,,,,,,,680.7421,379.4047494,,497.747422,,,,,,,,,,,,,,4135.833768,,,,,,,,,
1070,,,2278.472,,,,,,,,,,1674.704989,,,,,,,957.6636805,736.168,,,,,,,,,,,,,,,,,,,,,,,,,,,,,,,,,,54916.939,,,,,,,890.358,575.302,675.837,,371.887,,,,,,,,,,,,,,,,,698.9451,973.1501881,,654.232649,,,,,,,,,,,,,,5809.322046,,,,,,,,,
1069,,,1633.68,,,,,,,,,,880.4222601,,,,,,,701.9135105,575.212,,,,,,,,,,,,,,,,,,,,,,,,,,,,,,,,,,60079.22,,,,,,,1131.418,908.019,478.089,,333.518,,,,,,,,,,,,,,,,,1004.7555,1023.324145,,484.787634,,,,,,,,,,,,,,4192.605707,,,,,,,,,
1068,,,951.948,,,,,,,,,,644.9125557,,,,,,,534.8098917,231.54,,,,,,,,,,,,,,,,,,,,,,,,,,,,,,,,,,60137.64,,,,,,,1105.272,1021.525,111.024,,370.629,,,,,,,,,,,,,,,,,1479.079686,409.4119211,,1188.790387,,,,,,,,,,,,,,3785.990268,,,,,,,,,
1067,,,1438.2016,,,,,,,,,,652.9678885,,,,,,,1529.021866,1394.34,,,,,,,,,,,,,,,,,,,,,,,,,,,,,,,,,,44783.024,,,,,,,627.81,934.148,,,541.125,,,,,,,,,,,,,,,,,976.745616,376.5407922,,93.369468,,,,,,,,,,,,,,5096.558447,,,,,,,,,
1066,,,794.0072,,,,,,,,,,407.1086767,,,,,,,1727.6645,1904.952,,,,,,,,,,,,,,,,,,,,,,,,,,,,,,,,,,47080.172,,,,,,,510.034,588.555,500.634,,1032.115,,,,,,,,,,,,,,,,,1030.484532,469.3141882,,114.597938,,,,,,,,,,,,,,3484.942206,,,,,,,,,
1065,,,1057.4172,,,,,,,,,,369.0750103,,,,,,,1181.549564,732.768,,,,,,,,,,,,,,,,,,,,,,,,,,,,,,,,,,47741.376,,,,,,,523.566,407.276,722.061,,854.737,,,,,,,,,,,,,,,,,479.963484,679.1377318,,378.522279,,,,,,,,,,,,,,2347.217835,,,,,,,,,
1064,,,1177.344,,,,,,,,,,519.5809907,,,,,,,566.7157222,569.704,,,,,,,,,,,,,,,,,,,,,,,,,,,,,,,,,,51269.346,,,,,,,687.616,457.997,758.241,,588.744,,,,,,,,,,,,,,,,,571.166904,737.4937931,,725.606179,,,,,,,,,,,,,,4752.630259,,,,,,,,,
1063,,,2271.56,,,,,,,,,,642.673542,,,,,,,1561.817361,737.188,,,,,,,,,,,,,,,,,,,,,,,,,,,,,,,,,,47712.189,,,,,,,1012.146,523.276,485.19,,883.264,,,,,,,,,,,,,,,,,1759.958445,1213.618284,,1179.867476,,,,,,,,,,,,,,3693.265932,,,,,,,,,
1062,,,1668.3412,,,,,,,,,,1259.544834,,,,,,,935.7139162,1531.768,,,,,,,,,,,,,,,,,,,,,,,,,,,,,,,,,,62484.675,,,,,,,1200.302,673.293,579.447,,895.252,,,,,,,,,,,,,,,,,634.4349767,1225.431812,,900.788689,,,,,,,,,,,,,,3615.754503,,,,,,,,,
1061,,,896.4605,,,,,,,,,,864.5141707,,,,,,,741.1435055,243.168,,,,,,,,,,,,,,,,,,,,,,,,,,,,,,,,,,53889.368,,,,,,,1108.706,594.007,776.952,,528.323,,,,,,,,,,,,,,,,,499.2100519,352.8678122,,1007.418013,,,,,,,,,,,,,,3319.863135,,,,,,,,,
1060,,,1639.2824,,,,,,,,,,1213.899586,,,,,,,1039.57616,479.264,,,,,,,,,,,,,,,,,,,,,,,,,,,,,,,,,,63898.186,,,,,,,765.238,322.451,717.714,,507.307,,,,,,,,,,,,,,,,,956.7116906,708.6700337,,723.399686,,,,,,,,,,,,,,6663.82206,,,,,,,,,
1059,,,2091.5372,,,,,,,,,,795.8956468,,,,,,,968.0602313,851.292,,,,,,,,,,,,,,,,,,,,,,,,,,,,,,,,,,33730.788,,,,,,,760.41,285.099,443.07,,888.777,,,,,,,,,,,,,,,,,1431.92065,948.1100283,,1096.70262,,,,,,,,,,,,,,5363.592236,,,,,,,,,
1058,,,,,,,,,,,,,1659.132881,,,,,,,2202.927776,872.78,,,,,,,,,,,,,,,,,,,,,,,,,,,,,,,,,,48860.096,,,,,,,855.44,390.746,561.627,,1133.014,,,,,,,,,,,,,,,,,899.6799509,638.4105698,,1313.787626,,,,,,,,,,,,,,6752.870607,,,,,,,,,
1057,,,8051.6736,,,,,,,,,,1572.621236,,,,,,,1397.765268,1011.976,,,,,,,,,,,,,,,,,,,,,,,,,,,,,,,,,,56352.07,,,,,,,714.476,443.149,726.948,,1158.433,,,,,,,,,,,,,,,,,1412.163795,778.6572278,,1081.519977,,,,,,,,,,,,,,5485.643572,,,,,,,,,
1056,,,2456.8102,,,,,,,,,,472.8279822,,,,,,,1463.104349,453.492,,,,,,,,,,,,,,,,,,,,,,,,,,,,,,,,,,45017.808,,,,,,,464.338,501.816,599.184,,1295.629,,,,,,,,,,,,,,,,,674.5551224,292.5780157,,585.398495,,,,,,,,,,,,,,6451.193678,,,,,,,,,
1055,,,995.8889,,,,,,,,,,565.0719472,,,,,,,729.7009913,792.54,,,,,,,,,,,,,,,,,,,,,,,,,,,,,,,,,,43276.8,,,,,,,464.304,826.413,417.798,,857.179,,,,,,,,,,,,,,,,,695.6260794,577.043523,,362.2632,,,,,,,,,,,,,,6723.425355,,,,,,,,,
1054,,,1312.3044,,,,,,,,,,617.1744481,,,,,,,1274.083668,629.272,,,,,,,,,,,,,,,,,,,,,,,,,,,,,,,,,,45746.356,,,,,,,596.904,1056.122,587.034,,856.143,,,,,,,,,,,,,,,,,1005.137156,540.849671,,740.224784,,,,,,,,,,,,,,3311.684039,,,,,,,,,
1053,,,1460.4624,,,,,,,,,,386.7116796,,,,,,,2011.359565,928.268,,,,,,,,,,,,,,,,,,,,,,,,,,,,,,,,,,52303.38,,,,,,,708.186,910.513,679.131,,670.921,,,,,,,,,,,,,,,,,1134.312028,771.0218882,,918.850441,,,,,,,,,,,,,,5645.363655,,,,,,,,,
1052,,,934.066,,,,,,,,,,365.8505185,,,,,,,1891.982882,531.964,,,,,,,,,,,,,,,,,,,,,,,,,,,,,,,,,,68486.847,,,,,,,851.224,609.464,937.035,,990.453,,,,,,,,,,,,,,,,,2472.85677,625.471245,,1027.664512,,,,,,,,,,,,,,3027.872023,,,,,,,,,
1051,,,2184.8645,,,,,,,,,,1443.557461,,,,,,,2186.583133,558.96,,,,,,,,,,,,,,,,,,,,,,,,,,,,,,,,,,43937.751,,,,,,,970.87,468.785,1243.863,,1169.237,,,,,,,,,,,,,,,,,715.2731734,531.1680983,,1451.074176,,,,,,,,,,,,,,3948.61208,,,,,,,,,
1050,,,661.0535,,,,,,,,,,664.2545906,,,,,,,1804.947191,1885.844,,,,,,,,,,,,,,,,,,,,,,,,,,,,,,,,,,72131.634,,,,,,,720.97,621.905,1225.503,,,,,,,,,,,,,,,,,,,1693.459917,954.0188324,,904.274635,,,,,,,,,,,,,,4161.125276,,,,,,,,,
1049,,,1033.632,,,,,,,,,,1348.17555,,,,,,,636.1848008,2324.648,,,,,,,,,,,,,,,,,,,,,,,,,,,,,,,,,,35017.684,,,,,,,521.22,884.935,941.22,,1505.789,,,,,,,,,,,,,,,,,1001.985432,734.1131226,,602.093443,,,,,,,,,,,,,,6641.970187,,,,,,,,,
1048,,,855.6253,,,,,,,,,,2052.187263,,,,,,,719.989157,577.116,,,,,,,,,,,,,,,,,,,,,,,,,,,,,,,,,,79999.98,,,,,,,467.738,556.916,855.144,,1181.817,,,,,,,,,,,,,,,,,343.098,777.2507264,,684.034169,,,,,,,,,,,,,,4853.474637,,,,,,,,,
1047,,,467.9904,,,,,,,,,,1291.464767,,,,,,,1039.967291,1316.548,,,,,,,,,,,,,,,,,,,,,,,,,,,,,,,,,,37546.166,,,,,,,408.884,264.741,620.865,,1165.204,,,,,,,,,,,,,,,,,811.42236,621.8910443,,649.992896,,,,,,,,,,,,,,10048.74993,,,,,,,,,
1046,,,1572.8661,,,,,,,,,,794.922457,,,,,,,751.0481752,3585.096,,,,,,,,,,,,,,,,,,,,,,,,,,,,,,,,,,95513.112,,,,,,,347.106,321.523,306.315,,522.292,,,,,,,,,,,,,,,,,945.490896,347.3054654,,1457.868673,,,,,,,,,,,,,,3925.104865,,,,,,,,,
1045,,,1027.4175,,,,,,,,,,1024.267896,,,,,,,539.6352863,1811.792,,,,,,,,,,,,,,,,,,,,,,,,,,,,,,,,,,41492.0,,,,,,,282.166,529.975,364.122,,679.468,,,,,,,,,,,,,,,,,2555.678412,917.1853221,,953.162914,,,,,,,,,,,,,,2961.033399,,,,,,,,,
1044,,,1033.8636,,,,,,,,,,1465.689323,,,,,,,924.0009348,1109.964,,,,,,,,,,,,,,,,,,,,,,,,,,,,,,,,,,67388.85,,,,,,,320.144,552.682,721.656,,1015.613,,,,,,,,,,,,,,,,,1781.49375,1542.313341,,486.355662,,,,,,,,,,,,,,5028.581,,,,,,,,,
1043,,,3649.088,,,,,,,,,,267.0359592,,,,,,,842.0296434,678.232,,,,,,,,,,,,,,,,,,,,,,,,,,,,,,,,,,48989.172,,,,,,,422.11,1003.603,554.607,,913.641,,,,,,,,,,,,,,,,,514.605377,967.7986368,,923.912944,,,,,,,,,,,,,,4254.601786,,,,,,,,,
1042,,,,,,,,,,,,,535.2158764,,,,,,,839.6743084,343.06,,,,,,,,,,,,,,,,,,,,,,,,,,,,,,,,,,61145.178,,,,,,,464.338,911.673,385.776,,474.969,,,,,,,,,,,,,,,,,555.53096,1311.695106,,1507.876694,,,,,,,,,,,,,,5525.847664,,,,,,,,,
1041,,,1055.5233,,,,,,,,,,556.4146556,,,,,,,1695.234899,541.28,,,,,,,,,,,,,,,,,,,,,,,,,,,,,,,,,,44849.448,,,,,,,459.068,729.031,550.422,,1003.662,,,,,,,,,,,,,,,,,450.30504,1674.780445,,811.549526,,,,,,,,,,,,,,7798.996359,,,,,,,,,
1040,,,1324.3555,,,,,,,,,,614.0822257,,,,,,,864.434901,1686.74,,,,,,,,,,,,,,,,,,,,,,,,,,,,,,,,,,50802.423,,,,,,,526.218,547.288,851.337,,711.732,,,,,,,,,,,,,,,,,652.63282,813.1846289,,719.98535,,,,,,,,,,,,,,7050.036366,,,,,,,,,
1039,,,730.5345,,,,,,,,,,1041.935476,,,,,,,1021.141105,812.6,,,,,,,,,,,,,,,,,,,,,,,,,,,,,,,,,,26494.137,,,,,,,559.368,811.42,769.851,,730.75,,,,,,,,,,,,,,,,,1019.80206,1291.500174,,576.667372,,,,,,,,,,,,,,5084.762411,,,,,,,,,
1038,,,389.9592,,,,,,,,,,2280.512049,,,,,,,1863.346138,738.208,,,,,,,,,,,,,,,,,,,,,,,,,,,,,,,,,,87345.72,,,,,,,554.778,757.857,531.576,,1150.626,,,,,,,,,,,,,,,,,862.56164,582.5287677,,897.993935,,,,,,,,,,,,,,5815.576344,,,,,,,,,
1037,,,660.3446,,,,,,,,,,732.1350125,,,,,,,1431.161826,677.824,,,,,,,,,,,,,,,,,,,,,,,,,,,,,,,,,,41798.889,,,,,,,595.612,491.202,544.563,,1345.801,,,,,,,,,,,,,,,,,814.3403,940.3696092,,582.929957,,,,,,,,,,,,,,2939.313868,,,,,,,,,
1036,,,2133.686,,,,,,,,,,466.6146692,,,,,,,1452.353198,660.484,,,,,,,,,,,,,,,,,,,,,,,,,,,,,,,,,,69812.176,,,,,,,564.74,161.733,545.319,,1350.056,,,,,,,,,,,,,,,,,824.0233,341.3464095,,861.439149,,,,,,,,,,,,,,4456.286872,,,,,,,,,
1035,,,1627.4984,,,,,,,,,,670.7231287,,,,,,,905.4495979,781.116,,,,,,,,,,,,,,,,,,,,,,,,,,,,,,,,,,20863.852,,,,,,,525.198,180.467,567.999,,887.371,,,,,,,,,,,,,,,,,675.65352,856.9109288,,1145.343252,,,,,,,,,,,,,,2312.232369,,,,,,,,,
1034,,,,,,,,,,,,,733.6442836,,,,,,,1628.650916,811.988,,,,,,,,,,,,,,,,,,,,,,,,,,,,,,,,,,63897.312,,,,,,,522.818,233.537,472.203,,966.884,,,,,,,,,,,,,,,,,685.40115,549.5248591,,1288.705968,,,,,,,,,,,,,,3860.145297,,,,,,,,,
1033,,,1870.884,,,,,,,,,,1229.40219,,,,,,,916.6524286,1619.488,,,,,,,,,,,,,,,,,,,,,,,,,,,,,,,,,,53201.898,,,,,,,583.542,348.348,557.928,,1227.253,,,,,,,,,,,,,,,,,1237.21209,403.9576774,,886.766729,,,,,,,,,,,,,,4970.37696,,,,,,,,,
1032,,,1164.7846,,,,,,,,,,1012.028005,,,,,,,1356.609222,1421.744,,,,,,,,,,,,,,,,,,,,,,,,,,,,,,,,,,32883.468,,,,,,,560.422,338.111,680.832,,698.042,,,,,,,,,,,,,,,,,1990.872004,834.1114935,,772.781427,,,,,,,,,,,,,,6755.342586,,,,,,,,,
1031,,,,,,,,,,,,,977.4103673,,,,,,,865.323368,432.14,,,,,,,,,,,,,,,,,,,,,,,,,,,,,,,,,,49424.838,,,,,,,393.89,249.139,749.493,,704.961,,,,,,,,,,,,,,,,,1258.30395,166.0081248,,388.568029,,,,,,,,,,,,,,5140.399191,,,,,,,,,
1030,,,,,,,,,,,,,952.3222989,,,,,,,783.9364437,1033.6,,,,,,,,,,,,,,,,,,,,,,,,,,,,,,,,,,35444.541,,,,,,,296.854,517.679,606.852,,623.413,,,,,,,,,,,,,,,,,1135.31868,341.7949112,,412.829958,,,,,,,,,,,,,,3773.901096,,,,,,,,,
1029,,,685.2384,,,,,,,,,,1839.745433,,,,,,,557.8423268,2287.112,,,,,,,,,,,,,,,,,,,,,,,,,,,,,,,,,,54654.831,,,,,,,297.194,410.437,488.808,,546.749,,,,,,,,,,,,,,,,,851.460116,486.4943372,,370.330396,,,,,,,,,,,,,,5914.944238,,,,,,,,,
1028,,,379.1088,,,,,,,,,,1082.041814,,,,,,,1253.85892,940.644,,,,,,,,,,,,,,,,,,,,,,,,,,,,,,,,,,47126.379,,,,,,,326.672,398.866,513.027,,737.595,,,,,,,,,,,,,,,,,731.163108,711.5582435,,1703.777455,,,,,,,,,,,,,,4772.971793,,,,,,,,,
1027,,,1143.6293,,,,,,,,,,518.4654144,,,,,,,1611.792447,418.132,,,,,,,,,,,,,,,,,,,,,,,,,,,,,,,,,,53971.248,,,,,,,393.448,619.063,766.395,,825.285,,,,,,,,,,,,,,,,,809.053336,1051.117421,,773.284811,,,,,,,,,,,,,,4210.601462,,,,,,,,,
1026,,,1806.9282,,,,,,,,,,724.2583669,,,,,,,1484.846699,1495.66,,,,,,,,,,,,,,,,,,,,,,,,,,,,,,,,,,59505.6,,,,,,,485.452,579.275,919.971,,834.091,,,,,,,,,,,,,,,,,1510.310849,1173.124155,,582.493694,,,,,,,,,,,,,,5888.898906,,,,,,,,,
1025,,,903.1026,,,,,,,,,,777.0274203,,,,,,,897.4315126,739.024,,,,,,,,,,,,,,,,,,,,,,,,,,,,,,,,,,42563.846,,,,,,,626.552,269.932,848.556,,564.028,,,,,,,,,,,,,,,,,1135.672381,1274.298477,,1011.416713,,,,,,,,,,,,,,3228.586824,,,,,,,,,
1024,,,392.1320985,,,,,,,,,,544.6321443,,,,,,,1293.479505,730.252,,,,,,,,,,,,,,,,,,,,,,,,,,,,,,,,,,28832.11,,,,,,,748.646,347.072,769.284,,784.733,,,,,,,,,,,,,,,,,1048.849346,492.1212905,,795.194092,,,,,,,,,,,,,,5039.267037,,,,,,,,,
1023,,,994.7026296,,,,,,,,,,692.8055947,,,,,,,1114.065807,1318.316,,,,,,,,,,,,,,,,,,,,,,,,,,,,,,,,,,64700.265,,,,,,,863.566,530.033,556.74,,524.364,,,,,,,,,,,,,,,,,1074.678394,904.7984975,,636.296489,,,,,,,,,,,,,,3508.765425,,,,,,,,,
1022,,,1567.503387,,,,,,,,,,418.7101568,,,,,,,1299.033694,677.484,,,,,,,,,,,,,,,,,,,,,,,,,,,,,,,,,,44580.555,,,,,,,939.284,597.487,381.186,,340.622,,,,,,,,,,,,,,,,,812.7674412,505.4084849,,782.765144,,,,,,,,,,,,,,3639.016745,,,,,,,,,
1021,,,883.5116323,,,,,,,,,,660.8380554,,,,,,,821.021137,843.404,,,,,,,,,,,,,,,,,,,,,,,,,,,,,,,,,,30891.668,,,,,,,884.17,538.095,439.128,,366.855,,,,,,,,,,,,,,,,,730.8606448,1030.649181,,349.760924,,,,,,,,,,,,,,5706.362514,,,,,,,,,
1020,,,950.4490583,,,,,,,,,,586.5578801,,,,,,,1492.224338,1443.912,,,,,,,,,,,,,,,,,,,,,,,,,,,,,,,,,,66296.304,,,,,,,696.932,832.88,380.349,,1124.245,,,,,,,,,,,,,,,,,2288.422722,721.6309481,,435.546452,,,,,,,,,,,,,,6920.202574,,,,,,,,,
1019,,,945.2794568,,,,,,,,,,738.7618009,,,,,,,1494.521635,2330.564,,,,,,,,,,,,,,,,,,,,,,,,,,,,,,,,,,39911.9,,,,,,,646.068,615.873,507.114,,1718.687,,,,,,,,,,,,,,,,,1071.941609,610.0241962,,589.850182,,,,,,,,,,,,,,4270.894362,,,,,,,,,
1018,,,544.5016455,,,,,,,,,,910.4260648,,,,,,,2155.828583,852.312,,,,,,,,,,,,,,,,,,,,,,,,,,,,,,,,,,48300.0,,,,,,,790.024,651.195,672.408,,1428.459,,,,,,,,,,,,,,,,,707.8096224,1265.317921,,488.734783,,,,,,,,,,,,,,3661.332282,,,,,,,,,
1017,,,876.7376717,,,,,,,,,,759.5865134,,,,,,,1201.203636,807.296,,,,,,,,,,,,,,,,,,,,,,,,,,,,,,,,,,52418.61,,,,,,,921.57,765.107,554.769,,1218.965,,,,,,,,,,,,,,,,,716.8944103,586.674483,,342.195342,,,,,,,,,,,,,,6181.892837,,,,,,,,,
1016,,,1694.916237,,,,,,,,,,714.4942801,,,,,,,1456.572468,1212.984,,,,,,,,,,,,,,,,,,,,,,,,,,,,,,,,,,75107.604,,,,,,,905.318,633.244,492.966,,1131.756,,,,,,,,,,,,,,,,,1152.656456,920.5936702,,234.593241,,,,,,,,,,,,,,4223.287482,,,,,,,,,
1015,,,1009.988606,,,,,,,,,,1677.30625,,,,,,,1179.787984,1880.268,,,,,,,,,,,,,,,,,,,,,,,,,,,,,,,,,,38138.646,,,,,,,706.69,561.121,262.656,,940.54,,,,,,,,,,,,,,,,,1324.953234,383.6436781,,1634.277402,,,,,,,,,,,,,,5297.215416,,,,,,,,,
1014,,,1225.284682,,,,,,,,,,1870.236083,,,,,,,2417.349999,1585.692,,,,,,,,,,,,,,,,,,,,,,,,,,,,,,,,,,71043.504,,,,,,,668.95,251.923,516.807,,643.097,,,,,,,,,,,,,,,,,757.7923168,613.0075695,,1918.491018,,,,,,,,,,,,,,1908.356585,,,,,,,,,
1013,,,698.4309862,,,,,,,,,,465.9237595,,,,,,,3902.038637,912.832,,,,,,,,,,,,,,,,,,,,,,,,,,,,,,,,,,39155.2,,,,,,,624.682,380.393,737.667,,581.603,,,,,,,,,,,,,,,,,2094.19211,439.7314108,,975.510186,,,,,,,,,,,,,,3593.858237,,,,,,,,,
1012,,,420.5649066,,,,,,,,,,636.7334025,,,,,,,3323.065139,796.892,,,,,,,,,,,,,,,,,,,,,,,,,,,,,,,,,,91952.712,,,,,,,577.83,665.637,755.892,,599.955,,,,,,,,,,,,,,,,,1964.167404,939.3117216,,721.287512,,,,,,,,,,,,,,1955.969498,,,,,,,,,
1011,,,1088.869594,,,,,,,,,,239.1073853,,,,,,,1352.900317,1680.28,,,,,,,,,,,,,,,,,,,,,,,,,,,,,,,,,,55039.782,,,,,,,508.402,830.618,794.907,,1027.12,,,,,,,,,,,,,,,,,1143.892157,1039.777645,,850.565413,,,,,,,,,,,,,,4543.489805,,,,,,,,,
1010,,,820.4959728,,,,,,,,,,498.3686302,,,,,,,1083.296046,700.808,,,,,,,,,,,,,,,,,,,,,,,,,,,,,,,,,,72624.294,,,,,,,497.726,533.919,763.236,,1656.342,,,,,,,,,,,,,,,,,1011.801156,678.1575126,,633.709448,,,,,,,,,,,,,,4991.647116,,,,,,,,,
1009,,,1039.802946,,,,,,,,,,724.9638003,,,,,,,962.6078321,547.264,,,,,,,,,,,,,,,,,,,,,,,,,,,,,,,,,,66079.552,,,,,,,560.252,808.201,565.974,,946.978,,,,,,,,,,,,,,,,,853.5852672,600.3560329,,1485.550315,,,,,,,,,,,,,,6857.482882,,,,,,,,,
1008,,,950.5827549,,,,,,,,,,958.7180601,,,,,,,932.0402482,1190.952,,,,,,,,,,,,,,,,,,,,,,,,,,,,,,,,,,31074.196,,,,,,,607.376,831.807,534.06,,465.238,,,,,,,,,,,,,,,,,942.275976,417.5736427,,592.368789,,,,,,,,,,,,,,6484.350757,,,,,,,,,
1007,,,975.4948862,,,,,,,,,,800.5269061,,,,,,,1440.568526,614.72,,,,,,,,,,,,,,,,,,,,,,,,,,,,,,,,,,48310.603,,,,,,,705.874,489.636,417.555,,685.277,,,,,,,,,,,,,,,,,794.5385184,424.2366168,,301.529966,,,,,,,,,,,,,,8812.775809,,,,,,,,,
1006,,,1437.906825,,,,,,,,,,982.0551447,,,,,,,944.3515086,874.344,,,,,,,,,,,,,,,,,,,,,,,,,,,,,,,,,,58568.166,,,,,,,676.464,341.272,376.704,,845.561,,,,,,,,,,,,,,,,,322.8848658,391.4071593,,439.780283,,,,,,,,,,,,,,2458.071203,,,,,,,,,
1005,,,624.0511166,,,,,,,,,,1005.284571,,,,,,,456.47267,858.16,,,,,,,,,,,,,,,,,,,,,,,,,,,,,,,,,,35659.2,,,,,,,668.168,363.37,262.899,,734.487,,,,,,,,,,,,,,,,,473.6755233,1003.158845,,720.433817,,,,,,,,,,,,,,2883.790621,,,,,,,,,
1004,,,850.0874848,,,,,,,,,,592.3082488,,,,,,,730.4951905,950.028,,,,,,,,,,,,,,,,,,,,,,,,,,,,,,,,,,89658.048,,,,,,,644.3,603.2,283.905,,399.378,,,,,,,,,,,,,,,,,610.6613337,458.9038053,,475.647529,,,,,,,,,,,,,,4404.201514,,,,,,,,,
1003,,,1438.842702,,,,,,,,,,687.3203696,,,,,,,858.231529,870.468,,,,,,,,,,,,,,,,,,,,,,,,,,,,,,,,,,58264.681,,,,,,,562.564,393.211,618.597,,472.527,,,,,,,,,,,,,,,,,1026.81006,463.9554482,,393.750803,,,,,,,,,,,,,,3368.707356,,,,,,,,,
1002,,,464.99674,,,,,,,,,,732.0086142,,,,,,,599.8967833,617.44,,,,,,,,,,,,,,,,,,,,,,,,,,,,,,,,,,56561.6,,,,,,,724.948,289.594,734.265,,860.139,,,,,,,,,,,,,,,,,854.8131879,622.0146684,,269.249752,,,,,,,,,,,,,,9054.234788,,,,,,,,,
1001,,,2860.839633,,,,,,,,,,566.1013352,,,,,,,655.7993659,1083.58,,,,,,,,,,,,,,,,,,,,,,,,,,,,,,,,,,32833.236,,,,,,,848.028,486.446,651.537,,824.397,,,,,,,,,,,,,,,,,404.6594643,692.8987195,,359.802811,,,,,,,,,,,,,,3905.131107,,,,,,,,,
1000,,,6241.26878,,,,,,,,,,470.825468,,,,,,,693.4310146,814.164,,,,,,,,,,,,,,,,,,,,,,,,,,,,,,,,,,86961.735,,,,,,,759.73,934.612,493.479,,1177.081,,,,,,,,,,,,,,,,,962.4600336,664.3405452,,707.725851,,,,,,,,,,,,,,5959.571792,,,,,,,,,
999,,,1218.867246,,,,,,,,,,800.8706365,,,,,,,3166.598098,845.24,,,,,,,,,,,,,,,,,,,,,,,,,,,,,,,,,,34912.482,,,,,,,607.886,512.256,407.889,,994.116,,,,,,,,,,,,,,,,,729.845445,508.1642065,,606.649396,,,,,,,,,,,,,,4140.09017,,,,,,,,,
998,,,749.1019938,,,,,,,,,,453.7991984,,,,,,,3651.688841,1217.404,,,,,,,,,,,,,,,,,,,,,,,,,,,,,,,,,,69815.304,,,,,,,604.18,290.986,545.481,,854.367,,,,,,,,,,,,,,,,,1407.412286,875.3920895,,424.638865,,,,,,,,,,,,,,3452.40381,,,,,,,,,
997,,,255.3159214,,,,,,,,,,985.1249809,,,,,,,1976.400275,1383.596,,,,,,,,,,,,,,,,,,,,,,,,,,,,,,,,,,52723.59,,,,,,,515.338,586.235,555.687,,1079.956,,,,,,,,,,,,,,,,,1702.877216,1021.958863,,664.131771,,,,,,,,,,,,,,3242.246159,,,,,,,,,
996,,,,,,,,,,,,,413.6093844,,,,,,,1421.349595,460.632,,,,,,,,,,,,,,,,,,,,,,,,,,,,,,,,,,66893.085,,,,,,,469.642,651.34,489.78,,1053.057,,,,,,,,,,,,,,,,,1212.070586,637.9765761,,496.876823,,,,,,,,,,,,,,5113.23392,,,,,,,,,
995,,,1781.729889,,,,,,,,,,662.9758666,,,,,,,1112.11604,560.66,,,,,,,,,,,,,,,,,,,,,,,,,,,,,,,,,,50027.622,,,,,,,630.734,523.044,620.352,,1658.303,,,,,,,,,,,,,,,,,722.6248118,801.0192715,,867.134696,,,,,,,,,,,,,,6059.568853,,,,,,,,,
994,,,711.7115141,,,,,,,,,,1027.161783,,,,,,,960.5008052,1229.236,,,,,,,,,,,,,,,,,,,,,,,,,,,,,,,,,,51957.414,,,,,,,758.846,599.749,590.598,,1796.572,,,,,,,,,,,,,,,,,426.5696049,624.0797238,,1214.84003,,,,,,,,,,,,,,3946.168022,,,,,,,,,
993,,,443.1596303,,,,,,,,,,307.9993556,,,,,,,826.0438077,1094.528,,,,,,,,,,,,,,,,,,,,,,,,,,,,,,,,,,63224.424,,,,,,,767.856,1000.239,936.441,,441.225,,,,,,,,,,,,,,,,,1130.724653,1099.804074,,855.303119,,,,,,,,,,,,,,9445.762048,,,,,,,,,
992,,,816.9307304,,,,,,,,,,412.3723124,,,,,,,1108.535927,921.332,,,,,,,,,,,,,,,,,,,,,,,,,,,,,,,,,,19083.33,,,,,,,768.808,904.8,1451.385,,568.061,,,,,,,,,,,,,,,,,946.2698585,609.3760332,,573.885062,,,,,,,,,,,,,,3066.892597,,,,,,,,,
991,,,870.4984975,,,,,,,,,,547.2796877,,,,,,,841.8518479,837.624,,,,,,,,,,,,,,,,,,,,,,,,,,,,,,,,,,22501.544,,,,,,,848.674,697.943,1105.164,,1053.168,,,,,,,,,,,,,,,,,559.5432979,578.6071916,,869.62708,,,,,,,,,,,,,,3311.915199,,,,,,,,,
990,,,1417.406682,,,,,,,,,,526.6901733,,,,,,,1259.115096,403.104,,,,,,,,,,,,,,,,,,,,,,,,,,,,,,,,,,48985.952,,,,,,,780.878,555.727,833.355,,1022.532,,,,,,,,,,,,,,,,,1747.68417,407.3888479,,450.193636,,,,,,,,,,,,,,5220.564121,,,,,,,,,
989,,,892.2019106,,,,,,,,,,694.7985107,,,,,,,1151.13759,232.832,,,,,,,,,,,,,,,,,,,,,,,,,,,,,,,,,,78593.76,,,,,,,979.302,599.43,660.285,,1128.981,,,,,,,,,,,,,,,,,754.031076,804.829859,,444.588212,,,,,,,,,,,,,,4670.309452,,,,,,,,,
988,,,1588.360055,,,,,,,,,,657.0131385,,,,,,,2014.823496,654.432,,,,,,,,,,,,,,,,,,,,,,,,,,,,,,,,,,87427.485,,,,,,,1278.774,592.528,548.046,,1027.601,,,,,,,,,,,,,,,,,989.3948832,909.0299963,,507.593765,,,,,,,,,,,,,,7818.176812,,,,,,,,,
987,,,877.3615891,,,,,,,,,,738.7080179,,,,,,,1783.252577,803.556,,,,,,,,,,,,,,,,,,,,,,,,,,,,,,,,,,72206.545,,,,,,,,445.179,703.215,,1225.921,,,,,,,,,,,,,,,,,941.8023952,274.9060481,,493.461364,,,,,,,,,,,,,,6513.914562,,,,,,,,,
986,,,894.0736629,,,,,,,,,,1710.074157,,,,,,,789.5649456,1083.104,,,,,,,,,,,,,,,,,,,,,,,,,,,,,,,,,,73511.956,,,,,,,400.214,414.7,731.403,,1099.936,,,,,,,,,,,,,,,,,1018.63281,774.3703652,,505.531197,,,,,,,,,,,,,,5938.396945,,,,,,,,,
985,,,1565.27511,,,,,,,,,,1202.507739,,,,,,,1014.091906,1234.268,,,,,,,,,,,,,,,,,,,,,,,,,,,,,,,,,,45186.697,,,,,,,340.408,464.522,632.367,,416.768,,,,,,,,,,,,,,,,,503.5303356,441.4116684,,901.469599,,,,,,,,,,,,,,5751.944272,,,,,,,,,
984,,,6381.338241,,,,,,,,,,1893.283992,,,,,,,1142.828956,645.932,,,,,,,,,,,,,,,,,,,,,,,,,,,,,,,,,,52153.696,,,,,,,387.192,772.821,688.905,,697.561,,,,,,,,,,,,,,,,,1321.998337,539.4038395,,1366.67698,,,,,,,,,,,,,,3291.541097,,,,,,,,,
983,,,3412.026108,,,,,,,,,,474.907515,,,,,,,870.0389502,618.188,,,,,,,,,,,,,,,,,,,,,,,,,,,,,,,,,,57635.309,,,,,,,736.44,899.0,624.078,,1247.455,,,,,,,,,,,,,,,,,1292.76415,968.5621468,,817.156107,,,,,,,,,,,,,,3515.760573,,,,,,,,,
982,,,860.6495154,,,,,,,,,,747.5971138,,,,,,,1302.723233,438.6,,,,,,,,,,,,,,,,,,,,,,,,,,,,,,,,,,87918.788,,,,,,,903.482,680.688,604.206,,867.132,,,,,,,,,,,,,,,,,1445.317016,1362.511739,,659.57976,,,,,,,,,,,,,,5715.233069,,,,,,,,,
981,,,472.1717904,,,,,,,,,,1227.073396,,,,,,,1153.600102,562.02,,,,,,,,,,,,,,,,,,,,,,,,,,,,,,,,,,110257.515,,,,,,,975.562,614.829,637.551,,1907.905,,,,,,,,,,,,,,,,,808.2017563,535.2904712,,474.551764,,,,,,,,,,,,,,6147.083693,,,,,,,,,
980,,,864.4375854,,,,,,,,,,839.7176707,,,,,,,849.3106117,1048.968,,,,,,,,,,,,,,,,,,,,,,,,,,,,,,,,,,42992.428,,,,,,,885.292,614.481,590.976,,1431.012,,,,,,,,,,,,,,,,,464.0351789,915.5599551,,274.272342,,,,,,,,,,,,,,3695.479022,,,,,,,,,
979,,,851.2461885,,,,,,,,,,452.9779704,,,,,,,1106.908588,490.144,,,,,,,,,,,,,,,,,,,,,,,,,,,,,,,,,,77128.223,,,,,,,848.878,775.141,574.263,,1485.143,,,,,,,,,,,,,,,,,935.8745172,1357.245713,,676.606723,,,,,,,,,,,,,,5395.870008,,,,,,,,,
978,,,851.8255404,,,,,,,,,,2146.118771,,,,,,,1461.579312,561.952,,,,,,,,,,,,,,,,,,,,,,,,,,,,,,,,,,54168.036,,,,,,,754.086,817.626,384.021,,1338.549,,,,,,,,,,,,,,,,,1059.332533,819.8639761,,1535.184579,,,,,,,,,,,,,,6834.856181,,,,,,,,,
977,,,859.2234184,,,,,,,,,,1201.519281,,,,,,,1826.234287,1118.668,,,,,,,,,,,,,,,,,,,,,,,,,,,,,,,,,,53058.7,,,,,,,619.888,687.097,364.905,,1039.552,,,,,,,,,,,,,,,,,593.8271514,688.9409063,,1010.769967,,,,,,,,,,,,,,4606.699346,,,,,,,,,
976,,,1129.914448,,,,,,,,,,507.2104379,,,,,,,1352.604236,773.636,,,,,,,,,,,,,,,,,,,,,,,,,,,,,,,,,,29254.528,,,,,,,626.314,506.166,725.058,,905.02,,,,,,,,,,,,,,,,,1854.750884,459.584673,,1367.326628,,,,,,,,,,,,,,4120.729782,,,,,,,,,
975,,,158.6532868,,,,,,,,,,266.0810819,,,,,,,1901.791154,1261.06,,,,,,,,,,,,,,,,,,,,,,,,,,,,,,,,,,62627.045,,,,,,,552.976,361.021,450.441,,766.27,,,,,,,,,,,,,,,,,1301.618484,748.3874461,,650.550308,,,,,,,,,,,,,,4760.53664,,,,,,,,,
974,,,77.45489114,,,,,,,,,,1369.74414,,,,,,,2501.976489,942.48,,,,,,,,,,,,,,,,,,,,,,,,,,,,,,,,,,52460.976,,,,,,,446.114,497.843,467.316,,766.455,,,,,,,,,,,,,,,,,1204.224818,742.7702234,,577.324517,,,,,,,,,,,,,,4535.517136,,,,,,,,,
973,,,452.4738261,,,,,,,,,,614.1165627,,,,,,,1829.774308,499.188,,,,,,,,,,,,,,,,,,,,,,,,,,,,,,,,,,89336.922,,,,,,,352.104,462.782,729.864,,559.07,,,,,,,,,,,,,,,,,1681.875444,172.9701018,,1293.97065,,,,,,,,,,,,,,5626.397941,,,,,,,,,
972,,,583.1845256,,,,,,,,,,1041.783822,,,,,,,1934.80649,870.128,,,,,,,,,,,,,,,,,,,,,,,,,,,,,,,,,,38074.453,,,,,,,541.178,204.305,585.063,,417.582,,,,,,,,,,,,,,,,,681.1709366,1178.425948,,1328.022198,,,,,,,,,,,,,,6156.601798,,,,,,,,,
971,,,690.765715,,,,,,,,,,850.6959879,,,,,,,1668.18032,775.336,,,,,,,,,,,,,,,,,,,,,,,,,,,,,,,,,,20792.0,,,,,,,763.436,772.792,623.511,,825.803,,,,,,,,,,,,,,,,,1132.323263,605.6208869,,1005.022199,,,,,,,,,,,,,,6421.968563,,,,,,,,,
970,,,1179.694145,,,,,,,,,,778.7906078,,,,,,,2396.261497,959.072,,,,,,,,,,,,,,,,,,,,,,,,,,,,,,,,,,45676.62,,,,,,,859.656,521.42,816.831,,653.457,,,,,,,,,,,,,,,,,1003.815792,1308.000123,,847.826306,,,,,,,,,,,,,,3245.674225,,,,,,,,,
969,,,379.8320122,,,,,,,,,,431.6781109,,,,,,,1550.199152,4780.4,,,,,,,,,,,,,,,,,,,,,,,,,,,,,,,,,,52528.32,,,,,,,692.784,521.42,850.122,,547.452,,,,,,,,,,,,,,,,,824.2049928,1371.896556,,687.780028,,,,,,,,,,,,,,4136.455343,,,,,,,,,
968,,,1676.421542,,,,,,,,,,402.5370212,,,,,,,1731.298452,1826.004,,,,,,,,,,,,,,,,,,,,,,,,,,,,,,,,,,43356.817,,,,,,,659.77,737.586,963.576,,1758.351,,,,,,,,,,,,,,,,,660.7839784,718.7567626,,528.123131,,,,,,,,,,,,,,4469.368443,,,,,,,,,
967,,,1023.759355,,,,,,,,,,1547.593068,,,,,,,811.6124727,1474.24,,,,,,,,,,,,,,,,,,,,,,,,,,,,,,,,,,40162.485,,,,,,,837.182,540.676,1090.206,,1251.488,,,,,,,,,,,,,,,,,939.4683543,1519.535258,,923.463962,,,,,,,,,,,,,,4908.707991,,,,,,,,,
966,,,931.6869702,,,,,,,,,,326.6836121,,,,,,,1135.70659,1775.48,,,,,,,,,,,,,,,,,,,,,,,,,,,,,,,,,,61647.337,,,,,,,955.91,494.943,1064.826,,1322.713,,,,,,,,,,,,,,,,,1333.073184,925.5125037,,415.593303,,,,,,,,,,,,,,2951.146217,,,,,,,,,
965,,,759.1738036,,,,,,,,,,240.8034495,,,,,,,2101.0712,1085.008,,,,,,,,,,,,,,,,,,,,,,,,,,,,,,,,,,114552.834,,,,,,,949.722,541.865,771.093,,2160.615,,,,,,,,,,,,,,,,,1871.182284,1029.525968,,1185.129463,,,,,,,,,,,,,,6997.862574,,,,,,,,,
964,,,1358.357354,,,,,,,,,,766.4001875,,,,,,,927.9018067,1371.424,,,,,,,,,,,,,,,,,,,,,,,,,,,,,,,,,,33146.013,,,,,,,1196.936,727.784,628.587,,1143.929,,,,,,,,,,,,,,,,,536.1660241,933.3764378,,465.552372,,,,,,,,,,,,,,5070.202714,,,,,,,,,
963,,,1507.339921,,,,,,,,,,309.2922339,,,,,,,919.5521947,530.128,,,,,,,,,,,,,,,,,,,,,,,,,,,,,,,,,,60948.16,,,,,,,1289.892,452.69,924.21,,1433.713,,,,,,,,,,,,,,,,,691.1693859,698.2273173,,546.258498,,,,,,,,,,,,,,3740.264089,,,,,,,,,
962,,,1328.676711,,,,,,,,,,724.9742587,,,,,,,968.7478033,1366.596,,,,,,,,,,,,,,,,,,,,,,,,,,,,,,,,,,74510.432,,,,,,,924.834,231.797,1050.084,,1271.838,,,,,,,,,,,,,,,,,1598.029116,656.0957169,,517.872643,,,,,,,,,,,,,,5844.989073,,,,,,,,,
961,,,462.1445461,,,,,,,,,,394.1160492,,,,,,,949.4775344,610.572,,,,,,,,,,,,,,,,,,,,,,,,,,,,,,,,,,83721.84,,,,,,,744.158,440.017,730.161,,1083.767,,,,,,,,,,,,,,,,,1116.774859,398.9427334,,226.780355,,,,,,,,,,,,,,8193.200457,,,,,,,,,
960,,,256.3854941,,,,,,,,,,1265.771082,,,,,,,996.1661402,270.64,,,,,,,,,,,,,,,,,,,,,,,,,,,,,,,,,,89095.307,,,,,,,761.43,546.853,559.791,,699.189,,,,,,,,,,,,,,,,,1069.199617,1567.00085,,496.128871,,,,,,,,,,,,,,5878.709196,,,,,,,,,
959,,,294.890112,,,,,,,,,,248.7351827,,,,,,,1722.292093,717.944,,,,,,,,,,,,,,,,,,,,,,,,,,,,,,,,,,,,,,,,,716.516,356.526,487.296,,537.499,,,,,,,,,,,,,,,,,2196.798358,872.171827,,546.643471,,,,,,,,,,,,,,5390.2413,,,,,,,,,
958,,,775.9750084,,,,,,,,,,527.4765594,,,,,,,1132.552201,1073.04,,,,,,,,,,,,,,,,,,,,,,,,,,,,,,,,,,41160.294,,,,,,,578.986,589.454,608.985,,580.197,,,,,,,,,,,,,,,,,885.7176488,723.8787828,,517.209613,,,,,,,,,,,,,,4454.160344,,,,,,,,,
957,,,863.8582335,,,,,,,,,,380.2259751,,,,,,,2042.935255,1044.412,,,,,,,,,,,,,,,,,,,,,,,,,,,,,,,,,,65672.544,,,,,,,634.814,578.84,,,1064.12,,,,,,,,,,,,,,,,,1079.11875,571.1554185,,578.246442,,,,,,,,,,,,,,4401.30536,,,,,,,,,
956,,,696.3364063,,,,,,,,,,905.1400627,,,,,,,1469.368916,957.508,,,,,,,,,,,,,,,,,,,,,,,,,,,,,,,,,,35764.08,,,,,,,735.114,353.423,291.978,,1766.269,,,,,,,,,,,,,,,,,944.9972388,626.8652896,,631.666798,,,,,,,,,,,,,,3423.445287,,,,,,,,,
955,,,615.9401901,,,,,,,,,,715.2193769,,,,,,,3319.430753,1425.756,,,,,,,,,,,,,,,,,,,,,,,,,,,,,,,,,,35316.408,,,,,,,850.442,355.569,469.152,,1520.811,,,,,,,,,,,,,,,,,765.1326032,116.9227519,,435.531044,,,,,,,,,,,,,,3912.997439,,,,,,,,,
954,,,1096.935955,,,,,,,,,,688.5644603,,,,,,,1248.278571,960.5,,,,,,,,,,,,,,,,,,,,,,,,,,,,,,,,,,33778.49,,,,,,,994.942,652.297,638.145,,917.23,,,,,,,,,,,,,,,,,1400.419528,570.9148907,,556.055609,,,,,,,,,,,,,,4797.069277,,,,,,,,,
953,,,854.142948,,,,,,,,,,728.6503671,,,,,,,950.0436465,1690.344,,,,,,,,,,,,,,,,,,,,,,,,,,,,,,,,,,58365.076,,,,,,,933.64,643.133,669.708,,767.824,,,,,,,,,,,,,,,,,718.229688,791.7092175,,545.716954,,,,,,,,,,,,,,2491.028127,,,,,,,,,
952,,,583.8975741,,,,,,,,,,1214.022333,,,,,,,1280.164104,921.74,,,,,,,,,,,,,,,,,,,,,,,,,,,,,,,,,,68380.932,,,,,,,893.01,736.832,812.241,,865.097,,,,,,,,,,,,,,,,,953.828752,899.4840802,,324.280697,,,,,,,,,,,,,,7553.578747,,,,,,,,,
951,,,1491.430027,,,,,,,,,,1063.467348,,,,,,,2388.103566,1819.816,,,,,,,,,,,,,,,,,,,,,,,,,,,,,,,,,,36375.42,,,,,,,889.372,757.074,527.607,,1094.164,,,,,,,,,,,,,,,,,955.354048,881.4743315,,419.719262,,,,,,,,,,,,,,9545.111575,,,,,,,,,
950,,,1474.896215,,,,,,,,,,2114.765362,,,,,,,1190.404092,950.164,,,,,,,,,,,,,,,,,,,,,,,,,,,,,,,,,,35152.832,,,,,,,829.94,739.355,638.118,,953.712,,,,,,,,,,,,,,,,,1471.029634,515.3230465,,987.974361,,,,,,,,,,,,,,4293.557725,,,,,,,,,
949,,,1193.331197,,,,,,,,,,658.4438239,,,,,,,2410.07196,872.304,,,,,,,,,,,,,,,,,,,,,,,,,,,,,,,,,,59363.046,,,,,,,833.374,897.666,514.053,,847.818,,,,,,,,,,,,,,,,,785.5493646,974.0667926,,1031.772275,,,,,,,,,,,,,,4910.184854,,,,,,,,,
948,,,2831.515514,,,,,,,,,,585.7759374,,,,,,,938.4679595,505.24,,,,,,,,,,,,,,,,,,,,,,,,,,,,,,,,,,43500.59,,,,,,,713.116,1420.507,331.695,,866.022,,,,,,,,,,,,,,,,,2158.686199,603.841057,,1154.201057,,,,,,,,,,,,,,7700.128782,,,,,,,,,
947,,,2694.788468,,,,,,,,,,1027.467293,,,,,,,1798.699481,1187.212,,,,,,,,,,,,,,,,,,,,,,,,,,,,,,,,,,100508.896,,,,,,,628.592,1138.917,394.578,,956.45,,,,,,,,,,,,,,,,,1309.056995,358.553897,,502.67176,,,,,,,,,,,,,,2670.16357,,,,,,,,,
946,,,1080.580406,,,,,,,,,,1037.306592,,,,,,,1148.784951,1513.204,,,,,,,,,,,,,,,,,,,,,,,,,,,,,,,,,,40210.44,,,,,,,657.084,596.675,313.578,,1872.237,,,,,,,,,,,,,,,,,1914.954405,231.1357526,,878.784788,,,,,,,,,,,,,,7914.435727,,,,,,,,,
945,,,594.8161289,,,,,,,,,,946.9243892,,,,,,,1947.142016,625.668,,,,,,,,,,,,,,,,,,,,,,,,,,,,,,,,,,93547.509,,,,,,,797.538,569.792,433.269,,2178.782,,,,,,,,,,,,,,,,,1478.803583,524.3860632,,1113.28358,,,,,,,,,,,,,,6733.947923,,,,,,,,,
944,,,1230.320587,,,,,,,,,,420.2781267,,,,,,,1335.757202,454.852,,,,,,,,,,,,,,,,,,,,,,,,,,,,,,,,,,133974.126,,,,,,,1062.16,376.101,485.784,,2456.319,,,,,,,,,,,,,,,,,731.5333692,822.7961291,,461.895062,,,,,,,,,,,,,,4531.70408,,,,,,,,,
943,,,867.4680415,,,,,,,,,,192.0838821,,,,,,,1121.683356,1052.776,,,,,,,,,,,,,,,,,,,,,,,,,,,,,,,,,,36567.976,,,,,,,1098.064,673.844,646.11,,1851.147,,,,,,,,,,,,,,,,,1351.803054,968.3051817,,686.828904,,,,,,,,,,,,,,3302.383516,,,,,,,,,
942,,,1292.667763,,,,,,,,,,858.1628213,,,,,,,682.5709119,1275.408,,,,,,,,,,,,,,,,,,,,,,,,,,,,,,,,,,57783.107,,,,,,,910.01,952.273,828.225,,1367.705,,,,,,,,,,,,,,,,,468.8205948,730.785911,,1338.112741,,,,,,,,,,,,,,2066.661177,,,,,,,,,
941,,,1953.752835,,,,,,,,,,713.7054234,,,,,,,977.7450205,916.844,,,,,,,,,,,,,,,,,,,,,,,,,,,,,,,,,,105627.753,,,,,,,775.676,701.133,777.411,,816.664,,,,,,,,,,,,,,,,,978.4669836,1659.195362,,617.889544,,,,,,,,,,,,,,4286.956371,,,,,,,,,
940,,,2077.645009,,,,,,,,,,372.4208219,,,,,,,969.9420119,907.596,,,,,,,,,,,,,,,,,,,,,,,,,,,,,,,,,,76524.864,,,,,,,642.872,419.224,553.284,,1068.745,,,,,,,,,,,,,,,,,573.2377392,891.4901355,,288.938973,,,,,,,,,,,,,,5094.389501,,,,,,,,,
939,,,690.8548461,,,,,,,,,,720.7182706,,,,,,,1387.313245,999.532,,,,,,,,,,,,,,,,,,,,,,,,,,,,,,,,,,47967.374,,,,,,,628.626,694.84,503.739,,1402.3,,,,,,,,,,,,,,,,,1794.304379,736.2997846,,795.44994,,,,,,,,,,,,,,7217.070475,,,,,,,,,
938,,,433.2660827,,,,,,,,,,980.2789945,,,,,,,1445.518683,834.088,,,,,,,,,,,,,,,,,,,,,,,,,,,,,,,,,,37381.992,,,,,,,631.584,784.914,351.378,,734.228,,,,,,,,,,,,,,,,,877.639932,745.0557791,,783.476911,,,,,,,,,,,,,,4940.70851,,,,,,,,,
937,,,290.433559,,,,,,,,,,1978.210463,,,,,,,555.1753667,526.252,,,,,,,,,,,,,,,,,,,,,,,,,,,,,,,,,,58680.36,,,,,,,584.562,906.018,584.982,,724.386,,,,,,,,,,,,,,,,,1250.451302,1585.727064,,545.176163,,,,,,,,,,,,,,5820.169422,,,,,,,,,
936,,,817.4209513,,,,,,,,,,939.6474765,,,,,,,1378.758535,690.812,,,,,,,,,,,,,,,,,,,,,,,,,,,,,,,,,,41309.127,,,,,,,556.58,416.208,1111.536,,901.135,,,,,,,,,,,,,,,,,2236.194207,661.0418873,,405.944841,,,,,,,,,,,,,,7659.691292,,,,,,,,,
935,,,,,,,,,,,,,225.5634597,,,,,,,1048.588698,431.528,,,,,,,,,,,,,,,,,,,,,,,,,,,,,,,,,,55857.34,,,,,,,759.152,457.91,811.593,,1120.286,,,,,,,,,,,,,,,,,1345.688467,1220.075133,,485.837069,,,,,,,,,,,,,,12150.42467,,,,,,,,,
934,,,436.8758906,,,,,,,,,,469.2067384,,,,,,,697.5691319,1195.712,,,,,,,,,,,,,,,,,,,,,,,,,,,,,,,,,,86233.44,,,,,,,912.288,458.867,479.223,,1134.309,,,,,,,,,,,,,,,,,807.5738625,851.4522158,,441.789553,,,,,,,,,,,,,,6172.527947,,,,,,,,,
933,,,857.6636249,,,,,,,,,,772.7128785,,,,,,,1545.98226,1661.376,,,,,,,,,,,,,,,,,,,,,,,,,,,,,,,,,,48852.0,,,,,,,897.43,433.753,514.485,,846.782,,,,,,,,,,,,,,,,,512.8957988,2007.827576,,994.278964,,,,,,,,,,,,,,4643.366764,,,,,,,,,
932,,,2562.339713,,,,,,,,,,715.3950109,,,,,,,587.956455,875.772,,,,,,,,,,,,,,,,,,,,,,,,,,,,,,,,,,34140.372,,,,,,,754.018,330.078,596.997,,547.97,,,,,,,,,,,,,,,,,1105.690956,404.9563395,,827.960621,,,,,,,,,,,,,,5216.020088,,,,,,,,,
931,,,2184.245756,,,,,,,,,,690.2772539,,,,,,,653.9674988,1791.664,,,,,,,,,,,,,,,,,,,,,,,,,,,,,,,,,,61230.6,,,,,,,620.364,536.993,636.66,,864.468,,,,,,,,,,,,,,,,,1321.118168,527.6654536,,1019.569858,,,,,,,,,,,,,,3551.164821,,,,,,,,,
930,,,926.7401964,,,,,,,,,,692.5277123,,,,,,,991.2921731,826.88,,,,,,,,,,,,,,,,,,,,,,,,,,,,,,,,,,60042.65,,,,,,,558.484,1227.512,906.876,,1291.559,,,,,,,,,,,,,,,,,1381.648792,476.8320609,,572.709719,,,,,,,,,,,,,,3536.491353,,,,,,,,,
929,,,1216.995493,,,,,,,,,,490.1821392,,,,,,,1862.523727,2018.92,,,,,,,,,,,,,,,,,,,,,,,,,,,,,,,,,,43670.79,,,,,,,727.396,1287.513,831.546,,1350.13,,,,,,,,,,,,,,,,,2149.491603,1390.301663,,452.635494,,,,,,,,,,,,,,8920.300249,,,,,,,,,
928,,,648.1165028,,,,,,,,,,462.465611,,,,,,,1634.484009,1086.98,,,,,,,,,,,,,,,,,,,,,,,,,,,,,,,,,,65627.05,,,,,,,789.888,515.62,572.373,,1191.733,,,,,,,,,,,,,,,,,1556.83799,447.0707314,,402.009147,,,,,,,,,,,,,,7867.373732,,,,,,,,,
927,,,1319.71904,,,,,,,,,,457.5278674,,,,,,,1413.957768,596.836,,,,,,,,,,,,,,,,,,,,,,,,,,,,,,,,,,42560.488,,,,,,,786.25,334.66,688.77,,1314.758,,,,,,,,,,,,,,,,,1233.641006,672.3733793,,742.800219,,,,,,,,,,,,,,4929.85565,,,,,,,,,
926,,,1339.46157,,,,,,,,,,1074.982067,,,,,,,489.0094315,1560.056,,,,,,,,,,,,,,,,,,,,,,,,,,,,,,,,,,62432.58,,,,,,,633.692,682.428,700.596,,1119.25,,,,,,,,,,,,,,,,,1252.575507,591.0438403,,618.335997,,,,,,,,,,,,,,3507.163199,,,,,,,,,
925,,,873.8854778,,,,,,,,,,898.0382509,,,,,,,1221.484555,863.804,,,,,,,,,,,,,,,,,,,,,,,,,,,,,,,,,,51731.554,,,,,,,458.762,881.194,723.6,,870.166,,,,,,,,,,,,,,,,,2082.437763,529.5607818,,839.432891,,,,,,,,,,,,,,3256.553291,,,,,,,,,
924,,,420.0301203,,,,,,,,,,618.7669561,,,,,,,743.5440812,779.756,,,,,,,,,,,,,,,,,,,,,,,,,,,,,,,,,,35229.33,,,,,,,539.478,628.517,701.676,,1664.889,,,,,,,,,,,,,,,,,908.256195,378.9987767,,742.41204,,,,,,,,,,,,,,3747.063411,,,,,,,,,
923,,,633.4098779,,,,,,,,,,665.2586847,,,,,,,660.7848466,677.892,,,,,,,,,,,,,,,,,,,,,,,,,,,,,,,,,,94663.975,,,,,,,599.148,926.898,895.725,,2085.209,,,,,,,,,,,,,,,,,1338.9948,1462.763305,,427.068284,,,,,,,,,,,,,,4220.021464,,,,,,,,,
922,,,883.9572876,,,,,,,,,,600.3270745,,,,,,,815.6160882,620.636,,,,,,,,,,,,,,,,,,,,,,,,,,,,,,,,,,64275.731,,,,,,,679.218,493.203,374.463,,1126.798,,,,,,,,,,,,,,,,,2280.940448,984.8313106,,266.902067,,,,,,,,,,,,,,5013.899247,,,,,,,,,
921,,,601.6792205,,,,,,,,,,615.6219874,,,,,,,880.7501636,649.332,,,,,,,,,,,,,,,,,,,,,,,,,,,,,,,,,,26537.4,,,,,,,679.728,357.599,283.419,,636.511,,,,,,,,,,,,,,,,,1774.054357,1086.600214,,590.85504,,,,,,,,,,,,,,7467.027762,,,,,,,,,
920,,,735.1084174,,,,,,,,,,289.6266822,,,,,,,532.2508554,708.968,,,,,,,,,,,,,,,,,,,,,,,,,,,,,,,,,,29403.959,,,,,,,477.19,616.366,505.116,,251.748,,,,,,,,,,,,,,,,,786.2251992,1234.741601,,1007.499993,,,,,,,,,,,,,,8126.901292,,,,,,,,,
919,,,866.9778206,,,,,,,,,,622.7670564,,,,,,,661.567231,1418.616,,,,,,,,,,,,,,,,,,,,,,,,,,,,,,,,,,45926.722,,,,,,,421.056,515.736,377.568,,225.959,,,,,,,,,,,,,,,,,1456.393938,314.2405226,,627.263045,,,,,,,,,,,,,,4131.697763,,,,,,,,,
918,,,608.9434019,,,,,,,,,,2383.176597,,,,,,,1224.356576,1030.608,,,,,,,,,,,,,,,,,,,,,,,,,,,,,,,,,,87267.796,,,,,,,473.722,615.525,384.939,,1195.285,,,,,,,,,,,,,,,,,684.7639848,482.3942101,,726.554006,,,,,,,,,,,,,,1900.90892,,,,,,,,,
917,,,,,,,,,,,,,382.525235,,,,,,,1155.144978,725.016,,,,,,,,,,,,,,,,,,,,,,,,,,,,,,,,,,29392.896,,,,,,,588.88,582.175,761.616,,1391.829,,,,,,,,,,,,,,,,,679.5387984,311.5858833,,171.079892,,,,,,,,,,,,,,3821.351778,,,,,,,,,
916,,,676.0590901,,,,,,,,,,401.134101,,,,,,,1007.847678,576.028,,,,,,,,,,,,,,,,,,,,,,,,,,,,,,,,,,59109.54,,,,,,,646.646,394.98,876.933,,1016.871,,,,,,,,,,,,,,,,,1090.950371,492.1756483,,294.881383,,,,,,,,,,,,,,4272.40292,,,,,,,,,
915,,,402.2930393,,,,,,,,,,229.8262939,,,,,,,915.9990444,1704.692,,,,,,,,,,,,,,,,,,,,,,,,,,,,,,,,,,78315.92,,,,,,,654.67,401.36,1032.75,,881.414,,,,,,,,,,,,,,,,,1886.247576,740.9863852,,774.167905,,,,,,,,,,,,,,3156.936464,,,,,,,,,
914,,,363.8775525,,,,,,,,,,573.9753652,,,,,,,941.5431563,685.78,,,,,,,,,,,,,,,,,,,,,,,,,,,,,,,,,,44956.95,,,,,,,590.75,680.398,906.903,,895.252,,,,,,,,,,,,,,,,,3246.129965,492.9055653,,607.836622,,,,,,,,,,,,,,1913.275799,,,,,,,,,
913,,,793.5338272,,,,,,,,,,1098.50579,,,,,,,672.8108314,564.4,,,,,,,,,,,,,,,,,,,,,,,,,,,,,,,,,,44663.815,,,,,,,551.242,591.832,560.52,,992.784,,,,,,,,,,,,,,,,,1174.668838,1786.978353,,219.637267,,,,,,,,,,,,,,5424.203192,,,,,,,,,
912,,,565.1800515,,,,,,,,,,249.2423565,,,,,,,1509.647372,619.684,,,,,,,,,,,,,,,,,,,,,,,,,,,,,,,,,,27681.121,,,,,,,605.642,617.323,559.899,,1089.872,,,,,,,,,,,,,,,,,522.0177895,753.5318227,,752.754848,,,,,,,,,,,,,,2931.399538,,,,,,,,,
911,,,447.928142,,,,,,,,,,517.0152648,,,,,,,515.1076415,298.724,,,,,,,,,,,,,,,,,,,,,,,,,,,,,,,,,,71274.654,,,,,,,652.222,632.142,811.107,,472.971,,,,,,,,,,,,,,,,,950.4789347,1499.250889,,595.503266,,,,,,,,,,,,,,5458.961114,,,,,,,,,
910,,,1039.892077,,,,,,,,,,465.0388044,,,,,,,619.5894219,687.956,,,,,,,,,,,,,,,,,,,,,,,,,,,,,,,,,,46367.632,,,,,,,1112.65,657.749,421.254,,605.135,,,,,,,,,,,,,,,,,371.7787008,1319.058498,,454.689697,,,,,,,,,,,,,,5383.760322,,,,,,,,,
909,,,350.6861556,,,,,,,,,,317.892704,,,,,,,395.4066221,452.88,,,,,,,,,,,,,,,,,,,,,,,,,,,,,,,,,,49303.95,,,,,,,1641.826,746.518,635.202,,1389.72,,,,,,,,,,,,,,,,,1587.690944,683.0287905,,438.726035,,,,,,,,,,,,,,5514.26589,,,,,,,,,
908,,,514.2416507,,,,,,,,,,643.126175,,,,,,,1883.009272,528.768,,,,,,,,,,,,,,,,,,,,,,,,,,,,,,,,,,49312.368,,,,,,,1851.674,483.053,707.832,,895.141,,,,,,,,,,,,,,,,,1343.135893,1453.535956,,631.435407,,,,,,,,,,,,,,5164.719451,,,,,,,,,
907,,,406.97242,,,,,,,,,,1458.096868,,,,,,,900.066518,595.476,,,,,,,,,,,,,,,,,,,,,,,,,,,,,,,,,,61480.38,,,,,,,1625.88,306.588,724.599,,1112.664,,,,,,,,,,,,,,,,,1490.971931,524.3651781,,569.040373,,,,,,,,,,,,,,5361.217039,,,,,,,,,
906,,,313.6967657,,,,,,,,,,854.0789816,,,,,,,529.1366461,490.892,,,,,,,,,,,,,,,,,,,,,,,,,,,,,,,,,,112380.576,,,,,,,1195.95,524.378,731.511,,602.323,,,,,,,,,,,,,,,,,2148.514033,1343.535626,,1025.049745,,,,,,,,,,,,,,5382.840627,,,,,,,,,
905,,,901.3378443,,,,,,,,,,690.1087671,,,,,,,746.5966592,878.288,,,,,,,,,,,,,,,,,,,,,,,,,,,,,,,,,,39756.535,,,,,,,827.662,522.116,700.785,,518.481,,,,,,,,,,,,,,,,,1936.557709,455.3888109,,593.776031,,,,,,,,,,,,,,4200.112311,,,,,,,,,
904,,,848.171167,,,,,,,,,,936.8497134,,,,,,,882.7946071,599.284,,,,,,,,,,,,,,,,,,,,,,,,,,,,,,,,,,44404.904,,,,,,,706.112,545.722,592.947,,605.949,,,,,,,,,,,,,,,,,,271.3194034,,591.896053,,,,,,,,,,,,,,4199.484962,,,,,,,,,
903,,,2015.297832,,,,,,,,,,731.2580883,,,,,,,630.6235752,288.932,,,,,,,,,,,,,,,,,,,,,,,,,,,,,,,,,,64313.612,,,,,,,633.114,731.264,861.408,,1189.18,,,,,,,,,,,,,,,,,,603.9541676,,986.451631,,,,,,,,,,,,,,5162.187638,,,,,,,,,
902,,,1051.701942,,,,,,,,,,428.5887842,,,,,,,1595.75021,810.152,,,,,,,,,,,,,,,,,,,,,,,,,,,,,,,,,,49104.954,,,,,,,555.934,1300.476,885.141,,1053.168,,,,,,,,,,,,,,,,,,390.5245048,,1013.143948,,,,,,,,,,,,,,4838.000709,,,,,,,,,
901,,,178.930603,,,,,,,,,,534.4854136,,,,,,,476.8079051,1649.408,,,,,,,,,,,,,,,,,,,,,,,,,,,,,,,,,,51517.746,,,,,,,383.316,1176.675,646.758,,968.734,,,,,,,,,,,,,,,,,,544.5392215,,774.371463,,,,,,,,,,,,,,5013.612733,,,,,,,,,
900,,,354.6079222,,,,,,,,,,481.7731312,,,,,,,817.0713189,1069.64,,,,,,,,,,,,,,,,,,,,,,,,,,,,,,,,,,48530.92,,,,,,,521.39,885.399,839.943,,621.045,,,,,,,,,,,,,,,,,,1788.15915,,1163.086453,,,,,,,,,,,,,,12999.01009,,,,,,,,,
899,,,270.2008084,,,,,,,,,,850.4096654,,,,,,,1421.564691,784.312,,,,,,,,,,,,,,,,,,,,,,,,,,,,,,,,,,83756.754,,,,,,,779.824,477.949,550.26,,852.48,,,,,,,,,,,,,,,,,,863.4836227,,1094.705262,,,,,,,,,,,,,,6033.58561,,,,,,,,,
898,,,459.4706143,,,,,,,,,,505.3338854,,,,,,,1014.774675,964.104,,,,,,,,,,,,,,,,,,,,,,,,,,,,,,,,,,40411.161,,,,,,,690.914,228.868,378.027,,609.501,,,,,,,,,,,,,,,,,,854.7471165,,1104.301347,,,,,,,,,,,,,,5847.836305,,,,,,,,,
897,,,700.7483937,,,,,,,,,,362.2306144,,,,,,,1239.487969,2557.14,,,,,,,,,,,,,,,,,,,,,,,,,,,,,,,,,,65438.496,,,,,,,633.046,210.192,443.124,,1034.742,,,,,,,,,,,,,,,,,,781.0530312,,970.489962,,,,,,,,,,,,,,3642.342921,,,,,,,,,
896,,,977.2329418,,,,,,,,,,2057.967294,,,,,,,1569.778878,1595.62,,,,,,,,,,,,,,,,,,,,,,,,,,,,,,,,,,59569.632,,,,,,,830.416,394.951,635.202,,886.335,,,,,,,,,,,,,,,,,,1055.580021,,634.784395,,,,,,,,,,,,,,4921.9328,,,,,,,,,
895,,,486.4773255,,,,,,,,,,682.6485244,,,,,,,2124.567186,974.44,,,,,,,,,,,,,,,,,,,,,,,,,,,,,,,,,,45721.907,,,,,,,986.068,639.624,730.404,,791.097,,,,,,,,,,,,,,,,,,878.1415309,,555.742895,,,,,,,,,,,,,,5336.649416,,,,,,,,,
894,,,770.5825792,,,,,,,,,,2148.374791,,,,,,,1542.019885,808.316,,,,,,,,,,,,,,,,,,,,,,,,,,,,,,,,,,56344.848,,,,,,,1075.454,650.325,816.993,,1551.336,,,,,,,,,,,,,,,,,,862.073254,,1570.644849,,,,,,,,,,,,,,6026.652331,,,,,,,,,
893,,,424.798632,,,,,,,,,,888.2844242,,,,,,,2209.704405,711.008,,,,,,,,,,,,,,,,,,,,,,,,,,,,,,,,,,26020.176,,,,,,,672.962,879.193,587.52,,1238.316,,,,,,,,,,,,,,,,,,921.5424166,,1253.290172,,,,,,,,,,,,,,2574.669997,,,,,,,,,
892,,,600.7879099,,,,,,,,,,679.2988706,,,,,,,1566.069939,538.356,,,,,,,,,,,,,,,,,,,,,,,,,,,,,,,,,,71957.248,,,,,,,489.192,818.409,541.998,,1564.434,,,,,,,,,,,,,,,,,,1078.468681,,541.180585,,,,,,,,,,,,,,6871.814008,,,,,,,,,
891,,,566.2941897,,,,,,,,,,288.4418537,,,,,,,1268.114255,576.096,,,,,,,,,,,,,,,,,,,,,,,,,,,,,,,,,,40961.16,,,,,,,619.242,672.8,792.342,,1275.649,,,,,,,,,,,,,,,,,,1001.661601,,398.240711,,,,,,,,,,,,,,2291.207578,,,,,,,,,
890,,,580.5997248,,,,,,,,,,465.0207673,,,,,,,1031.325692,931.396,,,,,,,,,,,,,,,,,,,,,,,,,,,,,,,,,,68450.024,,,,,,,956.284,626.574,728.352,,1022.051,,,,,,,,,,,,,,,,,,725.5090619,,438.954141,,,,,,,,,,,,,,4020.072162,,,,,,,,,
889,,,958.6491158,,,,,,,,,,883.409543,,,,,,,706.2685663,910.588,,,,,,,,,,,,,,,,,,,,,,,,,,,,,,,,,,39991.71,,,,,,,868.666,453.067,816.615,,2258.443,,,,,,,,,,,,,,,,,,348.7381384,,1314.483362,,,,,,,,,,,,,,6997.970134,,,,,,,,,
888,,,454.0781852,,,,,,,,,,853.3790399,,,,,,,2031.194537,811.784,,,,,,,,,,,,,,,,,,,,,,,,,,,,,,,,,,99427.988,,,,,,,966.042,525.567,592.083,,2339.51,,,,,,,,,,,,,,,,,,808.4483442,,1306.968683,,,,,,,,,,,,,,6362.54292,,,,,,,,,
887,,,611.4390716,,,,,,,,,,505.4054771,,,,,,,284.6764132,529.788,,,,,,,,,,,,,,,,,,,,,,,,,,,,,,,,,,30893.6,,,,,,,1374.892,581.624,662.256,,3151.956,,,,,,,,,,,,,,,,,,521.363337,,1286.947098,,,,,,,,,,,,,,3188.448601,,,,,,,,,
886,,,995.1928504,,,,,,,,,,679.3437632,,,,,,,2203.554147,1082.9,,,,,,,,,,,,,,,,,,,,,,,,,,,,,,,,,,84614.562,,,,,,,1445.918,713.197,550.314,,1652.679,,,,,,,,,,,,,,,,,,684.3523316,,337.100206,,,,,,,,,,,,,,2762.927455,,,,,,,,,
885,,,438.0791599,,,,,,,,,,1301.029162,,,,,,,887.2910644,2832.336,,,,,,,,,,,,,,,,,,,,,,,,,,,,,,,,,,44947.98,,,,,,,907.154,617.497,756.702,,709.327,,,,,,,,,,,,,,,,,,445.6375072,,791.232598,,,,,,,,,,,,,,2999.171545,,,,,,,,,
884,,,357.3709851,,,,,,,,,,416.3750798,,,,,,,947.3770456,2053.804,,,,,,,,,,,,,,,,,,,,,,,,,,,,,,,,,,37531.952,,,,,,,781.626,874.582,461.295,,1075.775,,,,,,,,,,,,,,,,,,312.1352274,,710.209468,,,,,,,,,,,,,,4492.200719,,,,,,,,,
883,,,551.4984338,,,,,,,,,,736.9708354,,,,,,,2084.078575,712.028,,,,,,,,,,,,,,,,,,,,,,,,,,,,,,,,,,40281.28,,,,,,,986.0,833.576,597.51,,2210.195,,,,,,,,,,,,,,,,,,1466.927308,,507.448589,,,,,,,,,,,,,,8494.166755,,,,,,,,,
882,,,542.0059759,,,,,,,,,,1162.008583,,,,,,,3187.66914,492.932,,,,,,,,,,,,,,,,,,,,,,,,,,,,,,,,,,59156.46,,,,,,,1012.588,439.263,706.455,,1053.427,,,,,,,,,,,,,,,,,,524.1849458,,185.997689,,,,,,,,,,,,,,6253.305145,,,,,,,,,
881,,,714.2517493,,,,,,,,,,557.978608,,,,,,,719.5537348,619.072,,,,,,,,,,,,,,,,,,,,,,,,,,,,,,,,,,40345.404,,,,,,,867.952,396.343,340.875,,752.876,,,,,,,,,,,,,,,,,,565.4871896,,495.050124,,,,,,,,,,,,,,5860.969042,,,,,,,,,
880,,,385.447269,,,,,,,,,,320.0118864,,,,,,,1195.635606,1555.16,,,,,,,,,,,,,,,,,,,,,,,,,,,,,,,,,,39903.528,,,,,,,700.842,471.83,265.788,,1243.2,,,,,,,,,,,,,,,,,,1484.728133,,558.853935,,,,,,,,,,,,,,5348.725633,,,,,,,,,
879,,,1313.346169,,,,,,,,,,640.0452917,,,,,,,1113.957833,985.524,,,,,,,,,,,,,,,,,,,,,,,,,,,,,,,,,,27401.625,,,,,,,602.31,464.667,524.151,,1948.383,,,,,,,,,,,,,,,,,,806.8614756,,961.863606,,,,,,,,,,,,,,4261.121266,,,,,,,,,
878,,,807.6165347,,,,,,,,,,633.4004132,,,,,,,814.3408591,1249.092,,,,,,,,,,,,,,,,,,,,,,,,,,,,,,,,,,63803.38,,,,,,,504.254,541.604,574.938,,2024.196,,,,,,,,,,,,,,,,,,1285.621666,,672.76137,,,,,,,,,,,,,,5015.558104,,,,,,,,,
877,,,610.6814576,,,,,,,,,,885.2131113,,,,,,,1068.106117,326.128,,,,,,,,,,,,,,,,,,,,,,,,,,,,,,,,,,50103.522,,,,,,,449.65,531.483,751.788,,1884.965,,,,,,,,,,,,,,,,,,1330.619916,,452.404672,,,,,,,,,,,,,,3072.969497,,,,,,,,,
876,,,840.6841579,,,,,,,,,,3694.324143,,,,,,,732.8428284,494.632,,,,,,,,,,,,,,,,,,,,,,,,,,,,,,,,,,39994.24,,,,,,,582.352,468.756,623.7,,513.56,,,,,,,,,,,,,,,,,,391.768052,,466.694412,,,,,,,,,,,,,,2761.779245,,,,,,,,,
875,,,849.2407397,,,,,,,,,,2146.322514,,,,,,,542.0044623,1164.772,,,,,,,,,,,,,,,,,,,,,,,,,,,,,,,,,,82903.224,,,,,,,724.132,,987.66,,522.403,,,,,,,,,,,,,,,,,,1197.340352,,353.150457,,,,,,,,,,,,,,3866.938978,,,,,,,,,
874,,,734.0388446,,,,,,,,,,645.5248515,,,,,,,774.905872,1021.564,,,,,,,,,,,,,,,,,,,,,,,,,,,,,,,,,,61178.988,,,,,,,838.576,502.077,339.255,,884.337,,,,,,,,,,,,,,,,,,717.0886266,,389.559267,,,,,,,,,,,,,,1982.643981,,,,,,,,,
873,,,1004.729874,,,,,,,,,,389.8576718,,,,,,,4100.860043,1443.98,,,,,,,,,,,,,,,,,,,,,,,,,,,,,,,,,,38566.4,,,,,,,659.838,526.64,474.012,,598.956,,,,,,,,,,,,,,,,,,1037.913763,,686.86033,,,,,,,,,,,,,,3008.897636,,,,,,,,,
872,,,1501.546402,,,,,,,,,,241.2637307,,,,,,,1225.835422,1036.32,,,,,,,,,,,,,,,,,,,,,,,,,,,,,,,,,,55108.92,,,,,,,582.726,461.68,345.978,,801.42,,,,,,,,,,,,,,,,,,300.5491516,,881.184545,,,,,,,,,,,,,,7855.610245,,,,,,,,,
871,,,1233.930395,,,,,,,,,,350.0026287,,,,,,,508.7592705,1106.02,,,,,,,,,,,,,,,,,,,,,,,,,,,,,,,,,,44113.31,,,,,,,486.574,432.999,405.324,,677.433,,,,,,,,,,,,,,,,,,937.0103254,,580.598277,,,,,,,,,,,,,,2003.797179,,,,,,,,,
870,,,723.0757243,,,,,,,,,,605.533299,,,,,,,1287.570556,530.74,,,,,,,,,,,,,,,,,,,,,,,,,,,,,,,,,,70068.971,,,,,,,485.248,467.886,539.163,,645.28,,,,,,,,,,,,,,,,,,290.9692202,,550.243623,,,,,,,,,,,,,,2293.216519,,,,,,,,,
869,,,515.534051,,,,,,,,,,1005.022756,,,,,,,899.866302,823.956,,,,,,,,,,,,,,,,,,,,,,,,,,,,,,,,,,53320.256,,,,,,,536.996,395.821,612.495,,1030.154,,,,,,,,,,,,,,,,,,2764.450684,,592.173984,,,,,,,,,,,,,,8896.730125,,,,,,,,,
868,,,681.094995,,,,,,,,,,347.5819784,,,,,,,669.4862932,1355.512,,,,,,,,,,,,,,,,,,,,,,,,,,,,,,,,,,50087.652,,,,,,,505.818,790.975,590.436,,1164.834,,,,,,,,,,,,,,,,,,796.1797831,,1240.429319,,,,,,,,,,,,,,6250.203737,,,,,,,,,
867,,,865.7745513,,,,,,,,,,437.7200418,,,,,,,907.2235951,1353.608,,,,,,,,,,,,,,,,,,,,,,,,,,,,,,,,,,39031.782,,,,,,,454.784,996.904,635.229,,1768.23,,,,,,,,,,,,,,,,,,914.4371328,,957.491462,,,,,,,,,,,,,,4437.805817,,,,,,,,,
866,,,1485.859336,,,,,,,,,,247.3625256,,,,,,,1033.721246,1514.428,,,,,,,,,,,,,,,,,,,,,,,,,,,,,,,,,,54369.792,,,,,,,457.64,553.871,539.217,,990.86,,,,,,,,,,,,,,,,,,678.7801215,,1256.085334,,,,,,,,,,,,,,2733.457529,,,,,,,,,
865,,,436.9650217,,,,,,,,,,536.2466162,,,,,,,1057.42764,1422.288,,,,,,,,,,,,,,,,,,,,,,,,,,,,,,,,,,35851.158,,,,,,,,558.54,754.434,,726.014,,,,,,,,,,,,,,,,,,2234.693624,,495.719868,,,,,,,,,,,,,,5535.148735,,,,,,,,,
864,,,760.0651142,,,,,,,,,,1416.013841,,,,,,,1583.244593,849.116,,,,,,,,,,,,,,,,,,,,,,,,,,,,,,,,,,34889.712,,,,,,,226.406,903.872,588.384,,1219.002,,,,,,,,,,,,,,,,,,1436.814562,,1145.273114,,,,,,,,,,,,,,5135.14286,,,,,,,,,
863,,,1505.334472,,,,,,,,,,1448.125068,,,,,,,770.0470075,2136.424,,,,,,,,,,,,,,,,,,,,,,,,,,,,,,,,,,86970.935,,,,,,,468.248,851.846,296.811,,1174.713,,,,,,,,,,,,,,,,,,1112.620379,,1001.869241,,,,,,,,,,,,,,5436.677087,,,,,,,,,
862,,,1684.354206,,,,,,,,,,1354.852863,,,,,,,423.6449741,983.484,,,,,,,,,,,,,,,,,,,,,,,,,,,,,,,,,,48457.757,,,,,,,799.272,711.805,622.026,,857.734,,,,,,,,,,,,,,,,,,405.2854663,,471.880312,,,,,,,,,,,,,,7663.061309,,,,,,,,,
861,,,1209.865008,,,,,,,,,,913.6285081,,,,,,,902.4096204,693.6,,,,,,,,,,,,,,,,,,,,,,,,,,,,,,,,,,86528.3,,,,,,,1225.496,768.094,1022.166,,994.56,,,,,,,,,,,,,,,,,,799.3036161,,263.133606,,,,,,,,,,,,,,5728.817443,,,,,,,,,
860,,,3368.396454,,,,,,,,,,706.5544609,,,,,,,534.0553222,1676.132,,,,,,,,,,,,,,,,,,,,,,,,,,,,,,,,,,47529.293,,,,,,,911.506,358.411,1155.249,,859.103,,,,,,,,,,,,,,,,,,466.0334145,,576.885756,,,,,,,,,,,,,,4650.849849,,,,,,,,,
859,,,1239.991307,,,,,,,,,,360.9921185,,,,,,,654.9248238,1019.66,,,,,,,,,,,,,,,,,,,,,,,,,,,,,,,,,,64890.452,,,,,,,710.498,470.873,1051.893,,593.406,,,,,,,,,,,,,,,,,,1237.236405,,969.458537,,,,,,,,,,,,,,6379.071681,,,,,,,,,
858,,,927.0521551,,,,,,,,,,2936.383346,,,,,,,671.8663937,1763.376,,,,,,,,,,,,,,,,,,,,,,,,,,,,,,,,,,70288.0,,,,,,,777.002,601.286,1019.898,,831.797,,,,,,,,,,,,,,,,,,656.5668822,,1202.215831,,,,,,,,,,,,,,4533.581749,,,,,,,,,
857,,,1850.093412,,,,,,,,,,1649.248414,,,,,,,687.1660697,1708.092,,,,,,,,,,,,,,,,,,,,,,,,,,,,,,,,,,40861.317,,,,,,,776.05,722.506,586.494,,1819.771,,,,,,,,,,,,,,,,,,1274.002294,,1016.971372,,,,,,,,,,,,,,6025.122632,,,,,,,,,
856,,,1718.937058,,,,,,,,,,1406.104471,,,,,,,1507.113957,941.392,,,,,,,,,,,,,,,,,,,,,,,,,,,,,,,,,,37572.823,,,,,,,559.98,724.188,705.51,,1342.36,,,,,,,,,,,,,,,,,,771.5091201,,1109.114571,,,,,,,,,,,,,,6233.217433,,,,,,,,,
855,,,1214.900913,,,,,,,,,,548.5775214,,,,,,,1212.50849,3143.64,,,,,,,,,,,,,,,,,,,,,,,,,,,,,,,,,,28123.296,,,,,,,486.438,719.809,869.859,,749.176,,,,,,,,,,,,,,,,,,1140.73856,,1355.421174,,,,,,,,,,,,,,9434.417302,,,,,,,,,
854,,,1257.416429,,,,,,,,,,1108.485859,,,,,,,1040.375023,2069.784,,,,,,,,,,,,,,,,,,,,,,,,,,,,,,,,,,32704.896,,,,,,,519.622,695.623,1282.986,,1037.776,,,,,,,,,,,,,,,,,,942.9670467,,827.304466,,,,,,,,,,,,,,3086.473401,,,,,,,,,
853,,,621.9119712,,,,,,,,,,1003.432183,,,,,,,564.1338692,1280.032,,,,,,,,,,,,,,,,,,,,,,,,,,,,,,,,,,49410.348,,,,,,,546.584,574.316,824.526,,516.964,,,,,,,,,,,,,,,,,,879.5662956,,1069.908146,,,,,,,,,,,,,,4474.01284,,,,,,,,,
852,,,574.2714196,,,,,,,,,,504.6492445,,,,,,,390.8519764,2706.672,,,,,,,,,,,,,,,,,,,,,,,,,,,,,,,,,,51937.887,,,,,,,650.182,628.546,523.962,,559.884,,,,,,,,,,,,,,,,,,460.7493563,,845.026715,,,,,,,,,,,,,,2349.987384,,,,,,,,,
851,,,816.0394198,,,,,,,,,,1386.168365,,,,,,,1777.727499,1253.036,,,,,,,,,,,,,,,,,,,,,,,,,,,,,,,,,,89580.538,,,,,,,810.118,664.477,339.741,,2301.733,,,,,,,,,,,,,,,,,,567.8788366,,1257.350277,,,,,,,,,,,,,,3556.40274,,,,,,,,,
850,,,1004.105956,,,,,,,,,,504.7318522,,,,,,,1042.609895,393.38,,,,,,,,,,,,,,,,,,,,,,,,,,,,,,,,,,51835.1,,,,,,,915.892,1019.321,509.355,,956.228,,,,,,,,,,,,,,,,,,477.2764218,,929.376539,,,,,,,,,,,,,,5964.086039,,,,,,,,,
849,,,1086.017401,,,,,,,,,,916.0308344,,,,,,,583.0958756,1814.648,,,,,,,,,,,,,,,,,,,,,,,,,,,,,,,,,,31139.562,,,,,,,1106.734,1622.521,631.503,,348.429,,,,,,,,,,,,,,,,,,547.5042614,,690.049382,,,,,,,,,,,,,,4081.147954,,,,,,,,,
848,,,627.3044003,,,,,,,,,,920.1610223,,,,,,,405.2789703,2446.912,,,,,,,,,,,,,,,,,,,,,,,,,,,,,,,,,,55269.644,,,,,,,846.736,1129.811,771.255,,617.049,,,,,,,,,,,,,,,,,,522.8608925,,514.644979,,,,,,,,,,,,,,5759.620266,,,,,,,,,
847,,,1300.600428,,,,,,,,,,906.2768562,,,,,,,733.7922317,1280.168,,,,,,,,,,,,,,,,,,,,,,,,,,,,,,,,,,56836.795,,,,,,,994.568,1268.518,865.863,,942.686,,,,,,,,,,,,,,,,,,455.8881132,,1040.436201,,,,,,,,,,,,,,5246.43294,,,,,,,,,
846,,,661.4415963,,,,,,,,,,586.2249113,,,,,,,1204.243194,1972.136,,,,,,,,,,,,,,,,,,,,,,,,,,,,,,,,,,41360.762,,,,,,,905.454,708.47,530.55,,1218.299,,,,,,,,,,,,,,,,,,1493.642676,,949.182268,,,,,,,,,,,,,,6177.362513,,,,,,,,,
845,,,873.8409122,,,,,,,,,,245.9150213,,,,,,,950.3243859,1541.424,,,,,,,,,,,,,,,,,,,,,,,,,,,,,,,,,,52150.2,,,,,,,760.92,729.988,570.375,,2426.941,,,,,,,,,,,,,,,,,,382.3945563,,499.552375,,,,,,,,,,,,,,4816.726212,,,,,,,,,
844,,,1085.616311,,,,,,,,,,418.7903512,,,,,,,1988.884551,594.864,,,,,,,,,,,,,,,,,,,,,,,,,,,,,,,,,,79730.029,,,,,,,674.56,691.041,569.079,,1263.846,,,,,,,,,,,,,,,,,,778.4882361,,1081.789592,,,,,,,,,,,,,,1453.456328,,,,,,,,,
843,,,1365.443274,,,,,,,,,,341.3893338,,,,,,,977.6263976,563.108,,,,,,,,,,,,,,,,,,,,,,,,,,,,,,,,,,33263.888,,,,,,,561.782,596.704,739.287,,902.319,,,,,,,,,,,,,,,,,,600.2493446,,632.236542,,,,,,,,,,,,,,4905.606338,,,,,,,,,
842,,,761.9368664,,,,,,,,,,810.6679993,,,,,,,1281.923818,1318.792,,,,,,,,,,,,,,,,,,,,,,,,,,,,,,,,,,86614.32,,,,,,,317.186,253.431,949.941,,1116.142,,,,,,,,,,,,,,,,,,1514.560414,,452.107624,,,,,,,,,,,,,,6781.421354,,,,,,,,,
841,,,596.5096191,,,,,,,,,,341.1656335,,,,,,,1363.302042,1128.868,,,,,,,,,,,,,,,,,,,,,,,,,,,,,,,,,,61263.444,,,,,,,258.094,286.81,939.114,,1416.212,,,,,,,,,,,,,,,,,,443.9127229,,360.126057,,,,,,,,,,,,,,12868.18657,,,,,,,,,
840,,,1972.826882,,,,,,,,,,811.994985,,,,,,,1161.778758,1020.068,,,,,,,,,,,,,,,,,,,,,,,,,,,,,,,,,,112194.138,,,,,,,367.914,435.203,938.601,,1348.502,,,,,,,,,,,,,,,,,,498.3805094,,629.925864,,,,,,,,,,,,,,3116.456927,,,,,,,,,
839,,,684.7048029,,,,,,,,,,1060.73772,,,,,,,1050.582154,707.676,,,,,,,,,,,,,,,,,,,,,,,,,,,,,,,,,,77413.86,,,,,,,514.964,652.529,832.275,,1572.167,,,,,,,,,,,,,,,,,,705.8101697,,947.751596,,,,,,,,,,,,,,5225.27744,,,,,,,,,
838,,,757.7922721,,,,,,,,,,908.1751284,,,,,,,507.0257597,621.044,,,,,,,,,,,,,,,,,,,,,,,,,,,,,,,,,,34488.822,,,,,,,543.116,636.231,527.877,,1333.406,,,,,,,,,,,,,,,,,,713.9474004,,1146.285847,,,,,,,,,,,,,,5814.585528,,,,,,,,,
837,,,829.4090788,,,,,,,,,,535.6766266,,,,,,,1350.938811,1635.06,,,,,,,,,,,,,,,,,,,,,,,,,,,,,,,,,,38076.753,,,,,,,545.394,298.903,497.637,,580.012,,,,,,,,,,,,,,,,,,511.3174116,,1113.882183,,,,,,,,,,,,,,7402.645506,,,,,,,,,
836,,,560.3669742,,,,,,,,,,623.1844971,,,,,,,572.9752862,1064.268,,,,,,,,,,,,,,,,,,,,,,,,,,,,,,,,,,87523.234,,,,,,,527.578,459.621,253.692,,862.692,,,,,,,,,,,,,,,,,,1145.339497,,288.030527,,,,,,,,,,,,,,5012.178137,,,,,,,,,
835,,,827.3590645,,,,,,,,,,454.2286156,,,,,,,1082.526119,495.516,,,,,,,,,,,,,,,,,,,,,,,,,,,,,,,,,,51405.092,,,,,,,392.972,784.363,285.363,,1072.408,,,,,,,,,,,,,,,,,,252.8259449,,856.98926,,,,,,,,,,,,,,2377.965823,,,,,,,,,
834,,,602.6596622,,,,,,,,,,642.3130422,,,,,,,702.3682966,908.48,,,,,,,,,,,,,,,,,,,,,,,,,,,,,,,,,,89564.553,,,,,,,294.678,1011.288,495.234,,984.2,,,,,,,,,,,,,,,,,,472.3962484,,847.775304,,,,,,,,,,,,,,2676.471456,,,,,,,,,
833,,,522.7091014,,,,,,,,,,497.7771162,,,,,,,816.9149803,852.72,,,,,,,,,,,,,,,,,,,,,,,,,,,,,,,,,,69200.422,,,,,,,383.18,852.078,446.094,,573.944,,,,,,,,,,,,,,,,,,907.111028,,503.631183,,,,,,,,,,,,,,5763.462825,,,,,,,,,
832,,,868.0919589,,,,,,,,,,604.364709,,,,,,,811.356292,392.768,,,,,,,,,,,,,,,,,,,,,,,,,,,,,,,,,,125028.552,,,,,,,552.568,842.102,421.632,,771.968,,,,,,,,,,,,,,,,,,211.2846936,,1288.450675,,,,,,,,,,,,,,4517.386038,,,,,,,,,
831,,,897.8171674,,,,,,,,,,1001.981521,,,,,,,1440.566175,880.056,,,,,,,,,,,,,,,,,,,,,,,,,,,,,,,,,,132766.304,,,,,,,576.776,657.662,491.238,,1546.526,,,,,,,,,,,,,,,,,,1242.282245,,1121.2089,,,,,,,,,,,,,,4044.51214,,,,,,,,,
830,,,1533.321625,,,,,,,,,,1172.651112,,,,,,,1165.252672,388.076,,,,,,,,,,,,,,,,,,,,,,,,,,,,,,,,,,82819.32,,,,,,,489.77,650.644,504.306,,1678.616,,,,,,,,,,,,,,,,,,529.2545668,,841.577013,,,,,,,,,,,,,,5181.094147,,,,,,,,,
829,,,618.4804253,,,,,,,,,,646.0376676,,,,,,,1078.40974,358.632,,,,,,,,,,,,,,,,,,,,,,,,,,,,,,,,,,64463.112,,,,,,,519.826,1186.738,366.687,,2565.654,,,,,,,,,,,,,,,,,,1208.543067,,1008.715169,,,,,,,,,,,,,,5663.120039,,,,,,,,,
828,,,1305.235243,,,,,,,,,,416.5081433,,,,,,,2439.182002,417.86,,,,,,,,,,,,,,,,,,,,,,,,,,,,,,,,,,38714.704,,,,,,,644.402,907.613,409.698,,2022.568,,,,,,,,,,,,,,,,,,290.2036113,,575.293142,,,,,,,,,,,,,,6834.851777,,,,,,,,,
827,,,,,,,,,,,,,280.9001358,,,,,,,950.4022791,776.968,,,,,,,,,,,,,,,,,,,,,,,,,,,,,,,,,,26412.073,,,,,,,770.882,1624.725,,,838.087,,,,,,,,,,,,,,,,,,1029.783031,,734.679609,,,,,,,,,,,,,,1745.878761,,,,,,,,,
826,,,1363.972611,,,,,,,,,,882.7557224,,,,,,,522.0779843,948.94,,,,,,,,,,,,,,,,,,,,,,,,,,,,,,,,,,77034.452,,,,,,,854.556,1127.404,687.555,,531.912,,,,,,,,,,,,,,,,,,965.3987045,,876.061328,,,,,,,,,,,,,,6417.633069,,,,,,,,,
825,,,1002.055942,,,,,,,,,,1630.07447,,,,,,,446.1162792,703.46,,,,,,,,,,,,,,,,,,,,,,,,,,,,,,,,,,61134.552,,,,,,,958.664,767.137,560.277,,548.71,,,,,,,,,,,,,,,,,,1281.191295,,489.67468,,,,,,,,,,,,,,9026.226569,,,,,,,,,
824,,,1653.826818,,,,,,,,,,376.6545194,,,,,,,1119.818803,680.408,,,,,,,,,,,,,,,,,,,,,,,,,,,,,,,,,,25726.857,,,,,,,717.366,916.429,371.736,,597.106,,,,,,,,,,,,,,,,,,1298.766668,,490.858729,,,,,,,,,,,,,,3011.1507,,,,,,,,,
823,,,1429.216547,,,,,,,,,,634.2235542,,,,,,,1765.871666,1549.04,,,,,,,,,,,,,,,,,,,,,,,,,,,,,,,,,,54546.8,,,,,,,474.096,765.832,587.547,,793.169,,,,,,,,,,,,,,,,,,726.4465538,,577.673133,,,,,,,,,,,,,,2665.93662,,,,,,,,,
822,,,925.6706236,,,,,,,,,,598.5878226,,,,,,,1230.992785,695.096,,,,,,,,,,,,,,,,,,,,,,,,,,,,,,,,,,35051.126,,,,,,,408.408,747.214,789.075,,829.096,,,,,,,,,,,,,,,,,,1142.690027,,419.844911,,,,,,,,,,,,,,4307.321905,,,,,,,,,
821,,,1731.950192,,,,,,,,,,162.3831298,,,,,,,2092.800709,787.372,,,,,,,,,,,,,,,,,,,,,,,,,,,,,,,,,,48048.288,,,,,,,454.172,731.728,713.961,,1190.993,,,,,,,,,,,,,,,,,,546.9487121,,987.791375,,,,,,,,,,,,,,7546.534762,,,,,,,,,
820,,,1244.492425,,,,,,,,,,623.6632858,,,,,,,2197.874823,767.108,,,,,,,,,,,,,,,,,,,,,,,,,,,,,,,,,,51880.686,,,,,,,767.516,731.728,818.667,,1827.097,,,,,,,,,,,,,,,,,,138.3786838,,517.851238,,,,,,,,,,,,,,6563.473613,,,,,,,,,
819,,,2311.480345,,,,,,,,,,369.1526358,,,,,,,796.9223722,1670.148,,,,,,,,,,,,,,,,,,,,,,,,,,,,,,,,,,59133.966,,,,,,,924.834,618.744,918.972,,1604.727,,,,,,,,,,,,,,,,,,245.9608527,,906.138549,,,,,,,,,,,,,,5844.425177,,,,,,,,,
818,,,1363.036735,,,,,,,,,,136.8092373,,,,,,,402.1872095,996.948,,,,,,,,,,,,,,,,,,,,,,,,,,,,,,,,,,46016.192,,,,,,,658.988,382.075,716.796,,1978.723,,,,,,,,,,,,,,,,,,687.0231663,,826.673197,,,,,,,,,,,,,,4930.419373,,,,,,,,,
817,,,1405.329423,,,,,,,,,,137.295882,,,,,,,578.0508474,393.244,,,,,,,,,,,,,,,,,,,,,,,,,,,,,,,,,,39094.572,,,,,,,863.396,640.9,452.25,,2718.316,,,,,,,,,,,,,,,,,,836.3088824,,515.449384,,,,,,,,,,,,,,2883.814192,,,,,,,,,
816,,,989.7558558,,,,,,,,,,538.2476912,,,,,,,1142.620199,796.212,,,,,,,,,,,,,,,,,,,,,,,,,,,,,,,,,,67967.185,,,,,,,824.67,733.468,441.045,,1396.972,,,,,,,,,,,,,,,,,,1089.919227,,480.94886,,,,,,,,,,,,,,5803.265886,,,,,,,,,
815,,,987.7504069,,,,,,,,,,1295.209642,,,,,,,619.241252,1382.304,,,,,,,,,,,,,,,,,,,,,,,,,,,,,,,,,,46244.352,,,,,,,866.966,384.424,491.481,,505.642,,,,,,,,,,,,,,,,,,1111.389882,,389.191005,,,,,,,,,,,,,,3871.727465,,,,,,,,,
814,,,1154.559186,,,,,,,,,,340.1604372,,,,,,,1133.486359,627.368,,,,,,,,,,,,,,,,,,,,,,,,,,,,,,,,,,49730.025,,,,,,,1066.546,459.766,689.094,,520.812,,,,,,,,,,,,,,,,,,345.8779441,,1204.165655,,,,,,,,,,,,,,3639.0231,,,,,,,,,
813,,,2156.124907,,,,,,,,,,766.0319993,,,,,,,941.5348341,895.832,,,,,,,,,,,,,,,,,,,,,,,,,,,,,,,,,,24939.728,,,,,,,1095.616,362.065,839.97,,823.287,,,,,,,,,,,,,,,,,,468.121612,,715.354822,,,,,,,,,,,,,,5303.611941,,,,,,,,,
812,,,1308.132002,,,,,,,,,,432.416825,,,,,,,630.6401626,384.744,,,,,,,,,,,,,,,,,,,,,,,,,,,,,,,,,,76303.834,,,,,,,1319.438,637.739,880.2,,883.338,,,,,,,,,,,,,,,,,,735.8976822,,1016.078376,,,,,,,,,,,,,,5242.328582,,,,,,,,,
811,,,1150.236329,,,,,,,,,,480.7342619,,,,,,,1472.36636,910.792,,,,,,,,,,,,,,,,,,,,,,,,,,,,,,,,,,59660.896,,,,,,,1076.304,698.697,857.061,,1808.375,,,,,,,,,,,,,,,,,,1132.610936,,1099.537967,,,,,,,,,,,,,,6148.756576,,,,,,,,,
810,,,549.1364607,,,,,,,,,,1457.426256,,,,,,,1039.64,1322.94,,,,,,,,,,,,,,,,,,,,,,,,,,,,,,,,,,19521.25,,,,,,,729.64,630.315,707.508,,1489.879,,,,,,,,,,,,,,,,,,984.6098781,,1259.972499,,,,,,,,,,,,,,6781.292669,,,,,,,,,
809,,,,,,,,,,,,,792.9105856,,,,,,,1351.337365,612.068,,,,,,,,,,,,,,,,,,,,,,,,,,,,,,,,,,83708.316,,,,,,,601.222,404.405,440.64,,1114.181,,,,,,,,,,,,,,,,,,980.2692579,,722.930171,,,,,,,,,,,,,,3092.637983,,,,,,,,,
808,,,532.3352559,,,,,,,,,,1332.056842,,,,,,,720.1001294,411.06,,,,,,,,,,,,,,,,,,,,,,,,,,,,,,,,,,36038.079,,,,,,,600.712,364.675,424.656,,1238.316,,,,,,,,,,,,,,,,,,831.8767962,,1198.708463,,,,,,,,,,,,,,5200.727003,,,,,,,,,
807,,,1245.74026,,,,,,,,,,372.3282048,,,,,,,1964.638286,727.94,,,,,,,,,,,,,,,,,,,,,,,,,,,,,,,,,,52901.035,,,,,,,633.522,410.118,463.266,,1079.068,,,,,,,,,,,,,,,,,,1131.400179,,1179.795698,,,,,,,,,,,,,,6882.726029,,,,,,,,,
806,,,490.8447474,,,,,,,,,,294.6229594,,,,,,,1017.18,454.648,,,,,,,,,,,,,,,,,,,,,,,,,,,,,,,,,,69040.388,,,,,,,627.436,643.278,744.255,,783.697,,,,,,,,,,,,,,,,,,737.6930815,,1181.278459,,,,,,,,,,,,,,4598.100283,,,,,,,,,
805,,,601.9020482,,,,,,,,,,555.6268429,,,,,,,572.1923155,1549.72,,,,,,,,,,,,,,,,,,,,,,,,,,,,,,,,,,26622.063,,,,,,,727.158,1843.182,1131.192,,624.745,,,,,,,,,,,,,,,,,,1279.137311,,713.600708,,,,,,,,,,,,,,4979.924994,,,,,,,,,
804,,,1817.51601,,,,,,,,,,700.4916854,,,,,,,870.1147009,1220.396,,,,,,,,,,,,,,,,,,,,,,,,,,,,,,,,,,35084.775,,,,,,,747.388,2362.775,1066.176,,720.723,,,,,,,,,,,,,,,,,,750.7488873,,783.900163,,,,,,,,,,,,,,4812.418182,,,,,,,,,
803,,,686.2200309,,,,,,,,,,361.0738179,,,,,,,753.7485979,1835.592,,,,,,,,,,,,,,,,,,,,,,,,,,,,,,,,,,55153.747,,,,,,,727.566,672.104,792.018,,748.88,,,,,,,,,,,,,,,,,,860.1873726,,919.86057,,,,,,,,,,,,,,6076.252352,,,,,,,,,
802,,,560.099581,,,,,,,,,,823.1786082,,,,,,,1012.144475,1532.176,,,,,,,,,,,,,,,,,,,,,,,,,,,,,,,,,,117436.39,,,,,,,670.786,312.852,466.398,,1369.777,,,,,,,,,,,,,,,,,,2279.216209,,322.131483,,,,,,,,,,,,,,4706.683594,,,,,,,,,
801,,,799.2827806,,,,,,,,,,456.0365863,,,,,,,561.4927686,650.964,,,,,,,,,,,,,,,,,,,,,,,,,,,,,,,,,,26842.725,,,,,,,720.426,569.618,261.603,,1431.826,,,,,,,,,,,,,,,,,,694.7159278,,533.60955,,,,,,,,,,,,,,9665.680252,,,,,,,,,
800,,,579.4855866,,,,,,,,,,421.321083,,,,,,,843.1297775,3612.704,,,,,,,,,,,,,,,,,,,,,,,,,,,,,,,,,,44965.46,,,,,,,753.916,848.743,239.193,,1358.788,,,,,,,,,,,,,,,,,,797.9339233,,1324.327329,,,,,,,,,,,,,,5967.782146,,,,,,,,,
799,,,961.5904408,,,,,,,,,,1097.158034,,,,,,,461.792428,917.796,,,,,,,,,,,,,,,,,,,,,,,,,,,,,,,,,,44282.452,,,,,,,915.416,1249.465,699.354,,1399.229,,,,,,,,,,,,,,,,,,1578.120056,,984.188254,,,,,,,,,,,,,,3169.203544,,,,,,,,,
798,,,,,,,,,,,,,767.8169564,,,,,,,911.6217482,631.176,,,,,,,,,,,,,,,,,,,,,,,,,,,,,,,,,,71898.437,,,,,,,1111.324,1195.96,815.94,,1024.234,,,,,,,,,,,,,,,,,,1773.992749,,1136.640558,,,,,,,,,,,,,,4124.643795,,,,,,,,,
797,,,606.7151254,,,,,,,,,,508.4246664,,,,,,,600.6273046,950.436,,,,,,,,,,,,,,,,,,,,,,,,,,,,,,,,,,53645.2,,,,,,,1019.626,910.6,498.393,,1166.055,,,,,,,,,,,,,,,,,,1247.251933,,1576.414977,,,,,,,,,,,,,,4704.010552,,,,,,,,,
796,,,1048.894314,,,,,,,,,,1017.48332,,,,,,,1176.807042,1454.588,,,,,,,,,,,,,,,,,,,,,,,,,,,,,,,,,,47098.296,,,,,,,823.99,807.505,428.922,,1070.077,,,,,,,,,,,,,,,,,,341.6076437,,1110.311523,,,,,,,,,,,,,,6670.179102,,,,,,,,,
795,,,994.6580641,,,,,,,,,,1347.584994,,,,,,,1146.204931,995.52,,,,,,,,,,,,,,,,,,,,,,,,,,,,,,,,,,41753.901,,,,,,,636.242,686.024,407.97,,879.268,,,,,,,,,,,,,,,,,,536.0578733,,1037.100535,,,,,,,,,,,,,,5291.654495,,,,,,,,,
794,,,800.4860499,,,,,,,,,,704.2033375,,,,,,,879.7714394,266.968,,,,,,,,,,,,,,,,,,,,,,,,,,,,,,,,,,60798.016,,,,,,,580.618,422.907,548.181,,1195.322,,,,,,,,,,,,,,,,,,595.5395644,,887.122698,,,,,,,,,,,,,,2591.347334,,,,,,,,,
793,,,222.0254705,,,,,,,,,,487.8390844,,,,,,,1099.141641,671.296,,,,,,,,,,,,,,,,,,,,,,,,,,,,,,,,,,41958.808,,,,,,,439.892,849.004,784.836,,1874.087,,,,,,,,,,,,,,,,,,664.7576014,,588.614251,,,,,,,,,,,,,,6138.455625,,,,,,,,,
792,,,489.9534368,,,,,,,,,,249.2127916,,,,,,,1324.656527,892.364,,,,,,,,,,,,,,,,,,,,,,,,,,,,,,,,,,31926.208,,,,,,,396.1,774.967,711.612,,2502.236,,,,,,,,,,,,,,,,,,371.1740651,,432.274828,,,,,,,,,,,,,,3743.725885,,,,,,,,,
791,,,597.4454952,,,,,,,,,,1027.540874,,,,,,,596.9826364,2312.544,,,,,,,,,,,,,,,,,,,,,,,,,,,,,,,,,,40738.152,,,,,,,443.394,640.378,508.707,,2467.123,,,,,,,,,,,,,,,,,,266.4729941,,402.323966,,,,,,,,,,,,,,2828.944893,,,,,,,,,
790,,,994.7471951,,,,,,,,,,579.8475145,,,,,,,605.2143398,1968.192,,,,,,,,,,,,,,,,,,,,,,,,,,,,,,,,,,44479.746,,,,,,,499.834,382.075,367.875,,1313.278,,,,,,,,,,,,,,,,,,888.7914671,,596.502117,,,,,,,,,,,,,,7107.610234,,,,,,,,,
789,,,632.072912,,,,,,,,,,1148.457591,,,,,,,877.6598404,634.712,,,,,,,,,,,,,,,,,,,,,,,,,,,,,,,,,,54826.71,,,,,,,558.382,298.903,379.485,,830.28,,,,,,,,,,,,,,,,,,1319.026249,,498.490791,,,,,,,,,,,,,,4578.917991,,,,,,,,,
788,,,617.8565079,,,,,,,,,,1353.825243,,,,,,,1340.625797,328.1,,,,,,,,,,,,,,,,,,,,,,,,,,,,,,,,,,54670.08,,,,,,,572.118,332.804,608.58,,1012.394,,,,,,,,,,,,,,,,,,554.2514418,,373.653633,,,,,,,,,,,,,,4130.993617,,,,,,,,,
787,,,601.7683516,,,,,,,,,,924.2781295,,,,,,,722.354266,794.648,,,,,,,,,,,,,,,,,,,,,,,,,,,,,,,,,,45482.155,,,,,,,727.192,378.885,762.534,,1332.111,,,,,,,,,,,,,,,,,,913.4559586,,1148.795965,,,,,,,,,,,,,,4685.12098,,,,,,,,,
786,,,1116.901313,,,,,,,,,,979.7310702,,,,,,,1434.861174,1029.588,,,,,,,,,,,,,,,,,,,,,,,,,,,,,,,,,,55545.0,,,,,,,718.08,458.838,796.932,,2005.104,,,,,,,,,,,,,,,,,,1921.714426,,908.182951,,,,,,,,,,,,,,5486.116711,,,,,,,,,
785,,,2084.418969,,,,,,,,,,460.3793084,,,,,,,948.0243517,1124.448,,,,,,,,,,,,,,,,,,,,,,,,,,,,,,,,,,124268.264,,,,,,,646.816,496.451,776.898,,2136.343,,,,,,,,,,,,,,,,,,561.7636201,,465.235693,,,,,,,,,,,,,,7021.965839,,,,,,,,,
784,,,1202.155172,,,,,,,,,,520.438568,,,,,,,586.0095518,1064.404,,,,,,,,,,,,,,,,,,,,,,,,,,,,,,,,,,40210.118,,,,,,,597.312,529.627,699.408,,1949.604,,,,,,,,,,,,,,,,,,834.6047436,,437.241284,,,,,,,,,,,,,,1457.603858,,,,,,,,,
783,,,1272.078488,,,,,,,,,,477.0154534,,,,,,,671.5841818,1401.956,,,,,,,,,,,,,,,,,,,,,,,,,,,,,,,,,,53594.784,,,,,,,609.79,609.435,727.947,,1075.294,,,,,,,,,,,,,,,,,,544.3636978,,493.626577,,,,,,,,,,,,,,4810.120042,,,,,,,,,
782,,,796.6534143,,,,,,,,,,736.4115915,,,,,,,786.7902582,963.832,,,,,,,,,,,,,,,,,,,,,,,,,,,,,,,,,,16972.39,,,,,,,700.808,464.116,850.095,,739.371,,,,,,,,,,,,,,,,,,917.4464686,,375.951666,,,,,,,,,,,,,,4282.43461,,,,,,,,,
781,,,890.8203792,,,,,,,,,,248.0858278,,,,,,,494.8192925,1451.936,,,,,,,,,,,,,,,,,,,,,,,,,,,,,,,,,,,,,,,,,717.06,248.153,863.73,,813.63,,,,,,,,,,,,,,,,,,850.9631543,,552.490339,,,,,,,,,,,,,,5021.604605,,,,,,,,,
780,,,665.5861906,,,,,,,,,,239.5235985,,,,,,,1120.254252,586.704,,,,,,,,,,,,,,,,,,,,,,,,,,,,,,,,,,18580.32,,,,,,,540.838,218.399,578.07,,867.354,,,,,,,,,,,,,,,,,,899.1341983,,1270.384726,,,,,,,,,,,,,,4576.802119,,,,,,,,,
779,,,823.0807736,,,,,,,,,,773.5105858,,,,,,,1124.68193,570.316,,,,,,,,,,,,,,,,,,,,,,,,,,,,,,,,,,38034.824,,,,,,,340.51,575.36,475.065,,1034.446,,,,,,,,,,,,,,,,,,763.3495862,,758.689505,,,,,,,,,,,,,,5893.098991,,,,,,,,,
778,,,1133.88078,,,,,,,,,,275.8322934,,,,,,,1750.392911,1100.716,,,,,,,,,,,,,,,,,,,,,,,,,,,,,,,,,,31235.334,,,,,,,197.642,811.797,610.983,,764.79,,,,,,,,,,,,,,,,,,1391.490201,,624.606035,,,,,,,,,,,,,,4344.569371,,,,,,,,,
777,,,1041.318174,,,,,,,,,,697.9401743,,,,,,,819.2791415,1745.9,,,,,,,,,,,,,,,,,,,,,,,,,,,,,,,,,,40951.155,,,,,,,267.716,662.041,678.213,,679.098,,,,,,,,,,,,,,,,,,672.9170234,,883.680533,,,,,,,,,,,,,,8869.23517,,,,,,,,,
776,,,1586.933958,,,,,,,,,,1171.05432,,,,,,,556.8198392,1863.268,,,,,,,,,,,,,,,,,,,,,,,,,,,,,,,,,,70383.082,,,,,,,487.662,660.823,649.566,,1547.969,,,,,,,,,,,,,,,,,,1504.554877,,481.946938,,,,,,,,,,,,,,3057.83233,,,,,,,,,
775,,,1339.46157,,,,,,,,,,380.4780777,,,,,,,641.0727273,1537.412,,,,,,,,,,,,,,,,,,,,,,,,,,,,,,,,,,47295.36,,,,,,,533.766,544.736,693.036,,1347.614,,,,,,,,,,,,,,,,,,1367.197487,,713.680021,,,,,,,,,,,,,,4133.878228,,,,,,,,,
774,,,678.4210632,,,,,,,,,,734.8362709,,,,,,,608.6636345,984.436,,,,,,,,,,,,,,,,,,,,,,,,,,,,,,,,,,76302.04,,,,,,,585.854,406.754,739.341,,1096.717,,,,,,,,,,,,,,,,,,531.051482,,690.855923,,,,,,,,,,,,,,5259.831632,,,,,,,,,
773,,,858.3321078,,,,,,,,,,783.1221018,,,,,,,1793.958534,799.204,,,,,,,,,,,,,,,,,,,,,,,,,,,,,,,,,,37839.876,,,,,,,657.9,411.51,505.089,,1243.089,,,,,,,,,,,,,,,,,,1082.814073,,819.219268,,,,,,,,,,,,,,10798.69188,,,,,,,,,
772,,,,,,,,,,,,,1359.271668,,,,,,,463.5274162,1850.008,,,,,,,,,,,,,,,,,,,,,,,,,,,,,,,,,,39880.505,,,,,,,640.594,466.407,320.814,,1062.048,,,,,,,,,,,,,,,,,,599.1096626,,851.658761,,,,,,,,,,,,,,5148.601509,,,,,,,,,
771,,,691.3005014,,,,,,,,,,781.7736251,,,,,,,1451.258939,955.808,,,,,,,,,,,,,,,,,,,,,,,,,,,,,,,,,,130936.608,,,,,,,682.992,497.553,403.65,,810.892,,,,,,,,,,,,,,,,,,1073.93322,,694.027709,,,,,,,,,,,,,,6515.21252,,,,,,,,,
770,,,536.2570225,,,,,,,,,,790.0775545,,,,,,,1825.678592,707.54,,,,,,,,,,,,,,,,,,,,,,,,,,,,,,,,,,67755.999,,,,,,,539.206,407.566,566.811,,1599.177,,,,,,,,,,,,,,,,,,472.4758853,,754.813134,,,,,,,,,,,,,,3517.089375,,,,,,,,,
769,,,429.7454058,,,,,,,,,,752.3003046,,,,,,,1076.117055,438.328,,,,,,,,,,,,,,,,,,,,,,,,,,,,,,,,,,53887.344,,,,,,,507.484,581.073,620.703,,561.364,,,,,,,,,,,,,,,,,,365.2369324,,956.586891,,,,,,,,,,,,,,6521.285842,,,,,,,,,
768,,,386.6059728,,,,,,,,,,1079.6753,,,,,,,661.4656271,813.28,,,,,,,,,,,,,,,,,,,,,,,,,,,,,,,,,,51684.496,,,,,,,417.656,689.62,623.349,,597.846,,,,,,,,,,,,,,,,,,534.7707153,,896.33714,,,,,,,,,,,,,,3060.122918,,,,,,,,,
767,,,166.2294269,,,,,,,,,,709.6583435,,,,,,,649.2782298,922.76,,,,,,,,,,,,,,,,,,,,,,,,,,,,,,,,,,62023.663,,,,,,,368.764,510.284,729.756,,1281.569,,,,,,,,,,,,,,,,,,724.7584546,,1442.812354,,,,,,,,,,,,,,4026.862343,,,,,,,,,
766,,,833.6873697,,,,,,,,,,776.9294342,,,,,,,347.1463354,908.752,,,,,,,,,,,,,,,,,,,,,,,,,,,,,,,,,,59907.456,,,,,,,386.886,597.458,801.873,,1034.261,,,,,,,,,,,,,,,,,,1003.154166,,288.062125,,,,,,,,,,,,,,5289.829012,,,,,,,,,
765,,,710.2854171,,,,,,,,,,631.8262276,,,,,,,938.6238555,783.836,,,,,,,,,,,,,,,,,,,,,,,,,,,,,,,,,,51749.908,,,,,,,498.848,670.364,726.705,,1435.008,,,,,,,,,,,,,,,,,,960.2893189,,673.113932,,,,,,,,,,,,,,5115.671035,,,,,,,,,
764,,,972.5535612,,,,,,,,,,144.0005051,,,,,,,1013.199942,770.644,,,,,,,,,,,,,,,,,,,,,,,,,,,,,,,,,,39905.46,,,,,,,671.16,411.191,742.014,,1103.414,,,,,,,,,,,,,,,,,,1177.281613,,989.157574,,,,,,,,,,,,,,4713.22119,,,,,,,,,
763,,,831.7710519,,,,,,,,,,150.5578662,,,,,,,693.7533726,580.72,,,,,,,,,,,,,,,,,,,,,,,,,,,,,,,,,,43800.234,,,,,,,792.71,616.859,871.29,,775.261,,,,,,,,,,,,,,,,,,254.9778411,,781.124993,,,,,,,,,,,,,,4861.912833,,,,,,,,,
762,,,990.7362974,,,,,,,,,,195.6566061,,,,,,,892.3360257,805.12,,,,,,,,,,,,,,,,,,,,,,,,,,,,,,,,,,58950.518,,,,,,,788.902,1019.64,898.101,,1109.001,,,,,,,,,,,,,,,,,,593.1333188,,634.618805,,,,,,,,,,,,,,6469.636452,,,,,,,,,
761,,,430.10193,,,,,,,,,,19.7808682,,,,,,,896.9870925,417.928,,,,,,,,,,,,,,,,,,,,,,,,,,,,,,,,,,56289.924,,,,,,,628.524,587.598,605.664,,2198.096,,,,,,,,,,,,,,,,,,261.7650826,,780.743623,,,,,,,,,,,,,,5231.825557,,,,,,,,,
760,,,678.9558496,,,,,,,,,,175.7161562,,,,,,,886.7809014,664.088,,,,,,,,,,,,,,,,,,,,,,,,,,,,,,,,,,33721.45,,,,,,,479.638,397.445,563.031,,1300.328,,,,,,,,,,,,,,,,,,679.3060381,,617.986161,,,,,,,,,,,,,,11292.44933,,,,,,,,,
759,,,688.0026521,,,,,,,,,,1973.247518,,,,,,,1112.312136,948.804,,,,,,,,,,,,,,,,,,,,,,,,,,,,,,,,,,67478.688,,,,,,,452.438,555.379,753.678,,976.208,,,,,,,,,,,,,,,,,,1271.011037,,527.845361,,,,,,,,,,,,,,1943.635561,,,,,,,,,
758,,,311.5576202,,,,,,,,,,752.2072102,,,,,,,953.1426302,1391.28,,,,,,,,,,,,,,,,,,,,,,,,,,,,,,,,,,72164.616,,,,,,,399.534,917.676,686.637,,1080.807,,,,,,,,,,,,,,,,,,955.6182888,,350.420758,,,,,,,,,,,,,,5710.579631,,,,,,,,,
757,,,328.9381769,,,,,,,,,,509.6683378,,,,,,,675.5054389,837.76,,,,,,,,,,,,,,,,,,,,,,,,,,,,,,,,,,61185.52,,,,,,,,827.747,783.783,,705.257,,,,,,,,,,,,,,,,,,437.0709146,,574.743036,,,,,,,,,,,,,,4962.642377,,,,,,,,,
756,,,630.2011597,,,,,,,,,,713.8640715,,,,,,,1292.35887,784.856,,,,,,,,,,,,,,,,,,,,,,,,,,,,,,,,,,76392.66,,,,,,,423.266,398.518,1064.259,,458.689,,,,,,,,,,,,,,,,,,712.3088663,,457.2297,,,,,,,,,,,,,,4884.657368,,,,,,,,,
755,,,549.0027641,,,,,,,,,,323.2091453,,,,,,,866.6094183,1632.68,,,,,,,,,,,,,,,,,,,,,,,,,,,,,,,,,,53115.625,,,,,,,508.368,255.78,810.27,,696.192,,,,,,,,,,,,,,,,,,1283.837039,,435.719491,,,,,,,,,,,,,,4388.701005,,,,,,,,,
754,,,,,,,,,,,,,1321.652425,,,,,,,974.8409634,1039.04,,,,,,,,,,,,,,,,,,,,,,,,,,,,,,,,,,47498.243,,,,,,,595.238,210.105,401.706,,1194.73,,,,,,,,,,,,,,,,,,207.9429936,,360.658393,,,,,,,,,,,,,,8081.543911,,,,,,,,,
753,,,1301.714566,,,,,,,,,,376.2318846,,,,,,,668.0358111,1317.976,,,,,,,,,,,,,,,,,,,,,,,,,,,,,,,,,,96610.948,,,,,,,604.894,254.185,424.548,,1137.306,,,,,,,,,,,,,,,,,,831.4389333,,677.310305,,,,,,,,,,,,,,6218.106837,,,,,,,,,
752,,,1162.580981,,,,,,,,,,363.8206721,,,,,,,1455.707084,1051.076,,,,,,,,,,,,,,,,,,,,,,,,,,,,,,,,,,69434.7,,,,,,,672.486,531.338,462.807,,657.49,,,,,,,,,,,,,,,,,,596.2739837,,588.426012,,,,,,,,,,,,,,4269.939003,,,,,,,,,
751,,,1959.100699,,,,,,,,,,752.1895714,,,,,,,1146.418685,1575.424,,,,,,,,,,,,,,,,,,,,,,,,,,,,,,,,,,66671.825,,,,,,,725.458,456.141,421.767,,693.417,,,,,,,,,,,,,,,,,,604.2315323,,924.69627,,,,,,,,,,,,,,6881.996659,,,,,,,,,
750,,,621.3326193,,,,,,,,,,925.4909893,,,,,,,877.8134019,1350.48,,,,,,,,,,,,,,,,,,,,,,,,,,,,,,,,,,83502.65,,,,,,,747.252,750.984,588.357,,734.561,,,,,,,,,,,,,,,,,,838.2212863,,920.448088,,,,,,,,,,,,,,4596.321385,,,,,,,,,
749,,,359.1981718,,,,,,,,,,427.020779,,,,,,,780.0340866,816.952,,,,,,,,,,,,,,,,,,,,,,,,,,,,,,,,,,60013.739,,,,,,,704.106,1129.956,875.745,,674.621,,,,,,,,,,,,,,,,,,1098.580944,,720.160255,,,,,,,,,,,,,,3998.582253,,,,,,,,,
748,,,876.514844,,,,,,,,,,514.9666187,,,,,,,936.1142581,454.104,,,,,,,,,,,,,,,,,,,,,,,,,,,,,,,,,,55636.333,,,,,,,796.382,937.135,995.652,,811.299,,,,,,,,,,,,,,,,,,488.4336927,,891.53408,,,,,,,,,,,,,,2857.424347,,,,,,,,,
747,,,610.5031955,,,,,,,,,,480.2320048,,,,,,,1016.497087,1563.524,,,,,,,,,,,,,,,,,,,,,,,,,,,,,,,,,,51134.244,,,,,,,4597.82,402.491,885.249,,1267.953,,,,,,,,,,,,,,,,,,798.5005303,,534.574381,,,,,,,,,,,,,,5484.695062,,,,,,,,,
746,,,2090.123357,,,,,,,,,,921.2353507,,,,,,,1509.435611,1048.9,,,,,,,,,,,,,,,,,,,,,,,,,,,,,,,,,,76301.212,,,,,,,2975.612,365.458,837.054,,1362.192,,,,,,,,,,,,,,,,,,608.0226358,,220.706767,,,,,,,,,,,,,,4531.720561,,,,,,,,,
745,,,594.5487357,,,,,,,,,,276.0741111,,,,,,,1613.770667,566.44,,,,,,,,,,,,,,,,,,,,,,,,,,,,,,,,,,61374.511,,,,,,,2857.598,626.516,646.434,,1841.823,,,,,,,,,,,,,,,,,,421.9316355,,570.380814,,,,,,,,,,,,,,3456.81617,,,,,,,,,
744,,,457.1532067,,,,,,,,,,424.3855618,,,,,,,1276.663643,861.084,,,,,,,,,,,,,,,,,,,,,,,,,,,,,,,,,,76032.48,,,,,,,1102.348,454.923,451.386,,1498.463,,,,,,,,,,,,,,,,,,384.6916275,,305.347946,,,,,,,,,,,,,,5415.401757,,,,,,,,,
743,,,826.646016,,,,,,,,,,1887.266129,,,,,,,964.4769283,802.196,,,,,,,,,,,,,,,,,,,,,,,,,,,,,,,,,,70509.582,,,,,,,616.182,336.545,556.578,,1139.119,,,,,,,,,,,,,,,,,,941.1500045,,728.361634,,,,,,,,,,,,,,4000.284409,,,,,,,,,
742,,,830.3895205,,,,,,,,,,1297.100011,,,,,,,1482.557927,990.08,,,,,,,,,,,,,,,,,,,,,,,,,,,,,,,,,,63032.719,,,,,,,397.052,497.118,531.252,,1103.414,,,,,,,,,,,,,,,,,,1109.258219,,712.91204,,,,,,,,,,,,,,3496.621382,,,,,,,,,
741,,,2131.034514,,,,,,,,,,599.0509889,,,,,,,1308.853679,999.464,,,,,,,,,,,,,,,,,,,,,,,,,,,,,,,,,,42514.212,,,,,,,286.892,631.823,266.571,,889.739,,,,,,,,,,,,,,,,,,853.7959012,,497.774845,,,,,,,,,,,,,,5124.570923,,,,,,,,,
740,,,409.8691794,,,,,,,,,,246.8999969,,,,,,,579.2152494,1094.528,,,,,,,,,,,,,,,,,,,,,,,,,,,,,,,,,,43453.072,,,,,,,342.584,471.772,189.27,,596.255,,,,,,,,,,,,,,,,,,356.8843292,,190.74881,,,,,,,,,,,,,,4895.338098,,,,,,,,,
739,,,239.5842893,,,,,,,,,,642.2531725,,,,,,,811.0921206,866.66,,,,,,,,,,,,,,,,,,,,,,,,,,,,,,,,,,60613.993,,,,,,,370.294,275.123,306.234,,650.201,,,,,,,,,,,,,,,,,,798.5750999,,994.117981,,,,,,,,,,,,,,6735.576758,,,,,,,,,
738,,,520.9710457,,,,,,,,,,443.5481392,,,,,,,2427.953816,730.184,,,,,,,,,,,,,,,,,,,,,,,,,,,,,,,,,,53936.288,,,,,,,471.206,517.418,428.922,,1149.775,,,,,,,,,,,,,,,,,,697.4634758,,1644.893259,,,,,,,,,,,,,,4482.430842,,,,,,,,,
737,,,169.8392348,,,,,,,,,,206.4311421,,,,,,,441.604527,2145.4,,,,,,,,,,,,,,,,,,,,,,,,,,,,,,,,,,42759.093,,,,,,,444.822,546.099,535.194,,1597.364,,,,,,,,,,,,,,,,,,567.0372741,,859.919559,,,,,,,,,,,,,,8575.68837,,,,,,,,,
736,,,1592.415518,,,,,,,,,,600.0669204,,,,,,,549.8848117,705.16,,,,,,,,,,,,,,,,,,,,,,,,,,,,,,,,,,58719.0,,,,,,,528.258,586.322,589.437,,985.199,,,,,,,,,,,,,,,,,,1255.766362,,749.828903,,,,,,,,,,,,,,7489.321113,,,,,,,,,
735,,,1507.785576,,,,,,,,,,211.6429112,,,,,,,1257.434438,746.436,,,,,,,,,,,,,,,,,,,,,,,,,,,,,,,,,,40528.53,,,,,,,507.144,524.523,602.289,,640.248,,,,,,,,,,,,,,,,,,1060.291514,,766.871415,,,,,,,,,,,,,,2255.475793,,,,,,,,,
734,,,547.7549292,,,,,,,,,,189.2979281,,,,,,,1072.277752,404.328,,,,,,,,,,,,,,,,,,,,,,,,,,,,,,,,,,49435.119,,,,,,,497.352,807.737,1067.148,,397.306,,,,,,,,,,,,,,,,,,1015.649595,,616.425839,,,,,,,,,,,,,,3580.166331,,,,,,,,,
733,,,893.7617042,,,,,,,,,,736.4271659,,,,,,,945.0176856,956.964,,,,,,,,,,,,,,,,,,,,,,,,,,,,,,,,,,71034.12,,,,,,,322.184,432.564,1115.235,,654.604,,,,,,,,,,,,,,,,,,369.4997113,,503.677812,,,,,,,,,,,,,,5685.988013,,,,,,,,,
732,,,611.7510303,,,,,,,,,,1659.063297,,,,,,,369.9415703,248.744,,,,,,,,,,,,,,,,,,,,,,,,,,,,,,,,,,60907.795,,,,,,,701.284,314.766,849.987,,555.407,,,,,,,,,,,,,,,,,,310.6161877,,420.120159,,,,,,,,,,,,,,5620.887622,,,,,,,,,
731,,,774.9500012,,,,,,,,,,745.43319,,,,,,,1930.929848,907.12,,,,,,,,,,,,,,,,,,,,,,,,,,,,,,,,,,47220.288,,,,,,,1137.232,524.465,630.018,,1138.009,,,,,,,,,,,,,,,,,,789.5607625,,396.096979,,,,,,,,,,,,,,7279.815431,,,,,,,,,
730,,,827.6264576,,,,,,,,,,402.9199064,,,,,,,224.7051124,1339.668,,,,,,,,,,,,,,,,,,,,,,,,,,,,,,,,,,38630.34,,,,,,,1163.514,490.854,489.186,,1509.933,,,,,,,,,,,,,,,,,,1488.001633,,649.535869,,,,,,,,,,,,,,5201.159085,,,,,,,,,
729,,,1592.772042,,,,,,,,,,584.4469314,,,,,,,1324.256914,2582.776,,,,,,,,,,,,,,,,,,,,,,,,,,,,,,,,,,58054.599,,,,,,,892.738,408.349,481.869,,903.207,,,,,,,,,,,,,,,,,,2277.489089,,368.828098,,,,,,,,,,,,,,3291.354145,,,,,,,,,
728,,,1099.208797,,,,,,,,,,1563.026214,,,,,,,1062.112478,1545.64,,,,,,,,,,,,,,,,,,,,,,,,,,,,,,,,,,67403.156,,,,,,,844.39,478.297,415.962,,881.525,,,,,,,,,,,,,,,,,,1497.397833,,1121.13453,,,,,,,,,,,,,,4081.11238,,,,,,,,,
727,,,403.0506533,,,,,,,,,,2008.496239,,,,,,,1105.608808,864.756,,,,,,,,,,,,,,,,,,,,,,,,,,,,,,,,,,47486.145,,,,,,,711.756,642.35,368.469,,618.233,,,,,,,,,,,,,,,,,,446.9276165,,1001.291653,,,,,,,,,,,,,,2795.478443,,,,,,,,,
726,,,632.7859605,,,,,,,,,,818.9130437,,,,,,,928.0581321,951.388,,,,,,,,,,,,,,,,,,,,,,,,,,,,,,,,,,69068.356,,,,,,,687.99,592.528,634.608,,1129.314,,,,,,,,,,,,,,,,,,689.3855832,,799.430822,,,,,,,,,,,,,,4178.60711,,,,,,,,,
725,,,838.6341435,,,,,,,,,,418.0068049,,,,,,,940.7627242,1156.136,,,,,,,,,,,,,,,,,,,,,,,,,,,,,,,,,,48013.443,,,,,,,758.064,384.511,757.62,,1343.1,,,,,,,,,,,,,,,,,,985.2622461,,731.483034,,,,,,,,,,,,,,2870.47512,,,,,,,,,
724,,,1329.211498,,,,,,,,,,1266.444787,,,,,,,1491.141566,467.024,,,,,,,,,,,,,,,,,,,,,,,,,,,,,,,,,,66490.47,,,,,,,838.44,421.573,618.921,,1798.866,,,,,,,,,,,,,,,,,,625.5996176,,925.720123,,,,,,,,,,,,,,4023.868105,,,,,,,,,
723,,,844.3830969,,,,,,,,,,911.6418048,,,,,,,744.9012903,600.576,,,,,,,,,,,,,,,,,,,,,,,,,,,,,,,,,,22020.131,,,,,,,632.536,502.454,608.094,,1676.248,,,,,,,,,,,,,,,,,,532.2674877,,1305.123123,,,,,,,,,,,,,,5088.500272,,,,,,,,,
722,,,2113.252867,,,,,,,,,,1157.978327,,,,,,,1183.965984,1087.184,,,,,,,,,,,,,,,,,,,,,,,,,,,,,,,,,,65416.14,,,,,,,462.094,606.999,602.1,,1165.241,,,,,,,,,,,,,,,,,,2914.534401,,474.418059,,,,,,,,,,,,,,4339.450927,,,,,,,,,
721,,,1177.064778,,,,,,,,,,536.725226,,,,,,,647.0702188,597.992,,,,,,,,,,,,,,,,,,,,,,,,,,,,,,,,,,72452.484,,,,,,,197.404,1085.789,620.298,,1112.109,,,,,,,,,,,,,,,,,,952.182277,,814.053129,,,,,,,,,,,,,,4502.50899,,,,,,,,,
720,,,641.743632,,,,,,,,,,894.1146341,,,,,,,920.7894556,1278.672,,,,,,,,,,,,,,,,,,,,,,,,,,,,,,,,,,45714.018,,,,,,,183.634,973.646,531.819,,1244.902,,,,,,,,,,,,,,,,,,1405.127572,,1003.558189,,,,,,,,,,,,,,6887.856741,,,,,,,,,
719,,,642.2338528,,,,,,,,,,1577.745488,,,,,,,909.9577818,1321.716,,,,,,,,,,,,,,,,,,,,,,,,,,,,,,,,,,46854.864,,,,,,,226.406,475.542,474.12,,741.369,,,,,,,,,,,,,,,,,,1081.343498,,739.338052,,,,,,,,,,,,,,3510.176939,,,,,,,,,
718,,,1551.860886,,,,,,,,,,539.0644377,,,,,,,772.5175165,2589.508,,,,,,,,,,,,,,,,,,,,,,,,,,,,,,,,,,48326.496,,,,,,,326.366,497.814,368.415,,446.886,,,,,,,,,,,,,,,,,,1312.695031,,296.197778,,,,,,,,,,,,,,6258.393114,,,,,,,,,
717,,,620.7978329,,,,,,,,,,460.5244698,,,,,,,2274.780096,825.52,,,,,,,,,,,,,,,,,,,,,,,,,,,,,,,,,,49753.968,,,,,,,361.114,525.712,467.046,,603.507,,,,,,,,,,,,,,,,,,1090.072698,,761.85726,,,,,,,,,,,,,,4098.471228,,,,,,,,,
716,,,1029.330046,,,,,,,,,,909.3383695,,,,,,,846.2468828,797.368,,,,,,,,,,,,,,,,,,,,,,,,,,,,,,,,,,37352.0,,,,,,,364.99,573.156,558.117,,1338.29,,,,,,,,,,,,,,,,,,827.2216336,,556.498009,,,,,,,,,,,,,,4144.143247,,,,,,,,,
715,,,556.8017318,,,,,,,,,,377.0060778,,,,,,,1565.604489,432.14,,,,,,,,,,,,,,,,,,,,,,,,,,,,,,,,,,57335.504,,,,,,,553.078,650.992,519.561,,1650.681,,,,,,,,,,,,,,,,,,1217.048473,,594.078076,,,,,,,,,,,,,,4410.928473,,,,,,,,,
714,,,182.5404109,,,,,,,,,,642.1171165,,,,,,,2386.895936,1186.328,,,,,,,,,,,,,,,,,,,,,,,,,,,,,,,,,,54382.856,,,,,,,798.966,,601.101,,1447.477,,,,,,,,,,,,,,,,,,800.3592597,,657.587043,,,,,,,,,,,,,,7190.769659,,,,,,,,,
713,,,240.5647309,,,,,,,,,,879.5215527,,,,,,,782.893942,1137.912,,,,,,,,,,,,,,,,,,,,,,,,,,,,,,,,,,33781.158,,,,,,,609.518,897.782,636.903,,2228.88,,,,,,,,,,,,,,,,,,1068.575398,,765.353517,,,,,,,,,,,,,,3838.429455,,,,,,,,,
712,,,725.9279182,,,,,,,,,,788.6879313,,,,,,,685.8843878,1583.992,,,,,,,,,,,,,,,,,,,,,,,,,,,,,,,,,,66283.125,,,,,,,661.062,661.229,652.347,,3029.116,,,,,,,,,,,,,,,,,,878.1380815,,1066.67867,,,,,,,,,,,,,,5330.757973,,,,,,,,,
711,,,690.6765839,,,,,,,,,,635.1920407,,,,,,,1265.562778,1149.744,,,,,,,,,,,,,,,,,,,,,,,,,,,,,,,,,,78706.575,,,,,,,684.182,522.058,761.751,,1369.444,,,,,,,,,,,,,,,,,,890.6459213,,702.441513,,,,,,,,,,,,,,6362.894287,,,,,,,,,
710,,,785.4674663,,,,,,,,,,702.5690081,,,,,,,1145.781322,1582.292,,,,,,,,,,,,,,,,,,,,,,,,,,,,,,,,,,43240.23,,,,,,,532.712,550.797,789.804,,880.748,,,,,,,,,,,,,,,,,,1345.4503,,473.448543,,,,,,,,,,,,,,3608.567812,,,,,,,,,
709,,,1209.95414,,,,,,,,,,741.9742911,,,,,,,1276.683267,744.192,,,,,,,,,,,,,,,,,,,,,,,,,,,,,,,,,,77328.898,,,,,,,609.45,472.932,664.956,,1047.211,,,,,,,,,,,,,,,,,,1621.799694,,510.058773,,,,,,,,,,,,,,7252.587411,,,,,,,,,
708,,,927.4978104,,,,,,,,,,731.2748364,,,,,,,1349.383749,678.368,,,,,,,,,,,,,,,,,,,,,,,,,,,,,,,,,,50447.28,,,,,,,666.4,604.708,532.413,,648.129,,,,,,,,,,,,,,,,,,782.2747443,,740.408192,,,,,,,,,,,,,,4110.791203,,,,,,,,,
707,,,648.7404202,,,,,,,,,,1364.661202,,,,,,,2190.785572,1248.752,,,,,,,,,,,,,,,,,,,,,,,,,,,,,,,,,,83760.411,,,,,,,623.118,875.916,462.699,,998.223,,,,,,,,,,,,,,,,,,927.7221554,,645.630699,,,,,,,,,,,,,,4476.178662,,,,,,,,,
706,,,2323.602169,,,,,,,,,,1066.945095,,,,,,,928.5318359,683.128,,,,,,,,,,,,,,,,,,,,,,,,,,,,,,,,,,62189.907,,,,,,,537.166,1024.28,568.593,,800.606,,,,,,,,,,,,,,,,,,1450.982633,,1892.591088,,,,,,,,,,,,,,6635.096268,,,,,,,,,
705,,,3271.020771,,,,,,,,,,566.7575048,,,,,,,435.364691,1533.264,,,,,,,,,,,,,,,,,,,,,,,,,,,,,,,,,,34113.6,,,,,,,437.988,684.632,446.256,,680.023,,,,,,,,,,,,,,,,,,568.4384084,,565.663877,,,,,,,,,,,,,,3191.042205,,,,,,,,,
704,,,1427.924147,,,,,,,,,,1170.845986,,,,,,,1419.111602,2525.52,,,,,,,,,,,,,,,,,,,,,,,,,,,,,,,,,,60815.956,,,,,,,358.224,458.374,717.687,,655.233,,,,,,,,,,,,,,,,,,893.8083251,,906.771836,,,,,,,,,,,,,,4715.937693,,,,,,,,,
703,,,594.1922115,,,,,,,,,,850.8140903,,,,,,,1254.699336,1167.56,,,,,,,,,,,,,,,,,,,,,,,,,,,,,,,,,,32072.304,,,,,,,375.292,534.644,795.15,,419.469,,,,,,,,,,,,,,,,,,1617.06067,,719.122945,,,,,,,,,,,,,,6090.981147,,,,,,,,,
702,,,434.1573933,,,,,,,,,,829.1410893,,,,,,,1185.772587,1781.464,,,,,,,,,,,,,,,,,,,,,,,,,,,,,,,,,,49959.68,,,,,,,413.1,670.509,1056.834,,389.499,,,,,,,,,,,,,,,,,,1309.311309,,855.953447,,,,,,,,,,,,,,3731.92281,,,,,,,,,
701,,,923.2195195,,,,,,,,,,789.590945,,,,,,,980.7931403,2373.608,,,,,,,,,,,,,,,,,,,,,,,,,,,,,,,,,,38271.425,,,,,,,665.346,586.641,1119.177,,585.525,,,,,,,,,,,,,,,,,,825.8253001,,578.167058,,,,,,,,,,,,,,3461.416122,,,,,,,,,
700,,,1625.438576,,,,,,,,,,440.5462722,,,,,,,1532.837526,624.036,,,,,,,,,,,,,,,,,,,,,,,,,,,,,,,,,,32177.621,,,,,,,719.44,721.23,598.644,,1403.706,,,,,,,,,,,,,,,,,,1189.910295,,1011.603732,,,,,,,,,,,,,,5191.599545,,,,,,,,,
699,,,451.8944742,,,,,,,,,,674.2676254,,,,,,,993.3764516,1035.368,,,,,,,,,,,,,,,,,,,,,,,,,,,,,,,,,,39749.865,,,,,,,718.216,1223.829,431.568,,1472.489,,,,,,,,,,,,,,,,,,660.7884568,,708.517356,,,,,,,,,,,,,,8139.30839,,,,,,,,,
698,,,434.7813107,,,,,,,,,,343.6628979,,,,,,,992.8708024,1676.268,,,,,,,,,,,,,,,,,,,,,,,,,,,,,,,,,,66636.658,,,,,,,719.576,1813.921,695.763,,2968.547,,,,,,,,,,,,,,,,,,343.3080595,,974.798792,,,,,,,,,,,,,,6110.810621,,,,,,,,,
697,,,664.2492247,,,,,,,,,,270.7121909,,,,,,,771.0190667,1172.524,,,,,,,,,,,,,,,,,,,,,,,,,,,,,,,,,,9772.884,,,,,,,817.122,1268.866,1197.315,,1769.636,,,,,,,,,,,,,,,,,,719.1151509,,848.721926,,,,,,,,,,,,,,3455.402897,,,,,,,,,
696,,,1440.268799,,,,,,,,,,819.7701194,,,,,,,1465.175888,1046.792,,,,,,,,,,,,,,,,,,,,,,,,,,,,,,,,,,33133.133,,,,,,,736.032,806.577,409.185,,456.691,,,,,,,,,,,,,,,,,,731.4245941,,1661.218365,,,,,,,,,,,,,,9031.815694,,,,,,,,,
695,,,1213.207423,,,,,,,,,,1339.229727,,,,,,,870.2426177,708.9,,,,,,,,,,,,,,,,,,,,,,,,,,,,,,,,,,65932.053,,,,,,,1091.366,527.191,364.041,,785.51,,,,,,,,,,,,,,,,,,919.2002074,,410.58835,,,,,,,,,,,,,,6237.649684,,,,,,,,,
694,,,1055.222619,,,,,,,,,,967.8920417,,,,,,,548.2822967,1419.84,,,,,,,,,,,,,,,,,,,,,,,,,,,,,,,,,,41326.768,,,,,,,980.798,567.037,523.557,,1275.686,,,,,,,,,,,,,,,,,,929.7994838,,419.039539,,,,,,,,,,,,,,6411.144332,,,,,,,,,
693,,,1059.09982,,,,,,,,,,880.4805976,,,,,,,452.964161,1084.056,,,,,,,,,,,,,,,,,,,,,,,,,,,,,,,,,,41446.828,,,,,,,699.346,666.13,346.95,,947.126,,,,,,,,,,,,,,,,,,794.6972537,,910.583368,,,,,,,,,,,,,,5707.688558,,,,,,,,,
692,,,1209.686746,,,,,,,,,,501.5620615,,,,,,,1035.817385,777.444,,,,,,,,,,,,,,,,,,,,,,,,,,,,,,,,,,53497.103,,,,,,,520.982,879.512,437.265,,1695.525,,,,,,,,,,,,,,,,,,687.2541477,,1463.3393,,,,,,,,,,,,,,5407.07173,,,,,,,,,
691,,,1132.766642,,,,,,,,,,881.6108363,,,,,,,753.4212013,700.74,,,,,,,,,,,,,,,,,,,,,,,,,,,,,,,,,,83786.056,,,,,,,583.202,872.03,624.267,,2361.266,,,,,,,,,,,,,,,,,,648.7178628,,1330.475203,,,,,,,,,,,,,,6937.899745,,,,,,,,,
690,,,1399.981559,,,,,,,,,,1196.351139,,,,,,,960.7026179,525.368,,,,,,,,,,,,,,,,,,,,,,,,,,,,,,,,,,29426.775,,,,,,,459.612,1059.602,636.66,,2221.517,,,,,,,,,,,,,,,,,,1160.225527,,1141.927685,,,,,,,,,,,,,,2683.090965,,,,,,,,,
689,,,867.2452138,,,,,,,,,,879.4592508,,,,,,,891.8777386,630.088,,,,,,,,,,,,,,,,,,,,,,,,,,,,,,,,,,28459.832,,,,,,,411.74,1078.162,761.697,,653.79,,,,,,,,,,,,,,,,,,997.0402575,,522.724142,,,,,,,,,,,,,,2814.491116,,,,,,,,,
688,,,723.5659451,,,,,,,,,,937.8787542,,,,,,,453.6519751,629.68,,,,,,,,,,,,,,,,,,,,,,,,,,,,,,,,,,57208.176,,,,,,,528.7,809.158,654.048,,801.161,,,,,,,,,,,,,,,,,,556.7346441,,886.398385,,,,,,,,,,,,,,2052.870446,,,,,,,,,
687,,,1255.901201,,,,,,,,,,412.1212497,,,,,,,283.7674543,1620.848,,,,,,,,,,,,,,,,,,,,,,,,,,,,,,,,,,22054.24,,,,,,,705.5,850.86,535.464,,1082.842,,,,,,,,,,,,,,,,,,429.5223159,,660.79382,,,,,,,,,,,,,,4208.493448,,,,,,,,,
686,,,1210.890016,,,,,,,,,,899.8059431,,,,,,,808.3634737,1113.772,,,,,,,,,,,,,,,,,,,,,,,,,,,,,,,,,,56164.229,,,,,,,877.03,712.53,797.796,,1176.896,,,,,,,,,,,,,,,,,,632.4214236,,603.276469,,,,,,,,,,,,,,5111.841144,,,,,,,,,
685,,,848.5276912,,,,,,,,,,261.3459919,,,,,,,430.9587861,890.664,,,,,,,,,,,,,,,,,,,,,,,,,,,,,,,,,,41426.496,,,,,,,869.618,783.145,765.018,,1261.885,,,,,,,,,,,,,,,,,,1612.590802,,951.458953,,,,,,,,,,,,,,7679.132865,,,,,,,,,
684,,,938.9511516,,,,,,,,,,292.4073891,,,,,,,1239.836932,1081.336,,,,,,,,,,,,,,,,,,,,,,,,,,,,,,,,,,52793.188,,,,,,,882.708,460.636,673.38,,811.447,,,,,,,,,,,,,,,,,,688.5158157,,438.345592,,,,,,,,,,,,,,5842.623315,,,,,,,,,
683,,,1561.264212,,,,,,,,,,477.5234302,,,,,,,2163.475296,701.692,,,,,,,,,,,,,,,,,,,,,,,,,,,,,,,,,,45652.516,,,,,,,643.144,715.778,709.074,,783.327,,,,,,,,,,,,,,,,,,701.2713756,,648.784172,,,,,,,,,,,,,,3356.17648,,,,,,,,,
682,,,1244.091335,,,,,,,,,,830.1968243,,,,,,,990.4008425,1515.516,,,,,,,,,,,,,,,,,,,,,,,,,,,,,,,,,,74741.352,,,,,,,543.49,963.235,1565.568,,709.956,,,,,,,,,,,,,,,,,,321.7927434,,373.210633,,,,,,,,,,,,,,6242.984811,,,,,,,,,
681,,,1710.023952,,,,,,,,,,763.7137196,,,,,,,1231.858659,451.18,,,,,,,,,,,,,,,,,,,,,,,,,,,,,,,,,,45629.792,,,,,,,394.162,1122.59,1413.774,,1054.463,,,,,,,,,,,,,,,,,,768.8114803,,971.256822,,,,,,,,,,,,,,5290.103468,,,,,,,,,
680,,,401.8028185,,,,,,,,,,584.5226091,,,,,,,1007.211831,724.336,,,,,,,,,,,,,,,,,,,,,,,,,,,,,,,,,,47619.384,,,,,,,546.72,743.676,833.22,,718.614,,,,,,,,,,,,,,,,,,883.1569906,,774.41299,,,,,,,,,,,,,,2984.349385,,,,,,,,,
679,,,355.9448881,,,,,,,,,,432.3800944,,,,,,,853.2966459,489.192,,,,,,,,,,,,,,,,,,,,,,,,,,,,,,,,,,46341.504,,,,,,,632.502,428.562,636.039,,660.524,,,,,,,,,,,,,,,,,,594.2945526,,442.425407,,,,,,,,,,,,,,3285.546549,,,,,,,,,
678,,,502.164392,,,,,,,,,,437.102396,,,,,,,1205.718198,933.436,,,,,,,,,,,,,,,,,,,,,,,,,,,,,,,,,,44811.774,,,,,,,677.348,467.306,540.594,,761.053,,,,,,,,,,,,,,,,,,506.8944179,,436.276327,,,,,,,,,,,,,,3314.441529,,,,,,,,,
677,,,513.0383814,,,,,,,,,,474.5975687,,,,,,,1848.315171,1854.836,,,,,,,,,,,,,,,,,,,,,,,,,,,,,,,,,,91442.802,,,,,,,720.426,457.417,558.117,,617.826,,,,,,,,,,,,,,,,,,954.5410897,,1575.194511,,,,,,,,,,,,,,3897.232645,,,,,,,,,
676,,,869.3397937,,,,,,,,,,369.7474308,,,,,,,642.5701102,816.68,,,,,,,,,,,,,,,,,,,,,,,,,,,,,,,,,,35906.22,,,,,,,917.796,710.935,575.343,,632.996,,,,,,,,,,,,,,,,,,943.2566672,,514.339741,,,,,,,,,,,,,,1976.424898,,,,,,,,,
675,,,613.0434307,,,,,,,,,,588.3283801,,,,,,,1148.243844,1063.996,,,,,,,,,,,,,,,,,,,,,,,,,,,,,,,,,,38441.579,,,,,,,1022.686,597.052,625.698,,1214.858,,,,,,,,,,,,,,,,,,943.3241679,,356.298323,,,,,,,,,,,,,,5540.397572,,,,,,,,,
674,,,172.6914288,,,,,,,,,,672.7145862,,,,,,,1692.350926,999.328,,,,,,,,,,,,,,,,,,,,,,,,,,,,,,,,,,45127.656,,,,,,,870.434,862.605,639.36,,1081.51,,,,,,,,,,,,,,,,,,569.8682499,,502.694246,,,,,,,,,,,,,,4798.069,,,,,,,,,
673,,,549.4929849,,,,,,,,,,538.7660427,,,,,,,743.0900332,854.08,,,,,,,,,,,,,,,,,,,,,,,,,,,,,,,,,,63529.128,,,,,,,796.314,410.292,576.99,,840.677,,,,,,,,,,,,,,,,,,1397.453538,,1107.780242,,,,,,,,,,,,,,3608.169316,,,,,,,,,
672,,,1199.837764,,,,,,,,,,473.2048493,,,,,,,2393.623983,1139.0,,,,,,,,,,,,,,,,,,,,,,,,,,,,,,,,,,40536.35,,,,,,,689.894,435.377,414.882,,773.596,,,,,,,,,,,,,,,,,,1750.084359,,479.301351,,,,,,,,,,,,,,3550.692728,,,,,,,,,
671,,,1992.123757,,,,,,,,,,183.0609615,,,,,,,1156.185194,1106.428,,,,,,,,,,,,,,,,,,,,,,,,,,,,,,,,,,28372.225,,,,,,,564.196,453.937,240.948,,621.452,,,,,,,,,,,,,,,,,,711.5227834,,809.932466,,,,,,,,,,,,,,4299.864117,,,,,,,,,
670,,,886.7203504,,,,,,,,,,635.9300098,,,,,,,516.6941922,723.588,,,,,,,,,,,,,,,,,,,,,,,,,,,,,,,,,,27764.68,,,,,,,733.448,334.312,345.438,,338.55,,,,,,,,,,,,,,,,,,1012.509897,,925.966326,,,,,,,,,,,,,,6535.872298,,,,,,,,,
669,,,851.0679264,,,,,,,,,,432.8937777,,,,,,,1529.096953,497.012,,,,,,,,,,,,,,,,,,,,,,,,,,,,,,,,,,34257.074,,,,,,,740.078,483.169,542.727,,660.413,,,,,,,,,,,,,,,,,,1295.340603,,352.003193,,,,,,,,,,,,,,6914.071465,,,,,,,,,
668,,,523.6449775,,,,,,,,,,356.8127774,,,,,,,1522.039399,463.828,,,,,,,,,,,,,,,,,,,,,,,,,,,,,,,,,,48411.09,,,,,,,510.136,424.734,582.444,,952.565,,,,,,,,,,,,,,,,,,688.4072363,,406.341484,,,,,,,,,,,,,,6227.217487,,,,,,,,,
667,,,296.7618643,,,,,,,,,,541.3795947,,,,,,,517.3346063,1382.984,,,,,,,,,,,,,,,,,,,,,,,,,,,,,,,,,,45643.293,,,,,,,420.818,565.906,499.743,,1076.108,,,,,,,,,,,,,,,,,,949.3179501,,598.14354,,,,,,,,,,,,,,6237.084554,,,,,,,,,
666,,,1152.776565,,,,,,,,,,484.8196461,,,,,,,417.7271945,798.184,,,,,,,,,,,,,,,,,,,,,,,,,,,,,,,,,,64070.272,,,,,,,609.62,1108.612,243.405,,1059.125,,,,,,,,,,,,,,,,,,1889.604773,,505.404444,,,,,,,,,,,,,,7238.66168,,,,,,,,,
665,,,1091.900051,,,,,,,,,,322.9208691,,,,,,,1215.873472,879.58,,,,,,,,,,,,,,,,,,,,,,,,,,,,,,,,,,51022.372,,,,,,,830.688,829.429,479.331,,775.261,,,,,,,,,,,,,,,,,,870.0343421,,940.605134,,,,,,,,,,,,,,3758.292337,,,,,,,,,
664,,,1396.861972,,,,,,,,,,464.3198155,,,,,,,2021.536805,764.66,,,,,,,,,,,,,,,,,,,,,,,,,,,,,,,,,,116688.154,,,,,,,691.56,994.932,506.493,,879.86,,,,,,,,,,,,,,,,,,589.6984809,,470.500681,,,,,,,,,,,,,,4819.233369,,,,,,,,,
663,,,829.4090788,,,,,,,,,,403.7450208,,,,,,,,744.94,,,,,,,,,,,,,,,,,,,,,,,,,,,,,,,,,,66535.205,,,,,,,872.814,592.412,378.756,,1119.287,,,,,,,,,,,,,,,,,,595.4427168,,892.026577,,,,,,,,,,,,,,8093.278511,,,,,,,,,
662,,,1359.605189,,,,,,,,,,503.5105817,,,,,,,2149.847788,639.336,,,,,,,,,,,,,,,,,,,,,,,,,,,,,,,,,,81333.336,,,,,,,580.618,435.696,649.998,,1836.088,,,,,,,,,,,,,,,,,,1052.04059,,1237.215133,,,,,,,,,,,,,,5671.402935,,,,,,,,,
661,,,2801.74574,,,,,,,,,,382.4370261,,,,,,,804.3044725,1836.408,,,,,,,,,,,,,,,,,,,,,,,,,,,,,,,,,,58169.3,,,,,,,421.022,480.762,846.585,,915.454,,,,,,,,,,,,,,,,,,1319.491725,,848.487469,,,,,,,,,,,,,,5121.452736,,,,,,,,,
660,,,1333.17783,,,,,,,,,,1153.929495,,,,,,,983.9428482,1500.216,,,,,,,,,,,,,,,,,,,,,,,,,,,,,,,,,,57313.976,,,,,,,520.914,922.374,903.339,,246.827,,,,,,,,,,,,,,,,,,633.0471406,,774.431863,,,,,,,,,,,,,,2694.766936,,,,,,,,,
659,,,771.3847588,,,,,,,,,,407.649019,,,,,,,1156.358167,773.364,,,,,,,,,,,,,,,,,,,,,,,,,,,,,,,,,,84691.52,,,,,,,730.32,1125.635,1002.456,,426.203,,,,,,,,,,,,,,,,,,1151.553764,,1155.526781,,,,,,,,,,,,,,4880.478044,,,,,,,,,
658,,,981.956888,,,,,,,,,,1077.562033,,,,,,,1209.27198,873.12,,,,,,,,,,,,,,,,,,,,,,,,,,,,,,,,,,37286.634,,,,,,,693.532,1038.693,814.131,,1118.695,,,,,,,,,,,,,,,,,,808.1391546,,1171.028269,,,,,,,,,,,,,,3595.756298,,,,,,,,,
657,,,542.5407622,,,,,,,,,,258.8044897,,,,,,,546.8905256,760.444,,,,,,,,,,,,,,,,,,,,,,,,,,,,,,,,,,33657.97,,,,,,,576.98,667.725,467.64,,1089.761,,,,,,,,,,,,,,,,,,728.3919693,,1279.13076,,,,,,,,,,,,,,3986.092596,,,,,,,,,
656,,,1025.586542,,,,,,,,,,1614.971213,,,,,,,1109.858463,634.372,,,,,,,,,,,,,,,,,,,,,,,,,,,,,,,,,,78584.836,,,,,,,515.746,396.662,604.26,,794.686,,,,,,,,,,,,,,,,,,753.9550565,,576.52536,,,,,,,,,,,,,,4576.408325,,,,,,,,,
655,,,1455.9113,,,,,,,,,,1476.093539,,,,,,,1567.571215,1067.6,,,,,,,,,,,,,,,,,,,,,,,,,,,,,,,,,,34387.691,,,,,,,421.94,639.334,558.306,,1723.09,,,,,,,,,,,,,,,,,,1021.009203,,734.726491,,,,,,,,,,,,,,4010.896801,,,,,,,,,
654,,,202.1492441,,,,,,,,,,476.8961967,,,,,,,1597.010286,306.612,,,,,,,,,,,,,,,,,,,,,,,,,,,,,,,,,,50268.064,,,,,,,454.988,658.938,493.29,,1391.348,,,,,,,,,,,,,,,,,,985.4011048,,575.820521,,,,,,,,,,,,,,6370.0942,,,,,,,,,
653,,,635.014237,,,,,,,,,,781.3894818,,,,,,,1665.537056,1571.616,,,,,,,,,,,,,,,,,,,,,,,,,,,,,,,,,,61851.37,,,,,,,508.266,414.99,617.085,,705.072,,,,,,,,,,,,,,,,,,381.2760037,,404.685927,,,,,,,,,,,,,,4330.525165,,,,,,,,,
652,,,998.6243962,,,,,,,,,,335.9823409,,,,,,,2490.001516,1139.476,,,,,,,,,,,,,,,,,,,,,,,,,,,,,,,,,,55717.132,,,,,,,,375.405,770.607,,1171.013,,,,,,,,,,,,,,,,,,308.7641197,,570.313047,,,,,,,,,,,,,,5075.966549,,,,,,,,,
651,,,871.4343736,,,,,,,,,,1122.011724,,,,,,,440.9786593,972.604,,,,,,,,,,,,,,,,,,,,,,,,,,,,,,,,,,55067.842,,,,,,,,846.336,649.89,,912.827,,,,,,,,,,,,,,,,,,463.2039384,,726.302363,,,,,,,,,,,,,,3234.514284,,,,,,,,,
650,,,529.6167585,,,,,,,,,,1171.742916,,,,,,,1463.416692,440.3,,,,,,,,,,,,,,,,,,,,,,,,,,,,,,,,,,87275.892,,,,,,,,829.11,548.451,,1101.712,,,,,,,,,,,,,,,,,,761.6925464,,1028.514315,,,,,,,,,,,,,,3896.483527,,,,,,,,,
649,,,1961.730065,,,,,,,,,,1603.603569,,,,,,,641.3238983,1226.788,,,,,,,,,,,,,,,,,,,,,,,,,,,,,,,,,,55854.81,,,,,,,,806.461,657.477,,1475.967,,,,,,,,,,,,,,,,,,401.8926023,,980.702718,,,,,,,,,,,,,,7568.063432,,,,,,,,,
648,,,1163.472292,,,,,,,,,,795.6521865,,,,,,,1093.05933,951.524,,,,,,,,,,,,,,,,,,,,,,,,,,,,,,,,,,48019.101,,,,,,,,949.083,708.642,,1541.568,,,,,,,,,,,,,,,,,,782.3071791,,671.076845,,,,,,,,,,,,,,8002.407828,,,,,,,,,
647,,,502.8774405,,,,,,,,,,504.2130594,,,,,,,1509.176358,1284.792,,,,,,,,,,,,,,,,,,,,,,,,,,,,,,,,,,73879.68,,,,,,,,756.784,683.937,,1727.826,,,,,,,,,,,,,,,,,,1365.012832,,279.770285,,,,,,,,,,,,,,9146.447571,,,,,,,,,
646,,,680.2036844,,,,,,,,,,589.8341845,,,,,,,2741.666566,2579.512,,,,,,,,,,,,,,,,,,,,,,,,,,,,,,,,,,69073.968,,,,,,,,1172.383,689.445,,1026.38,,,,,,,,,,,,,,,,,,1002.97994,,705.025473,,,,,,,,,,,,,,5883.253744,,,,,,,,,
645,,,638.8468726,,,,,,,,,,667.9484501,,,,,,,1493.626966,1743.588,,,,,,,,,,,,,,,,,,,,,,,,,,,,,,,,,,68320.35,,,,,,,,1364.653,1046.277,,1226.624,,,,,,,,,,,,,,,,,,667.0068644,,1176.335381,,,,,,,,,,,,,,4262.1196,,,,,,,,,
644,,,611.305375,,,,,,,,,,313.1411033,,,,,,,2138.496171,1152.192,,,,,,,,,,,,,,,,,,,,,,,,,,,,,,,,,,84029.304,,,,,,,,1058.413,1087.344,,1251.34,,,,,,,,,,,,,,,,,,790.8380769,,1532.155215,,,,,,,,,,,,,,2619.939317,,,,,,,,,
643,,,1139.540602,,,,,,,,,,1045.93986,,,,,,,1294.802574,710.464,,,,,,,,,,,,,,,,,,,,,,,,,,,,,,,,,,49804.89,,,,,,,,809.361,842.022,,2194.174,,,,,,,,,,,,,,,,,,996.1280489,,1169.49187,,,,,,,,,,,,,,2946.163262,,,,,,,,,
642,,,1728.072991,,,,,,,,,,720.2014634,,,,,,,729.2307025,858.976,,,,,,,,,,,,,,,,,,,,,,,,,,,,,,,,,,54359.235,,,,,,,,937.193,766.206,,1809.078,,,,,,,,,,,,,,,,,,778.4542149,,976.957161,,,,,,,,,,,,,,11017.40503,,,,,,,,,
641,,,674.8112553,,,,,,,,,,1002.507808,,,,,,,1651.60277,1117.58,,,,,,,,,,,,,,,,,,,,,,,,,,,,,,,,,,105901.568,,,,,,,,685.299,557.604,,1836.865,,,,,,,,,,,,,,,,,,830.8224442,,1517.196412,,,,,,,,,,,,,,6509.198106,,,,,,,,,
640,,,560.6789329,,,,,,,,,,587.4414737,,,,,,,1367.369506,1369.316,,,,,,,,,,,,,,,,,,,,,,,,,,,,,,,,,,50706.72,,,,,,,,716.59,621.756,,1495.688,,,,,,,,,,,,,,,,,,417.7129131,,1087.894992,,,,,,,,,,,,,,5398.999168,,,,,,,,,
639,,,1545.755408,,,,,,,,,,366.0232363,,,,,,,950.0806339,1209.992,,,,,,,,,,,,,,,,,,,,,,,,,,,,,,,,,,44623.68,,,,,,,,346.985,740.475,,913.123,,,,,,,,,,,,,,,,,,833.4035253,,995.212075,,,,,,,,,,,,,,6964.663209,,,,,,,,,
638,,,528.3243582,,,,,,,,,,572.5480192,,,,,,,1305.181022,1350.208,,,,,,,,,,,,,,,,,,,,,,,,,,,,,,,,,,97347.27,,,,,,,,253.721,1084.104,,1129.129,,,,,,,,,,,,,,,,,,1518.864838,,1312.558689,,,,,,,,,,,,,,3433.386423,,,,,,,,,
637,,,368.2895399,,,,,,,,,,492.339449,,,,,,,845.6374854,1708.84,,,,,,,,,,,,,,,,,,,,,,,,,,,,,,,,,,44555.301,,,,,,,,293.886,675.081,,1706.218,,,,,,,,,,,,,,,,,,720.6939294,,369.809199,,,,,,,,,,,,,,4212.322008,,,,,,,,,
636,,,1227.735786,,,,,,,,,,866.7979022,,,,,,,1251.682123,906.78,,,,,,,,,,,,,,,,,,,,,,,,,,,,,,,,,,50047.448,,,,,,,,431.375,965.115,,1033.373,,,,,,,,,,,,,,,,,,1472.995789,,969.059862,,,,,,,,,,,,,,3658.752905,,,,,,,,,
635,,,1273.816544,,,,,,,,,,1620.588358,,,,,,,792.4160611,943.432,,,,,,,,,,,,,,,,,,,,,,,,,,,,,,,,,,,,,,,,,,356.178,677.754,,1053.871,,,,,,,,,,,,,,,,,,1249.135392,,925.415151,,,,,,,,,,,,,,2920.913279,,,,,,,,,
634,,,616.0293212,,,,,,,,,,950.777602,,,,,,,865.3618335,1296.42,,,,,,,,,,,,,,,,,,,,,,,,,,,,,,,,,,61115.6,,,,,,,,125.657,647.838,,1803.417,,,,,,,,,,,,,,,,,,2396.099499,,537.237329,,,,,,,,,,,,,,3134.189319,,,,,,,,,
633,,,1005.888578,,,,,,,,,,625.418869,,,,,,,1443.328576,514.148,,,,,,,,,,,,,,,,,,,,,,,,,,,,,,,,,,46100.74,,,,,,,,148.422,626.022,,1475.745,,,,,,,,,,,,,,,,,,1459.224171,,712.542458,,,,,,,,,,,,,,3553.190426,,,,,,,,,
632,,,861.0060396,,,,,,,,,,1009.312547,,,,,,,2164.434831,919.768,,,,,,,,,,,,,,,,,,,,,,,,,,,,,,,,,,32180.841,,,,,,,,641.335,566.919,,1141.857,,,,,,,,,,,,,,,,,,1387.391464,,951.014124,,,,,,,,,,,,,,4374.954323,,,,,,,,,
631,,,1086.061966,,,,,,,,,,1119.315501,,,,,,,2089.123642,1190.136,,,,,,,,,,,,,,,,,,,,,,,,,,,,,,,,,,55747.86,,,,,,,,569.009,584.172,,991.896,,,,,,,,,,,,,,,,,,1259.327526,,617.784597,,,,,,,,,,,,,,6772.540012,,,,,,,,,
630,,,814.1676676,,,,,,,,,,629.5576536,,,,,,,1672.898426,2222.24,,,,,,,,,,,,,,,,,,,,,,,,,,,,,,,,,,61009.432,,,,,,,,1435.993,680.562,,2099.491,,,,,,,,,,,,,,,,,,2477.613313,,1229.063175,,,,,,,,,,,,,,3366.714117,,,,,,,,,
629,,,1563.804448,,,,,,,,,,826.7702183,,,,,,,2011.894457,1087.388,,,,,,,,,,,,,,,,,,,,,,,,,,,,,,,,,,43884.828,,,,,,,,931.277,970.65,,2165.129,,,,,,,,,,,,,,,,,,2689.757822,,1076.19678,,,,,,,,,,,,,,3244.945402,,,,,,,,,
628,,,2495.535983,,,,,,,,,,488.790527,,,,,,,1757.138861,1252.696,,,,,,,,,,,,,,,,,,,,,,,,,,,,,,,,,,70544.082,,,,,,,,909.701,960.984,,1400.783,,,,,,,,,,,,,,,,,,1096.527378,,504.698146,,,,,,,,,,,,,,2953.749289,,,,,,,,,
627,,,1549.231519,,,,,,,,,,678.200549,,,,,,,1710.510692,478.312,,,,,,,,,,,,,,,,,,,,,,,,,,,,,,,,,,95128.46,,,,,,,,677.991,755.541,,771.228,,,,,,,,,,,,,,,,,,1287.697095,,374.089515,,,,,,,,,,,,,,8611.085977,,,,,,,,,
626,,,1533.009666,,,,,,,,,,733.0340648,,,,,,,766.7894695,846.6,,,,,,,,,,,,,,,,,,,,,,,,,,,,,,,,,,42259.924,,,,,,,,439.234,262.332,,664.89,,,,,,,,,,,,,,,,,,848.7106707,,545.025896,,,,,,,,,,,,,,5647.102589,,,,,,,,,
625,,,1451.053657,,,,,,,,,,672.7178708,,,,,,,1125.379812,803.08,,,,,,,,,,,,,,,,,,,,,,,,,,,,,,,,,,59594.472,,,,,,,,702.003,499.554,,1319.235,,,,,,,,,,,,,,,,,,510.7549735,,970.773432,,,,,,,,,,,,,,3624.176415,,,,,,,,,
624,,,1040.426863,,,,,,,,,,498.8914933,,,,,,,2374.189672,945.472,,,,,,,,,,,,,,,,,,,,,,,,,,,,,,,,,,36972.5,,,,,,,488.512,911.818,894.402,,1912.049,,,,,,,,,,,,,,,,,,900.9599982,,570.183146,,,,,,,,,,,,,,5024.798843,,,,,,,,,
623,,,1306.037422,,,,,,,,,,674.1617964,,,,,,,1530.858105,829.124,,,,,,,,,,,,,,,,,,,,,,,,,,,,,,,,,,45387.027,,,,,,,713.592,649.426,1120.959,,2138.008,,,,,,,,,,,,,,,,,,1639.942938,,522.542255,,,,,,,,,,,,,,5084.030984,,,,,,,,,
622,,,517.0047135,,,,,,,,,,475.0349803,,,,,,,1032.946669,2979.216,,,,,,,,,,,,,,,,,,,,,,,,,,,,,,,,,,64667.076,,,,,,,623.866,649.31,1050.111,,1062.159,,,,,,,,,,,,,,,,,,564.7606352,,363.891891,,,,,,,,,,,,,,4011.616086,,,,,,,,,
621,,,1007.35924,,,,,,,,,,238.599395,,,,,,,1171.427145,896.24,,,,,,,,,,,,,,,,,,,,,,,,,,,,,,,,,,37464.608,,,,,,,768.23,868.028,818.127,,1499.758,,,,,,,,,,,,,,,,,,1114.851158,,874.905627,,,,,,,,,,,,,,6861.927539,,,,,,,,,
620,,,,,,,,,,,,,878.4680478,,,,,,,1314.444405,747.592,,,,,,,,,,,,,,,,,,,,,,,,,,,,,,,,,,86683.803,,,,,,,763.47,902.19,698.355,,805.527,,,,,,,,,,,,,,,,,,1175.112097,,1209.046506,,,,,,,,,,,,,,3750.266368,,,,,,,,,
619,,,294.7564154,,,,,,,,,,237.3203862,,,,,,,108.5817647,1071.0,,,,,,,,,,,,,,,,,,,,,,,,,,,,,,,,,,45777.82,,,,,,,718.794,629.445,864.972,,600.732,,,,,,,,,,,,,,,,,,548.8212348,,1001.627108,,,,,,,,,,,,,,1752.435319,,,,,,,,,
618,,,1288.21121,,,,,,,,,,625.0005279,,,,,,,1050.376299,337.756,,,,,,,,,,,,,,,,,,,,,,,,,,,,,,,,,,73540.844,,,,,,,708.492,579.652,825.579,,752.099,,,,,,,,,,,,,,,,,,1340.957013,,620.748145,,,,,,,,,,,,,,4496.54062,,,,,,,,,
617,,,532.6917801,,,,,,,,,,324.8575795,,,,,,,1416.152769,399.704,,,,,,,,,,,,,,,,,,,,,,,,,,,,,,,,,,51843.702,,,,,,,487.798,832.822,437.481,,1124.726,,,,,,,,,,,,,,,,,,1808.737075,,957.657095,,,,,,,,,,,,,,2052.436881,,,,,,,,,
616,,,1486.171294,,,,,,,,,,337.3603496,,,,,,,862.6473715,787.78,,,,,,,,,,,,,,,,,,,,,,,,,,,,,,,,,,22356.0,,,,,,,414.154,881.89,376.164,,1135.456,,,,,,,,,,,,,,,,,,1184.505459,,772.719229,,,,,,,,,,,,,,2920.20954,,,,,,,,,
615,,,1683.507461,,,,,,,,,,450.1394311,,,,,,,786.1377931,918.884,,,,,,,,,,,,,,,,,,,,,,,,,,,,,,,,,,65121.28,,,,,,,725.458,537.138,517.968,,1380.729,,,,,,,,,,,,,,,,,,429.3765891,,887.629184,,,,,,,,,,,,,,2952.032808,,,,,,,,,
614,,,1656.055095,,,,,,,,,,853.7087189,,,,,,,1841.275866,678.436,,,,,,,,,,,,,,,,,,,,,,,,,,,,,,,,,,54386.766,,,,,,,847.96,459.911,591.732,,1163.428,,,,,,,,,,,,,,,,,,876.3579723,,1204.826357,,,,,,,,,,,,,,3341.031061,,,,,,,,,
613,,,3232.516153,,,,,,,,,,2483.45782,,,,,,,409.903368,445.468,,,,,,,,,,,,,,,,,,,,,,,,,,,,,,,,,,64328.93,,,,,,,618.256,714.792,619.92,,435.823,,,,,,,,,,,,,,,,,,1432.305633,,1217.759255,,,,,,,,,,,,,,4538.71599,,,,,,,,,
612,,,642.8577703,,,,,,,,,,234.9507813,,,,,,,832.5472862,589.356,,,,,,,,,,,,,,,,,,,,,,,,,,,,,,,,,,48554.38,,,,,,,393.516,924.839,665.604,,333.37,,,,,,,,,,,,,,,,,,469.2750982,,843.318966,,,,,,,,,,,,,,2980.080717,,,,,,,,,
611,,,283.2139432,,,,,,,,,,700.4985189,,,,,,,949.8068634,454.58,,,,,,,,,,,,,,,,,,,,,,,,,,,,,,,,,,57872.416,,,,,,,309.502,570.488,696.492,,701.372,,,,,,,,,,,,,,,,,,462.0190742,,527.228409,,,,,,,,,,,,,,5283.314227,,,,,,,,,
610,,,777.5348019,,,,,,,,,,588.7850979,,,,,,,918.9066475,889.236,,,,,,,,,,,,,,,,,,,,,,,,,,,,,,,,,,46402.592,,,,,,,582.318,702.612,723.006,,991.489,,,,,,,,,,,,,,,,,,800.3564248,,869.311594,,,,,,,,,,,,,,5517.346057,,,,,,,,,
609,,,425.4225494,,,,,,,,,,296.5129993,,,,,,,518.0180446,2518.312,,,,,,,,,,,,,,,,,,,,,,,,,,,,,,,,,,93781.856,,,,,,,667.488,592.035,850.743,,663.632,,,,,,,,,,,,,,,,,,909.1601338,,367.983364,,,,,,,,,,,,,,3731.673284,,,,,,,,,
608,,,803.0262851,,,,,,,,,,790.8991125,,,,,,,227.1167456,1941.944,,,,,,,,,,,,,,,,,,,,,,,,,,,,,,,,,,67751.376,,,,,,,414.392,467.393,766.314,,971.953,,,,,,,,,,,,,,,,,,2108.808696,,370.469404,,,,,,,,,,,,,,5469.718511,,,,,,,,,
607,,,739.3421427,,,,,,,,,,319.2900935,,,,,,,542.1272165,1306.96,,,,,,,,,,,,,,,,,,,,,,,,,,,,,,,,,,59656.94,,,,,,,452.37,517.157,476.28,,954.267,,,,,,,,,,,,,,,,,,486.0870068,,799.437023,,,,,,,,,,,,,,3157.613897,,,,,,,,,
606,,,677.9308424,,,,,,,,,,317.9816911,,,,,,,1031.173232,630.224,,,,,,,,,,,,,,,,,,,,,,,,,,,,,,,,,,83224.35,,,,,,,497.726,726.74,617.112,,1172.382,,,,,,,,,,,,,,,,,,1545.754119,,1320.672615,,,,,,,,,,,,,,5238.560719,,,,,,,,,
605,,,413.6126839,,,,,,,,,,826.1027537,,,,,,,468.1168346,459.34,,,,,,,,,,,,,,,,,,,,,,,,,,,,,,,,,,55240.227,,,,,,,587.928,615.96,614.925,,626.595,,,,,,,,,,,,,,,,,,1961.913385,,466.029158,,,,,,,,,,,,,,4820.817409,,,,,,,,,
604,,,,,,,,,,,,,1726.908136,,,,,,,1593.707278,1136.484,,,,,,,,,,,,,,,,,,,,,,,,,,,,,,,,,,28531.523,,,,,,,564.128,535.514,504.171,,426.758,,,,,,,,,,,,,,,,,,127.4029103,,376.643356,,,,,,,,,,,,,,2817.632795,,,,,,,,,
603,,,856.5940521,,,,,,,,,,1716.169481,,,,,,,1111.147562,556.104,,,,,,,,,,,,,,,,,,,,,,,,,,,,,,,,,,63902.28,,,,,,,479.264,437.61,368.307,,282.162,,,,,,,,,,,,,,,,,,427.3665168,,147.148784,,,,,,,,,,,,,,3113.487429,,,,,,,,,
602,,,1917.565625,,,,,,,,,,412.5170647,,,,,,,1135.982693,446.76,,,,,,,,,,,,,,,,,,,,,,,,,,,,,,,,,,98776.835,,,,,,,484.636,233.769,468.531,,333.925,,,,,,,,,,,,,,,,,,910.6223901,,333.660874,,,,,,,,,,,,,,3980.732774,,,,,,,,,
601,,,822.3231596,,,,,,,,,,1513.649022,,,,,,,1216.186989,358.156,,,,,,,,,,,,,,,,,,,,,,,,,,,,,,,,,,72226.44,,,,,,,509.49,190.356,550.8,,1205.645,,,,,,,,,,,,,,,,,,1135.414894,,572.006179,,,,,,,,,,,,,,3218.621618,,,,,,,,,
600,,,946.3935951,,,,,,,,,,674.6010948,,,,,,,1487.518601,3255.5,,,,,,,,,,,,,,,,,,,,,,,,,,,,,,,,,,37218.6,,,,,,,638.248,324.22,507.276,,1438.301,,,,,,,,,,,,,,,,,,486.4553378,,,,,,,,,,,,,,,,3934.724714,,,,,,,,,
599,,,574.2714196,,,,,,,,,,759.7783885,,,,,,,1650.893429,747.524,,,,,,,,,,,,,,,,,,,,,,,,,,,,,,,,,,47147.562,,,,,,,635.562,463.014,145.908,,829.651,,,,,,,,,,,,,,,,,,829.9326657,,114.34736,,,,,,,,,,,,,,5646.557638,,,,,,,,,
598,,,1458.540666,,,,,,,,,,833.3692526,,,,,,,806.2839222,1045.636,,,,,,,,,,,,,,,,,,,,,,,,,,,,,,,,,,32662.392,,,,,,,698.972,792.773,108.243,,776.001,,,,,,,,,,,,,,,,,,680.1984796,,1070.270425,,,,,,,,,,,,,,2306.509151,,,,,,,,,
597,,,888.0127508,,,,,,,,,,1153.499899,,,,,,,707.9320437,1654.984,,,,,,,,,,,,,,,,,,,,,,,,,,,,,,,,,,57340.955,,,,,,,740.724,806.403,282.366,,757.612,,,,,,,,,,,,,,,,,,391.4076199,,567.885086,,,,,,,,,,,,,,5841.231724,,,,,,,,,
596,,,1182.412642,,,,,,,,,,554.7939083,,,,,,,1540.364015,1281.732,,,,,,,,,,,,,,,,,,,,,,,,,,,,,,,,,,39809.964,,,,,,,608.634,483.082,404.055,,1124.8,,,,,,,,,,,,,,,,,,1110.306017,,888.796048,,,,,,,,,,,,,,6562.042966,,,,,,,,,
595,,,556.8017318,,,,,,,,,,475.1852376,,,,,,,870.853595,934.048,,,,,,,,,,,,,,,,,,,,,,,,,,,,,,,,,,47138.316,,,,,,,598.502,477.572,620.46,,1527.656,,,,,,,,,,,,,,,,,,604.981621,,1017.570705,,,,,,,,,,,,,,3723.021035,,,,,,,,,
594,,,376.534163,,,,,,,,,,1018.711236,,,,,,,1072.185315,1030.404,,,,,,,,,,,,,,,,,,,,,,,,,,,,,,,,,,39844.28,,,,,,,587.928,758.611,737.559,,1003.625,,,,,,,,,,,,,,,,,,1077.493506,,753.890629,,,,,,,,,,,,,,2906.601474,,,,,,,,,
593,,,1405.240292,,,,,,,,,,1332.943756,,,,,,,1191.944617,1277.38,,,,,,,,,,,,,,,,,,,,,,,,,,,,,,,,,,70656.138,,,,,,,446.658,983.187,761.967,,686.942,,,,,,,,,,,,,,,,,,465.2735441,,831.820068,,,,,,,,,,,,,,4648.488581,,,,,,,,,
592,,,1181.788725,,,,,,,,,,280.143834,,,,,,,920.0838733,2201.568,,,,,,,,,,,,,,,,,,,,,,,,,,,,,,,,,,54738.16,,,,,,,,699.016,708.561,,858.511,,,,,,,,,,,,,,,,,,627.4622058,,755.060795,,,,,,,,,,,,,,2346.915186,,,,,,,,,
591,,,878.7431205,,,,,,,,,,552.0363689,,,,,,,1066.83337,2526.472,,,,,,,,,,,,,,,,,,,,,,,,,,,,,,,,,,48788.106,,,,,,,564.74,698.755,666.387,,1035.186,,,,,,,,,,,,,,,,,,1002.048293,,1499.703582,,,,,,,,,,,,,,3450.734925,,,,,,,,,
590,,,324.5261895,,,,,,,,,,826.4296652,,,,,,,3306.916899,1000.28,,,,,,,,,,,,,,,,,,,,,,,,,,,,,,,,,,46527.942,,,,,,,774.35,491.289,804.87,,812.261,,,,,,,,,,,,,,,,,,529.0714141,,506.075235,,,,,,,,,,,,,,2657.118005,,,,,,,,,
589,,,216.3656482,,,,,,,,,,610.5693962,,,,,,,910.9183157,907.392,,,,,,,,,,,,,,,,,,,,,,,,,,,,,,,,,,72995.1,,,,,,,700.808,397.996,1023.003,,925.629,,,,,,,,,,,,,,,,,,957.3871222,,518.312834,,,,,,,,,,,,,,4211.419017,,,,,,,,,
588,,,530.2406759,,,,,,,,,,1076.911295,,,,,,,875.6171261,1028.228,,,,,,,,,,,,,,,,,,,,,,,,,,,,,,,,,,67396.325,,,,,,,614.142,487.519,668.25,,1418.247,,,,,,,,,,,,,,,,,,574.7390288,,746.414706,,,,,,,,,,,,,,6383.169922,,,,,,,,,
587,,,542.6298933,,,,,,,,,,1040.635366,,,,,,,1376.632028,2284.528,,,,,,,,,,,,,,,,,,,,,,,,,,,,,,,,,,67273.85,,,,,,,716.618,458.838,330.399,,1907.017,,,,,,,,,,,,,,,,,,1735.745506,,633.861723,,,,,,,,,,,,,,2550.658431,,,,,,,,,
586,,,815.4155024,,,,,,,,,,534.6886904,,,,,,,1099.892014,482.664,,,,,,,,,,,,,,,,,,,,,,,,,,,,,,,,,,45344.385,,,,,,,790.738,321.987,584.01,,2091.129,,,,,,,,,,,,,,,,,,1587.414457,,709.97395,,,,,,,,,,,,,,3799.818972,,,,,,,,,
585,,,829.8992997,,,,,,,,,,534.2021426,,,,,,,1586.859357,515.168,,,,,,,,,,,,,,,,,,,,,,,,,,,,,,,,,,27978.212,,,,,,,889.712,431.781,520.641,,933.843,,,,,,,,,,,,,,,,,,1101.212538,,884.926849,,,,,,,,,,,,,,2753.897658,,,,,,,,,
584,,,916.4009934,,,,,,,,,,1655.411057,,,,,,,2464.44875,1946.364,,,,,,,,,,,,,,,,,,,,,,,,,,,,,,,,,,20730.452,,,,,,,751.774,446.136,394.767,,873.755,,,,,,,,,,,,,,,,,,747.6618233,,1082.220076,,,,,,,,,,,,,,3967.652759,,,,,,,,,
583,,,845.3635386,,,,,,,,,,1619.222588,,,,,,,888.33998,821.1,,,,,,,,,,,,,,,,,,,,,,,,,,,,,,,,,,68079.057,,,,,,,964.002,602.243,716.31,,2143.447,,,,,,,,,,,,,,,,,,467.3321052,,1559.168941,,,,,,,,,,,,,,4249.525991,,,,,,,,,
582,,,1370.657441,,,,,,,,,,1218.758628,,,,,,,1304.23661,821.576,,,,,,,,,,,,,,,,,,,,,,,,,,,,,,,,,,68190.4,,,,,,,809.336,583.654,885.222,,2361.118,,,,,,,,,,,,,,,,,,1710.733892,,879.653618,,,,,,,,,,,,,,3885.004515,,,,,,,,,
581,,,455.7271098,,,,,,,,,,2185.054623,,,,,,,557.4807904,1081.812,,,,,,,,,,,,,,,,,,,,,,,,,,,,,,,,,,48292.203,,,,,,,446.658,633.824,420.525,,1692.602,,,,,,,,,,,,,,,,,,773.9865613,,1273.272657,,,,,,,,,,,,,,5149.27991,,,,,,,,,
580,,,784.5315901,,,,,,,,,,5081.637299,,,,,,,901.4968228,302.396,,,,,,,,,,,,,,,,,,,,,,,,,,,,,,,,,,80898.544,,,,,,,696.694,533.513,466.506,,866.244,,,,,,,,,,,,,,,,,,958.5346328,,1598.048023,,,,,,,,,,,,,,3950.674688,,,,,,,,,
579,,,1131.251414,,,,,,,,,,1615.843335,,,,,,,1188.40784,982.532,,,,,,,,,,,,,,,,,,,,,,,,,,,,,,,,,,55504.98,,,,,,,940.848,677.817,666.198,,1463.535,,,,,,,,,,,,,,,,,,829.973907,,928.916372,,,,,,,,,,,,,,6114.677382,,,,,,,,,
578,,,947.4186023,,,,,,,,,,1135.599433,,,,,,,1066.896378,1731.892,,,,,,,,,,,,,,,,,,,,,,,,,,,,,,,,,,38921.175,,,,,,,793.798,713.661,925.425,,2174.786,,,,,,,,,,,,,,,,,,716.5296698,,730.428558,,,,,,,,,,,,,,3724.86255,,,,,,,,,
577,,,797.8566836,,,,,,,,,,963.5169149,,,,,,,798.0748766,840.82,,,,,,,,,,,,,,,,,,,,,,,,,,,,,,,,,,124929.997,,,,,,,814.606,540.85,1139.13,,1739.074,,,,,,,,,,,,,,,,,,670.5081631,,907.855701,,,,,,,,,,,,,,5132.251819,,,,,,,,,
576,,,194.7959316,,,,,,,,,,1362.779479,,,,,,,496.3254168,746.912,,,,,,,,,,,,,,,,,,,,,,,,,,,,,,,,,,91309.839,,,,,,,914.294,842.943,1228.959,,1972.729,,,,,,,,,,,,,,,,,,793.590337,,849.451598,,,,,,,,,,,,,,3285.120549,,,,,,,,,
575,,,687.6015624,,,,,,,,,,405.276727,,,,,,,1289.513226,959.548,,,,,,,,,,,,,,,,,,,,,,,,,,,,,,,,,,,,,,,,,827.968,956.449,1055.916,,1338.549,,,,,,,,,,,,,,,,,,851.7318016,,864.564419,,,,,,,,,,,,,,4524.463476,,,,,,,,,
574,,,543.8331626,,,,,,,,,,555.5386934,,,,,,,1044.953731,1380.468,,,,,,,,,,,,,,,,,,,,,,,,,,,,,,,,,,51357.39,,,,,,,727.94,508.95,862.542,,780.811,,,,,,,,,,,,,,,,,,504.1874763,,945.015105,,,,,,,,,,,,,,1844.077311,,,,,,,,,
573,,,633.9000987,,,,,,,,,,261.158539,,,,,,,1027.512347,912.832,,,,,,,,,,,,,,,,,,,,,,,,,,,,,,,,,,116236.296,,,,,,,630.36,387.353,635.877,,668.035,,,,,,,,,,,,,,,,,,611.4136314,,681.165693,,,,,,,,,,,,,,5783.451977,,,,,,,,,
572,,,511.9688086,,,,,,,,,,152.0835186,,,,,,,688.004942,799.204,,,,,,,,,,,,,,,,,,,,,,,,,,,,,,,,,,46831.128,,,,,,,255.85,422.095,448.011,,1927.848,,,,,,,,,,,,,,,,,,1597.338483,,610.938206,,,,,,,,,,,,,,4989.515914,,,,,,,,,
571,,,1272.435013,,,,,,,,,,171.8604937,,,,,,,738.704952,1006.944,,,,,,,,,,,,,,,,,,,,,,,,,,,,,,,,,,65747.961,,,,,,,429.828,481.313,458.487,,845.228,,,,,,,,,,,,,,,,,,1279.905259,,1616.793455,,,,,,,,,,,,,,2344.032307,,,,,,,,,
570,,,1164.274471,,,,,,,,,,615.1782085,,,,,,,877.5785631,630.496,,,,,,,,,,,,,,,,,,,,,,,,,,,,,,,,,,64621.053,,,,,,,657.424,358.092,559.548,,419.395,,,,,,,,,,,,,,,,,,617.2731306,,1211.875674,,,,,,,,,,,,,,5783.498248,,,,,,,,,
569,,,866.7995585,,,,,,,,,,,,,,,,,1211.177149,2261.34,,,,,,,,,,,,,,,,,,,,,,,,,,,,,,,,,,79766.852,,,,,,,1011.976,330.426,703.161,,654.789,,,,,,,,,,,,,,,,,,954.2404789,,993.108237,,,,,,,,,,,,,,3256.03621,,,,,,,,,
568,,,1012.038621,,,,,,,,,,598.9021669,,,,,,,1466.613071,1000.892,,,,,,,,,,,,,,,,,,,,,,,,,,,,,,,,,,43019.752,,,,,,,1043.97,431.259,479.871,,558.996,,,,,,,,,,,,,,,,,,287.8932002,,263.611237,,,,,,,,,,,,,,1773.325818,,,,,,,,,
567,,,,,,,,,,,,,213.7581468,,,,,,,1015.816428,1171.572,,,,,,,,,,,,,,,,,,,,,,,,,,,,,,,,,,40715.52,,,,,,,778.838,416.353,449.82,,373.589,,,,,,,,,,,,,,,,,,1267.982288,,491.990729,,,,,,,,,,,,,,3514.123269,,,,,,,,,
566,,,905.9280938,,,,,,,,,,784.1482273,,,,,,,998.0415932,2370.072,,,,,,,,,,,,,,,,,,,,,,,,,,,,,,,,,,33846.915,,,,,,,743.444,487.925,533.547,,523.624,,,,,,,,,,,,,,,,,,458.6985628,,296.331444,,,,,,,,,,,,,,3538.029722,,,,,,,,,
565,,,413.2561597,,,,,,,,,,1032.955312,,,,,,,950.8189595,1080.316,,,,,,,,,,,,,,,,,,,,,,,,,,,,,,,,,,48291.973,,,,,,,633.862,537.718,369.684,,552.262,,,,,,,,,,,,,,,,,,1266.0292,,570.337333,,,,,,,,,,,,,,3386.057107,,,,,,,,,
564,,,455.6825443,,,,,,,,,,501.0969016,,,,,,,1483.698897,562.496,,,,,,,,,,,,,,,,,,,,,,,,,,,,,,,,,,77708.95,,,,,,,736.644,522.551,471.231,,392.052,,,,,,,,,,,,,,,,,,1413.371759,,859.722831,,,,,,,,,,,,,,5754.681507,,,,,,,,,
563,,,1967.746412,,,,,,,,,,389.3786024,,,,,,,1002.545303,789.208,,,,,,,,,,,,,,,,,,,,,,,,,,,,,,,,,,41944.893,,,,,,,813.79,278.632,447.336,,472.157,,,,,,,,,,,,,,,,,,1063.046748,,781.52533,,,,,,,,,,,,,,6349.210368,,,,,,,,,
562,,,524.6254192,,,,,,,,,,314.4478713,,,,,,,910.253913,1011.296,,,,,,,,,,,,,,,,,,,,,,,,,,,,,,,,,,63262.535,,,,,,,1004.7,500.308,576.342,,840.862,,,,,,,,,,,,,,,,,,1178.805179,,650.913967,,,,,,,,,,,,,,2966.9906,,,,,,,,,
561,,,620.3076121,,,,,,,,,,488.2393255,,,,,,,1882.672972,1163.684,,,,,,,,,,,,,,,,,,,,,,,,,,,,,,,,,,62996.08,,,,,,,906.202,724.565,719.496,,387.464,,,,,,,,,,,,,,,,,,508.8138391,,810.101373,,,,,,,,,,,,,,2329.95689,,,,,,,,,
560,,,1436.213335,,,,,,,,,,459.0756031,,,,,,,874.7929546,538.356,,,,,,,,,,,,,,,,,,,,,,,,,,,,,,,,,,37071.584,,,,,,,695.368,852.107,707.967,,388.981,,,,,,,,,,,,,,,,,,1283.977277,,745.915537,,,,,,,,,,,,,,5257.748635,,,,,,,,,
559,,,626.2793931,,,,,,,,,,1453.168667,,,,,,,664.9997716,888.964,,,,,,,,,,,,,,,,,,,,,,,,,,,,,,,,,,90016.802,,,,,,,533.324,679.122,756.756,,863.654,,,,,,,,,,,,,,,,,,759.5952821,,583.863223,,,,,,,,,,,,,,3209.610632,,,,,,,,,
558,,,1125.324198,,,,,,,,,,439.6009005,,,,,,,1466.575572,494.292,,,,,,,,,,,,,,,,,,,,,,,,,,,,,,,,,,80761.648,,,,,,,521.73,484.793,721.791,,625.3,,,,,,,,,,,,,,,,,,438.9208106,,584.099628,,,,,,,,,,,,,,5279.808157,,,,,,,,,
557,,,298.7673131,,,,,,,,,,533.3855011,,,,,,,2268.710959,1118.464,,,,,,,,,,,,,,,,,,,,,,,,,,,,,,,,,,45979.53,,,,,,,683.944,521.101,574.83,,406.075,,,,,,,,,,,,,,,,,,520.7546818,,515.56979,,,,,,,,,,,,,,2865.197564,,,,,,,,,
556,,,1267.844763,,,,,,,,,,636.3683358,,,,,,,962.4897645,1811.86,,,,,,,,,,,,,,,,,,,,,,,,,,,,,,,,,,25112.136,,,,,,,838.712,629.242,395.928,,337.847,,,,,,,,,,,,,,,,,,268.6018617,,299.290159,,,,,,,,,,,,,,2469.062061,,,,,,,,,
555,,,1191.281182,,,,,,,,,,314.2971914,,,,,,,1282.643735,1548.428,,,,,,,,,,,,,,,,,,,,,,,,,,,,,,,,,,51376.94,,,,,,,695.912,429.867,515.673,,344.618,,,,,,,,,,,,,,,,,,1082.184019,,277.814839,,,,,,,,,,,,,,2199.434747,,,,,,,,,
554,,,835.6928186,,,,,,,,,,840.9085725,,,,,,,2990.529171,698.224,,,,,,,,,,,,,,,,,,,,,,,,,,,,,,,,,,62678.91,,,,,,,610.572,507.239,615.141,,1276.426,,,,,,,,,,,,,,,,,,1727.969778,,1272.130842,,,,,,,,,,,,,,1444.007615,,,,,,,,,
553,,,692.4592051,,,,,,,,,,601.3536393,,,,,,,2189.914435,634.304,,,,,,,,,,,,,,,,,,,,,,,,,,,,,,,,,,42818.019,,,,,,,643.62,916.748,640.791,,886.446,,,,,,,,,,,,,,,,,,1050.093469,,929.397332,,,,,,,,,,,,,,4268.128602,,,,,,,,,
552,,,266.8583936,,,,,,,,,,189.8853721,,,,,,,1253.829883,674.356,,,,,,,,,,,,,,,,,,,,,,,,,,,,,,,,,,80354.272,,,,,,,620.364,715.14,564.921,,725.015,,,,,,,,,,,,,,,,,,817.0162201,,553.045008,,,,,,,,,,,,,,3543.159025,,,,,,,,,
551,,,369.8047679,,,,,,,,,,521.7134343,,,,,,,1977.68657,866.796,,,,,,,,,,,,,,,,,,,,,,,,,,,,,,,,,,90353.89,,,,,,,716.516,484.996,531.927,,962.888,,,,,,,,,,,,,,,,,,976.6391004,,579.983637,,,,,,,,,,,,,,6474.875435,,,,,,,,,
550,,,336.2914894,,,,,,,,,,423.3874849,,,,,,,474.4261555,1158.448,,,,,,,,,,,,,,,,,,,,,,,,,,,,,,,,,,39664.42,,,,,,,925.276,401.447,746.388,,964.997,,,,,,,,,,,,,,,,,,755.9972108,,737.995242,,,,,,,,,,,,,,2561.162239,,,,,,,,,
549,,,1717.42183,,,,,,,,,,964.2082769,,,,,,,1475.769606,1476.96,,,,,,,,,,,,,,,,,,,,,,,,,,,,,,,,,,56602.632,,,,,,,687.752,455.155,707.67,,1125.762,,,,,,,,,,,,,,,,,,718.3544261,,1123.593039,,,,,,,,,,,,,,7545.290709,,,,,,,,,
548,,,706.6756092,,,,,,,,,,498.2418253,,,,,,,757.9415436,2555.916,,,,,,,,,,,,,,,,,,,,,,,,,,,,,,,,,,82228.588,,,,,,,513.23,575.041,656.397,,975.209,,,,,,,,,,,,,,,,,,1009.455851,,623.999277,,,,,,,,,,,,,,5509.814849,,,,,,,,,
547,,,1165.789699,,,,,,,,,,467.6501933,,,,,,,1529.419809,1384.344,,,,,,,,,,,,,,,,,,,,,,,,,,,,,,,,,,43263.805,,,,,,,941.052,480.791,554.067,,1079.364,,,,,,,,,,,,,,,,,,638.795571,,497.861992,,,,,,,,,,,,,,2915.650691,,,,,,,,,
546,,,1165.299478,,,,,,,,,,81.51515998,,,,,,,993.4695499,1503.82,,,,,,,,,,,,,,,,,,,,,,,,,,,,,,,,,,44598.15,,,,,,,710.566,604.911,759.321,,778.739,,,,,,,,,,,,,,,,,,526.9804911,,822.505717,,,,,,,,,,,,,,2690.336745,,,,,,,,,
545,,,3263.088107,,,,,,,,,,345.2145258,,,,,,,400.0788161,883.66,,,,,,,,,,,,,,,,,,,,,,,,,,,,,,,,,,85110.856,,,,,,,899.844,993.279,882.198,,873.274,,,,,,,,,,,,,,,,,,1115.365435,,303.694243,,,,,,,,,,,,,,3684.230277,,,,,,,,,
544,,,575.8757787,,,,,,,,,,497.4224417,,,,,,,1210.31964,1864.696,,,,,,,,,,,,,,,,,,,,,,,,,,,,,,,,,,42797.986,,,,,,,1270.92,666.101,610.848,,1064.601,,,,,,,,,,,,,,,,,,1600.517204,,319.135799,,,,,,,,,,,,,,2560.251697,,,,,,,,,
543,,,689.8298389,,,,,,,,,,643.2048617,,,,,,,924.8371338,1593.716,,,,,,,,,,,,,,,,,,,,,,,,,,,,,,,,,,72573.993,,,,,,,1408.994,731.235,646.515,,1147.0,,,,,,,,,,,,,,,,,,590.8214055,,405.701069,,,,,,,,,,,,,,4035.816427,,,,,,,,,
542,,,623.5163302,,,,,,,,,,419.4882233,,,,,,,690.7415057,1264.392,,,,,,,,,,,,,,,,,,,,,,,,,,,,,,,,,,111300.68,,,,,,,2044.488,496.016,793.152,,2737.556,,,,,,,,,,,,,,,,,,269.0836423,,622.121937,,,,,,,,,,,,,,8472.159277,,,,,,,,,
541,,,1282.997043,,,,,,,,,,831.0311581,,,,,,,834.4468332,1082.152,,,,,,,,,,,,,,,,,,,,,,,,,,,,,,,,,,92721.51,,,,,,,1758.038,250.241,975.915,,2228.806,,,,,,,,,,,,,,,,,,425.1985591,,719.408018,,,,,,,,,,,,,,7069.323114,,,,,,,,,
540,,,537.5939884,,,,,,,,,,446.3825516,,,,,,,1726.4768,1757.596,,,,,,,,,,,,,,,,,,,,,,,,,,,,,,,,,,114528.477,,,,,,,1331.916,184.005,977.454,,1071.187,,,,,,,,,,,,,,,,,,713.8926297,,974.324888,,,,,,,,,,,,,,2436.968111,,,,,,,,,
539,,,1733.911076,,,,,,,,,,339.4568727,,,,,,,1487.69422,2097.936,,,,,,,,,,,,,,,,,,,,,,,,,,,,,,,,,,42502.896,,,,,,,1286.22,630.779,869.13,,1366.928,,,,,,,,,,,,,,,,,,508.0198369,,660.238219,,,,,,,,,,,,,,3484.096134,,,,,,,,,
538,,,732.2562234,,,,,,,,,,444.9232822,,,,,,,1235.206394,1641.996,,,,,,,,,,,,,,,,,,,,,,,,,,,,,,,,,,30632.136,,,,,,,1074.06,481.371,828.198,,1572.611,,,,,,,,,,,,,,,,,,365.3910259,,1316.669087,,,,,,,,,,,,,,10797.82148,,,,,,,,,
537,,,1131.518807,,,,,,,,,,316.0926159,,,,,,,772.3651004,592.076,,,,,,,,,,,,,,,,,,,,,,,,,,,,,,,,,,63597.3,,,,,,,680.612,572.344,836.352,,1921.077,,,,,,,,,,,,,,,,,,533.6256503,,510.874312,,,,,,,,,,,,,,3132.474918,,,,,,,,,
536,,,1289.01339,,,,,,,,,,510.0144073,,,,,,,1280.587762,711.008,,,,,,,,,,,,,,,,,,,,,,,,,,,,,,,,,,88182.0,,,,,,,693.192,721.665,836.73,,1696.191,,,,,,,,,,,,,,,,,,329.0750984,,698.821049,,,,,,,,,,,,,,3984.097657,,,,,,,,,
535,,,1144.754769,,,,,,,,,,727.9788773,,,,,,,1192.580193,997.56,,,,,,,,,,,,,,,,,,,,,,,,,,,,,,,,,,48038.099,,,,,,,553.826,503.15,699.192,,760.609,,,,,,,,,,,,,,,,,,649.1860937,,676.062007,,,,,,,,,,,,,,3403.799021,,,,,,,,,
534,,,592.3204592,,,,,,,,,,985.1384654,,,,,,,1012.30082,1664.98,,,,,,,,,,,,,,,,,,,,,,,,,,,,,,,,,,53681.816,,,,,,,439.62,462.753,445.77,,521.737,,,,,,,,,,,,,,,,,,1305.083215,,1465.339963,,,,,,,,,,,,,,5424.966419,,,,,,,,,
533,,,1227.334696,,,,,,,,,,768.6085792,,,,,,,724.5163687,395.692,,,,,,,,,,,,,,,,,,,,,,,,,,,,,,,,,,67963.413,,,,,,,654.738,538.327,,,484.441,,,,,,,,,,,,,,,,,,1349.908111,,863.787665,,,,,,,,,,,,,,1989.90448,,,,,,,,,
532,,,1379.214022,,,,,,,,,,383.2880318,,,,,,,618.9996772,528.836,,,,,,,,,,,,,,,,,,,,,,,,,,,,,,,,,,69504.666,,,,,,,922.964,246.413,337.851,,852.924,,,,,,,,,,,,,,,,,,413.1913203,,1257.072034,,,,,,,,,,,,,,9496.177465,,,,,,,,,
531,,,235.7962192,,,,,,,,,,489.4905487,,,,,,,808.0150973,987.904,,,,,,,,,,,,,,,,,,,,,,,,,,,,,,,,,,78454.38,,,,,,,829.498,265.234,423.657,,1412.401,,,,,,,,,,,,,,,,,,397.9862142,,1225.155132,,,,,,,,,,,,,,4523.962932,,,,,,,,,
530,,,488.4827743,,,,,,,,,,458.7667268,,,,,,,2080.181195,946.968,,,,,,,,,,,,,,,,,,,,,,,,,,,,,,,,,,47063.52,,,,,,,945.064,869.304,399.492,,1258.814,,,,,,,,,,,,,,,,,,269.0736759,,446.816681,,,,,,,,,,,,,,4625.449849,,,,,,,,,
529,,,1348.018151,,,,,,,,,,203.0003284,,,,,,,1020.256361,633.624,,,,,,,,,,,,,,,,,,,,,,,,,,,,,,,,,,74276.2,,,,,,,1213.664,871.798,621.486,,1007.473,,,,,,,,,,,,,,,,,,816.7750492,,691.258994,,,,,,,,,,,,,,2586.331189,,,,,,,,,
528,,,1301.358042,,,,,,,,,,291.2326913,,,,,,,1204.67389,490.348,,,,,,,,,,,,,,,,,,,,,,,,,,,,,,,,,,43691.904,,,,,,,1185.41,761.453,929.853,,907.277,,,,,,,,,,,,,,,,,,223.720595,,1218.151152,,,,,,,,,,,,,,3251.544008,,,,,,,,,
527,,,684.125451,,,,,,,,,,578.4995842,,,,,,,1036.163687,1630.164,,,,,,,,,,,,,,,,,,,,,,,,,,,,,,,,,,41920.536,,,,,,,1524.186,727.987,744.228,,582.01,,,,,,,,,,,,,,,,,,430.3891216,,703.258941,,,,,,,,,,,,,,4628.608039,,,,,,,,,
526,,,192.9241794,,,,,,,,,,439.4716847,,,,,,,1341.425414,1462.0,,,,,,,,,,,,,,,,,,,,,,,,,,,,,,,,,,49263.102,,,,,,,1313.828,525.828,780.678,,783.993,,,,,,,,,,,,,,,,,,689.8575258,,437.950881,,,,,,,,,,,,,,8511.689758,,,,,,,,,
525,,,354.4296601,,,,,,,,,,1438.368157,,,,,,,1395.134267,663.068,,,,,,,,,,,,,,,,,,,,,,,,,,,,,,,,,,30733.336,,,,,,,1141.55,622.34,891.405,,1750.581,,,,,,,,,,,,,,,,,,343.6308595,,243.012109,,,,,,,,,,,,,,3043.34695,,,,,,,,,
524,,,504.9720204,,,,,,,,,,1064.628809,,,,,,,1486.80076,583.236,,,,,,,,,,,,,,,,,,,,,,,,,,,,,,,,,,48355.89,,,,,,,1463.802,535.746,958.446,,2120.47,,,,,,,,,,,,,,,,,,339.2500687,,398.785975,,,,,,,,,,,,,,3321.614116,,,,,,,,,
523,,,980.5753566,,,,,,,,,,1070.391558,,,,,,,425.9718595,1015.58,,,,,,,,,,,,,,,,,,,,,,,,,,,,,,,,,,73121.715,,,,,,,1275.51,407.885,819.909,,951.973,,,,,,,,,,,,,,,,,,529.7359266,,266.762846,,,,,,,,,,,,,,6065.719399,,,,,,,,,
522,,,748.0769866,,,,,,,,,,721.9155176,,,,,,,1502.65248,1915.9,,,,,,,,,,,,,,,,,,,,,,,,,,,,,,,,,,116856.997,,,,,,,1057.434,590.237,720.576,,943.093,,,,,,,,,,,,,,,,,,501.9891011,,872.874522,,,,,,,,,,,,,,7612.651983,,,,,,,,,
521,,,1131.251414,,,,,,,,,,537.7878784,,,,,,,1058.460428,3617.804,,,,,,,,,,,,,,,,,,,,,,,,,,,,,,,,,,62824.293,,,,,,,1407.022,906.337,539.19,,613.978,,,,,,,,,,,,,,,,,,166.4036347,,842.209879,,,,,,,,,,,,,,4549.294289,,,,,,,,,
520,,,453.6770954,,,,,,,,,,465.4971702,,,,,,,1112.870356,873.936,,,,,,,,,,,,,,,,,,,,,,,,,,,,,,,,,,64572.178,,,,,,,1274.422,646.816,379.269,,532.985,,,,,,,,,,,,,,,,,,475.3662176,,633.925739,,,,,,,,,,,,,,4190.726069,,,,,,,,,
519,,,361.7829725,,,,,,,,,,821.0663203,,,,,,,623.7872636,794.512,,,,,,,,,,,,,,,,,,,,,,,,,,,,,,,,,,80483.67,,,,,,,588.472,722.274,430.11,,1718.576,,,,,,,,,,,,,,,,,,509.4186808,,463.205534,,,,,,,,,,,,,,2288.27061,,,,,,,,,
518,,,1471.330973,,,,,,,,,,627.9199551,,,,,,,3035.928431,617.712,,,,,,,,,,,,,,,,,,,,,,,,,,,,,,,,,,52811.22,,,,,,,272.17,715.894,422.793,,1017.611,,,,,,,,,,,,,,,,,,577.4426685,,571.345341,,,,,,,,,,,,,,3723.143915,,,,,,,,,
517,,,139.7129366,,,,,,,,,,359.5317768,,,,,,,1010.059433,635.868,,,,,,,,,,,,,,,,,,,,,,,,,,,,,,,,,,50450.592,,,,,,,712.946,787.437,490.86,,1223.109,,,,,,,,,,,,,,,,,,507.1260481,,1245.214423,,,,,,,,,,,,,,5868.823787,,,,,,,,,
516,,,877.5844168,,,,,,,,,,373.6541936,,,,,,,772.6326687,694.62,,,,,,,,,,,,,,,,,,,,,,,,,,,,,,,,,,58769.508,,,,,,,1090.516,874.785,506.736,,1405.556,,,,,,,,,,,,,,,,,,250.0910985,,525.096168,,,,,,,,,,,,,,4955.195457,,,,,,,,,
515,,,1253.806621,,,,,,,,,,648.6818915,,,,,,,826.1498633,964.58,,,,,,,,,,,,,,,,,,,,,,,,,,,,,,,,,,58812.403,,,,,,,1911.446,721.143,453.303,,890.479,,,,,,,,,,,,,,,,,,613.0891069,,345.881036,,,,,,,,,,,,,,5723.325114,,,,,,,,,
514,,,1354.21276,,,,,,,,,,208.2557498,,,,,,,720.1053481,1129.072,,,,,,,,,,,,,,,,,,,,,,,,,,,,,,,,,,78290.712,,,,,,,998.75,655.313,500.904,,745.328,,,,,,,,,,,,,,,,,,659.9484174,,706.211849,,,,,,,,,,,,,,7265.705918,,,,,,,,,
513,,,549.1364607,,,,,,,,,,903.7527772,,,,,,,1101.40671,640.424,,,,,,,,,,,,,,,,,,,,,,,,,,,,,,,,,,67666.115,,,,,,,669.018,630.083,492.048,,796.573,,,,,,,,,,,,,,,,,,535.5114718,,568.849417,,,,,,,,,,,,,,3755.153441,,,,,,,,,
512,,,801.9121468,,,,,,,,,,685.8653956,,,,,,,1549.938854,1142.196,,,,,,,,,,,,,,,,,,,,,,,,,,,,,,,,,,51061.932,,,,,,,508.878,789.206,677.268,,602.101,,,,,,,,,,,,,,,,,,948.6637251,,759.627182,,,,,,,,,,,,,,10229.9033,,,,,,,,,
511,,,1304.878718,,,,,,,,,,800.1918096,,,,,,,971.6302955,3503.156,,,,,,,,,,,,,,,,,,,,,,,,,,,,,,,,,,84079.812,,,,,,,419.152,867.477,853.119,,631.886,,,,,,,,,,,,,,,,,,808.7752794,,633.325648,,,,,,,,,,,,,,3936.928801,,,,,,,,,
510,,,,,,,,,,,,,569.4636801,,,,,,,1608.731892,3449.164,,,,,,,,,,,,,,,,,,,,,,,,,,,,,,,,,,69038.709,,,,,,,412.93,701.365,826.605,,1450.844,,,,,,,,,,,,,,,,,,392.2581158,,887.216056,,,,,,,,,,,,,,4481.22273,,,,,,,,,
509,,,1646.161547,,,,,,,,,,1013.515166,,,,,,,1428.639182,895.356,,,,,,,,,,,,,,,,,,,,,,,,,,,,,,,,,,94140.334,,,,,,,571.88,659.779,664.119,,1585.117,,,,,,,,,,,,,,,,,,483.8590629,,1833.567896,,,,,,,,,,,,,,3891.073651,,,,,,,,,
508,,,1245.963088,,,,,,,,,,383.1943336,,,,,,,782.2658352,830.892,,,,,,,,,,,,,,,,,,,,,,,,,,,,,,,,,,49506.028,,,,,,,895.016,424.792,368.226,,1024.456,,,,,,,,,,,,,,,,,,599.440127,,994.442711,,,,,,,,,,,,,,4889.506699,,,,,,,,,
507,,,786.8935632,,,,,,,,,,,,,,,,,789.1713209,784.244,,,,,,,,,,,,,,,,,,,,,,,,,,,,,,,,,,73586.016,,,,,,,759.254,805.765,324.162,,1015.354,,,,,,,,,,,,,,,,,,366.5801025,,518.130045,,,,,,,,,,,,,,3644.798928,,,,,,,,,
506,,,845.1852765,,,,,,,,,,,,,,,,,1840.658244,1041.08,,,,,,,,,,,,,,,,,,,,,,,,,,,,,,,,,,72797.76,,,,,,,692.138,963.786,403.65,,860.657,,,,,,,,,,,,,,,,,,320.4996197,,381.594017,,,,,,,,,,,,,,3830.260738,,,,,,,,,
505,,,1646.919161,,,,,,,,,,150.389316,,,,,,,1000.197474,1232.568,,,,,,,,,,,,,,,,,,,,,,,,,,,,,,,,,,100775.558,,,,,,,787.508,919.851,322.893,,549.709,,,,,,,,,,,,,,,,,,687.6345534,,659.314793,,,,,,,,,,,,,,2967.68547,,,,,,,,,
504,,,930.3945698,,,,,,,,,,1198.285847,,,,,,,547.2505079,1603.168,,,,,,,,,,,,,,,,,,,,,,,,,,,,,,,,,,88322.07,,,,,,,518.568,646.961,545.805,,597.55,,,,,,,,,,,,,,,,,,797.6482489,,366.617063,,,,,,,,,,,,,,3484.729563,,,,,,,,,
503,,,506.1307242,,,,,,,,,,399.478015,,,,,,,863.6031531,1106.768,,,,,,,,,,,,,,,,,,,,,,,,,,,,,,,,,,72434.912,,,,,,,384.642,342.867,633.15,,771.265,,,,,,,,,,,,,,,,,,425.3453326,,1011.181731,,,,,,,,,,,,,,3346.494906,,,,,,,,,
502,,,740.1443222,,,,,,,,,,328.1346388,,,,,,,1213.710932,1016.872,,,,,,,,,,,,,,,,,,,,,,,,,,,,,,,,,,43441.848,,,,,,,649.298,572.141,571.86,,992.71,,,,,,,,,,,,,,,,,,791.7550063,,502.414175,,,,,,,,,,,,,,9198.570324,,,,,,,,,
501,,,1506.983397,,,,,,,,,,2328.416839,,,,,,,1425.636067,1022.72,,,,,,,,,,,,,,,,,,,,,,,,,,,,,,,,,,67596.54,,,,,,,820.25,629.474,775.818,,1314.647,,,,,,,,,,,,,,,,,,453.4648114,,877.345154,,,,,,,,,,,,,,7236.79069,,,,,,,,,
500,,,1651.197452,,,,,,,,,,373.5179391,,,,,,,1508.689388,1220.328,,,,,,,,,,,,,,,,,,,,,,,,,,,,,,,,,,46206.816,,,,,,,907.494,439.553,900.909,,707.181,,,,,,,,,,,,,,,,,,1075.813128,,349.582514,,,,,,,,,,,,,,5394.894989,,,,,,,,,
499,,,1875.317502,,,,,,,,,,604.3789239,,,,,,,1240.135969,1134.92,,,,,,,,,,,,,,,,,,,,,,,,,,,,,,,,,,41773.704,,,,,,,772.106,340.431,598.347,,1036.999,,,,,,,,,,,,,,,,,,560.2108006,,579.483886,,,,,,,,,,,,,,5632.96571,,,,,,,,,
498,,,752.8009328,,,,,,,,,,125.9733884,,,,,,,1456.131271,467.772,,,,,,,,,,,,,,,,,,,,,,,,,,,,,,,,,,70107.818,,,,,,,501.398,440.191,344.466,,1043.955,,,,,,,,,,,,,,,,,,654.5152556,,277.276542,,,,,,,,,,,,,,3023.207803,,,,,,,,,
497,,,903.0758999,,,,,,,,,,621.4871499,,,,,,,944.8395781,616.42,,,,,,,,,,,,,,,,,,,,,,,,,,,,,,,,,,55506.36,,,,,,,488.988,369.605,443.124,,1278.387,,,,,,,,,,,,,,,,,,1052.608579,,198.821539,,,,,,,,,,,,,,4221.625084,,,,,,,,,
496,,,900.4910992,,,,,,,,,,741.8065821,,,,,,,791.6626512,483.14,,,,,,,,,,,,,,,,,,,,,,,,,,,,,,,,,,56756.318,,,,,,,703.426,435.435,372.195,,1569.244,,,,,,,,,,,,,,,,,,1374.28921,,729.929556,,,,,,,,,,,,,,6174.532325,,,,,,,,,
495,,,493.919769,,,,,,,,,,748.8597603,,,,,,,1275.416496,424.524,,,,,,,,,,,,,,,,,,,,,,,,,,,,,,,,,,46357.696,,,,,,,958.902,550.42,666.846,,838.087,,,,,,,,,,,,,,,,,,1006.424409,,1168.457997,,,,,,,,,,,,,,4265.877024,,,,,,,,,
494,,,223.0950432,,,,,,,,,,318.7797824,,,,,,,847.5149182,1806.148,,,,,,,,,,,,,,,,,,,,,,,,,,,,,,,,,,32958.816,,,,,,,1148.01,652.413,898.371,,409.516,,,,,,,,,,,,,,,,,,588.520987,,707.284113,,,,,,,,,,,,,,7352.497705,,,,,,,,,
493,,,752.2215809,,,,,,,,,,887.785023,,,,,,,419.6167638,1549.176,,,,,,,,,,,,,,,,,,,,,,,,,,,,,,,,,,76089.888,,,,,,,972.57,599.227,810.54,,726.199,,,,,,,,,,,,,,,,,,1047.144136,,651.251649,,,,,,,,,,,,,,4332.491653,,,,,,,,,
492,,,699.5451244,,,,,,,,,,2562.74866,,,,,,,1651.60246,942.684,,,,,,,,,,,,,,,,,,,,,,,,,,,,,,,,,,79225.202,,,,,,,763.912,634.607,704.268,,745.92,,,,,,,,,,,,,,,,,,966.0703972,,1089.528092,,,,,,,,,,,,,,5856.447716,,,,,,,,,
491,,,1386.6119,,,,,,,,,,733.6400399,,,,,,,2060.262059,1098.268,,,,,,,,,,,,,,,,,,,,,,,,,,,,,,,,,,41795.6,,,,,,,1035.266,667.58,557.901,,700.188,,,,,,,,,,,,,,,,,,520.1661376,,1682.491353,,,,,,,,,,,,,,2526.964754,,,,,,,,,
490,,,656.4948224,,,,,,,,,,776.3842657,,,,,,,550.3069367,1532.108,,,,,,,,,,,,,,,,,,,,,,,,,,,,,,,,,,41649.504,,,,,,,689.724,745.909,444.501,,870.647,,,,,,,,,,,,,,,,,,756.2951614,,1763.250793,,,,,,,,,,,,,,4620.163996,,,,,,,,,
489,,,1468.969,,,,,,,,,,842.048904,,,,,,,505.2998555,1658.996,,,,,,,,,,,,,,,,,,,,,,,,,,,,,,,,,,58434.628,,,,,,,376.414,644.061,395.982,,1090.094,,,,,,,,,,,,,,,,,,977.0922044,,876.903398,,,,,,,,,,,,,,4256.580662,,,,,,,,,
488,,,675.9253935,,,,,,,,,,621.1090455,,,,,,,1145.012027,1214.956,,,,,,,,,,,,,,,,,,,,,,,,,,,,,,,,,,48213.06,,,,,,,,839.956,554.229,,974.728,,,,,,,,,,,,,,,,,,500.0476501,,1026.997187,,,,,,,,,,,,,,2539.647872,,,,,,,,,
487,,,1192.439886,,,,,,,,,,497.2425008,,,,,,,790.0259002,1220.804,,,,,,,,,,,,,,,,,,,,,,,,,,,,,,,,,,47267.99,,,,,,,387.906,1289.021,705.726,,646.279,,,,,,,,,,,,,,,,,,325.1563974,,436.619466,,,,,,,,,,,,,,2826.904736,,,,,,,,,
486,,,1001.788549,,,,,,,,,,511.3091535,,,,,,,1349.276069,854.284,,,,,,,,,,,,,,,,,,,,,,,,,,,,,,,,,,40302.463,,,,,,,817.666,783.116,767.205,,1008.62,,,,,,,,,,,,,,,,,,403.1181922,,438.146887,,,,,,,,,,,,,,5096.572195,,,,,,,,,
485,,,718.5746057,,,,,,,,,,1671.724463,,,,,,,1487.889349,877.744,,,,,,,,,,,,,,,,,,,,,,,,,,,,,,,,,,44849.448,,,,,,,674.016,595.08,654.048,,934.953,,,,,,,,,,,,,,,,,,475.8149482,,160.271777,,,,,,,,,,,,,,2735.466802,,,,,,,,,
484,,,1027.324598,,,,,,,,,,1033.751746,,,,,,,888.7910536,507.892,,,,,,,,,,,,,,,,,,,,,,,,,,,,,,,,,,40563.72,,,,,,,615.196,578.376,495.45,,676.212,,,,,,,,,,,,,,,,,,906.8906979,,234.778283,,,,,,,,,,,,,,5382.074799,,,,,,,,,
483,,,833.9101974,,,,,,,,,,880.825919,,,,,,,226.1379735,1933.784,,,,,,,,,,,,,,,,,,,,,,,,,,,,,,,,,,20391.34,,,,,,,742.56,577.593,531.171,,880.304,,,,,,,,,,,,,,,,,,525.5982985,,139.695448,,,,,,,,,,,,,,6202.421127,,,,,,,,,
482,,,965.3339453,,,,,,,,,,828.4280832,,,,,,,607.8514848,1120.64,,,,,,,,,,,,,,,,,,,,,,,,,,,,,,,,,,70504.2,,,,,,,1089.938,262.653,554.418,,1729.972,,,,,,,,,,,,,,,,,,1677.823187,,586.928139,,,,,,,,,,,,,,4524.647315,,,,,,,,,
481,,,544.2342524,,,,,,,,,,454.3753757,,,,,,,710.7306475,963.424,,,,,,,,,,,,,,,,,,,,,,,,,,,,,,,,,,26924.513,,,,,,,1292.068,304.355,611.172,,1894.141,,,,,,,,,,,,,,,,,,1897.328484,,1359.330495,,,,,,,,,,,,,,5943.403911,,,,,,,,,
480,,,991.9395667,,,,,,,,,,1084.038296,,,,,,,1015.125462,824.092,,,,,,,,,,,,,,,,,,,,,,,,,,,,,,,,,,70755.705,,,,,,,1100.58,561.527,715.176,,1211.158,,,,,,,,,,,,,,,,,,1043.741374,,578.811075,,,,,,,,,,,,,,7037.43126,,,,,,,,,
479,,,752.0433188,,,,,,,,,,668.6098494,,,,,,,1234.193749,1241.816,,,,,,,,,,,,,,,,,,,,,,,,,,,,,,,,,,57003.66,,,,,,,693.328,522.29,894.699,,861.397,,,,,,,,,,,,,,,,,,778.118872,,1014.247663,,,,,,,,,,,,,,4249.103874,,,,,,,,,
478,,,562.3278575,,,,,,,,,,312.315668,,,,,,,803.8709449,932.348,,,,,,,,,,,,,,,,,,,,,,,,,,,,,,,,,,51569.358,,,,,,,417.452,880.063,771.957,,304.954,,,,,,,,,,,,,,,,,,628.014001,,1244.218128,,,,,,,,,,,,,,5665.894353,,,,,,,,,
477,,,637.2425135,,,,,,,,,,439.7977661,,,,,,,811.3332041,495.584,,,,,,,,,,,,,,,,,,,,,,,,,,,,,,,,,,36669.36,,,,,,,307.326,833.489,967.248,,184.741,,,,,,,,,,,,,,,,,,1190.096301,,521.653396,,,,,,,,,,,,,,3988.731984,,,,,,,,,
476,,,789.5229295,,,,,,,,,,516.8581967,,,,,,,936.5028531,477.632,,,,,,,,,,,,,,,,,,,,,,,,,,,,,,,,,,65354.454,,,,,,,290.02,,1091.475,,511.155,,,,,,,,,,,,,,,,,,1199.214188,,687.902524,,,,,,,,,,,,,,3037.419918,,,,,,,,,
475,,,472.0826593,,,,,,,,,,489.2996873,,,,,,,885.058953,750.856,,,,,,,,,,,,,,,,,,,,,,,,,,,,,,,,,,48660.249,,,,,,,376.618,618.512,680.913,,1069.596,,,,,,,,,,,,,,,,,,748.1929456,,430.633367,,,,,,,,,,,,,,2863.673848,,,,,,,,,
474,,,374.9743694,,,,,,,,,,294.1071474,,,,,,,1245.848083,666.604,,,,,,,,,,,,,,,,,,,,,,,,,,,,,,,,,,44530.668,,,,,,,529.21,491.956,347.868,,1138.046,,,,,,,,,,,,,,,,,,1593.927762,,193.932261,,,,,,,,,,,,,,3312.836231,,,,,,,,,
473,,,898.8867401,,,,,,,,,,949.7606812,,,,,,,1420.51415,774.384,,,,,,,,,,,,,,,,,,,,,,,,,,,,,,,,,,47480.648,,,,,,,557.362,786.161,349.731,,802.789,,,,,,,,,,,,,,,,,,757.6772347,,411.512377,,,,,,,,,,,,,,2678.357771,,,,,,,,,
472,,,240.2082067,,,,,,,,,,1485.261832,,,,,,,987.8096397,1765.96,,,,,,,,,,,,,,,,,,,,,,,,,,,,,,,,,,52665.837,,,,,,,662.388,705.541,615.465,,661.56,,,,,,,,,,,,,,,,,,836.7839469,,694.778093,,,,,,,,,,,,,,5194.668946,,,,,,,,,
471,,,516.6927548,,,,,,,,,,1265.935811,,,,,,,959.5814942,768.672,,,,,,,,,,,,,,,,,,,,,,,,,,,,,,,,,,39577.71,,,,,,,754.46,358.411,847.773,,1376.289,,,,,,,,,,,,,,,,,,1178.329081,,745.990621,,,,,,,,,,,,,,3409.865195,,,,,,,,,
470,,,1717.109871,,,,,,,,,,603.1564181,,,,,,,783.9231896,879.376,,,,,,,,,,,,,,,,,,,,,,,,,,,,,,,,,,53515.802,,,,,,,699.55,348.812,550.233,,1605.578,,,,,,,,,,,,,,,,,,893.4724033,,1456.79266,,,,,,,,,,,,,,4569.954581,,,,,,,,,
469,,,987.2156206,,,,,,,,,,712.965978,,,,,,,499.80836,702.372,,,,,,,,,,,,,,,,,,,,,,,,,,,,,,,,,,72653.504,,,,,,,705.33,810.405,292.572,,943.648,,,,,,,,,,,,,,,,,,977.454056,,530.828727,,,,,,,,,,,,,,4191.400581,,,,,,,,,
468,,,1035.524655,,,,,,,,,,545.2205446,,,,,,,2322.812867,644.164,,,,,,,,,,,,,,,,,,,,,,,,,,,,,,,,,,54186.114,,,,,,,634.44,715.024,373.626,,748.769,,,,,,,,,,,,,,,,,,1041.746617,,965.224066,,,,,,,,,,,,,,6650.691108,,,,,,,,,
467,,,1204.07149,,,,,,,,,,731.3672465,,,,,,,1276.455469,463.352,,,,,,,,,,,,,,,,,,,,,,,,,,,,,,,,,,33302.85,,,,,,,854.08,709.717,669.789,,544.085,,,,,,,,,,,,,,,,,,584.8062828,,412.169461,,,,,,,,,,,,,,1573.181889,,,,,,,,,
466,,,466.6456646,,,,,,,,,,467.7844859,,,,,,,1226.100977,690.948,,,,,,,,,,,,,,,,,,,,,,,,,,,,,,,,,,78885.492,,,,,,,1141.72,380.886,822.609,,674.399,,,,,,,,,,,,,,,,,,776.360309,,479.768286,,,,,,,,,,,,,,4337.973885,,,,,,,,,
465,,,811.3600392,,,,,,,,,,372.6909226,,,,,,,769.9283275,741.404,,,,,,,,,,,,,,,,,,,,,,,,,,,,,,,,,,70428.668,,,,,,,846.396,72.094,932.418,,486.661,,,,,,,,,,,,,,,,,,1294.642812,,969.463047,,,,,,,,,,,,,,4843.042578,,,,,,,,,
464,,,886.3638262,,,,,,,,,,1108.082697,,,,,,,729.1157933,644.504,,,,,,,,,,,,,,,,,,,,,,,,,,,,,,,,,,46363.262,,,,,,,477.224,266.626,733.023,,522.514,,,,,,,,,,,,,,,,,,878.2337164,,725.172188,,,,,,,,,,,,,,7678.561832,,,,,,,,,
463,,,1216.995493,,,,,,,,,,,,,,,,,746.8524375,1249.364,,,,,,,,,,,,,,,,,,,,,,,,,,,,,,,,,,51521.288,,,,,,,636.718,249.835,742.527,,1429.606,,,,,,,,,,,,,,,,,,513.9426533,,1125.726027,,,,,,,,,,,,,,6379.279147,,,,,,,,,
462,,,1004.908136,,,,,,,,,,,,,,,,,937.3811044,779.552,,,,,,,,,,,,,,,,,,,,,,,,,,,,,,,,,,60813.012,,,,,,,453.526,376.13,815.157,,1135.012,,,,,,,,,,,,,,,,,,883.5978045,,1409.663721,,,,,,,,,,,,,,8193.526319,,,,,,,,,
461,,,979.0601286,,,,,,,,,,,,,,,,,3236.374255,476.204,,,,,,,,,,,,,,,,,,,,,,,,,,,,,,,,,,63842.48,,,,,,,246.602,758.93,689.148,,476.079,,,,,,,,,,,,,,,,,,1077.788105,,821.333848,,,,,,,,,,,,,,5682.009415,,,,,,,,,
460,,,692.7711639,,,,,,,,,,,,,,,,,1930.461251,463.148,,,,,,,,,,,,,,,,,,,,,,,,,,,,,,,,,,43887.197,,,,,,,212.602,623.558,764.154,,412.365,,,,,,,,,,,,,,,,,,839.6067967,,619.041168,,,,,,,,,,,,,,3416.645116,,,,,,,,,
459,,,520.9264802,,,,,,,,,,,,,,,,,1942.040617,428.876,,,,,,,,,,,,,,,,,,,,,,,,,,,,,,,,,,64721.448,,,,,,,291.516,453.183,768.393,,476.264,,,,,,,,,,,,,,,,,,1008.218567,,354.416311,,,,,,,,,,,,,,6715.552102,,,,,,,,,
458,,,959.9415162,,,,,,,,,,,,,,,,,1082.479841,1102.892,,,,,,,,,,,,,,,,,,,,,,,,,,,,,,,,,,50386.238,,,,,,,622.506,557.96,785.565,,854.811,,,,,,,,,,,,,,,,,,1611.868311,,849.478565,,,,,,,,,,,,,,6870.450669,,,,,,,,,
457,,,684.6602374,,,,,,,,,,,,,,,,,416.8216928,1071.204,,,,,,,,,,,,,,,,,,,,,,,,,,,,,,,,,,34213.098,,,,,,,822.324,418.441,377.055,,680.837,,,,,,,,,,,,,,,,,,766.6228589,,320.100935,,,,,,,,,,,,,,7003.159297,,,,,,,,,
456,,,1770.276548,,,,,,,,,,,,,,,,,1016.348923,956.896,,,,,,,,,,,,,,,,,,,,,,,,,,,,,,,,,,34815.583,,,,,,,840.684,596.849,350.244,,891.293,,,,,,,,,,,,,,,,,,394.6683355,,855.231906,,,,,,,,,,,,,,2777.511849,,,,,,,,,
455,,,865.2843305,,,,,,,,,,,,,,,,,1183.063179,871.624,,,,,,,,,,,,,,,,,,,,,,,,,,,,,,,,,,42274.644,,,,,,,784.108,868.579,454.113,,1297.775,,,,,,,,,,,,,,,,,,631.3244096,,1812.508525,,,,,,,,,,,,,,4319.161583,,,,,,,,,
454,,,749.1465593,,,,,,,,,,,,,,,,,1084.541053,1755.624,,,,,,,,,,,,,,,,,,,,,,,,,,,,,,,,,,58677.301,,,,,,,763.164,623.268,475.74,,956.043,,,,,,,,,,,,,,,,,,816.596469,,411.599684,,,,,,,,,,,,,,6995.127934,,,,,,,,,
453,,,1113.469767,,,,,,,,,,,,,,,,,1058.406373,968.864,,,,,,,,,,,,,,,,,,,,,,,,,,,,,,,,,,18218.76,,,,,,,690.234,765.078,608.499,,956.302,,,,,,,,,,,,,,,,,,399.8202226,,291.820597,,,,,,,,,,,,,,3930.360632,,,,,,,,,
452,,,855.5690449,,,,,,,,,,,,,,,,,436.4935765,1389.58,,,,,,,,,,,,,,,,,,,,,,,,,,,,,,,,,,27067.159,,,,,,,572.526,639.16,860.409,,1014.688,,,,,,,,,,,,,,,,,,1041.409059,,706.845537,,,,,,,,,,,,,,13739.77841,,,,,,,,,
451,,,1314.727701,,,,,,,,,,,,,,,,,1660.886805,1140.972,,,,,,,,,,,,,,,,,,,,,,,,,,,,,,,,,,52849.906,,,,,,,622.778,422.24,798.201,,1207.717,,,,,,,,,,,,,,,,,,443.0110981,,1025.180013,,,,,,,,,,,,,,5204.770323,,,,,,,,,
450,,,1389.063005,,,,,,,,,,,,,,,,,1326.935932,937.108,,,,,,,,,,,,,,,,,,,,,,,,,,,,,,,,,,41846.246,,,,,,,613.292,783.29,535.221,,1230.028,,,,,,,,,,,,,,,,,,652.9518858,,751.073797,,,,,,,,,,,,,,3164.114986,,,,,,,,,
449,,,2350.074093,,,,,,,,,,,,,,,,,910.7367012,2177.292,,,,,,,,,,,,,,,,,,,,,,,,,,,,,,,,,,40249.264,,,,,,,686.46,694.579,491.67,,735.93,,,,,,,,,,,,,,,,,,901.9157124,,991.983607,,,,,,,,,,,,,,3450.282566,,,,,,,,,
448,,,1495.440925,,,,,,,,,,,,,,,,,1066.983877,392.156,,,,,,,,,,,,,,,,,,,,,,,,,,,,,,,,,,31032.75,,,,,,,768.944,532.585,819.666,,723.313,,,,,,,,,,,,,,,,,,775.5298937,,690.116194,,,,,,,,,,,,,,4665.826128,,,,,,,,,
447,,,1041.763829,,,,,,,,,,,,,,,,,1490.008137,482.596,,,,,,,,,,,,,,,,,,,,,,,,,,,,,,,,,,41057.093,,,,,,,717.706,572.866,949.914,,620.527,,,,,,,,,,,,,,,,,,532.2018927,,318.98522,,,,,,,,,,,,,,4743.676902,,,,,,,,,
446,,,878.2083342,,,,,,,,,,,,,,,,,563.375184,1470.772,,,,,,,,,,,,,,,,,,,,,,,,,,,,,,,,,,62090.8,,,,,,,541.756,679.035,839.079,,598.142,,,,,,,,,,,,,,,,,,1415.827722,,298.255175,,,,,,,,,,,,,,4643.605035,,,,,,,,,
445,,,957.3121499,,,,,,,,,,,,,,,,,883.7744042,613.156,,,,,,,,,,,,,,,,,,,,,,,,,,,,,,,,,,51480.256,,,,,,,499.766,357.686,569.214,,1192.917,,,,,,,,,,,,,,,,,,655.6020963,,1977.11989,,,,,,,,,,,,,,4150.523106,,,,,,,,,
444,,,477.5642195,,,,,,,,,,,,,,,,,353.5048532,1190.204,,,,,,,,,,,,,,,,,,,,,,,,,,,,,,,,,,23193.522,,,,,,,721.684,513.822,699.462,,1407.036,,,,,,,,,,,,,,,,,,550.3036858,,1037.70771,,,,,,,,,,,,,,3912.66139,,,,,,,,,
443,,,786.4033424,,,,,,,,,,,,,,,,,697.8038692,1358.776,,,,,,,,,,,,,,,,,,,,,,,,,,,,,,,,,,68483.052,,,,,,,975.324,480.037,946.647,,1090.094,,,,,,,,,,,,,,,,,,1019.635605,,683.872766,,,,,,,,,,,,,,9312.694189,,,,,,,,,
442,,,1338.391997,,,,,,,,,,,,,,,,,752.9015554,1088.136,,,,,,,,,,,,,,,,,,,,,,,,,,,,,,,,,,71075.589,,,,,,,1332.97,554.944,937.008,,690.975,,,,,,,,,,,,,,,,,,1557.688321,,980.096837,,,,,,,,,,,,,,6744.264467,,,,,,,,,
441,,,576.7670893,,,,,,,,,,,,,,,,,1137.697251,501.432,,,,,,,,,,,,,,,,,,,,,,,,,,,,,,,,,,52804.78,,,,,,,1568.08,727.958,825.552,,1187.293,,,,,,,,,,,,,,,,,,465.1403034,,340.924036,,,,,,,,,,,,,,3850.588958,,,,,,,,,
440,,,702.709277,,,,,,,,,,,,,,,,,1329.819729,340.544,,,,,,,,,,,,,,,,,,,,,,,,,,,,,,,,,,67916.355,,,,,,,1520.412,877.105,573.345,,871.683,,,,,,,,,,,,,,,,,,1138.605446,,406.417262,,,,,,,,,,,,,,5870.318435,,,,,,,,,
439,,,783.1500587,,,,,,,,,,,,,,,,,801.693101,,,,,,,,,,,,,,,,,,,,,,,,,,,,,,,,,,,81297.87,,,,,,,940.168,809.013,547.533,,1012.764,,,,,,,,,,,,,,,,,,1033.118528,,1445.691873,,,,,,,,,,,,,,4954.107848,,,,,,,,,
438,,,1529.221596,,,,,,,,,,,,,,,,,1319.269617,1378.428,,,,,,,,,,,,,,,,,,,,,,,,,,,,,,,,,,40292.504,,,,,,,770.882,1014.739,762.453,,1518.702,,,,,,,,,,,,,,,,,,665.9064082,,1574.047865,,,,,,,,,,,,,,4383.048984,,,,,,,,,
437,,,625.5217791,,,,,,,,,,,,,,,,,561.5117045,755.208,,,,,,,,,,,,,,,,,,,,,,,,,,,,,,,,,,66924.457,,,,,,,975.834,857.646,743.931,,881.636,,,,,,,,,,,,,,,,,,959.7857113,,959.856401,,,,,,,,,,,,,,7229.915935,,,,,,,,,
436,,,611.973858,,,,,,,,,,,,,,,,,1381.050559,299.54,,,,,,,,,,,,,,,,,,,,,,,,,,,,,,,,,,58685.88,,,,,,,940.1,963.322,698.814,,505.124,,,,,,,,,,,,,,,,,,962.59643,,578.9352,,,,,,,,,,,,,,5186.522309,,,,,,,,,
435,,,473.1076665,,,,,,,,,,,,,,,,,1546.531665,1016.192,,,,,,,,,,,,,,,,,,,,,,,,,,,,,,,,,,51164.88,,,,,,,1005.958,395.154,677.754,,598.475,,,,,,,,,,,,,,,,,,618.5188909,,535.51124,,,,,,,,,,,,,,4722.385343,,,,,,,,,
434,,,932.4891497,,,,,,,,,,,,,,,,,1185.080651,1107.176,,,,,,,,,,,,,,,,,,,,,,,,,,,,,,,,,,68106.036,,,,,,,868.87,261.58,679.374,,281.496,,,,,,,,,,,,,,,,,,1231.400377,,769.485742,,,,,,,,,,,,,,3277.887953,,,,,,,,,
433,,,1058.832427,,,,,,,,,,,,,,,,,536.9817898,1345.584,,,,,,,,,,,,,,,,,,,,,,,,,,,,,,,,,,55029.225,,,,,,,926.908,572.402,980.289,,289.784,,,,,,,,,,,,,,,,,,1608.18605,,332.516285,,,,,,,,,,,,,,3435.022564,,,,,,,,,
432,,,740.8573707,,,,,,,,,,,,,,,,,400.5051396,537.132,,,,,,,,,,,,,,,,,,,,,,,,,,,,,,,,,,67745.856,,,,,,,900.184,786.886,1080.567,,525.289,,,,,,,,,,,,,,,,,,607.7907834,,462.569449,,,,,,,,,,,,,,5184.369325,,,,,,,,,
431,,,923.3532161,,,,,,,,,,,,,,,,,742.8786646,1589.568,,,,,,,,,,,,,,,,,,,,,,,,,,,,,,,,,,57332.376,,,,,,,974.882,317.463,946.431,,483.627,,,,,,,,,,,,,,,,,,801.4114954,,380.040398,,,,,,,,,,,,,,4880.839726,,,,,,,,,
430,,,643.7936464,,,,,,,,,,,,,,,,,934.7980397,2498.048,,,,,,,,,,,,,,,,,,,,,,,,,,,,,,,,,,62072.469,,,,,,,769.964,390.05,536.49,,686.942,,,,,,,,,,,,,,,,,,653.0390197,,524.36586,,,,,,,,,,,,,,9815.033816,,,,,,,,,
429,,,217.2569588,,,,,,,,,,,,,,,,,203.0462716,871.352,,,,,,,,,,,,,,,,,,,,,,,,,,,,,,,,,,106603.068,,,,,,,436.56,538.994,474.714,,834.091,,,,,,,,,,,,,,,,,,1569.301516,,547.467942,,,,,,,,,,,,,,3404.26513,,,,,,,,,
428,,,1052.236729,,,,,,,,,,,,,,,,,603.9432717,410.788,,,,,,,,,,,,,,,,,,,,,,,,,,,,,,,,,,53873.82,,,,,,,435.574,669.668,552.825,,1182.816,,,,,,,,,,,,,,,,,,867.8311086,,426.342161,,,,,,,,,,,,,,4850.13936,,,,,,,,,
427,,,368.0221467,,,,,,,,,,,,,,,,,1133.837664,715.292,,,,,,,,,,,,,,,,,,,,,,,,,,,,,,,,,,93891.681,,,,,,,530.774,1080.627,505.737,,1068.153,,,,,,,,,,,,,,,,,,404.6971254,,952.232075,,,,,,,,,,,,,,5535.541225,,,,,,,,,
426,,,1116.589354,,,,,,,,,,,,,,,,,523.8304928,755.208,,,,,,,,,,,,,,,,,,,,,,,,,,,,,,,,,,64582.252,,,,,,,553.384,1051.25,644.49,,1403.595,,,,,,,,,,,,,,,,,,696.117889,,673.891066,,,,,,,,,,,,,,6599.669354,,,,,,,,,
425,,,1135.262311,,,,,,,,,,,,,,,,,570.0017965,1154.096,,,,,,,,,,,,,,,,,,,,,,,,,,,,,,,,,,49908.896,,,,,,,561.51,716.358,780.921,,1465.496,,,,,,,,,,,,,,,,,,1257.13078,,224.58526,,,,,,,,,,,,,,5047.67022,,,,,,,,,
424,,,592.1867626,,,,,,,,,,,,,,,,,807.1753846,1105.136,,,,,,,,,,,,,,,,,,,,,,,,,,,,,,,,,,35735.56,,,,,,,534.684,759.568,521.019,,946.164,,,,,,,,,,,,,,,,,,745.7516981,,549.367641,,,,,,,,,,,,,,3429.295296,,,,,,,,,
423,,,645.7990952,,,,,,,,,,,,,,,,,1060.196997,1495.32,,,,,,,,,,,,,,,,,,,,,,,,,,,,,,,,,,64623.79,,,,,,,902.666,541.807,449.685,,699.189,,,,,,,,,,,,,,,,,,733.5083069,,1152.570642,,,,,,,,,,,,,,7367.05335,,,,,,,,,
422,,,597.4454952,,,,,,,,,,,,,,,,,1950.672844,433.704,,,,,,,,,,,,,,,,,,,,,,,,,,,,,,,,,,46203.987,,,,,,,1019.048,350.755,733.32,,913.9,,,,,,,,,,,,,,,,,,762.8759948,,1199.464321,,,,,,,,,,,,,,10092.60952,,,,,,,,,
421,,,1526.503099,,,,,,,,,,,,,,,,,2905.989826,1109.828,,,,,,,,,,,,,,,,,,,,,,,,,,,,,,,,,,51886.62,,,,,,,806.65,585.481,783.648,,1616.863,,,,,,,,,,,,,,,,,,782.4980152,,473.651127,,,,,,,,,,,,,,4682.324797,,,,,,,,,
420,,,805.209996,,,,,,,,,,,,,,,,,1907.054327,1334.568,,,,,,,,,,,,,,,,,,,,,,,,,,,,,,,,,,33341.95,,,,,,,1128.256,832.532,517.779,,1431.789,,,,,,,,,,,,,,,,,,380.6502576,,54.153523,,,,,,,,,,,,,,3737.692193,,,,,,,,,
419,,,494.0534656,,,,,,,,,,,,,,,,,1118.656655,1785.272,,,,,,,,,,,,,,,,,,,,,,,,,,,,,,,,,,51243.08,,,,,,,1010.922,651.166,550.692,,478.817,,,,,,,,,,,,,,,,,,1120.356958,,529.546897,,,,,,,,,,,,,,3142.803432,,,,,,,,,
418,,,520.8819146,,,,,,,,,,,,,,,,,1910.877169,1138.524,,,,,,,,,,,,,,,,,,,,,,,,,,,,,,,,,,48624.668,,,,,,,1333.616,314.447,733.563,,247.53,,,,,,,,,,,,,,,,,,627.0460553,,547.705,,,,,,,,,,,,,,5278.416276,,,,,,,,,
417,,,1740.640471,,,,,,,,,,,,,,,,,1559.207992,760.512,,,,,,,,,,,,,,,,,,,,,,,,,,,,,,,,,,38395.28,,,,,,,608.566,176.987,693.846,,490.324,,,,,,,,,,,,,,,,,,565.1443171,,994.820832,,,,,,,,,,,,,,4079.358183,,,,,,,,,
416,,,1137.490588,,,,,,,,,,,,,,,,,1984.854968,721.616,,,,,,,,,,,,,,,,,,,,,,,,,,,,,,,,,,42137.288,,,,,,,490.586,398.605,452.898,,959.003,,,,,,,,,,,,,,,,,,452.5322673,,781.950391,,,,,,,,,,,,,,2432.707113,,,,,,,,,
415,,,1016.361477,,,,,,,,,,,,,,,,,1176.574196,441.864,,,,,,,,,,,,,,,,,,,,,,,,,,,,,,,,,,57192.582,,,,,,,579.972,567.559,434.376,,1431.345,,,,,,,,,,,,,,,,,,627.8109739,,818.630513,,,,,,,,,,,,,,7531.435651,,,,,,,,,
414,,,,,,,,,,,,,,,,,,,,870.4658813,,,,,,,,,,,,,,,,,,,,,,,,,,,,,,,,,,,41581.217,,,,,,,624.444,493.087,530.469,,2186.996,,,,,,,,,,,,,,,,,,468.8081742,,747.563159,,,,,,,,,,,,,,3128.807533,,,,,,,,,
413,,,994.1232777,,,,,,,,,,,,,,,,,993.9512734,,,,,,,,,,,,,,,,,,,,,,,,,,,,,,,,,,,54609.291,,,,,,,611.082,589.019,545.427,,1263.957,,,,,,,,,,,,,,,,,,760.6585796,,890.053142,,,,,,,,,,,,,,3600.036058,,,,,,,,,
412,,,500.0252466,,,,,,,,,,,,,,,,,1514.386914,,,,,,,,,,,,,,,,,,,,,,,,,,,,,,,,,,,52077.06,,,,,,,875.704,748.084,672.678,,1466.791,,,,,,,,,,,,,,,,,,734.8543674,,626.687026,,,,,,,,,,,,,,4828.312704,,,,,,,,,
411,,,624.1402477,,,,,,,,,,,,,,,,,1050.101812,1069.164,,,,,,,,,,,,,,,,,,,,,,,,,,,,,,,,,,111757.046,,,,,,,961.894,689.098,790.209,,1310.466,,,,,,,,,,,,,,,,,,475.7420807,,757.394812,,,,,,,,,,,,,,7465.018053,,,,,,,,,
410,,,1284.02205,,,,,,,,,,,,,,,,,822.0684066,1326.816,,,,,,,,,,,,,,,,,,,,,,,,,,,,,,,,,,45391.19,,,,,,,734.91,554.799,819.666,,1851.591,,,,,,,,,,,,,,,,,,192.5816011,,1026.997036,,,,,,,,,,,,,,4146.306751,,,,,,,,,
409,,,982.4471089,,,,,,,,,,,,,,,,,1113.45677,644.028,,,,,,,,,,,,,,,,,,,,,,,,,,,,,,,,,,31645.447,,,,,,,473.144,430.476,1084.023,,1500.72,,,,,,,,,,,,,,,,,,1058.301774,,721.125982,,,,,,,,,,,,,,5083.072761,,,,,,,,,
408,,,734.3508033,,,,,,,,,,,,,,,,,972.38463,881.484,,,,,,,,,,,,,,,,,,,,,,,,,,,,,,,,,,31875.608,,,,,,,557.396,476.093,1018.98,,1775.889,,,,,,,,,,,,,,,,,,676.7237685,,736.778837,,,,,,,,,,,,,,3406.205981,,,,,,,,,
407,,,717.6387296,,,,,,,,,,,,,,,,,273.1830709,665.244,,,,,,,,,,,,,,,,,,,,,,,,,,,,,,,,,,48526.389,,,,,,,854.182,496.683,901.881,,1135.752,,,,,,,,,,,,,,,,,,1269.712163,,580.163122,,,,,,,,,,,,,,2645.287466,,,,,,,,,
406,,,629.80007,,,,,,,,,,,,,,,,,571.8032618,978.996,,,,,,,,,,,,,,,,,,,,,,,,,,,,,,,,,,42294.47,,,,,,,942.208,659.605,566.244,,1001.109,,,,,,,,,,,,,,,,,,743.0744014,,745.835685,,,,,,,,,,,,,,7607.827408,,,,,,,,,
405,,,1169.042983,,,,,,,,,,,,,,,,,2482.181283,1571.752,,,,,,,,,,,,,,,,,,,,,,,,,,,,,,,,,,86779.023,,,,,,,904.842,664.999,373.68,,581.566,,,,,,,,,,,,,,,,,,682.9616177,,551.425062,,,,,,,,,,,,,,5423.447804,,,,,,,,,
404,,,1166.27992,,,,,,,,,,,,,,,,,1108.752944,947.172,,,,,,,,,,,,,,,,,,,,,,,,,,,,,,,,,,92347.07,,,,,,,818.006,533.339,591.273,,256.78,,,,,,,,,,,,,,,,,,487.6202526,,399.411263,,,,,,,,,,,,,,2760.465055,,,,,,,,,
403,,,964.7545934,,,,,,,,,,,,,,,,,1412.510429,449.412,,,,,,,,,,,,,,,,,,,,,,,,,,,,,,,,,,32785.35,,,,,,,862.852,459.94,653.724,,555.185,,,,,,,,,,,,,,,,,,607.8885891,,334.480235,,,,,,,,,,,,,,3858.938961,,,,,,,,,
402,,,1278.674187,,,,,,,,,,,,,,,,,1310.105941,666.536,,,,,,,,,,,,,,,,,,,,,,,,,,,,,,,,,,62518.324,,,,,,,793.424,699.103,674.352,,,,,,,,,,,,,,,,,,,,767.1664035,,704.400918,,,,,,,,,,,,,,4429.611809,,,,,,,,,
401,,,723.5659451,,,,,,,,,,,,,,,,,804.5689442,882.3,,,,,,,,,,,,,,,,,,,,,,,,,,,,,,,,,,116157.636,,,,,,,789.242,782.101,640.359,,544.936,,,,,,,,,,,,,,,,,,951.7820067,,908.585317,,,,,,,,,,,,,,3227.466074,,,,,,,,,
400,,,1761.006918,,,,,,,,,,,,,,,,,557.5098336,777.104,,,,,,,,,,,,,,,,,,,,,,,,,,,,,,,,,,84476.7,,,,,,,901.986,822.701,640.251,,609.464,,,,,,,,,,,,,,,,,,826.9919885,,983.558997,,,,,,,,,,,,,,3836.606545,,,,,,,,,
399,,,1357.733437,,,,,,,,,,,,,,,,,878.2535966,845.172,,,,,,,,,,,,,,,,,,,,,,,,,,,,,,,,,,22354.39,,,,,,,616.114,704.178,684.18,,981.869,,,,,,,,,,,,,,,,,,1637.849646,,633.596508,,,,,,,,,,,,,,7249.241085,,,,,,,,,
398,,,1658.550764,,,,,,,,,,,,,,,,,553.1485078,520.472,,,,,,,,,,,,,,,,,,,,,,,,,,,,,,,,,,28956.862,,,,,,,447.066,900.537,571.914,,1922.816,,,,,,,,,,,,,,,,,,764.2033517,,708.672364,,,,,,,,,,,,,,5821.022047,,,,,,,,,
397,,,540.4907478,,,,,,,,,,,,,,,,,1080.088447,750.108,,,,,,,,,,,,,,,,,,,,,,,,,,,,,,,,,,44360.284,,,,,,,701.284,822.005,566.703,,1481.295,,,,,,,,,,,,,,,,,,582.9126169,,809.060887,,,,,,,,,,,,,,3370.674736,,,,,,,,,
396,,,1053.395433,,,,,,,,,,,,,,,,,1241.856642,1457.308,,,,,,,,,,,,,,,,,,,,,,,,,,,,,,,,,,24816.402,,,,,,,1188.096,515.678,831.681,,1036.148,,,,,,,,,,,,,,,,,,620.2269435,,1488.179534,,,,,,,,,,,,,,3216.051253,,,,,,,,,
395,,,586.749768,,,,,,,,,,,,,,,,,1461.795146,1468.052,,,,,,,,,,,,,,,,,,,,,,,,,,,,,,,,,,31320.756,,,,,,,1845.52,544.04,766.638,,960.964,,,,,,,,,,,,,,,,,,583.1257133,,983.54827,,,,,,,,,,,,,,3113.661893,,,,,,,,,
394,,,186.0610878,,,,,,,,,,,,,,,,,766.8141891,2030.956,,,,,,,,,,,,,,,,,,,,,,,,,,,,,,,,,,41026.227,,,,,,,1947.248,642.756,737.478,,758.389,,,,,,,,,,,,,,,,,,568.4985408,,631.935712,,,,,,,,,,,,,,5162.635156,,,,,,,,,
393,,,2340.314242,,,,,,,,,,,,,,,,,1097.744583,1086.436,,,,,,,,,,,,,,,,,,,,,,,,,,,,,,,,,,44779.275,,,,,,,1433.746,608.971,883.251,,377.4,,,,,,,,,,,,,,,,,,409.9239981,,931.024151,,,,,,,,,,,,,,2728.264738,,,,,,,,,
392,,,1366.958502,,,,,,,,,,,,,,,,,789.6031213,1013.88,,,,,,,,,,,,,,,,,,,,,,,,,,,,,,,,,,42157.068,,,,,,,868.394,605.143,1147.014,,411.847,,,,,,,,,,,,,,,,,,373.2819993,,867.804897,,,,,,,,,,,,,,2823.92389,,,,,,,,,
391,,,461.5651942,,,,,,,,,,,,,,,,,930.9369549,927.996,,,,,,,,,,,,,,,,,,,,,,,,,,,,,,,,,,38812.224,,,,,,,892.092,602.881,1076.598,,461.871,,,,,,,,,,,,,,,,,,905.4311815,,489.400016,,,,,,,,,,,,,,2926.251016,,,,,,,,,
390,,,450.4683772,,,,,,,,,,,,,,,,,1221.561053,835.924,,,,,,,,,,,,,,,,,,,,,,,,,,,,,,,,,,29385.214,,,,,,,967.13,1013.724,580.581,,659.007,,,,,,,,,,,,,,,,,,1043.057868,,379.5565,,,,,,,,,,,,,,4620.106492,,,,,,,,,
389,,,831.5482243,,,,,,,,,,,,,,,,,956.2509694,633.012,,,,,,,,,,,,,,,,,,,,,,,,,,,,,,,,,,32374.041,,,,,,,975.256,1372.541,410.049,,1021.015,,,,,,,,,,,,,,,,,,737.2703888,,826.035996,,,,,,,,,,,,,,5479.961595,,,,,,,,,
388,,,855.0788241,,,,,,,,,,,,,,,,,1364.692553,793.968,,,,,,,,,,,,,,,,,,,,,,,,,,,,,,,,,,45356.345,,,,,,,1014.764,905.96,458.217,,791.985,,,,,,,,,,,,,,,,,,562.7746443,,312.365005,,,,,,,,,,,,,,3567.648084,,,,,,,,,
387,,,2018.595681,,,,,,,,,,,,,,,,,1517.122697,1155.048,,,,,,,,,,,,,,,,,,,,,,,,,,,,,,,,,,65792.88,,,,,,,963.628,976.053,766.368,,1178.82,,,,,,,,,,,,,,,,,,789.6752282,,443.039113,,,,,,,,,,,,,,8632.819505,,,,,,,,,
386,,,1203.759531,,,,,,,,,,,,,,,,,2104.215467,1091.536,,,,,,,,,,,,,,,,,,,,,,,,,,,,,,,,,,47698.343,,,,,,,1188.946,880.788,845.289,,1605.356,,,,,,,,,,,,,,,,,,593.3723475,,618.181787,,,,,,,,,,,,,,6545.986989,,,,,,,,,
385,,,1157.455945,,,,,,,,,,,,,,,,,1486.213682,709.716,,,,,,,,,,,,,,,,,,,,,,,,,,,,,,,,,,104338.902,,,,,,,,620.542,1129.734,,2143.188,,,,,,,,,,,,,,,,,,781.9775303,,1128.75151,,,,,,,,,,,,,,5698.544425,,,,,,,,,
384,,,480.2827168,,,,,,,,,,,,,,,,,877.3837838,1358.98,,,,,,,,,,,,,,,,,,,,,,,,,,,,,,,,,,41262.46,,,,,,,339.864,551.203,1384.29,,1111.036,,,,,,,,,,,,,,,,,,240.69338,,852.391449,,,,,,,,,,,,,,5164.942708,,,,,,,,,
383,,,1504.042072,,,,,,,,,,,,,,,,,587.9670636,1226.516,,,,,,,,,,,,,,,,,,,,,,,,,,,,,,,,,,51942.487,,,,,,,714.306,527.974,1187.892,,1296.702,,,,,,,,,,,,,,,,,,781.5926002,,876.96954,,,,,,,,,,,,,,4827.287696,,,,,,,,,
382,,,833.9547629,,,,,,,,,,,,,,,,,384.4918177,1068.144,,,,,,,,,,,,,,,,,,,,,,,,,,,,,,,,,,50037.88,,,,,,,691.56,550.855,1060.236,,1275.427,,,,,,,,,,,,,,,,,,921.33027,,860.900295,,,,,,,,,,,,,,5216.739753,,,,,,,,,
381,,,1128.354654,,,,,,,,,,,,,,,,,1085.763058,1503.344,,,,,,,,,,,,,,,,,,,,,,,,,,,,,,,,,,23874.0,,,,,,,618.324,962.336,715.716,,759.425,,,,,,,,,,,,,,,,,,532.3154919,,982.478325,,,,,,,,,,,,,,4173.786367,,,,,,,,,
380,,,930.3054388,,,,,,,,,,,,,,,,,1039.955274,630.972,,,,,,,,,,,,,,,,,,,,,,,,,,,,,,,,,,29382.017,,,,,,,711.212,1382.43,1310.418,,1024.678,,,,,,,,,,,,,,,,,,729.3552043,,367.898295,,,,,,,,,,,,,,5796.077,,,,,,,,,
379,,,1533.054232,,,,,,,,,,,,,,,,,1209.032232,612.0,,,,,,,,,,,,,,,,,,,,,,,,,,,,,,,,,,31647.402,,,,,,,855.814,1297.895,888.327,,949.864,,,,,,,,,,,,,,,,,,672.6178724,,837.078988,,,,,,,,,,,,,,3360.188453,,,,,,,,,
378,,,749.2802559,,,,,,,,,,,,,,,,,2191.341822,1262.76,,,,,,,,,,,,,,,,,,,,,,,,,,,,,,,,,,18314.532,,,,,,,696.694,1249.813,,,874.236,,,,,,,,,,,,,,,,,,486.1268366,,699.610331,,,,,,,,,,,,,,8334.129239,,,,,,,,,
377,,,653.9991528,,,,,,,,,,,,,,,,,1434.894709,1092.012,,,,,,,,,,,,,,,,,,,,,,,,,,,,,,,,,,38686.46,,,,,,,651.61,744.633,570.699,,1213.23,,,,,,,,,,,,,,,,,,1340.171104,,127.367322,,,,,,,,,,,,,,6012.957072,,,,,,,,,
376,,,442.8922371,,,,,,,,,,,,,,,,,1072.284262,729.164,,,,,,,,,,,,,,,,,,,,,,,,,,,,,,,,,,32278.131,,,,,,,597.89,302.673,729.891,,1336.477,,,,,,,,,,,,,,,,,,891.8434803,,292.535758,,,,,,,,,,,,,,5109.55047,,,,,,,,,
375,,,885.4725156,,,,,,,,,,,,,,,,,1341.577674,902.7,,,,,,,,,,,,,,,,,,,,,,,,,,,,,,,,,,98822.444,,,,,,,669.562,298.149,774.468,,966.884,,,,,,,,,,,,,,,,,,753.7413283,,417.219152,,,,,,,,,,,,,,4671.842384,,,,,,,,,
374,,,765.8140675,,,,,,,,,,,,,,,,,1449.902525,769.964,,,,,,,,,,,,,,,,,,,,,,,,,,,,,,,,,,30209.925,,,,,,,829.226,451.907,789.534,,1149.479,,,,,,,,,,,,,,,,,,1023.255364,,894.091336,,,,,,,,,,,,,,5311.415529,,,,,,,,,
373,,,1431.132865,,,,,,,,,,,,,,,,,451.8414485,613.02,,,,,,,,,,,,,,,,,,,,,,,,,,,,,,,,,,24998.332,,,,,,,609.416,434.13,556.551,,1085.913,,,,,,,,,,,,,,,,,,1378.305345,,463.708867,,,,,,,,,,,,,,3706.517514,,,,,,,,,
372,,,4836.875233,,,,,,,,,,,,,,,,,1023.263622,1349.392,,,,,,,,,,,,,,,,,,,,,,,,,,,,,,,,,,28720.56,,,,,,,669.358,265.611,605.286,,603.174,,,,,,,,,,,,,,,,,,1384.781307,,597.070934,,,,,,,,,,,,,,4476.226162,,,,,,,,,
371,,,3088.07927,,,,,,,,,,,,,,,,,978.3822027,1405.696,,,,,,,,,,,,,,,,,,,,,,,,,,,,,,,,,,20761.272,,,,,,,842.452,338.401,731.052,,655.455,,,,,,,,,,,,,,,,,,1021.337345,,1302.053954,,,,,,,,,,,,,,9190.627641,,,,,,,,,
370,,,248.05174,,,,,,,,,,,,,,,,,1213.825161,1119.552,,,,,,,,,,,,,,,,,,,,,,,,,,,,,,,,,,36400.352,,,,,,,889.406,337.763,596.295,,907.314,,,,,,,,,,,,,,,,,,690.4288178,,660.424781,,,,,,,,,,,,,,4663.563637,,,,,,,,,
369,,,812.9198327,,,,,,,,,,,,,,,,,1454.107317,549.576,,,,,,,,,,,,,,,,,,,,,,,,,,,,,,,,,,36218.261,,,,,,,1188.98,383.467,528.201,,773.966,,,,,,,,,,,,,,,,,,442.1432791,,884.119096,,,,,,,,,,,,,,4113.621235,,,,,,,,,
368,,,2608.019381,,,,,,,,,,,,,,,,,598.7834862,1428.544,,,,,,,,,,,,,,,,,,,,,,,,,,,,,,,,,,62958.337,,,,,,,1232.16,648.353,412.938,,1115.143,,,,,,,,,,,,,,,,,,910.101239,,371.771447,,,,,,,,,,,,,,4735.12813,,,,,,,,,
367,,,1016.718001,,,,,,,,,,,,,,,,,1094.393885,645.66,,,,,,,,,,,,,,,,,,,,,,,,,,,,,,,,,,48141.093,,,,,,,1242.19,730.539,460.62,,1932.14,,,,,,,,,,,,,,,,,,781.3071487,,605.135206,,,,,,,,,,,,,,5901.566435,,,,,,,,,
366,,,987.0373584,,,,,,,,,,,,,,,,,2365.923462,385.084,,,,,,,,,,,,,,,,,,,,,,,,,,,,,,,,,,42462.278,,,,,,,911.03,890.01,475.605,,1598.992,,,,,,,,,,,,,,,,,,379.025359,,591.336787,,,,,,,,,,,,,,4525.339861,,,,,,,,,
365,,,545.883177,,,,,,,,,,,,,,,,,389.8391382,757.996,,,,,,,,,,,,,,,,,,,,,,,,,,,,,,,,,,23522.1,,,,,,,763.062,853.702,757.161,,1250.6,,,,,,,,,,,,,,,,,,300.1094298,,465.956943,,,,,,,,,,,,,,5247.929812,,,,,,,,,
364,,,773.8358629,,,,,,,,,,,,,,,,,318.245298,1432.42,,,,,,,,,,,,,,,,,,,,,,,,,,,,,,,,,,42194.88,,,,,,,977.092,847.873,1233.711,,1255.114,,,,,,,,,,,,,,,,,,288.6519861,,1554.207454,,,,,,,,,,,,,,5109.896202,,,,,,,,,
363,,,681.094995,,,,,,,,,,,,,,,,,720.7540682,1079.636,,,,,,,,,,,,,,,,,,,,,,,,,,,,,,,,,,35647.102,,,,,,,1031.05,1137.061,976.968,,2279.126,,,,,,,,,,,,,,,,,,481.5012987,,789.849108,,,,,,,,,,,,,,5401.121981,,,,,,,,,
362,,,477.2522608,,,,,,,,,,,,,,,,,1019.350736,1542.24,,,,,,,,,,,,,,,,,,,,,,,,,,,,,,,,,,49388.521,,,,,,,977.364,782.855,679.482,,2542.64,,,,,,,,,,,,,,,,,,607.1027111,,623.651542,,,,,,,,,,,,,,7302.983813,,,,,,,,,
361,,,1079.64453,,,,,,,,,,,,,,,,,909.3818875,877.472,,,,,,,,,,,,,,,,,,,,,,,,,,,,,,,,,,67257.819,,,,,,,1258.408,1010.273,728.514,,1698.522,,,,,,,,,,,,,,,,,,305.9184556,,607.007183,,,,,,,,,,,,,,6034.192731,,,,,,,,,
360,,,596.4650535,,,,,,,,,,,,,,,,,1493.795831,1216.112,,,,,,,,,,,,,,,,,,,,,,,,,,,,,,,,,,22083.312,,,,,,,1564.102,855.906,863.028,,1391.052,,,,,,,,,,,,,,,,,,728.1300729,,723.114332,,,,,,,,,,,,,,9516.257003,,,,,,,,,
359,,,803.4719404,,,,,,,,,,,,,,,,,2280.478311,722.5,,,,,,,,,,,,,,,,,,,,,,,,,,,,,,,,,,63516.915,,,,,,,1305.94,826.007,720.495,,1053.834,,,,,,,,,,,,,,,,,,907.5927593,,1879.620836,,,,,,,,,,,,,,8735.427667,,,,,,,,,
358,,,1199.748633,,,,,,,,,,,,,,,,,1985.535586,406.436,,,,,,,,,,,,,,,,,,,,,,,,,,,,,,,,,,30784.626,,,,,,,1203.702,859.328,598.698,,1221.111,,,,,,,,,,,,,,,,,,228.3841406,,1480.956558,,,,,,,,,,,,,,3301.006868,,,,,,,,,
357,,,1382.511872,,,,,,,,,,,,,,,,,531.5436993,1014.764,,,,,,,,,,,,,,,,,,,,,,,,,,,,,,,,,,26082.138,,,,,,,942.344,474.353,618.192,,1684.98,,,,,,,,,,,,,,,,,,605.9563393,,693.357526,,,,,,,,,,,,,,2882.316376,,,,,,,,,
356,,,3047.123548,,,,,,,,,,,,,,,,,1192.316584,610.504,,,,,,,,,,,,,,,,,,,,,,,,,,,,,,,,,,43814.195,,,,,,,1103.674,256.186,493.236,,1827.726,,,,,,,,,,,,,,,,,,1350.054655,,1172.558245,,,,,,,,,,,,,,4900.001726,,,,,,,,,
355,,,1203.625834,,,,,,,,,,,,,,,,,2852.493386,872.78,,,,,,,,,,,,,,,,,,,,,,,,,,,,,,,,,,20442.906,,,,,,,1033.77,372.94,474.579,,1437.783,,,,,,,,,,,,,,,,,,674.5316172,,697.897836,,,,,,,,,,,,,,5356.792864,,,,,,,,,
354,,,1105.938192,,,,,,,,,,,,,,,,,833.3561782,337.756,,,,,,,,,,,,,,,,,,,,,,,,,,,,,,,,,,51935.633,,,,,,,519.214,287.506,564.894,,1206.496,,,,,,,,,,,,,,,,,,1090.368616,,969.77475,,,,,,,,,,,,,,2891.592864,,,,,,,,,
353,,,1480.823431,,,,,,,,,,,,,,,,,649.9996659,623.22,,,,,,,,,,,,,,,,,,,,,,,,,,,,,,,,,,29011.372,,,,,,,348.262,340.953,543.159,,1196.839,,,,,,,,,,,,,,,,,,961.938696,,798.217337,,,,,,,,,,,,,,4049.06491,,,,,,,,,
352,,,881.1942247,,,,,,,,,,,,,,,,,855.5007278,876.996,,,,,,,,,,,,,,,,,,,,,,,,,,,,,,,,,,25112.32,,,,,,,421.09,420.732,536.517,,1183.482,,,,,,,,,,,,,,,,,,1156.621177,,889.833195,,,,,,,,,,,,,,7092.104496,,,,,,,,,
351,,,1463.442874,,,,,,,,,,,,,,,,,1311.45406,865.096,,,,,,,,,,,,,,,,,,,,,,,,,,,,,,,,,,55361.966,,,,,,,498.984,664.158,534.681,,1058.681,,,,,,,,,,,,,,,,,,1004.293881,,730.354461,,,,,,,,,,,,,,4331.3258,,,,,,,,,
350,,,3084.69229,,,,,,,,,,,,,,,,,1421.546248,1066.104,,,,,,,,,,,,,,,,,,,,,,,,,,,,,,,,,,42397.74,,,,,,,385.39,791.787,709.668,,1085.099,,,,,,,,,,,,,,,,,,1371.082399,,1354.618612,,,,,,,,,,,,,,6628.749531,,,,,,,,,
349,,,1961.28441,,,,,,,,,,,,,,,,,1061.213276,649.808,,,,,,,,,,,,,,,,,,,,,,,,,,,,,,,,,,88475.894,,,,,,,289.374,799.095,629.964,,1155.029,,,,,,,,,,,,,,,,,,836.0246028,,1431.78382,,,,,,,,,,,,,,10155.16429,,,,,,,,,
348,,,491.2012717,,,,,,,,,,,,,,,,,893.159319,1248.752,,,,,,,,,,,,,,,,,,,,,,,,,,,,,,,,,,49661.6,,,,,,,380.358,211.99,649.242,,1072.815,,,,,,,,,,,,,,,,,,705.9337248,,618.236459,,,,,,,,,,,,,,5044.162058,,,,,,,,,
347,,,1134.549263,,,,,,,,,,,,,,,,,948.2015683,1105.884,,,,,,,,,,,,,,,,,,,,,,,,,,,,,,,,,,24446.24,,,,,,,581.434,404.202,653.535,,1035.926,,,,,,,,,,,,,,,,,,983.9375568,,788.609316,,,,,,,,,,,,,,6856.254766,,,,,,,,,
346,,,1548.295643,,,,,,,,,,,,,,,,,1632.312198,1037.34,,,,,,,,,,,,,,,,,,,,,,,,,,,,,,,,,,45756.384,,,,,,,753.746,723.695,542.916,,1027.379,,,,,,,,,,,,,,,,,,848.944942,,923.089219,,,,,,,,,,,,,,3292.934705,,,,,,,,,
345,,,923.9771335,,,,,,,,,,,,,,,,,640.5387761,1801.116,,,,,,,,,,,,,,,,,,,,,,,,,,,,,,,,,,15794.1,,,,,,,1121.932,601.779,567.216,,,,,,,,,,,,,,,,,,,,692.268219,,1118.893724,,,,,,,,,,,,,,4340.578163,,,,,,,,,
344,,,554.4843243,,,,,,,,,,,,,,,,,1044.22211,860.2,,,,,,,,,,,,,,,,,,,,,,,,,,,,,,,,,,7278.074,,,,,,,1137.98,1041.216,625.077,,,,,,,,,,,,,,,,,,,,539.4074291,,1477.765711,,,,,,,,,,,,,,5215.610005,,,,,,,,,
343,,,1217.53028,,,,,,,,,,,,,,,,,1818.725636,2249.44,,,,,,,,,,,,,,,,,,,,,,,,,,,,,,,,,,25621.77,,,,,,,634.304,751.448,558.846,,,,,,,,,,,,,,,,,,,,1656.69152,,225.69482,,,,,,,,,,,,,,2997.215619,,,,,,,,,
342,,,1017.653878,,,,,,,,,,,,,,,,,713.6599317,1406.58,,,,,,,,,,,,,,,,,,,,,,,,,,,,,,,,,,24208.236,,,,,,,419.458,684.226,929.556,,,,,,,,,,,,,,,,,,,,301.1047183,,956.041945,,,,,,,,,,,,,,3933.577755,,,,,,,,,
341,,,609.790147,,,,,,,,,,,,,,,,,1091.873299,1366.868,,,,,,,,,,,,,,,,,,,,,,,,,,,,,,,,,,55737.97,,,,,,,616.828,823.542,1305.639,,,,,,,,,,,,,,,,,,,,1090.20783,,1175.989363,,,,,,,,,,,,,,5566.986539,,,,,,,,,
340,,,3454.809017,,,,,,,,,,,,,,,,,6953.380323,1942.352,,,,,,,,,,,,,,,,,,,,,,,,,,,,,,,,,,21620.368,,,,,,,884.918,648.005,1455.732,,,,,,,,,,,,,,,,,,,,624.7327214,,1553.708629,,,,,,,,,,,,,,4019.17123,,,,,,,,,
339,,,2423.473521,,,,,,,,,,,,,,,,,1184.14584,1150.152,,,,,,,,,,,,,,,,,,,,,,,,,,,,,,,,,,23332.304,,,,,,,747.626,858.893,1372.707,,,,,,,,,,,,,,,,,,,,995.8085944,,804.016535,,,,,,,,,,,,,,4546.423295,,,,,,,,,
338,,,2758.026955,,,,,,,,,,,,,,,,,,1723.052,,,,,,,,,,,,,,,,,,,,,,,,,,,,,,,,,,39272.96,,,,,,,978.214,922.838,1014.012,,,,,,,,,,,,,,,,,,,,279.7125282,,984.491185,,,,,,,,,,,,,,6032.359185,,,,,,,,,
337,,,1578.288245,,,,,,,,,,,,,,,,,1194.189219,1079.772,,,,,,,,,,,,,,,,,,,,,,,,,,,,,,,,,,80373.546,,,,,,,678.776,856.022,970.542,,,,,,,,,,,,,,,,,,,,441.76283,,1185.062253,,,,,,,,,,,,,,4769.842474,,,,,,,,,
336,,,1440.491626,,,,,,,,,,,,,,,,,1037.546019,1351.024,,,,,,,,,,,,,,,,,,,,,,,,,,,,,,,,,,17540.076,,,,,,,562.7,714.821,1293.759,,,,,,,,,,,,,,,,,,,,751.936134,,1112.907155,,,,,,,,,,,,,,8187.068147,,,,,,,,,
335,,,2382.205841,,,,,,,,,,,,,,,,,1006.75001,1800.232,,,,,,,,,,,,,,,,,,,,,,,,,,,,,,,,,,32117.085,,,,,,,,551.0,1280.664,,,,,,,,,,,,,,,,,,,,1113.003171,,1103.955597,,,,,,,,,,,,,,7765.506626,,,,,,,,,
334,,,1117.302403,,,,,,,,,,,,,,,,,752.155195,1490.152,,,,,,,,,,,,,,,,,,,,,,,,,,,,,,,,,,43877.284,,,,,,,,642.205,1108.971,,,,,,,,,,,,,,,,,,,,1180.009188,,977.543604,,,,,,,,,,,,,,10958.85762,,,,,,,,,
333,,,748.0324211,,,,,,,,,,,,,,,,,2165.573366,1163.412,,,,,,,,,,,,,,,,,,,,,,,,,,,,,,,,,,25640.676,,,,,,,,462.26,1016.01,,,,,,,,,,,,,,,,,,,,379.2882296,,528.381755,,,,,,,,,,,,,,4318.036266,,,,,,,,,
332,,,1432.558962,,,,,,,,,,,,,,,,,825.921364,1082.9,,,,,,,,,,,,,,,,,,,,,,,,,,,,,,,,,,34744.398,,,,,,,,318.739,700.137,,,,,,,,,,,,,,,,,,,,417.2287733,,681.174644,,,,,,,,,,,,,,4213.083389,,,,,,,,,
331,,,384.5559584,,,,,,,,,,,,,,,,,1698.800529,2392.24,,,,,,,,,,,,,,,,,,,,,,,,,,,,,,,,,,78235.696,,,,,,,,848.975,430.893,,,,,,,,,,,,,,,,,,,,416.0742637,,972.140165,,,,,,,,,,,,,,2997.628468,,,,,,,,,
330,,,864.6158475,,,,,,,,,,,,,,,,,928.8382027,1022.788,,,,,,,,,,,,,,,,,,,,,,,,,,,,,,,,,,58205.709,,,,,,,,976.749,445.959,,,,,,,,,,,,,,,,,,,,1389.120608,,988.560257,,,,,,,,,,,,,,5915.652812,,,,,,,,,
329,,,602.6150967,,,,,,,,,,,,,,,,,1013.11635,991.916,,,,,,,,,,,,,,,,,,,,,,,,,,,,,,,,,,75563.28,,,,,,,,1061.284,329.076,,,,,,,,,,,,,,,,,,,,665.3097709,,568.135868,,,,,,,,,,,,,,2775.436452,,,,,,,,,
328,,,361.0253585,,,,,,,,,,,,,,,,,1679.653465,678.776,,,,,,,,,,,,,,,,,,,,,,,,,,,,,,,,,,74586.93,,,,,,,,850.744,336.096,,,,,,,,,,,,,,,,,,,,754.7762786,,847.206702,,,,,,,,,,,,,,5108.975834,,,,,,,,,
327,,,1178.357179,,,,,,,,,,,,,,,,,918.4197444,1425.416,,,,,,,,,,,,,,,,,,,,,,,,,,,,,,,,,,33234.08,,,,,,,,605.665,660.717,,,,,,,,,,,,,,,,,,,,1918.940223,,1198.071325,,,,,,,,,,,,,,2991.350259,,,,,,,,,
326,,,975.6285828,,,,,,,,,,,,,,,,,1033.836805,385.492,,,,,,,,,,,,,,,,,,,,,,,,,,,,,,,,,,47179.44,,,,,,,,325.728,642.303,,,,,,,,,,,,,,,,,,,,956.1887628,,1264.872574,,,,,,,,,,,,,,3296.269069,,,,,,,,,
325,,,1126.705729,,,,,,,,,,,,,,,,,965.760868,828.784,,,,,,,,,,,,,,,,,,,,,,,,,,,,,,,,,,82231.716,,,,,,,,110.171,726.759,,,,,,,,,,,,,,,,,,,,705.2678058,,1149.956118,,,,,,,,,,,,,,3471.339375,,,,,,,,,
324,,,705.2495123,,,,,,,,,,,,,,,,,1888.820165,1121.388,,,,,,,,,,,,,,,,,,,,,,,,,,,,,,,,,,52360.581,,,,,,,,389.789,710.316,,,,,,,,,,,,,,,,,,,,1091.116031,,883.147149,,,,,,,,,,,,,,4374.056683,,,,,,,,,
323,,,660.4611546,,,,,,,,,,,,,,,,,1302.477888,298.656,,,,,,,,,,,,,,,,,,,,,,,,,,,,,,,,,,71501.71,,,,,,,,500.366,755.028,,,,,,,,,,,,,,,,,,,,748.5102235,,1019.696652,,,,,,,,,,,,,,3245.760082,,,,,,,,,
322,,,1316.554887,,,,,,,,,,,,,,,,,2236.652281,904.944,,,,,,,,,,,,,,,,,,,,,,,,,,,,,,,,,,54305.3,,,,,,,,761.859,621.513,,,,,,,,,,,,,,,,,,,,397.2312482,,1389.608822,,,,,,,,,,,,,,12670.0095,,,,,,,,,
321,,,745.4476203,,,,,,,,,,,,,,,,,1412.307509,1274.66,,,,,,,,,,,,,,,,,,,,,,,,,,,,,,,,,,42325.29,,,,,,,,581.276,527.904,,,,,,,,,,,,,,,,,,,,750.0831268,,749.440503,,,,,,,,,,,,,,7081.990228,,,,,,,,,
320,,,752.4444085,,,,,,,,,,,,,,,,,367.7469225,614.992,,,,,,,,,,,,,,,,,,,,,,,,,,,,,,,,,,69518.466,,,,,,,,820.903,515.214,,,,,,,,,,,,,,,,,,,,604.5708484,,769.981546,,,,,,,,,,,,,,7482.90656,,,,,,,,,
319,,,692.3700741,,,,,,,,,,,,,,,,,1808.292088,834.224,,,,,,,,,,,,,,,,,,,,,,,,,,,,,,,,,,62758.168,,,,,,,,892.272,347.247,,,,,,,,,,,,,,,,,,,,1237.965116,,985.491581,,,,,,,,,,,,,,3718.267174,,,,,,,,,
318,,,242.0353934,,,,,,,,,,,,,,,,,1655.424648,1147.364,,,,,,,,,,,,,,,,,,,,,,,,,,,,,,,,,,63905.753,,,,,,,,912.137,359.343,,,,,,,,,,,,,,,,,,,,1009.227437,,1525.300558,,,,,,,,,,,,,,2756.251043,,,,,,,,,
317,,,935.118516,,,,,,,,,,,,,,,,,1801.751186,906.1,,,,,,,,,,,,,,,,,,,,,,,,,,,,,,,,,,48118.875,,,,,,,,485.547,474.525,,,,,,,,,,,,,,,,,,,,601.6418774,,936.713769,,,,,,,,,,,,,,3355.145335,,,,,,,,,
316,,,1244.04677,,,,,,,,,,,,,,,,,719.6855353,1264.46,,,,,,,,,,,,,,,,,,,,,,,,,,,,,,,,,,34907.008,,,,,,,,401.708,533.115,,,,,,,,,,,,,,,,,,,,1801.980827,,451.351859,,,,,,,,,,,,,,3220.639826,,,,,,,,,
315,,,463.2586844,,,,,,,,,,,,,,,,,876.7936134,795.124,,,,,,,,,,,,,,,,,,,,,,,,,,,,,,,,,,87482.34,,,,,,,,,674.109,,,,,,,,,,,,,,,,,,,,662.1066006,,800.835829,,,,,,,,,,,,,,5385.019336,,,,,,,,,
314,,,470.4337347,,,,,,,,,,,,,,,,,545.7136778,442.476,,,,,,,,,,,,,,,,,,,,,,,,,,,,,,,,,,41920.743,,,,,,,,377.0,569.079,,,,,,,,,,,,,,,,,,,,362.3249053,,655.393252,,,,,,,,,,,,,,5113.520647,,,,,,,,,
313,,,1406.844651,,,,,,,,,,,,,,,,,643.3082219,722.296,,,,,,,,,,,,,,,,,,,,,,,,,,,,,,,,,,27202.56,,,,,,,,741.617,413.343,,,,,,,,,,,,,,,,,,,,759.1283357,,777.636022,,,,,,,,,,,,,,4506.757869,,,,,,,,,
312,,,842.1102549,,,,,,,,,,,,,,,,,859.6325248,1891.216,,,,,,,,,,,,,,,,,,,,,,,,,,,,,,,,,,55383.195,,,,,,,,692.288,362.151,,,,,,,,,,,,,,,,,,,,808.1259247,,543.587654,,,,,,,,,,,,,,3530.760281,,,,,,,,,
311,,,642.5458115,,,,,,,,,,,,,,,,,995.2596609,1606.16,,,,,,,,,,,,,,,,,,,,,,,,,,,,,,,,,,70113.223,,,,,,,,727.059,384.912,,,,,,,,,,,,,,,,,,,,1317.70458,,1089.978475,,,,,,,,,,,,,,3197.253641,,,,,,,,,
310,,,494.2762932,,,,,,,,,,,,,,,,,1095.029022,817.02,,,,,,,,,,,,,,,,,,,,,,,,,,,,,,,,,,42958.848,,,,,,,,718.011,690.606,,,,,,,,,,,,,,,,,,,,917.7836233,,790.05368,,,,,,,,,,,,,,3152.835347,,,,,,,,,
309,,,791.3946817,,,,,,,,,,,,,,,,,391.0348666,1118.464,,,,,,,,,,,,,,,,,,,,,,,,,,,,,,,,,,44150.892,,,,,,,,614.858,861.165,,,,,,,,,,,,,,,,,,,,1453.106867,,876.763987,,,,,,,,,,,,,,4202.656825,,,,,,,,,
308,,,1148.988494,,,,,,,,,,,,,,,,,562.7867428,579.428,,,,,,,,,,,,,,,,,,,,,,,,,,,,,,,,,,44777.205,,,,,,,,662.708,855.279,,,,,,,,,,,,,,,,,,,,1632.736468,,434.871108,,,,,,,,,,,,,,2341.280023,,,,,,,,,
307,,,905.5270041,,,,,,,,,,,,,,,,,288.5252133,761.804,,,,,,,,,,,,,,,,,,,,,,,,,,,,,,,,,,58991.481,,,,,,,,535.05,773.334,,,,,,,,,,,,,,,,,,,,604.448951,,480.005401,,,,,,,,,,,,,,3390.643202,,,,,,,,,
306,,,1399.491339,,,,,,,,,,,,,,,,,1146.87919,1148.724,,,,,,,,,,,,,,,,,,,,,,,,,,,,,,,,,,56840.36,,,,,,,,530.236,762.642,,,,,,,,,,,,,,,,,,,,817.1946509,,835.386221,,,,,,,,,,,,,,4376.4667,,,,,,,,,
305,,,409.4235241,,,,,,,,,,,,,,,,,644.5953077,937.108,,,,,,,,,,,,,,,,,,,,,,,,,,,,,,,,,,44463.646,,,,,,,,604.447,665.118,,,,,,,,,,,,,,,,,,,,477.5610312,,413.155865,,,,,,,,,,,,,,2577.983804,,,,,,,,,
304,,,166.5413856,,,,,,,,,,,,,,,,,2352.896521,999.6,,,,,,,,,,,,,,,,,,,,,,,,,,,,,,,,,,67186.427,,,,,,,,950.968,554.823,,,,,,,,,,,,,,,,,,,,1081.708862,,607.353361,,,,,,,,,,,,,,3629.061537,,,,,,,,,
303,,,399.3517143,,,,,,,,,,,,,,,,,1764.1829,884.68,,,,,,,,,,,,,,,,,,,,,,,,,,,,,,,,,,35878.896,,,,,,,,880.353,510.3,,,,,,,,,,,,,,,,,,,,1034.780105,,1437.38346,,,,,,,,,,,,,,1764.835489,,,,,,,,,
302,,,410.9833177,,,,,,,,,,,,,,,,,1341.215548,444.584,,,,,,,,,,,,,,,,,,,,,,,,,,,,,,,,,,36270.08,,,,,,,,593.659,613.251,,,,,,,,,,,,,,,,,,,,511.5048768,,618.54186,,,,,,,,,,,,,,3526.4603,,,,,,,,,
301,,,1708.196765,,,,,,,,,,,,,,,,,1978.49066,597.856,,,,,,,,,,,,,,,,,,,,,,,,,,,,,,,,,,41221.428,,,,,,,,635.1,706.671,,,,,,,,,,,,,,,,,,,,876.8830357,,1138.928142,,,,,,,,,,,,,,8284.497114,,,,,,,,,
300,,,8.06636093,,,,,,,,,,,,,,,,,1062.733983,1208.632,,,,,,,,,,,,,,,,,,,,,,,,,,,,,,,,,,59418.936,,,,,,,,572.373,691.011,,,,,,,,,,,,,,,,,,,,495.1573201,,1400.24554,,,,,,,,,,,,,,7662.055177,,,,,,,,,
299,,,1453.950416,,,,,,,,,,,,,,,,,836.9718596,524.62,,,,,,,,,,,,,,,,,,,,,,,,,,,,,,,,,,40852.554,,,,,,,,303.021,611.199,,,,,,,,,,,,,,,,,,,,448.4181066,,785.056258,,,,,,,,,,,,,,5540.098511,,,,,,,,,
298,,,921.080374,,,,,,,,,,,,,,,,,1557.836319,657.152,,,,,,,,,,,,,,,,,,,,,,,,,,,,,,,,,,42777.102,,,,,,,,252.242,520.02,,,,,,,,,,,,,,,,,,,,516.9901531,,1441.725596,,,,,,,,,,,,,,8661.003131,,,,,,,,,
297,,,714.7865357,,,,,,,,,,,,,,,,,2673.16675,691.22,,,,,,,,,,,,,,,,,,,,,,,,,,,,,,,,,,53349.512,,,,,,,,368.358,498.663,,,,,,,,,,,,,,,,,,,,734.0654809,,1105.754797,,,,,,,,,,,,,,4922.114647,,,,,,,,,
296,,,613.2216928,,,,,,,,,,,,,,,,,1138.009212,469.336,,,,,,,,,,,,,,,,,,,,,,,,,,,,,,,,,,54601.54,,,,,,,,414.729,433.161,,,,,,,,,,,,,,,,,,,,684.621051,,784.440653,,,,,,,,,,,,,,5980.244733,,,,,,,,,
295,,,1749.464446,,,,,,,,,,,,,,,,,720.0607664,391.0,,,,,,,,,,,,,,,,,,,,,,,,,,,,,,,,,,43831.238,,,,,,,,439.553,594.513,,,,,,,,,,,,,,,,,,,,562.5391087,,685.691987,,,,,,,,,,,,,,12022.28333,,,,,,,,,
294,,,561.0800227,,,,,,,,,,,,,,,,,976.4540552,797.98,,,,,,,,,,,,,,,,,,,,,,,,,,,,,,,,,,48728.812,,,,,,,,510.4,659.313,,,,,,,,,,,,,,,,,,,,538.5447475,,358.298999,,,,,,,,,,,,,,4191.921676,,,,,,,,,
293,,,570.1268253,,,,,,,,,,,,,,,,,2548.370942,482.596,,,,,,,,,,,,,,,,,,,,,,,,,,,,,,,,,,35732.708,,,,,,,,810.231,569.7,,,,,,,,,,,,,,,,,,,,683.4024136,,514.459432,,,,,,,,,,,,,,2163.586916,,,,,,,,,
292,,,1122.650266,,,,,,,,,,,,,,,,,1941.181577,952.816,,,,,,,,,,,,,,,,,,,,,,,,,,,,,,,,,,83065.19,,,,,,,,1160.551,564.651,,,,,,,,,,,,,,,,,,,,661.625952,,710.199609,,,,,,,,,,,,,,4470.795384,,,,,,,,,
291,,,1598.788389,,,,,,,,,,,,,,,,,1913.738939,1206.32,,,,,,,,,,,,,,,,,,,,,,,,,,,,,,,,,,53312.804,,,,,,,,1215.216,741.582,,,,,,,,,,,,,,,,,,,,1268.447209,,992.298717,,,,,,,,,,,,,,10768.37676,,,,,,,,,
290,,,1388.884742,,,,,,,,,,,,,,,,,864.2275319,2104.056,,,,,,,,,,,,,,,,,,,,,,,,,,,,,,,,,,64579.63,,,,,,,,1100.985,1282.014,,,,,,,,,,,,,,,,,,,,478.3223045,,980.872269,,,,,,,,,,,,,,4159.819518,,,,,,,,,
289,,,946.8392504,,,,,,,,,,,,,,,,,1305.243099,1285.948,,,,,,,,,,,,,,,,,,,,,,,,,,,,,,,,,,87106.52,,,,,,,,745.967,1440.423,,,,,,,,,,,,,,,,,,,,411.0042496,,817.53077,,,,,,,,,,,,,,2469.692435,,,,,,,,,
288,,,2245.52336,,,,,,,,,,,,,,,,,1631.976275,2366.672,,,,,,,,,,,,,,,,,,,,,,,,,,,,,,,,,,53588.252,,,,,,,,618.628,821.124,,,,,,,,,,,,,,,,,,,,398.3126706,,542.748093,,,,,,,,,,,,,,4877.003326,,,,,,,,,
287,,,2073.455849,,,,,,,,,,,,,,,,,1358.118337,529.856,,,,,,,,,,,,,,,,,,,,,,,,,,,,,,,,,,58079.922,,,,,,,,655.922,503.793,,,,,,,,,,,,,,,,,,,,754.7676367,,968.994096,,,,,,,,,,,,,,4427.818565,,,,,,,,,
286,,,1245.561998,,,,,,,,,,,,,,,,,1591.806975,779.824,,,,,,,,,,,,,,,,,,,,,,,,,,,,,,,,,,20548.476,,,,,,,,666.42,491.427,,,,,,,,,,,,,,,,,,,,337.6563664,,747.914678,,,,,,,,,,,,,,6115.950407,,,,,,,,,
285,,,3360.018134,,,,,,,,,,,,,,,,,1677.953325,3485.204,,,,,,,,,,,,,,,,,,,,,,,,,,,,,,,,,,30009.618,,,,,,,,726.711,439.56,,,,,,,,,,,,,,,,,,,,263.385292,,1064.984573,,,,,,,,,,,,,,2892.718342,,,,,,,,,
284,,,778.7826368,,,,,,,,,,,,,,,,,1477.97498,992.868,,,,,,,,,,,,,,,,,,,,,,,,,,,,,,,,,,33831.666,,,,,,,,1031.675,520.992,,,,,,,,,,,,,,,,,,,,281.1344998,,880.308952,,,,,,,,,,,,,,2919.754312,,,,,,,,,
283,,,1573.430602,,,,,,,,,,,,,,,,,478.2788026,2120.512,,,,,,,,,,,,,,,,,,,,,,,,,,,,,,,,,,71213.52,,,,,,,,1039.331,633.15,,,,,,,,,,,,,,,,,,,,698.1919577,,810.644167,,,,,,,,,,,,,,3450.713034,,,,,,,,,
282,,,1116.723051,,,,,,,,,,,,,,,,,635.5057924,1790.78,,,,,,,,,,,,,,,,,,,,,,,,,,,,,,,,,,78871.968,,,,,,,,874.263,862.245,,,,,,,,,,,,,,,,,,,,950.4899718,,928.645545,,,,,,,,,,,,,,4733.49811,,,,,,,,,
281,,,698.6092483,,,,,,,,,,,,,,,,,792.9612615,2996.964,,,,,,,,,,,,,,,,,,,,,,,,,,,,,,,,,,55008.525,,,,,,,,538.356,1173.177,,,,,,,,,,,,,,,,,,,,613.4060217,,895.509111,,,,,,,,,,,,,,2600.275427,,,,,,,,,
280,,,987.1264895,,,,,,,,,,,,,,,,,1749.10719,2827.78,,,,,,,,,,,,,,,,,,,,,,,,,,,,,,,,,,47727.576,,,,,,,,531.454,1035.477,,,,,,,,,,,,,,,,,,,,804.9378936,,639.219827,,,,,,,,,,,,,,2304.382936,,,,,,,,,
279,,,1023.937617,,,,,,,,,,,,,,,,,818.3297815,915.008,,,,,,,,,,,,,,,,,,,,,,,,,,,,,,,,,,42631.029,,,,,,,,517.679,702.999,,,,,,,,,,,,,,,,,,,,839.6779097,,524.713054,,,,,,,,,,,,,,2869.640796,,,,,,,,,
278,,,173.0033875,,,,,,,,,,,,,,,,,479.281591,1084.668,,,,,,,,,,,,,,,,,,,,,,,,,,,,,,,,,,72749.138,,,,,,,,566.747,805.086,,,,,,,,,,,,,,,,,,,,1388.839214,,510.7667,,,,,,,,,,,,,,3291.043159,,,,,,,,,
277,,,202.2829407,,,,,,,,,,,,,,,,,2293.908263,599.624,,,,,,,,,,,,,,,,,,,,,,,,,,,,,,,,,,73831.518,,,,,,,,519.564,776.817,,,,,,,,,,,,,,,,,,,,973.1097524,,1185.568843,,,,,,,,,,,,,,4477.805247,,,,,,,,,
276,,,567.8094177,,,,,,,,,,,,,,,,,1494.823902,1640.976,,,,,,,,,,,,,,,,,,,,,,,,,,,,,,,,,,64432.982,,,,,,,,403.39,821.556,,,,,,,,,,,,,,,,,,,,883.2858928,,536.102397,,,,,,,,,,,,,,4576.959847,,,,,,,,,
275,,,872.1028566,,,,,,,,,,,,,,,,,1574.17724,833.544,,,,,,,,,,,,,,,,,,,,,,,,,,,,,,,,,,65756.31,,,,,,,,441.148,942.57,,,,,,,,,,,,,,,,,,,,515.1105712,,672.216422,,,,,,,,,,,,,,3715.136817,,,,,,,,,
274,,,377.4254736,,,,,,,,,,,,,,,,,1323.518344,412.216,,,,,,,,,,,,,,,,,,,,,,,,,,,,,,,,,,37239.3,,,,,,,,425.807,774.63,,,,,,,,,,,,,,,,,,,,500.6002596,,727.237969,,,,,,,,,,,,,,2715.882407,,,,,,,,,
273,,,691.1668048,,,,,,,,,,,,,,,,,626.1533331,1240.116,,,,,,,,,,,,,,,,,,,,,,,,,,,,,,,,,,33061.028,,,,,,,,490.448,600.129,,,,,,,,,,,,,,,,,,,,610.6010563,,607.569547,,,,,,,,,,,,,,4721.377424,,,,,,,,,
272,,,2103.804975,,,,,,,,,,,,,,,,,344.770409,1005.176,,,,,,,,,,,,,,,,,,,,,,,,,,,,,,,,,,77008.83,,,,,,,,847.061,572.427,,,,,,,,,,,,,,,,,,,,655.8091286,,753.689836,,,,,,,,,,,,,,4421.44277,,,,,,,,,
271,,,109.7649004,,,,,,,,,,,,,,,,,1299.963214,927.928,,,,,,,,,,,,,,,,,,,,,,,,,,,,,,,,,,56240.842,,,,,,,,734.483,636.822,,,,,,,,,,,,,,,,,,,,1163.511256,,934.475824,,,,,,,,,,,,,,3345.473572,,,,,,,,,
270,,,2074.079766,,,,,,,,,,,,,,,,,931.7396333,361.148,,,,,,,,,,,,,,,,,,,,,,,,,,,,,,,,,,48870.032,,,,,,,,762.497,644.355,,,,,,,,,,,,,,,,,,,,1131.659814,,1269.475952,,,,,,,,,,,,,,3025.706457,,,,,,,,,
269,,,1056.336758,,,,,,,,,,,,,,,,,1001.359291,450.976,,,,,,,,,,,,,,,,,,,,,,,,,,,,,,,,,,75971.07,,,,,,,,1002.936,658.26,,,,,,,,,,,,,,,,,,,,849.2439553,,662.177694,,,,,,,,,,,,,,4476.078982,,,,,,,,,
268,,,388.7451182,,,,,,,,,,,,,,,,,2178.782364,1112.956,,,,,,,,,,,,,,,,,,,,,,,,,,,,,,,,,,95354.55,,,,,,,,536.732,592.056,,,,,,,,,,,,,,,,,,,,731.4673828,,503.718118,,,,,,,,,,,,,,3606.753131,,,,,,,,,
267,,,1020.060416,,,,,,,,,,,,,,,,,354.5012004,884.612,,,,,,,,,,,,,,,,,,,,,,,,,,,,,,,,,,61527.07,,,,,,,,339.213,446.58,,,,,,,,,,,,,,,,,,,,414.731771,,1812.425023,,,,,,,,,,,,,,3841.973947,,,,,,,,,
266,,,788.7207499,,,,,,,,,,,,,,,,,664.4193566,507.96,,,,,,,,,,,,,,,,,,,,,,,,,,,,,,,,,,77183.4,,,,,,,,518.636,405.27,,,,,,,,,,,,,,,,,,,,1067.521786,,1023.864443,,,,,,,,,,,,,,5393.769442,,,,,,,,,
265,,,936.5000474,,,,,,,,,,,,,,,,,1624.374572,449.072,,,,,,,,,,,,,,,,,,,,,,,,,,,,,,,,,,130154.976,,,,,,,,550.333,1962.738,,,,,,,,,,,,,,,,,,,,341.6611816,,1206.191978,,,,,,,,,,,,,,3912.738643,,,,,,,,,
264,,,777.9804572,,,,,,,,,,,,,,,,,1934.620714,688.772,,,,,,,,,,,,,,,,,,,,,,,,,,,,,,,,,,56766.024,,,,,,,,912.717,1026.999,,,,,,,,,,,,,,,,,,,,366.0819561,,1120.056012,,,,,,,,,,,,,,4263.275271,,,,,,,,,
263,,,839.7928473,,,,,,,,,,,,,,,,,1833.434359,3124.804,,,,,,,,,,,,,,,,,,,,,,,,,,,,,,,,,,38452.734,,,,,,,,948.097,1053.756,,,,,,,,,,,,,,,,,,,,348.5007443,,1064.366843,,,,,,,,,,,,,,2429.119941,,,,,,,,,
262,,,290.7009522,,,,,,,,,,,,,,,,,874.6817587,781.048,,,,,,,,,,,,,,,,,,,,,,,,,,,,,,,,,,94163.472,,,,,,,,819.018,768.96,,,,,,,,,,,,,,,,,,,,349.2247773,,627.696774,,,,,,,,,,,,,,6100.092834,,,,,,,,,
261,,,328.6707838,,,,,,,,,,,,,,,,,313.8823029,986.748,,,,,,,,,,,,,,,,,,,,,,,,,,,,,,,,,,42071.922,,,,,,,,707.078,651.699,,,,,,,,,,,,,,,,,,,,1136.304981,,422.544836,,,,,,,,,,,,,,5923.727227,,,,,,,,,
260,,,652.3947937,,,,,,,,,,,,,,,,,1014.72285,469.404,,,,,,,,,,,,,,,,,,,,,,,,,,,,,,,,,,74346.235,,,,,,,,745.416,860.382,,,,,,,,,,,,,,,,,,,,594.1439522,,1059.25277,,,,,,,,,,,,,,4026.759008,,,,,,,,,
259,,,1379.258588,,,,,,,,,,,,,,,,,467.3422512,704.412,,,,,,,,,,,,,,,,,,,,,,,,,,,,,,,,,,56077.749,,,,,,,,1034.952,1009.827,,,,,,,,,,,,,,,,,,,,1108.355197,,665.088652,,,,,,,,,,,,,,2489.483019,,,,,,,,,
258,,,687.5569968,,,,,,,,,,,,,,,,,1429.808682,769.012,,,,,,,,,,,,,,,,,,,,,,,,,,,,,,,,,,55370.246,,,,,,,,685.647,732.888,,,,,,,,,,,,,,,,,,,,533.3732269,,936.675121,,,,,,,,,,,,,,3232.265653,,,,,,,,,
257,,,555.9104212,,,,,,,,,,,,,,,,,921.6802947,1527.416,,,,,,,,,,,,,,,,,,,,,,,,,,,,,,,,,,43214.907,,,,,,,,672.858,735.804,,,,,,,,,,,,,,,,,,,,1416.03292,,769.110764,,,,,,,,,,,,,,3690.20023,,,,,,,,,
256,,,591.4737142,,,,,,,,,,,,,,,,,1219.760017,729.3,,,,,,,,,,,,,,,,,,,,,,,,,,,,,,,,,,72629.124,,,,,,,,739.558,615.681,,,,,,,,,,,,,,,,,,,,593.8716515,,611.486524,,,,,,,,,,,,,,5582.357364,,,,,,,,,
255,,,1203.403007,,,,,,,,,,,,,,,,,1032.255872,450.5,,,,,,,,,,,,,,,,,,,,,,,,,,,,,,,,,,41551.846,,,,,,,,231.014,675.216,,,,,,,,,,,,,,,,,,,,612.7656732,,1066.363965,,,,,,,,,,,,,,1669.027684,,,,,,,,,
254,,,727.2648841,,,,,,,,,,,,,,,,,696.4735608,273.836,,,,,,,,,,,,,,,,,,,,,,,,,,,,,,,,,,68975.62,,,,,,,,297.888,705.618,,,,,,,,,,,,,,,,,,,,1460.396065,,883.723436,,,,,,,,,,,,,,1560.832008,,,,,,,,,
253,,,657.1187399,,,,,,,,,,,,,,,,,484.6946191,477.088,,,,,,,,,,,,,,,,,,,,,,,,,,,,,,,,,,47699.079,,,,,,,,138.591,567.783,,,,,,,,,,,,,,,,,,,,849.1074541,,577.253167,,,,,,,,,,,,,,2524.696609,,,,,,,,,
252,,,996.2624232,,,,,,,,,,,,,,,,,1135.4322,759.968,,,,,,,,,,,,,,,,,,,,,,,,,,,,,,,,,,56987.514,,,,,,,,326.917,261.009,,,,,,,,,,,,,,,,,,,,826.3661064,,318.70874,,,,,,,,,,,,,,2230.812732,,,,,,,,,
251,,,694.9103093,,,,,,,,,,,,,,,,,655.1363322,1492.26,,,,,,,,,,,,,,,,,,,,,,,,,,,,,,,,,,67003.623,,,,,,,,635.216,303.777,,,,,,,,,,,,,,,,,,,,611.0589249,,655.016216,,,,,,,,,,,,,,3886.398796,,,,,,,,,
250,,,619.5499981,,,,,,,,,,,,,,,,,947.4058087,854.624,,,,,,,,,,,,,,,,,,,,,,,,,,,,,,,,,,87414.72,,,,,,,,481.661,368.928,,,,,,,,,,,,,,,,,,,,594.1613338,,597.38179,,,,,,,,,,,,,,3782.819668,,,,,,,,,
249,,,970.6372434,,,,,,,,,,,,,,,,,925.2974946,411.4,,,,,,,,,,,,,,,,,,,,,,,,,,,,,,,,,,40020.184,,,,,,,,565.036,331.533,,,,,,,,,,,,,,,,,,,,694.846182,,641.442413,,,,,,,,,,,,,,3485.423644,,,,,,,,,
248,,,1007.715764,,,,,,,,,,,,,,,,,521.5089921,518.092,,,,,,,,,,,,,,,,,,,,,,,,,,,,,,,,,,112367.512,,,,,,,,714.908,347.571,,,,,,,,,,,,,,,,,,,,1132.293932,,794.302428,,,,,,,,,,,,,,5017.086542,,,,,,,,,
247,,,910.8748677,,,,,,,,,,,,,,,,,582.4686903,1026.392,,,,,,,,,,,,,,,,,,,,,,,,,,,,,,,,,,72576.96,,,,,,,,607.985,581.796,,,,,,,,,,,,,,,,,,,,462.6246387,,619.086904,,,,,,,,,,,,,,9064.151601,,,,,,,,,
246,,,646.5567092,,,,,,,,,,,,,,,,,938.5057695,1188.912,,,,,,,,,,,,,,,,,,,,,,,,,,,,,,,,,,43659.957,,,,,,,,550.768,673.515,,,,,,,,,,,,,,,,,,,,295.5853779,,1015.059252,,,,,,,,,,,,,,2952.834472,,,,,,,,,
245,,,459.6488764,,,,,,,,,,,,,,,,,647.3228631,398.344,,,,,,,,,,,,,,,,,,,,,,,,,,,,,,,,,,88801.321,,,,,,,,900.769,866.97,,,,,,,,,,,,,,,,,,,,632.8209518,,739.823785,,,,,,,,,,,,,,5286.630846,,,,,,,,,
244,,,1160.174442,,,,,,,,,,,,,,,,,1078.212923,865.776,,,,,,,,,,,,,,,,,,,,,,,,,,,,,,,,,,62669.48,,,,,,,,853.238,822.042,,,,,,,,,,,,,,,,,,,,961.6591923,,771.338068,,,,,,,,,,,,,,5695.495284,,,,,,,,,
243,,,545.2592596,,,,,,,,,,,,,,,,,930.4264772,1405.492,,,,,,,,,,,,,,,,,,,,,,,,,,,,,,,,,,66839.472,,,,,,,,1077.756,696.411,,,,,,,,,,,,,,,,,,,,558.5540826,,627.049261,,,,,,,,,,,,,,4177.01498,,,,,,,,,
242,,,519.8569075,,,,,,,,,,,,,,,,,616.6505802,1494.64,,,,,,,,,,,,,,,,,,,,,,,,,,,,,,,,,,49294.98,,,,,,,,1425.466,528.525,,,,,,,,,,,,,,,,,,,,711.4508731,,1002.018221,,,,,,,,,,,,,,5491.508019,,,,,,,,,
241,,,739.6095359,,,,,,,,,,,,,,,,,1819.663755,573.172,,,,,,,,,,,,,,,,,,,,,,,,,,,,,,,,,,85373.194,,,,,,,,762.903,776.817,,,,,,,,,,,,,,,,,,,,1260.867107,,769.087027,,,,,,,,,,,,,,4076.933693,,,,,,,,,
240,,,,,,,,,,,,,,,,,,,,770.4081151,1791.936,,,,,,,,,,,,,,,,,,,,,,,,,,,,,,,,,,47209.8,,,,,,,,811.043,1540.917,,,,,,,,,,,,,,,,,,,,891.0547568,,512.413802,,,,,,,,,,,,,,7644.262005,,,,,,,,,
239,,,734.3508033,,,,,,,,,,,,,,,,,1370.207687,3899.868,,,,,,,,,,,,,,,,,,,,,,,,,,,,,,,,,,82947.568,,,,,,,,1000.703,1490.724,,,,,,,,,,,,,,,,,,,,261.308423,,570.150224,,,,,,,,,,,,,,6878.138312,,,,,,,,,
238,,,2184.067494,,,,,,,,,,,,,,,,,481.9612152,811.444,,,,,,,,,,,,,,,,,,,,,,,,,,,,,,,,,,48927.624,,,,,,,,453.618,1135.998,,,,,,,,,,,,,,,,,,,,759.7620561,,994.072957,,,,,,,,,,,,,,3623.624805,,,,,,,,,
237,,,740.5008465,,,,,,,,,,,,,,,,,511.4038364,1169.396,,,,,,,,,,,,,,,,,,,,,,,,,,,,,,,,,,76100.928,,,,,,,,343.592,842.265,,,,,,,,,,,,,,,,,,,,537.7866575,,487.239835,,,,,,,,,,,,,,6232.276402,,,,,,,,,
236,,,1076.703205,,,,,,,,,,,,,,,,,795.2618654,445.876,,,,,,,,,,,,,,,,,,,,,,,,,,,,,,,,,,97036.632,,,,,,,,595.602,587.331,,,,,,,,,,,,,,,,,,,,1156.884494,,1176.733158,,,,,,,,,,,,,,2334.809099,,,,,,,,,
235,,,490.2653955,,,,,,,,,,,,,,,,,1110.162482,720.664,,,,,,,,,,,,,,,,,,,,,,,,,,,,,,,,,,61599.52,,,,,,,,787.93,412.884,,,,,,,,,,,,,,,,,,,,909.1480486,,954.879792,,,,,,,,,,,,,,2328.580627,,,,,,,,,
234,,,1352.742098,,,,,,,,,,,,,,,,,953.2080081,750.312,,,,,,,,,,,,,,,,,,,,,,,,,,,,,,,,,,41771.358,,,,,,,,595.051,640.008,,,,,,,,,,,,,,,,,,,,584.5482076,,451.025918,,,,,,,,,,,,,,4721.912901,,,,,,,,,
233,,,836.4949981,,,,,,,,,,,,,,,,,1279.363496,1234.676,,,,,,,,,,,,,,,,,,,,,,,,,,,,,,,,,,68179.797,,,,,,,,718.997,728.649,,,,,,,,,,,,,,,,,,,,1012.568331,,1018.345831,,,,,,,,,,,,,,8056.869987,,,,,,,,,
232,,,979.1046941,,,,,,,,,,,,,,,,,301.7028851,965.124,,,,,,,,,,,,,,,,,,,,,,,,,,,,,,,,,,39378.231,,,,,,,,798.95,767.583,,,,,,,,,,,,,,,,,,,,764.3528498,,863.236493,,,,,,,,,,,,,,1708.577458,,,,,,,,,
231,,,563.8876511,,,,,,,,,,,,,,,,,463.2352174,828.92,,,,,,,,,,,,,,,,,,,,,,,,,,,,,,,,,,37291.625,,,,,,,,588.932,820.476,,,,,,,,,,,,,,,,,,,,430.6127947,,655.610966,,,,,,,,,,,,,,3720.264666,,,,,,,,,
230,,,2202.562189,,,,,,,,,,,,,,,,,722.5411322,959.48,,,,,,,,,,,,,,,,,,,,,,,,,,,,,,,,,,70520.369,,,,,,,,428.243,768.933,,,,,,,,,,,,,,,,,,,,483.3333463,,644.959151,,,,,,,,,,,,,,3214.114433,,,,,,,,,
229,,,1662.650793,,,,,,,,,,,,,,,,,985.4861165,1769.292,,,,,,,,,,,,,,,,,,,,,,,,,,,,,,,,,,25357.5,,,,,,,,418.905,548.208,,,,,,,,,,,,,,,,,,,,1145.060601,,947.662483,,,,,,,,,,,,,,3566.44702,,,,,,,,,
228,,,909.0476809,,,,,,,,,,,,,,,,,1645.945318,1514.224,,,,,,,,,,,,,,,,,,,,,,,,,,,,,,,,,,61224.735,,,,,,,,304.964,357.696,,,,,,,,,,,,,,,,,,,,624.8534766,,758.953178,,,,,,,,,,,,,,6089.989932,,,,,,,,,
227,,,1016.227781,,,,,,,,,,,,,,,,,903.6456607,735.692,,,,,,,,,,,,,,,,,,,,,,,,,,,,,,,,,,84071.808,,,,,,,,459.853,364.122,,,,,,,,,,,,,,,,,,,,836.2009555,,768.16884,,,,,,,,,,,,,,6615.602658,,,,,,,,,
226,,,638.1338241,,,,,,,,,,,,,,,,,1211.660172,878.288,,,,,,,,,,,,,,,,,,,,,,,,,,,,,,,,,,51612.345,,,,,,,,608.797,526.689,,,,,,,,,,,,,,,,,,,,1150.16273,,568.814078,,,,,,,,,,,,,,13578.11164,,,,,,,,,
225,,,253.2213415,,,,,,,,,,,,,,,,,1458.383329,554.064,,,,,,,,,,,,,,,,,,,,,,,,,,,,,,,,,,32989.728,,,,,,,,541.546,467.262,,,,,,,,,,,,,,,,,,,,800.3973669,,903.927147,,,,,,,,,,,,,,2891.630672,,,,,,,,,
224,,,492.0034512,,,,,,,,,,,,,,,,,1203.481919,493.748,,,,,,,,,,,,,,,,,,,,,,,,,,,,,,,,,,38311.353,,,,,,,,557.844,654.264,,,,,,,,,,,,,,,,,,,,752.5080398,,910.472848,,,,,,,,,,,,,,4118.73151,,,,,,,,,
223,,,802.1349745,,,,,,,,,,,,,,,,,988.1925372,658.58,,,,,,,,,,,,,,,,,,,,,,,,,,,,,,,,,,43165.71,,,,,,,,501.12,774.036,,,,,,,,,,,,,,,,,,,,1349.142713,,2235.027418,,,,,,,,,,,,,,2863.534854,,,,,,,,,
222,,,697.8961998,,,,,,,,,,,,,,,,,1131.129478,1086.912,,,,,,,,,,,,,,,,,,,,,,,,,,,,,,,,,,63881.488,,,,,,,,527.075,773.982,,,,,,,,,,,,,,,,,,,,528.1731835,,792.484458,,,,,,,,,,,,,,3056.581809,,,,,,,,,
221,,,952.8555969,,,,,,,,,,,,,,,,,516.8924505,1056.516,,,,,,,,,,,,,,,,,,,,,,,,,,,,,,,,,,102745.232,,,,,,,,423.864,683.289,,,,,,,,,,,,,,,,,,,,705.7354916,,696.81814,,,,,,,,,,,,,,2767.385589,,,,,,,,,
220,,,964.3535037,,,,,,,,,,,,,,,,,1189.715498,952.68,,,,,,,,,,,,,,,,,,,,,,,,,,,,,,,,,,55365.232,,,,,,,,271.933,466.506,,,,,,,,,,,,,,,,,,,,705.3067322,,645.937068,,,,,,,,,,,,,,3351.816947,,,,,,,,,
219,,,1394.901089,,,,,,,,,,,,,,,,,427.9353409,483.412,,,,,,,,,,,,,,,,,,,,,,,,,,,,,,,,,,51201.381,,,,,,,,324.307,339.876,,,,,,,,,,,,,,,,,,,,806.5424439,,767.297884,,,,,,,,,,,,,,3818.346325,,,,,,,,,
218,,,3579.770763,,,,,,,,,,,,,,,,,1097.078568,1081.812,,,,,,,,,,,,,,,,,,,,,,,,,,,,,,,,,,58241.106,,,,,,,,1124.272,595.62,,,,,,,,,,,,,,,,,,,,630.8736919,,530.661737,,,,,,,,,,,,,,3469.91131,,,,,,,,,
217,,,869.785449,,,,,,,,,,,,,,,,,868.3405927,1309.816,,,,,,,,,,,,,,,,,,,,,,,,,,,,,,,,,,53370.672,,,,,,,,1254.627,720.954,,,,,,,,,,,,,,,,,,,,1034.40524,,450.417144,,,,,,,,,,,,,,5784.225732,,,,,,,,,
216,,,658.5448368,,,,,,,,,,,,,,,,,566.9391691,1057.196,,,,,,,,,,,,,,,,,,,,,,,,,,,,,,,,,,43904.7,,,,,,,,1089.182,735.669,,,,,,,,,,,,,,,,,,,,1276.656753,,514.878961,,,,,,,,,,,,,,5318.291492,,,,,,,,,
215,,,948.8892648,,,,,,,,,,,,,,,,,1046.615427,841.16,,,,,,,,,,,,,,,,,,,,,,,,,,,,,,,,,,72073.904,,,,,,,,756.523,871.641,,,,,,,,,,,,,,,,,,,,646.1346277,,1396.546998,,,,,,,,,,,,,,6952.500879,,,,,,,,,
214,,,718.8865644,,,,,,,,,,,,,,,,,684.6460106,1663.076,,,,,,,,,,,,,,,,,,,,,,,,,,,,,,,,,,66229.006,,,,,,,,452.429,782.811,,,,,,,,,,,,,,,,,,,,670.265615,,1218.710847,,,,,,,,,,,,,,12399.6912,,,,,,,,,
213,,,769.1564823,,,,,,,,,,,,,,,,,569.3730394,1548.292,,,,,,,,,,,,,,,,,,,,,,,,,,,,,,,,,,105335.331,,,,,,,,758.756,846.072,,,,,,,,,,,,,,,,,,,,417.0976765,,1528.341938,,,,,,,,,,,,,,5582.839644,,,,,,,,,
212,,,651.6371797,,,,,,,,,,,,,,,,,375.7749086,1296.488,,,,,,,,,,,,,,,,,,,,,,,,,,,,,,,,,,67642.31,,,,,,,,910.223,1005.021,,,,,,,,,,,,,,,,,,,,546.2095073,,702.762188,,,,,,,,,,,,,,2271.021779,,,,,,,,,
211,,,361.0699241,,,,,,,,,,,,,,,,,2133.08788,1121.796,,,,,,,,,,,,,,,,,,,,,,,,,,,,,,,,,,54704.672,,,,,,,,541.372,709.452,,,,,,,,,,,,,,,,,,,,435.2078402,,566.975157,,,,,,,,,,,,,,4376.380328,,,,,,,,,
210,,,955.3067011,,,,,,,,,,,,,,,,,1282.247343,669.664,,,,,,,,,,,,,,,,,,,,,,,,,,,,,,,,,,59451.412,,,,,,,,444.338,487.026,,,,,,,,,,,,,,,,,,,,453.4439749,,623.995437,,,,,,,,,,,,,,3439.931695,,,,,,,,,
209,,,437.7226357,,,,,,,,,,,,,,,,,1451.469515,683.808,,,,,,,,,,,,,,,,,,,,,,,,,,,,,,,,,,46042.458,,,,,,,,368.445,612.981,,,,,,,,,,,,,,,,,,,,270.4502082,,824.716319,,,,,,,,,,,,,,8127.763106,,,,,,,,,
208,,,735.4203761,,,,,,,,,,,,,,,,,968.0184378,1032.172,,,,,,,,,,,,,,,,,,,,,,,,,,,,,,,,,,116611.357,,,,,,,,499.612,670.437,,,,,,,,,,,,,,,,,,,,886.9447573,,764.419129,,,,,,,,,,,,,,6569.050076,,,,,,,,,
207,,,1228.582531,,,,,,,,,,,,,,,,,1712.931161,1191.36,,,,,,,,,,,,,,,,,,,,,,,,,,,,,,,,,,71136.125,,,,,,,,567.153,842.994,,,,,,,,,,,,,,,,,,,,969.7619423,,392.800513,,,,,,,,,,,,,,8246.689319,,,,,,,,,
206,,,1140.030823,,,,,,,,,,,,,,,,,599.3306488,1887.272,,,,,,,,,,,,,,,,,,,,,,,,,,,,,,,,,,58438.17,,,,,,,,400.867,545.319,,,,,,,,,,,,,,,,,,,,691.5813193,,1198.952199,,,,,,,,,,,,,,5670.737113,,,,,,,,,
205,,,721.4713652,,,,,,,,,,,,,,,,,856.1381685,1551.76,,,,,,,,,,,,,,,,,,,,,,,,,,,,,,,,,,52223.846,,,,,,,,666.565,402.732,,,,,,,,,,,,,,,,,,,,1031.808433,,1337.722509,,,,,,,,,,,,,,3516.318812,,,,,,,,,
204,,,2225.290609,,,,,,,,,,,,,,,,,1391.858565,2487.644,,,,,,,,,,,,,,,,,,,,,,,,,,,,,,,,,,91173.748,,,,,,,,681.732,315.387,,,,,,,,,,,,,,,,,,,,407.117534,,900.996006,,,,,,,,,,,,,,3286.088781,,,,,,,,,
203,,,1237.139113,,,,,,,,,,,,,,,,,1185.126825,2854.912,,,,,,,,,,,,,,,,,,,,,,,,,,,,,,,,,,58492.473,,,,,,,,443.323,477.144,,,,,,,,,,,,,,,,,,,,381.9777621,,849.92469,,,,,,,,,,,,,,3502.603865,,,,,,,,,
202,,,1361.298679,,,,,,,,,,,,,,,,,416.8125994,634.236,,,,,,,,,,,,,,,,,,,,,,,,,,,,,,,,,,66999.138,,,,,,,,399.649,670.167,,,,,,,,,,,,,,,,,,,,741.1736652,,86.220158,,,,,,,,,,,,,,3940.163347,,,,,,,,,
201,,,1300.912386,,,,,,,,,,,,,,,,,2077.383487,1623.296,,,,,,,,,,,,,,,,,,,,,,,,,,,,,,,,,,119124.084,,,,,,,,742.835,682.02,,,,,,,,,,,,,,,,,,,,455.0766259,,534.093548,,,,,,,,,,,,,,3086.577355,,,,,,,,,
200,,,962.7937101,,,,,,,,,,,,,,,,,1395.802228,1049.784,,,,,,,,,,,,,,,,,,,,,,,,,,,,,,,,,,69300.242,,,,,,,,757.77,602.262,,,,,,,,,,,,,,,,,,,,1092.977394,,680.362915,,,,,,,,,,,,,,2188.728706,,,,,,,,,
199,,,749.7259112,,,,,,,,,,,,,,,,,583.4716364,1081.676,,,,,,,,,,,,,,,,,,,,,,,,,,,,,,,,,,48006.75,,,,,,,,457.794,470.151,,,,,,,,,,,,,,,,,,,,495.9407172,,679.874157,,,,,,,,,,,,,,2199.215462,,,,,,,,,
198,,,1012.484276,,,,,,,,,,,,,,,,,1175.835813,1251.2,,,,,,,,,,,,,,,,,,,,,,,,,,,,,,,,,,40896.875,,,,,,,,279.995,408.537,,,,,,,,,,,,,,,,,,,,1046.87197,,485.215891,,,,,,,,,,,,,,4299.914989,,,,,,,,,
197,,,1518.035648,,,,,,,,,,,,,,,,,1032.725659,1826.956,,,,,,,,,,,,,,,,,,,,,,,,,,,,,,,,,,78207.36,,,,,,,,669.639,437.103,,,,,,,,,,,,,,,,,,,,681.6854037,,867.713119,,,,,,,,,,,,,,4409.925173,,,,,,,,,
196,,,1036.549662,,,,,,,,,,,,,,,,,903.2135576,900.524,,,,,,,,,,,,,,,,,,,,,,,,,,,,,,,,,,71356.81,,,,,,,,710.848,614.034,,,,,,,,,,,,,,,,,,,,1085.244537,,834.115775,,,,,,,,,,,,,,3351.325955,,,,,,,,,
195,,,849.5081329,,,,,,,,,,,,,,,,,752.0241758,568.82,,,,,,,,,,,,,,,,,,,,,,,,,,,,,,,,,,36037.044,,,,,,,,534.325,691.605,,,,,,,,,,,,,,,,,,,,731.9497353,,1002.798985,,,,,,,,,,,,,,4364.448629,,,,,,,,,
194,,,1878.659917,,,,,,,,,,,,,,,,,1748.443333,665.72,,,,,,,,,,,,,,,,,,,,,,,,,,,,,,,,,,139028.606,,,,,,,,511.27,743.877,,,,,,,,,,,,,,,,,,,,1886.339947,,869.98356,,,,,,,,,,,,,,5062.019767,,,,,,,,,
193,,,1161.154884,,,,,,,,,,,,,,,,,1986.827907,1289.076,,,,,,,,,,,,,,,,,,,,,,,,,,,,,,,,,,53980.908,,,,,,,,605.404,815.643,,,,,,,,,,,,,,,,,,,,1867.452188,,700.37093,,,,,,,,,,,,,,5269.864601,,,,,,,,,
192,,,1021.441948,,,,,,,,,,,,,,,,,820.505526,3360.696,,,,,,,,,,,,,,,,,,,,,,,,,,,,,,,,,,100962.18,,,,,,,,718.011,791.451,,,,,,,,,,,,,,,,,,,,728.5862955,,1169.983821,,,,,,,,,,,,,,6837.668514,,,,,,,,,
191,,,438.0345944,,,,,,,,,,,,,,,,,2373.036492,782.748,,,,,,,,,,,,,,,,,,,,,,,,,,,,,,,,,,38411.564,,,,,,,,1073.696,888.921,,,,,,,,,,,,,,,,,,,,307.7410138,,1098.638657,,,,,,,,,,,,,,3846.883285,,,,,,,,,
190,,,1763.903677,,,,,,,,,,,,,,,,,1194.553486,1286.764,,,,,,,,,,,,,,,,,,,,,,,,,,,,,,,,,,90852.76,,,,,,,,1123.17,999.594,,,,,,,,,,,,,,,,,,,,1135.146114,,1731.37187,,,,,,,,,,,,,,1730.226272,,,,,,,,,
189,,,1021.753906,,,,,,,,,,,,,,,,,1090.066957,1246.372,,,,,,,,,,,,,,,,,,,,,,,,,,,,,,,,,,54483.297,,,,,,,,1043.217,971.136,,,,,,,,,,,,,,,,,,,,808.1403212,,923.347207,,,,,,,,,,,,,,6558.093222,,,,,,,,,
188,,,644.1947362,,,,,,,,,,,,,,,,,1741.402709,729.368,,,,,,,,,,,,,,,,,,,,,,,,,,,,,,,,,,57224.0,,,,,,,,900.885,663.093,,,,,,,,,,,,,,,,,,,,767.698644,,944.909951,,,,,,,,,,,,,,3963.929088,,,,,,,,,
187,,,370.7852096,,,,,,,,,,,,,,,,,875.757104,579.972,,,,,,,,,,,,,,,,,,,,,,,,,,,,,,,,,,53439.12,,,,,,,,795.876,436.563,,,,,,,,,,,,,,,,,,,,1191.178738,,1099.913552,,,,,,,,,,,,,,5294.110384,,,,,,,,,
186,,,373.8156656,,,,,,,,,,,,,,,,,1608.322983,936.904,,,,,,,,,,,,,,,,,,,,,,,,,,,,,,,,,,71574.804,,,,,,,,650.093,774.522,,,,,,,,,,,,,,,,,,,,659.6153649,,927.787898,,,,,,,,,,,,,,7295.760011,,,,,,,,,
185,,,671.6025371,,,,,,,,,,,,,,,,,1244.73367,1141.856,,,,,,,,,,,,,,,,,,,,,,,,,,,,,,,,,,33424.083,,,,,,,,541.169,843.615,,,,,,,,,,,,,,,,,,,,1103.722309,,865.818855,,,,,,,,,,,,,,3682.800874,,,,,,,,,
184,,,1510.281246,,,,,,,,,,,,,,,,,862.6493258,667.488,,,,,,,,,,,,,,,,,,,,,,,,,,,,,,,,,,53237.088,,,,,,,,333.123,709.506,,,,,,,,,,,,,,,,,,,,1549.506604,,1183.367561,,,,,,,,,,,,,,4853.586507,,,,,,,,,
183,,,616.430411,,,,,,,,,,,,,,,,,1503.255153,382.024,,,,,,,,,,,,,,,,,,,,,,,,,,,,,,,,,,34310.618,,,,,,,,264.654,552.879,,,,,,,,,,,,,,,,,,,,836.1940109,,1267.000664,,,,,,,,,,,,,,9160.460973,,,,,,,,,
182,,,490.8001819,,,,,,,,,,,,,,,,,1039.37128,437.172,,,,,,,,,,,,,,,,,,,,,,,,,,,,,,,,,,31294.835,,,,,,,,334.718,669.384,,,,,,,,,,,,,,,,,,,,709.2474637,,1026.595636,,,,,,,,,,,,,,4598.335505,,,,,,,,,
181,,,1351.538828,,,,,,,,,,,,,,,,,1797.432015,1301.044,,,,,,,,,,,,,,,,,,,,,,,,,,,,,,,,,,47430.6,,,,,,,,466.175,688.635,,,,,,,,,,,,,,,,,,,,659.1347342,,1076.216089,,,,,,,,,,,,,,4079.113938,,,,,,,,,
180,,,448.7303216,,,,,,,,,,,,,,,,,1059.343343,1142.876,,,,,,,,,,,,,,,,,,,,,,,,,,,,,,,,,,56422.197,,,,,,,,698.9,386.991,,,,,,,,,,,,,,,,,,,,534.967572,,685.389733,,,,,,,,,,,,,,4575.859952,,,,,,,,,
179,,,707.0321335,,,,,,,,,,,,,,,,,706.5414184,922.488,,,,,,,,,,,,,,,,,,,,,,,,,,,,,,,,,,29241.05,,,,,,,,585.075,245.457,,,,,,,,,,,,,,,,,,,,326.414735,,809.181223,,,,,,,,,,,,,,2822.018112,,,,,,,,,
178,,,982.625371,,,,,,,,,,,,,,,,,2322.411088,685.576,,,,,,,,,,,,,,,,,,,,,,,,,,,,,,,,,,55566.068,,,,,,,,389.876,232.254,,,,,,,,,,,,,,,,,,,,568.8864199,,763.310831,,,,,,,,,,,,,,2823.004003,,,,,,,,,
177,,,293.2411874,,,,,,,,,,,,,,,,,904.6582948,1647.844,,,,,,,,,,,,,,,,,,,,,,,,,,,,,,,,,,61026.222,,,,,,,,618.802,423.819,,,,,,,,,,,,,,,,,,,,467.585173,,685.913892,,,,,,,,,,,,,,4102.025426,,,,,,,,,
176,,,1675.173707,,,,,,,,,,,,,,,,,1778.386549,1212.916,,,,,,,,,,,,,,,,,,,,,,,,,,,,,,,,,,51242.643,,,,,,,,490.767,609.228,,,,,,,,,,,,,,,,,,,,294.2184419,,1290.015544,,,,,,,,,,,,,,4179.287728,,,,,,,,,
175,,,1284.200312,,,,,,,,,,,,,,,,,1129.801691,657.628,,,,,,,,,,,,,,,,,,,,,,,,,,,,,,,,,,60764.85,,,,,,,,547.984,612.576,,,,,,,,,,,,,,,,,,,,,,534.961688,,,,,,,,,,,,,,7688.637301,,,,,,,,,
174,,,1275.15351,,,,,,,,,,,,,,,,,2745.985657,769.624,,,,,,,,,,,,,,,,,,,,,,,,,,,,,,,,,,52478.893,,,,,,,,609.145,443.286,,,,,,,,,,,,,,,,,,,,,,949.582722,,,,,,,,,,,,,,6869.800981,,,,,,,,,
173,,,1629.98426,,,,,,,,,,,,,,,,,1956.204235,1172.592,,,,,,,,,,,,,,,,,,,,,,,,,,,,,,,,,,45108.014,,,,,,,,270.976,222.804,,,,,,,,,,,,,,,,,,,,,,881.988807,,,,,,,,,,,,,,3603.94949,,,,,,,,,
172,,,1152.063516,,,,,,,,,,,,,,,,,442.3687959,2849.744,,,,,,,,,,,,,,,,,,,,,,,,,,,,,,,,,,47568.508,,,,,,,,471.424,525.015,,,,,,,,,,,,,,,,,,,,,,521.714966,,,,,,,,,,,,,,5116.086071,,,,,,,,,
171,,,1262.051244,,,,,,,,,,,,,,,,,553.5052349,1032.444,,,,,,,,,,,,,,,,,,,,,,,,,,,,,,,,,,101002.683,,,,,,,,403.042,893.349,,,,,,,,,,,,,,,,,,,,,,538.005206,,,,,,,,,,,,,,6259.72634,,,,,,,,,
170,,,1531.628135,,,,,,,,,,,,,,,,,675.6288807,1040.672,,,,,,,,,,,,,,,,,,,,,,,,,,,,,,,,,,75220.488,,,,,,,,302.673,586.008,,,,,,,,,,,,,,,,,,,,,,1194.858551,,,,,,,,,,,,,,4182.336013,,,,,,,,,
169,,,606.759691,,,,,,,,,,,,,,,,,1437.680652,687.956,,,,,,,,,,,,,,,,,,,,,,,,,,,,,,,,,,41317.936,,,,,,,,548.941,558.306,,,,,,,,,,,,,,,,,,,,,,822.696346,,,,,,,,,,,,,,2600.92587,,,,,,,,,
168,,,393.2016712,,,,,,,,,,,,,,,,,720.6148405,808.452,,,,,,,,,,,,,,,,,,,,,,,,,,,,,,,,,,51742.548,,,,,,,,347.275,498.069,,,,,,,,,,,,,,,,,,,,,,642.239383,,,,,,,,,,,,,,5884.722264,,,,,,,,,
167,,,946.7946849,,,,,,,,,,,,,,,,,845.0121548,934.32,,,,,,,,,,,,,,,,,,,,,,,,,,,,,,,,,,31349.943,,,,,,,,443.642,506.277,,,,,,,,,,,,,,,,,,,,,,1198.346216,,,,,,,,,,,,,,10036.72911,,,,,,,,,
166,,,412.7213733,,,,,,,,,,,,,,,,,1338.791247,647.496,,,,,,,,,,,,,,,,,,,,,,,,,,,,,,,,,,41760.732,,,,,,,,540.473,597.051,,,,,,,,,,,,,,,,,,,,,,1369.442814,,,,,,,,,,,,,,6841.709625,,,,,,,,,
165,,,689.2059215,,,,,,,,,,,,,,,,,1422.406025,621.996,,,,,,,,,,,,,,,,,,,,,,,,,,,,,,,,,,108558.528,,,,,,,,244.963,642.924,,,,,,,,,,,,,,,,,,,,,,616.376222,,,,,,,,,,,,,,4619.944691,,,,,,,,,
164,,,1819.031238,,,,,,,,,,,,,,,,,1120.315281,797.368,,,,,,,,,,,,,,,,,,,,,,,,,,,,,,,,,,62606.368,,,,,,,,363.312,800.28,,,,,,,,,,,,,,,,,,,,,,608.945701,,,,,,,,,,,,,,8130.215023,,,,,,,,,
163,,,732.2562234,,,,,,,,,,,,,,,,,538.279034,613.088,,,,,,,,,,,,,,,,,,,,,,,,,,,,,,,,,,75073.15,,,,,,,,253.344,858.546,,,,,,,,,,,,,,,,,,,,,,405.682808,,,,,,,,,,,,,,2557.602463,,,,,,,,,
162,,,650.6121725,,,,,,,,,,,,,,,,,1064.750303,1074.4,,,,,,,,,,,,,,,,,,,,,,,,,,,,,,,,,,49936.68,,,,,,,,269.497,848.313,,,,,,,,,,,,,,,,,,,,,,1382.48415,,,,,,,,,,,,,,5298.469999,,,,,,,,,
161,,,480.7729376,,,,,,,,,,,,,,,,,1566.89443,654.228,,,,,,,,,,,,,,,,,,,,,,,,,,,,,,,,,,62535.068,,,,,,,,409.48,975.969,,,,,,,,,,,,,,,,,,,,,,1353.593744,,,,,,,,,,,,,,5086.039123,,,,,,,,,
160,,,549.2701573,,,,,,,,,,,,,,,,,1377.346699,810.696,,,,,,,,,,,,,,,,,,,,,,,,,,,,,,,,,,28924.11,,,,,,,,485.692,899.1,,,,,,,,,,,,,,,,,,,,,,687.083385,,,,,,,,,,,,,,10516.25573,,,,,,,,,
159,,,625.8337378,,,,,,,,,,,,,,,,,,700.468,,,,,,,,,,,,,,,,,,,,,,,,,,,,,,,,,,64067.42,,,,,,,,678.542,750.114,,,,,,,,,,,,,,,,,,,,,,597.723341,,,,,,,,,,,,,,2835.328305,,,,,,,,,
158,,,783.2391898,,,,,,,,,,,,,,,,,,1074.876,,,,,,,,,,,,,,,,,,,,,,,,,,,,,,,,,,29028.875,,,,,,,,725.319,400.707,,,,,,,,,,,,,,,,,,,,,,472.100809,,,,,,,,,,,,,,2041.07633,,,,,,,,,
157,,,443.3378924,,,,,,,,,,,,,,,,,,1567.604,,,,,,,,,,,,,,,,,,,,,,,,,,,,,,,,,,40717.475,,,,,,,,379.204,226.071,,,,,,,,,,,,,,,,,,,,,,820.15589,,,,,,,,,,,,,,3718.712508,,,,,,,,,
156,,,1186.245278,,,,,,,,,,,,,,,,,,1086.096,,,,,,,,,,,,,,,,,,,,,,,,,,,,,,,,,,52546.904,,,,,,,,385.439,280.827,,,,,,,,,,,,,,,,,,,,,,1271.418232,,,,,,,,,,,,,,4106.278968,,,,,,,,,
155,,,883.8681565,,,,,,,,,,,,,,,,,,635.188,,,,,,,,,,,,,,,,,,,,,,,,,,,,,,,,,,54922.114,,,,,,,,419.137,319.842,,,,,,,,,,,,,,,,,,,,,,986.59513,,,,,,,,,,,,,,4066.414873,,,,,,,,,
154,,,1241.684797,,,,,,,,,,,,,,,,,,1200.2,,,,,,,,,,,,,,,,,,,,,,,,,,,,,,,,,,55383.862,,,,,,,,360.934,457.623,,,,,,,,,,,,,,,,,,,,,,652.876748,,,,,,,,,,,,,,5479.228926,,,,,,,,,
153,,,419.8072926,,,,,,,,,,,,,,,,,,1167.968,,,,,,,,,,,,,,,,,,,,,,,,,,,,,,,,,,76597.015,,,,,,,,,585.819,,,,,,,,,,,,,,,,,,,,,,1191.857506,,,,,,,,,,,,,,2730.720387,,,,,,,,,
152,,,603.1053175,,,,,,,,,,,,,,,,,,1867.212,,,,,,,,,,,,,,,,,,,,,,,,,,,,,,,,,,37654.358,,,,,,,,66.091,585.333,,,,,,,,,,,,,,,,,,,,,,1440.824442,,,,,,,,,,,,,,7711.398112,,,,,,,,,
151,,,968.8546222,,,,,,,,,,,,,,,,,,973.42,,,,,,,,,,,,,,,,,,,,,,,,,,,,,,,,,,76886.424,,,,,,,,209.554,570.456,,,,,,,,,,,,,,,,,,,,,,1477.071044,,,,,,,,,,,,,,3015.658278,,,,,,,,,
150,,,758.282493,,,,,,,,,,,,,,,,,,871.692,,,,,,,,,,,,,,,,,,,,,,,,,,,,,,,,,,46123.05,,,,,,,,594.442,604.773,,,,,,,,,,,,,,,,,,,,,,1300.522771,,,,,,,,,,,,,,3037.065487,,,,,,,,,
149,,,785.2892041,,,,,,,,,,,,,,,,,,828.784,,,,,,,,,,,,,,,,,,,,,,,,,,,,,,,,,,57017.552,,,,,,,,694.173,608.04,,,,,,,,,,,,,,,,,,,,,,303.711785,,,,,,,,,,,,,,4535.399759,,,,,,,,,
148,,,921.0358085,,,,,,,,,,,,,,,,,,1217.948,,,,,,,,,,,,,,,,,,,,,,,,,,,,,,,,,,71698.498,,,,,,,,975.212,662.634,,,,,,,,,,,,,,,,,,,,,,640.324042,,,,,,,,,,,,,,5142.269318,,,,,,,,,
147,,,920.233629,,,,,,,,,,,,,,,,,,1775.208,,,,,,,,,,,,,,,,,,,,,,,,,,,,,,,,,,26942.913,,,,,,,,884.007,877.716,,,,,,,,,,,,,,,,,,,,,,766.616836,,,,,,,,,,,,,,4361.960133,,,,,,,,,
146,,,1596.515547,,,,,,,,,,,,,,,,,,1702.924,,,,,,,,,,,,,,,,,,,,,,,,,,,,,,,,,,69307.556,,,,,,,,562.484,1043.955,,,,,,,,,,,,,,,,,,,,,,838.654258,,,,,,,,,,,,,,4495.301702,,,,,,,,,
145,,,1197.609488,,,,,,,,,,,,,,,,,,1210.264,,,,,,,,,,,,,,,,,,,,,,,,,,,,,,,,,,37220.187,,,,,,,,727.32,1106.703,,,,,,,,,,,,,,,,,,,,,,604.917301,,,,,,,,,,,,,,7400.999826,,,,,,,,,
144,,,905.2596109,,,,,,,,,,,,,,,,,,1069.64,,,,,,,,,,,,,,,,,,,,,,,,,,,,,,,,,,41984.085,,,,,,,,767.717,1157.328,,,,,,,,,,,,,,,,,,,,,,710.474878,,,,,,,,,,,,,,6590.75747,,,,,,,,,
143,,,884.670336,,,,,,,,,,,,,,,,,,1885.164,,,,,,,,,,,,,,,,,,,,,,,,,,,,,,,,,,59799.747,,,,,,,,687.706,1004.994,,,,,,,,,,,,,,,,,,,,,,755.014459,,,,,,,,,,,,,,9196.101125,,,,,,,,,
142,,,2227.563452,,,,,,,,,,,,,,,,,,1029.588,,,,,,,,,,,,,,,,,,,,,,,,,,,,,,,,,,71317.296,,,,,,,,763.889,597.429,,,,,,,,,,,,,,,,,,,,,,,,,,,,,,,,,,,,5485.909094,,,,,,,,,
141,,,1524.363954,,,,,,,,,,,,,,,,,,838.44,,,,,,,,,,,,,,,,,,,,,,,,,,,,,,,,,,52482.32,,,,,,,,1169.889,603.099,,,,,,,,,,,,,,,,,,,,,,609.996903,,,,,,,,,,,,,,,,,,,,,,,
140,,,485.8979736,,,,,,,,,,,,,,,,,,1291.728,,,,,,,,,,,,,,,,,,,,,,,,,,,,,,,,,,53636.161,,,,,,,,973.182,956.529,,,,,,,,,,,,,,,,,,,,,,1644.754008,,,,,,,,,,,,,,,,,,,,,,,
139,,,759.4411967,,,,,,,,,,,,,,,,,,601.46,,,,,,,,,,,,,,,,,,,,,,,,,,,,,,,,,,41998.483,,,,,,,,1137.583,812.376,,,,,,,,,,,,,,,,,,,,,,825.317481,,,,,,,,,,,,,,,,,,,,,,,
138,,,617.9010735,,,,,,,,,,,,,,,,,,978.588,,,,,,,,,,,,,,,,,,,,,,,,,,,,,,,,,,47159.706,,,,,,,,736.136,674.487,,,,,,,,,,,,,,,,,,,,,,1265.83547,,,,,,,,,,,,,,7568.332951,,,,,,,,,
137,,,979.7731771,,,,,,,,,,,,,,,,,,715.564,,,,,,,,,,,,,,,,,,,,,,,,,,,,,,,,,,161288.627,,,,,,,,319.116,748.197,,,,,,,,,,,,,,,,,,,,,,1282.194055,,,,,,,,,,,,,,6452.892346,,,,,,,,,
136,,,765.5466743,,,,,,,,,,,,,,,,,,1609.764,,,,,,,,,,,,,,,,,,,,,,,,,,,,,,,,,,94883.648,,,,,,,,256.534,758.376,,,,,,,,,,,,,,,,,,,,,,705.137838,,,,,,,,,,,,,,5056.479037,,,,,,,,,
135,,,580.6442904,,,,,,,,,,,,,,,,,,3069.112,,,,,,,,,,,,,,,,,,,,,,,,,,,,,,,,,,42710.632,,,,,,,,176.784,1188.594,,,,,,,,,,,,,,,,,,,,,,579.061644,,,,,,,,,,,,,,3931.848358,,,,,,,,,
134,,,830.5232171,,,,,,,,,,,,,,,,,,820.896,,,,,,,,,,,,,,,,,,,,,,,,,,,,,,,,,,59366.174,,,,,,,,169.998,1541.43,,,,,,,,,,,,,,,,,,,,,,625.212415,,,,,,,,,,,,,,4278.937251,,,,,,,,,
133,,,603.7738004,,,,,,,,,,,,,,,,,,999.26,,,,,,,,,,,,,,,,,,,,,,,,,,,,,,,,,,51744.112,,,,,,,,161.385,1147.068,,,,,,,,,,,,,,,,,,,,,,1009.29569,,,,,,,,,,,,,,3183.339463,,,,,,,,,
132,,,600.208558,,,,,,,,,,,,,,,,,,1538.228,,,,,,,,,,,,,,,,,,,,,,,,,,,,,,,,,,52449.292,,,,,,,,199.433,769.797,,,,,,,,,,,,,,,,,,,,,,1150.110329,,,,,,,,,,,,,,2842.626129,,,,,,,,,
131,,,540.9809687,,,,,,,,,,,,,,,,,,1674.636,,,,,,,,,,,,,,,,,,,,,,,,,,,,,,,,,,61330.512,,,,,,,,563.267,787.293,,,,,,,,,,,,,,,,,,,,,,753.206487,,,,,,,,,,,,,,3087.692028,,,,,,,,,
130,,,740.8128052,,,,,,,,,,,,,,,,,,1403.112,,,,,,,,,,,,,,,,,,,,,,,,,,,,,,,,,,75086.858,,,,,,,,814.494,743.202,,,,,,,,,,,,,,,,,,,,,,887.47189,,,,,,,,,,,,,,7763.035049,,,,,,,,,
129,,,459.4260488,,,,,,,,,,,,,,,,,,915.892,,,,,,,,,,,,,,,,,,,,,,,,,,,,,,,,,,77272.571,,,,,,,,793.411,583.821,,,,,,,,,,,,,,,,,,,,,,891.352735,,,,,,,,,,,,,,4228.139107,,,,,,,,,
128,,,2147.880284,,,,,,,,,,,,,,,,,,1109.352,,,,,,,,,,,,,,,,,,,,,,,,,,,,,,,,,,76921.775,,,,,,,,688.924,481.788,,,,,,,,,,,,,,,,,,,,,,672.165106,,,,,,,,,,,,,,6262.784511,,,,,,,,,
127,,,1213.385685,,,,,,,,,,,,,,,,,,1395.156,,,,,,,,,,,,,,,,,,,,,,,,,,,,,,,,,,46885.5,,,,,,,,947.43,475.632,,,,,,,,,,,,,,,,,,,,,,436.379092,,,,,,,,,,,,,,4790.531553,,,,,,,,,
126,,,1392.138026,,,,,,,,,,,,,,,,,,1307.504,,,,,,,,,,,,,,,,,,,,,,,,,,,,,,,,,,34797.62,,,,,,,,1126.273,501.579,,,,,,,,,,,,,,,,,,,,,,632.749307,,,,,,,,,,,,,,5798.232856,,,,,,,,,
125,,,1100.768591,,,,,,,,,,,,,,,,,,1424.396,,,,,,,,,,,,,,,,,,,,,,,,,,,,,,,,,,62283.54,,,,,,,,674.627,540.567,,,,,,,,,,,,,,,,,,,,,,942.564054,,,,,,,,,,,,,,6006.627314,,,,,,,,,
124,,,878.609424,,,,,,,,,,,,,,,,,,675.852,,,,,,,,,,,,,,,,,,,,,,,,,,,,,,,,,,51423.216,,,,,,,,603.113,603.855,,,,,,,,,,,,,,,,,,,,,,1089.132702,,,,,,,,,,,,,,4433.010441,,,,,,,,,
123,,,678.5993253,,,,,,,,,,,,,,,,,,840.684,,,,,,,,,,,,,,,,,,,,,,,,,,,,,,,,,,73943.689,,,,,,,,591.803,566.082,,,,,,,,,,,,,,,,,,,,,,1406.912202,,,,,,,,,,,,,,4489.998515,,,,,,,,,
122,,,584.8334502,,,,,,,,,,,,,,,,,,1174.224,,,,,,,,,,,,,,,,,,,,,,,,,,,,,,,,,,80322.348,,,,,,,,1302.419,393.471,,,,,,,,,,,,,,,,,,,,,,911.162195,,,,,,,,,,,,,,3968.814061,,,,,,,,,
121,,,820.4959728,,,,,,,,,,,,,,,,,,2287.724,,,,,,,,,,,,,,,,,,,,,,,,,,,,,,,,,,49974.975,,,,,,,,947.169,377.784,,,,,,,,,,,,,,,,,,,,,,854.854492,,,,,,,,,,,,,,4215.253964,,,,,,,,,
120,,,1198.589929,,,,,,,,,,,,,,,,,,1197.004,,,,,,,,,,,,,,,,,,,,,,,,,,,,,,,,,,33056.244,,,,,,,,420.558,531.117,,,,,,,,,,,,,,,,,,,,,,1060.264863,,,,,,,,,,,,,,3417.190669,,,,,,,,,
119,,,2147.390063,,,,,,,,,,,,,,,,,,707.132,,,,,,,,,,,,,,,,,,,,,,,,,,,,,,,,,,89936.532,,,,,,,,288.347,683.505,,,,,,,,,,,,,,,,,,,,,,1449.923145,,,,,,,,,,,,,,9090.206116,,,,,,,,,
118,,,626.3685242,,,,,,,,,,,,,,,,,,675.376,,,,,,,,,,,,,,,,,,,,,,,,,,,,,,,,,,55777.852,,,,,,,,332.427,737.046,,,,,,,,,,,,,,,,,,,,,,935.45939,,,,,,,,,,,,,,3462.843266,,,,,,,,,
117,,,399.6191075,,,,,,,,,,,,,,,,,,734.128,,,,,,,,,,,,,,,,,,,,,,,,,,,,,,,,,,44223.48,,,,,,,,297.018,635.634,,,,,,,,,,,,,,,,,,,,,,1067.798948,,,,,,,,,,,,,,3681.568048,,,,,,,,,
116,,,293.9988014,,,,,,,,,,,,,,,,,,1122.0,,,,,,,,,,,,,,,,,,,,,,,,,,,,,,,,,,75743.738,,,,,,,,452.98,501.228,,,,,,,,,,,,,,,,,,,,,,1061.461631,,,,,,,,,,,,,,7259.284853,,,,,,,,,
115,,,1073.717314,,,,,,,,,,,,,,,,,,1493.824,,,,,,,,,,,,,,,,,,,,,,,,,,,,,,,,,,41332.725,,,,,,,,805.446,384.669,,,,,,,,,,,,,,,,,,,,,,1075.393107,,,,,,,,,,,,,,6874.093337,,,,,,,,,
114,,,549.4484194,,,,,,,,,,,,,,,,,,754.256,,,,,,,,,,,,,,,,,,,,,,,,,,,,,,,,,,45193.344,,,,,,,,584.031,331.02,,,,,,,,,,,,,,,,,,,,,,1258.785685,,,,,,,,,,,,,,6380.16783,,,,,,,,,
113,,,809.3545903,,,,,,,,,,,,,,,,,,860.2,,,,,,,,,,,,,,,,,,,,,,,,,,,,,,,,,,63221.388,,,,,,,,514.257,367.659,,,,,,,,,,,,,,,,,,,,,,794.107078,,,,,,,,,,,,,,2234.441989,,,,,,,,,
112,,,1383.046658,,,,,,,,,,,,,,,,,,830.756,,,,,,,,,,,,,,,,,,,,,,,,,,,,,,,,,,47090.361,,,,,,,,302.702,441.558,,,,,,,,,,,,,,,,,,,,,,1059.49583,,,,,,,,,,,,,,4650.763688,,,,,,,,,
111,,,1056.51502,,,,,,,,,,,,,,,,,,1436.636,,,,,,,,,,,,,,,,,,,,,,,,,,,,,,,,,,41296.5,,,,,,,,682.341,509.679,,,,,,,,,,,,,,,,,,,,,,1045.003912,,,,,,,,,,,,,,6341.577609,,,,,,,,,
110,,,,,,,,,,,,,,,,,,,,,1555.092,,,,,,,,,,,,,,,,,,,,,,,,,,,,,,,,,,61199.32,,,,,,,,916.516,560.52,,,,,,,,,,,,,,,,,,,,,,481.093709,,,,,,,,,,,,,,3655.033497,,,,,,,,,
109,,,1180.54089,,,,,,,,,,,,,,,,,,642.124,,,,,,,,,,,,,,,,,,,,,,,,,,,,,,,,,,65800.7,,,,,,,,680.717,580.932,,,,,,,,,,,,,,,,,,,,,,853.576117,,,,,,,,,,,,,,6065.998912,,,,,,,,,
108,,,681.5406503,,,,,,,,,,,,,,,,,,780.504,,,,,,,,,,,,,,,,,,,,,,,,,,,,,,,,,,34625.304,,,,,,,,446.368,736.992,,,,,,,,,,,,,,,,,,,,,,745.174011,,,,,,,,,,,,,,3887.255967,,,,,,,,,
107,,,582.2486495,,,,,,,,,,,,,,,,,,763.572,,,,,,,,,,,,,,,,,,,,,,,,,,,,,,,,,,40569.7,,,,,,,,447.47,832.626,,,,,,,,,,,,,,,,,,,,,,931.288248,,,,,,,,,,,,,,3621.394403,,,,,,,,,
106,,,785.2446386,,,,,,,,,,,,,,,,,,899.436,,,,,,,,,,,,,,,,,,,,,,,,,,,,,,,,,,54281.15,,,,,,,,408.436,735.345,,,,,,,,,,,,,,,,,,,,,,1244.93796,,,,,,,,,,,,,,3742.819303,,,,,,,,,
105,,,412.4094146,,,,,,,,,,,,,,,,,,910.656,,,,,,,,,,,,,,,,,,,,,,,,,,,,,,,,,,69426.972,,,,,,,,228.607,611.01,,,,,,,,,,,,,,,,,,,,,,592.948647,,,,,,,,,,,,,,6770.155925,,,,,,,,,
104,,,947.819692,,,,,,,,,,,,,,,,,,882.912,,,,,,,,,,,,,,,,,,,,,,,,,,,,,,,,,,108120.309,,,,,,,,397.01,774.441,,,,,,,,,,,,,,,,,,,,,,594.701293,,,,,,,,,,,,,,4150.058792,,,,,,,,,
103,,,1305.413505,,,,,,,,,,,,,,,,,,1255.892,,,,,,,,,,,,,,,,,,,,,,,,,,,,,,,,,,31543.281,,,,,,,,700.814,808.191,,,,,,,,,,,,,,,,,,,,,,871.86173,,,,,,,,,,,,,,3082.321094,,,,,,,,,
102,,,1155.673324,,,,,,,,,,,,,,,,,,1149.472,,,,,,,,,,,,,,,,,,,,,,,,,,,,,,,,,,65256.428,,,,,,,,667.116,413.505,,,,,,,,,,,,,,,,,,,,,,855.680046,,,,,,,,,,,,,,5075.681959,,,,,,,,,
101,,,940.4663796,,,,,,,,,,,,,,,,,,745.892,,,,,,,,,,,,,,,,,,,,,,,,,,,,,,,,,,46733.24,,,,,,,,533.803,253.962,,,,,,,,,,,,,,,,,,,,,,874.822066,,,,,,,,,,,,,,3437.318612,,,,,,,,,
100,,,996.2624232,,,,,,,,,,,,,,,,,,536.656,,,,,,,,,,,,,,,,,,,,,,,,,,,,,,,,,,64004.768,,,,,,,,600.213,173.124,,,,,,,,,,,,,,,,,,,,,,1648.798153,,,,,,,,,,,,,,4146.327208,,,,,,,,,
99,,,1219.803122,,,,,,,,,,,,,,,,,,679.048,,,,,,,,,,,,,,,,,,,,,,,,,,,,,,,,,,44727.985,,,,,,,,489.375,343.116,,,,,,,,,,,,,,,,,,,,,,2717.919816,,,,,,,,,,,,,,2398.782207,,,,,,,,,
98,,,721.7387584,,,,,,,,,,,,,,,,,,1065.424,,,,,,,,,,,,,,,,,,,,,,,,,,,,,,,,,,61488.66,,,,,,,,793.44,663.093,,,,,,,,,,,,,,,,,,,,,,946.566406,,,,,,,,,,,,,,4652.562258,,,,,,,,,
97,,,2459.616166,,,,,,,,,,,,,,,,,,861.084,,,,,,,,,,,,,,,,,,,,,,,,,,,,,,,,,,65486.244,,,,,,,,1019.234,741.555,,,,,,,,,,,,,,,,,,,,,,1186.978266,,,,,,,,,,,,,,4962.867053,,,,,,,,,
96,,,451.9836053,,,,,,,,,,,,,,,,,,687.616,,,,,,,,,,,,,,,,,,,,,,,,,,,,,,,,,,62754.12,,,,,,,,717.808,844.992,,,,,,,,,,,,,,,,,,,,,,1356.501501,,,,,,,,,,,,,,7527.160087,,,,,,,,,
95,,,1386.745597,,,,,,,,,,,,,,,,,,546.108,,,,,,,,,,,,,,,,,,,,,,,,,,,,,,,,,,31998.612,,,,,,,,815.857,957.96,,,,,,,,,,,,,,,,,,,,,,783.399439,,,,,,,,,,,,,,7661.083428,,,,,,,,,
94,,,1157.366814,,,,,,,,,,,,,,,,,,795.328,,,,,,,,,,,,,,,,,,,,,,,,,,,,,,,,,,49691.408,,,,,,,,1006.503,866.079,,,,,,,,,,,,,,,,,,,,,,584.352483,,,,,,,,,,,,,,3961.960517,,,,,,,,,
93,,,1408.404445,,,,,,,,,,,,,,,,,,703.936,,,,,,,,,,,,,,,,,,,,,,,,,,,,,,,,,,51231.281,,,,,,,,848.772,806.058,,,,,,,,,,,,,,,,,,,,,,837.329908,,,,,,,,,,,,,,2655.748479,,,,,,,,,
92,,,1199.88233,,,,,,,,,,,,,,,,,,1112.548,,,,,,,,,,,,,,,,,,,,,,,,,,,,,,,,,,31119.0,,,,,,,,438.886,843.156,,,,,,,,,,,,,,,,,,,,,,1161.501991,,,,,,,,,,,,,,3529.530208,,,,,,,,,
91,,,1194.489901,,,,,,,,,,,,,,,,,,1293.768,,,,,,,,,,,,,,,,,,,,,,,,,,,,,,,,,,46574.08,,,,,,,,554.451,884.628,,,,,,,,,,,,,,,,,,,,,,787.013475,,,,,,,,,,,,,,6607.283194,,,,,,,,,
90,,,1880.932759,,,,,,,,,,,,,,,,,,1208.7,,,,,,,,,,,,,,,,,,,,,,,,,,,,,,,,,,79217.52,,,,,,,,960.77,1006.83,,,,,,,,,,,,,,,,,,,,,,941.004487,,,,,,,,,,,,,,6221.070653,,,,,,,,,
89,,,822.6796838,,,,,,,,,,,,,,,,,,617.848,,,,,,,,,,,,,,,,,,,,,,,,,,,,,,,,,,102138.883,,,,,,,,995.773,912.816,,,,,,,,,,,,,,,,,,,,,,621.655418,,,,,,,,,,,,,,4533.707944,,,,,,,,,
88,,,738.7182253,,,,,,,,,,,,,,,,,,1409.912,,,,,,,,,,,,,,,,,,,,,,,,,,,,,,,,,,88986.241,,,,,,,,348.638,836.352,,,,,,,,,,,,,,,,,,,,,,589.979412,,,,,,,,,,,,,,4719.988678,,,,,,,,,
87,,,576.410565,,,,,,,,,,,,,,,,,,1020.748,,,,,,,,,,,,,,,,,,,,,,,,,,,,,,,,,,58106.832,,,,,,,,311.982,644.949,,,,,,,,,,,,,,,,,,,,,,1052.52223,,,,,,,,,,,,,,5053.32579,,,,,,,,,
86,,,739.5204048,,,,,,,,,,,,,,,,,,787.78,,,,,,,,,,,,,,,,,,,,,,,,,,,,,,,,,,47205.591,,,,,,,,446.455,426.411,,,,,,,,,,,,,,,,,,,,,,993.366474,,,,,,,,,,,,,,2633.082793,,,,,,,,,
85,,,1442.274247,,,,,,,,,,,,,,,,,,832.932,,,,,,,,,,,,,,,,,,,,,,,,,,,,,,,,,,70342.832,,,,,,,,495.697,457.461,,,,,,,,,,,,,,,,,,,,,,1168.780376,,,,,,,,,,,,,,9069.383588,,,,,,,,,
84,,,1845.815122,,,,,,,,,,,,,,,,,,825.18,,,,,,,,,,,,,,,,,,,,,,,,,,,,,,,,,,55032.192,,,,,,,,390.543,551.178,,,,,,,,,,,,,,,,,,,,,,610.783371,,,,,,,,,,,,,,4822.649968,,,,,,,,,
83,,,535.3211464,,,,,,,,,,,,,,,,,,958.936,,,,,,,,,,,,,,,,,,,,,,,,,,,,,,,,,,49299.672,,,,,,,,627.531,523.935,,,,,,,,,,,,,,,,,,,,,,445.455053,,,,,,,,,,,,,,4288.677083,,,,,,,,,
82,,,836.7623913,,,,,,,,,,,,,,,,,,1397.06,,,,,,,,,,,,,,,,,,,,,,,,,,,,,,,,,,43480.58,,,,,,,,732.83,495.612,,,,,,,,,,,,,,,,,,,,,,428.855553,,,,,,,,,,,,,,4445.243943,,,,,,,,,
81,,,1645.894154,,,,,,,,,,,,,,,,,,579.224,,,,,,,,,,,,,,,,,,,,,,,,,,,,,,,,,,33728.534,,,,,,,,654.733,530.496,,,,,,,,,,,,,,,,,,,,,,949.751481,,,,,,,,,,,,,,7095.106473,,,,,,,,,
80,,,1191.370313,,,,,,,,,,,,,,,,,,604.928,,,,,,,,,,,,,,,,,,,,,,,,,,,,,,,,,,47311.299,,,,,,,,641.509,723.573,,,,,,,,,,,,,,,,,,,,,,1122.438832,,,,,,,,,,,,,,4083.992404,,,,,,,,,
79,,,1489.513709,,,,,,,,,,,,,,,,,,718.964,,,,,,,,,,,,,,,,,,,,,,,,,,,,,,,,,,50785.38,,,,,,,,472.961,691.281,,,,,,,,,,,,,,,,,,,,,,1388.508638,,,,,,,,,,,,,,4536.783341,,,,,,,,,
78,,,1030.711578,,,,,,,,,,,,,,,,,,931.736,,,,,,,,,,,,,,,,,,,,,,,,,,,,,,,,,,65436.288,,,,,,,,538.53,457.488,,,,,,,,,,,,,,,,,,,,,,1110.870494,,,,,,,,,,,,,,4549.886061,,,,,,,,,
77,,,959.3175988,,,,,,,,,,,,,,,,,,1886.592,,,,,,,,,,,,,,,,,,,,,,,,,,,,,,,,,,34500.851,,,,,,,,684.632,395.496,,,,,,,,,,,,,,,,,,,,,,937.242379,,,,,,,,,,,,,,2858.634465,,,,,,,,,
76,,,1424.982822,,,,,,,,,,,,,,,,,,1559.92,,,,,,,,,,,,,,,,,,,,,,,,,,,,,,,,,,77917.008,,,,,,,,418.093,383.319,,,,,,,,,,,,,,,,,,,,,,1082.779824,,,,,,,,,,,,,,,,,,,,,,,
75,,,1057.896551,,,,,,,,,,,,,,,,,,483.412,,,,,,,,,,,,,,,,,,,,,,,,,,,,,,,,,,66751.75,,,,,,,,475.426,512.595,,,,,,,,,,,,,,,,,,,,,,1072.111465,,,,,,,,,,,,,,,,,,,,,,,
74,,,787.4283496,,,,,,,,,,,,,,,,,,502.724,,,,,,,,,,,,,,,,,,,,,,,,,,,,,,,,,,74595.348,,,,,,,,454.749,669.168,,,,,,,,,,,,,,,,,,,,,,821.740715,,,,,,,,,,,,,,,,,,,,,,,
73,,,282.4563291,,,,,,,,,,,,,,,,,,785.128,,,,,,,,,,,,,,,,,,,,,,,,,,,,,,,,,,43393.364,,,,,,,,616.946,838.35,,,,,,,,,,,,,,,,,,,,,,548.805639,,,,,,,,,,,,,,,,,,,,,,,
72,,,1179.515883,,,,,,,,,,,,,,,,,,967.232,,,,,,,,,,,,,,,,,,,,,,,,,,,,,,,,,,46363.86,,,,,,,,754.232,886.95,,,,,,,,,,,,,,,,,,,,,,534.316663,,,,,,,,,,,,,,,,,,,,,,,
71,,,769.8249652,,,,,,,,,,,,,,,,,,2435.964,,,,,,,,,,,,,,,,,,,,,,,,,,,,,,,,,,65171.19,,,,,,,,880.788,608.175,,,,,,,,,,,,,,,,,,,,,,727.613432,,,,,,,,,,,,,,,,,,,,,,,
70,,,1010.166869,,,,,,,,,,,,,,,,,,470.492,,,,,,,,,,,,,,,,,,,,,,,,,,,,,,,,,,65812.016,,,,,,,,483.024,407.619,,,,,,,,,,,,,,,,,,,,,,834.102418,,,,,,,,,,,,,,2659.948936,,,,,,,,,
69,,,1913.019941,,,,,,,,,,,,,,,,,,795.328,,,,,,,,,,,,,,,,,,,,,,,,,,,,,,,,,,88136.092,,,,,,,,635.506,427.95,,,,,,,,,,,,,,,,,,,,,,827.394638,,,,,,,,,,,,,,2595.126923,,,,,,,,,
68,,,1703.428253,,,,,,,,,,,,,,,,,,837.352,,,,,,,,,,,,,,,,,,,,,,,,,,,,,,,,,,47109.888,,,,,,,,894.36,632.961,,,,,,,,,,,,,,,,,,,,,,400.297186,,,,,,,,,,,,,,4001.135161,,,,,,,,,
67,,,613.9793068,,,,,,,,,,,,,,,,,,877.608,,,,,,,,,,,,,,,,,,,,,,,,,,,,,,,,,,56991.815,,,,,,,,691.969,987.822,,,,,,,,,,,,,,,,,,,,,,482.703756,,,,,,,,,,,,,,4406.070049,,,,,,,,,
66,,,755.1629059,,,,,,,,,,,,,,,,,,1837.768,,,,,,,,,,,,,,,,,,,,,,,,,,,,,,,,,,71720.785,,,,,,,,750.839,1280.961,,,,,,,,,,,,,,,,,,,,,,300.361273,,,,,,,,,,,,,,5619.393635,,,,,,,,,
65,,,620.0402189,,,,,,,,,,,,,,,,,,1290.572,,,,,,,,,,,,,,,,,,,,,,,,,,,,,,,,,,41135.04,,,,,,,,596.182,1165.05,,,,,,,,,,,,,,,,,,,,,,340.299483,,,,,,,,,,,,,,7279.109964,,,,,,,,,
64,,,1266.908887,,,,,,,,,,,,,,,,,,735.352,,,,,,,,,,,,,,,,,,,,,,,,,,,,,,,,,,50318.25,,,,,,,,285.012,899.019,,,,,,,,,,,,,,,,,,,,,,430.856053,,,,,,,,,,,,,,3481.598441,,,,,,,,,
63,,,733.5040583,,,,,,,,,,,,,,,,,,399.976,,,,,,,,,,,,,,,,,,,,,,,,,,,,,,,,,,40623.52,,,,,,,,371.055,777.114,,,,,,,,,,,,,,,,,,,,,,1257.376416,,,,,,,,,,,,,,4609.386671,,,,,,,,,
62,,,683.4569681,,,,,,,,,,,,,,,,,,770.032,,,,,,,,,,,,,,,,,,,,,,,,,,,,,,,,,,113039.871,,,,,,,,825.572,752.544,,,,,,,,,,,,,,,,,,,,,,1340.425468,,,,,,,,,,,,,,2787.862393,,,,,,,,,
61,,,2272.975727,,,,,,,,,,,,,,,,,,1959.896,,,,,,,,,,,,,,,,,,,,,,,,,,,,,,,,,,78281.42,,,,,,,,540.357,677.457,,,,,,,,,,,,,,,,,,,,,,769.829717,,,,,,,,,,,,,,4178.968861,,,,,,,,,
60,,,816.0394198,,,,,,,,,,,,,,,,,,1253.58,,,,,,,,,,,,,,,,,,,,,,,,,,,,,,,,,,107543.538,,,,,,,,517.911,740.313,,,,,,,,,,,,,,,,,,,,,,1064.350428,,,,,,,,,,,,,,3791.696133,,,,,,,,,
59,,,1006.289667,,,,,,,,,,,,,,,,,,1066.716,,,,,,,,,,,,,,,,,,,,,,,,,,,,,,,,,,35921.952,,,,,,,,409.277,856.251,,,,,,,,,,,,,,,,,,,,,,768.083608,,,,,,,,,,,,,,2837.071855,,,,,,,,,
58,,,662.6894311,,,,,,,,,,,,,,,,,,485.248,,,,,,,,,,,,,,,,,,,,,,,,,,,,,,,,,,53285.595,,,,,,,,464.203,756.675,,,,,,,,,,,,,,,,,,,,,,893.863663,,,,,,,,,,,,,,4389.687817,,,,,,,,,
57,,,1211.603064,,,,,,,,,,,,,,,,,,373.796,,,,,,,,,,,,,,,,,,,,,,,,,,,,,,,,,,69939.09,,,,,,,,447.992,485.406,,,,,,,,,,,,,,,,,,,,,,762.027495,,,,,,,,,,,,,,3455.992586,,,,,,,,,
56,,,1209.597615,,,,,,,,,,,,,,,,,,581.876,,,,,,,,,,,,,,,,,,,,,,,,,,,,,,,,,,49575.603,,,,,,,,528.815,541.539,,,,,,,,,,,,,,,,,,,,,,1754.490391,,,,,,,,,,,,,,,,,,,,,,,
55,,,1137.134063,,,,,,,,,,,,,,,,,,834.088,,,,,,,,,,,,,,,,,,,,,,,,,,,,,,,,,,67759.472,,,,,,,,573.997,519.912,,,,,,,,,,,,,,,,,,,,,,789.055118,,,,,,,,,,,,,,2549.517396,,,,,,,,,
54,,,816.306813,,,,,,,,,,,,,,,,,,807.296,,,,,,,,,,,,,,,,,,,,,,,,,,,,,,,,,,68214.09,,,,,,,,975.038,437.805,,,,,,,,,,,,,,,,,,,,,,1072.814161,,,,,,,,,,,,,,2618.273869,,,,,,,,,
53,,,497.3067493,,,,,,,,,,,,,,,,,,1412.564,,,,,,,,,,,,,,,,,,,,,,,,,,,,,,,,,,84461.52,,,,,,,,564.572,606.474,,,,,,,,,,,,,,,,,,,,,,1232.415131,,,,,,,,,,,,,,4570.003711,,,,,,,,,
52,,,244.352801,,,,,,,,,,,,,,,,,,1765.824,,,,,,,,,,,,,,,,,,,,,,,,,,,,,,,,,,35533.344,,,,,,,,572.431,560.331,,,,,,,,,,,,,,,,,,,,,,1568.440514,,,,,,,,,,,,,,7446.271102,,,,,,,,,
51,,,374.5287141,,,,,,,,,,,,,,,,,,1620.916,,,,,,,,,,,,,,,,,,,,,,,,,,,,,,,,,,41529.881,,,,,,,,876.96,564.759,,,,,,,,,,,,,,,,,,,,,,2019.703516,,,,,,,,,,,,,,4086.459115,,,,,,,,,
50,,,516.3807961,,,,,,,,,,,,,,,,,,914.192,,,,,,,,,,,,,,,,,,,,,,,,,,,,,,,,,,59951.57,,,,,,,,1048.176,962.685,,,,,,,,,,,,,,,,,,,,,,1384.206327,,,,,,,,,,,,,,3135.526568,,,,,,,,,
49,,,690.2754942,,,,,,,,,,,,,,,,,,973.42,,,,,,,,,,,,,,,,,,,,,,,,,,,,,,,,,,80366.669,,,,,,,,1397.916,1485.891,,,,,,,,,,,,,,,,,,,,,,941.621442,,,,,,,,,,,,,,8737.054008,,,,,,,,,
48,,,1042.476878,,,,,,,,,,,,,,,,,,2126.02,,,,,,,,,,,,,,,,,,,,,,,,,,,,,,,,,,47427.564,,,,,,,,1420.594,768.204,,,,,,,,,,,,,,,,,,,,,,587.932661,,,,,,,,,,,,,,8172.211079,,,,,,,,,
47,,,855.2125207,,,,,,,,,,,,,,,,,,2791.468,,,,,,,,,,,,,,,,,,,,,,,,,,,,,,,,,,53817.401,,,,,,,,1047.074,425.898,,,,,,,,,,,,,,,,,,,,,,483.668106,,,,,,,,,,,,,,5152.701654,,,,,,,,,
46,,,901.7834996,,,,,,,,,,,,,,,,,,1027.004,,,,,,,,,,,,,,,,,,,,,,,,,,,,,,,,,,51986.256,,,,,,,,948.213,324.972,,,,,,,,,,,,,,,,,,,,,,548.6599,,,,,,,,,,,,,,3387.585546,,,,,,,,,
45,,,507.5122556,,,,,,,,,,,,,,,,,,1469.14,,,,,,,,,,,,,,,,,,,,,,,,,,,,,,,,,,44510.175,,,,,,,,576.288,477.522,,,,,,,,,,,,,,,,,,,,,,1611.310104,,,,,,,,,,,,,,2992.854523,,,,,,,,,
44,,,399.8865007,,,,,,,,,,,,,,,,,,2304.928,,,,,,,,,,,,,,,,,,,,,,,,,,,,,,,,,,29560.175,,,,,,,,466.407,656.316,,,,,,,,,,,,,,,,,,,,,,746.218959,,,,,,,,,,,,,,,,,,,,,,,
43,,,1096.802259,,,,,,,,,,,,,,,,,,986.952,,,,,,,,,,,,,,,,,,,,,,,,,,,,,,,,,,61993.648,,,,,,,,649.803,813.051,,,,,,,,,,,,,,,,,,,,,,1510.718342,,,,,,,,,,,,,,4346.332868,,,,,,,,,
42,,,411.8300627,,,,,,,,,,,,,,,,,,831.912,,,,,,,,,,,,,,,,,,,,,,,,,,,,,,,,,,48330.291,,,,,,,,794.571,576.639,,,,,,,,,,,,,,,,,,,,,,1144.083279,,,,,,,,,,,,,,3299.465618,,,,,,,,,
41,,,630.4685529,,,,,,,,,,,,,,,,,,413.984,,,,,,,,,,,,,,,,,,,,,,,,,,,,,,,,,,72084.277,,,,,,,,809.303,524.124,,,,,,,,,,,,,,,,,,,,,,745.982861,,,,,,,,,,,,,,5785.016597,,,,,,,,,
40,,,1235.579319,,,,,,,,,,,,,,,,,,534.888,,,,,,,,,,,,,,,,,,,,,,,,,,,,,,,,,,100773.373,,,,,,,,672.452,624.888,,,,,,,,,,,,,,,,,,,,,,1216.54491,,,,,,,,,,,,,,3431.626843,,,,,,,,,
39,,,1263.700169,,,,,,,,,,,,,,,,,,958.46,,,,,,,,,,,,,,,,,,,,,,,,,,,,,,,,,,68215.056,,,,,,,,909.585,669.168,,,,,,,,,,,,,,,,,,,,,,1413.517886,,,,,,,,,,,,,,1933.193172,,,,,,,,,
38,,,3370.223641,,,,,,,,,,,,,,,,,,1393.728,,,,,,,,,,,,,,,,,,,,,,,,,,,,,,,,,,140336.8,,,,,,,,935.25,521.856,,,,,,,,,,,,,,,,,,,,,,901.203491,,,,,,,,,,,,,,3608.643749,,,,,,,,,
37,,,2267.226773,,,,,,,,,,,,,,,,,,1117.988,,,,,,,,,,,,,,,,,,,,,,,,,,,,,,,,,,78901.914,,,,,,,,608.42,505.818,,,,,,,,,,,,,,,,,,,,,,1331.416117,,,,,,,,,,,,,,4947.836528,,,,,,,,,
36,,,1114.984995,,,,,,,,,,,,,,,,,,1243.924,,,,,,,,,,,,,,,,,,,,,,,,,,,,,,,,,,42535.464,,,,,,,,521.449,700.353,,,,,,,,,,,,,,,,,,,,,,915.52869,,,,,,,,,,,,,,7156.997587,,,,,,,,,
35,,,501.2730814,,,,,,,,,,,,,,,,,,614.244,,,,,,,,,,,,,,,,,,,,,,,,,,,,,,,,,,54348.448,,,,,,,,641.625,713.961,,,,,,,,,,,,,,,,,,,,,,337.624817,,,,,,,,,,,,,,2356.075112,,,,,,,,,
34,,,617.0543284,,,,,,,,,,,,,,,,,,609.892,,,,,,,,,,,,,,,,,,,,,,,,,,,,,,,,,,72795.345,,,,,,,,719.403,509.301,,,,,,,,,,,,,,,,,,,,,,704.976262,,,,,,,,,,,,,,3625.07709,,,,,,,,,
33,,,454.8803647,,,,,,,,,,,,,,,,,,2472.956,,,,,,,,,,,,,,,,,,,,,,,,,,,,,,,,,,64195.461,,,,,,,,719.055,570.024,,,,,,,,,,,,,,,,,,,,,,934.29778,,,,,,,,,,,,,,7805.320654,,,,,,,,,
32,,,834.4004182,,,,,,,,,,,,,,,,,,1212.44,,,,,,,,,,,,,,,,,,,,,,,,,,,,,,,,,,57954.687,,,,,,,,748.867,597.213,,,,,,,,,,,,,,,,,,,,,,1295.343033,,,,,,,,,,,,,,4914.607324,,,,,,,,,
31,,,826.1112296,,,,,,,,,,,,,,,,,,1052.708,,,,,,,,,,,,,,,,,,,,,,,,,,,,,,,,,,42843.411,,,,,,,,,601.155,,,,,,,,,,,,,,,,,,,,,,621.53441,,,,,,,,,,,,,,7059.490965,,,,,,,,,
30,,,2373.025341,,,,,,,,,,,,,,,,,,780.912,,,,,,,,,,,,,,,,,,,,,,,,,,,,,,,,,,29483.608,,,,,,,,,558.171,,,,,,,,,,,,,,,,,,,,,,1852.241571,,,,,,,,,,,,,,3108.356326,,,,,,,,,
29,,,732.4344856,,,,,,,,,,,,,,,,,,940.848,,,,,,,,,,,,,,,,,,,,,,,,,,,,,,,,,,41286.518,,,,,,,,839.811,556.551,,,,,,,,,,,,,,,,,,,,,,1252.215671,,,,,,,,,,,,,,5821.326725,,,,,,,,,
28,,,761.2238179,,,,,,,,,,,,,,,,,,980.696,,,,,,,,,,,,,,,,,,,,,,,,,,,,,,,,,,54124.474,,,,,,,,379.291,460.458,,,,,,,,,,,,,,,,,,,,,,759.69147,,,,,,,,,,,,,,3684.339959,,,,,,,,,
27,,,1186.512671,,,,,,,,,,,,,,,,,,1277.108,,,,,,,,,,,,,,,,,,,,,,,,,,,,,,,,,,54364.548,,,,,,,,358.904,403.974,,,,,,,,,,,,,,,,,,,,,,658.815866,,,,,,,,,,,,,,3296.615025,,,,,,,,,
26,,,380.0548398,,,,,,,,,,,,,,,,,,981.988,,,,,,,,,,,,,,,,,,,,,,,,,,,,,,,,,,74620.464,,,,,,,,581.972,351.999,,,,,,,,,,,,,,,,,,,,,,458.855736,,,,,,,,,,,,,,3384.042319,,,,,,,,,
25,,,431.9291168,,,,,,,,,,,,,,,,,,747.864,,,,,,,,,,,,,,,,,,,,,,,,,,,,,,,,,,33786.678,,,,,,,,786.045,315.225,,,,,,,,,,,,,,,,,,,,,,589.295159,,,,,,,,,,,,,,4617.011707,,,,,,,,,
24,,,1802.096337,,,,,,,,,,,,,,,,,,1006.06,,,,,,,,,,,,,,,,,,,,,,,,,,,,,,,,,,43901.48,,,,,,,,883.05,396.927,,,,,,,,,,,,,,,,,,,,,,782.746977,,,,,,,,,,,,,,3532.966086,,,,,,,,,
23,,,1535.772729,,,,,,,,,,,,,,,,,,685.44,,,,,,,,,,,,,,,,,,,,,,,,,,,,,,,,,,53836.79,,,,,,,,453.589,373.14,,,,,,,,,,,,,,,,,,,,,,998.659008,,,,,,,,,,,,,,2589.142994,,,,,,,,,
22,,,387.3190212,,,,,,,,,,,,,,,,,,1983.9,,,,,,,,,,,,,,,,,,,,,,,,,,,,,,,,,,119574.378,,,,,,,,419.311,344.061,,,,,,,,,,,,,,,,,,,,,,566.216356,,,,,,,,,,,,,,2875.933152,,,,,,,,,
21,,,475.9598604,,,,,,,,,,,,,,,,,,1403.044,,,,,,,,,,,,,,,,,,,,,,,,,,,,,,,,,,39315.441,,,,,,,,652.877,415.719,,,,,,,,,,,,,,,,,,,,,,526.41665,,,,,,,,,,,,,,3436.222648,,,,,,,,,
20,,,599.5846406,,,,,,,,,,,,,,,,,,809.2,,,,,,,,,,,,,,,,,,,,,,,,,,,,,,,,,,96359.006,,,,,,,,773.517,805.248,,,,,,,,,,,,,,,,,,,,,,929.111417,,,,,,,,,,,,,,4485.422592,,,,,,,,,
19,,,3309.703651,,,,,,,,,,,,,,,,,,1919.3,,,,,,,,,,,,,,,,,,,,,,,,,,,,,,,,,,45293.44,,,,,,,,331.905,939.384,,,,,,,,,,,,,,,,,,,,,,911.39173,,,,,,,,,,,,,,3379.836005,,,,,,,,,
18,,,1700.397797,,,,,,,,,,,,,,,,,,837.012,,,,,,,,,,,,,,,,,,,,,,,,,,,,,,,,,,88475.112,,,,,,,,287.158,723.168,,,,,,,,,,,,,,,,,,,,,,830.600713,,,,,,,,,,,,,,3423.955923,,,,,,,,,
17,,,565.8039689,,,,,,,,,,,,,,,,,,1560.328,,,,,,,,,,,,,,,,,,,,,,,,,,,,,,,,,,48783.46,,,,,,,,923.969,712.881,,,,,,,,,,,,,,,,,,,,,,821.94039,,,,,,,,,,,,,,4359.187136,,,,,,,,,
16,,,217.1232622,,,,,,,,,,,,,,,,,,627.98,,,,,,,,,,,,,,,,,,,,,,,,,,,,,,,,,,50953.05,,,,,,,,612.654,724.626,,,,,,,,,,,,,,,,,,,,,,529.326538,,,,,,,,,,,,,,4153.731681,,,,,,,,,
15,,,,,,,,,,,,,,,,,,,,,418.2,,,,,,,,,,,,,,,,,,,,,,,,,,,,,,,,,,41398.689,,,,,,,,448.92,593.271,,,,,,,,,,,,,,,,,,,,,,691.522254,,,,,,,,,,,,,,4595.437243,,,,,,,,,
14,,,,,,,,,,,,,,,,,,,,,431.256,,,,,,,,,,,,,,,,,,,,,,,,,,,,,,,,,,38633.928,,,,,,,,714.502,610.281,,,,,,,,,,,,,,,,,,,,,,1655.507736,,,,,,,,,,,,,,8397.509505,,,,,,,,,
13,,,,,,,,,,,,,,,,,,,,,1593.92,,,,,,,,,,,,,,,,,,,,,,,,,,,,,,,,,,57882.076,,,,,,,,963.902,584.496,,,,,,,,,,,,,,,,,,,,,,1552.951305,,,,,,,,,,,,,,6638.957707,,,,,,,,,
12,,,981.6894948,,,,,,,,,,,,,,,,,,883.184,,,,,,,,,,,,,,,,,,,,,,,,,,,,,,,,,,68311.656,,,,,,,,963.554,513.459,,,,,,,,,,,,,,,,,,,,,,897.117812,,,,,,,,,,,,,,3120.083352,,,,,,,,,
11,,,1305.992857,,,,,,,,,,,,,,,,,,1806.692,,,,,,,,,,,,,,,,,,,,,,,,,,,,,,,,,,61380.744,,,,,,,,291.74,536.409,,,,,,,,,,,,,,,,,,,,,,396.026467,,,,,,,,,,,,,,4695.528334,,,,,,,,,
10,,,633.9000987,,,,,,,,,,,,,,,,,,1764.6,,,,,,,,,,,,,,,,,,,,,,,,,,,,,,,,,,45297.189,,,,,,,,637.681,421.632,,,,,,,,,,,,,,,,,,,,,,774.058788,,,,,,,,,,,,,,3902.439248,,,,,,,,,
9,,,320.0696365,,,,,,,,,,,,,,,,,,761.668,,,,,,,,,,,,,,,,,,,,,,,,,,,,,,,,,,48580.416,,,,,,,,924.81,441.018,,,,,,,,,,,,,,,,,,,,,,1824.192237,,,,,,,,,,,,,,2505.356288,,,,,,,,,
8,,,812.3404808,,,,,,,,,,,,,,,,,,1072.292,,,,,,,,,,,,,,,,,,,,,,,,,,,,,,,,,,61112.955,,,,,,,,539.574,618.003,,,,,,,,,,,,,,,,,,,,,,1679.224037,,,,,,,,,,,,,,3070.440897,,,,,,,,,
7,,,932.9793706,,,,,,,,,,,,,,,,,,1585.896,,,,,,,,,,,,,,,,,,,,,,,,,,,,,,,,,,66597.489,,,,,,,,245.021,630.18,,,,,,,,,,,,,,,,,,,,,,1162.646241,,,,,,,,,,,,,,8098.967583,,,,,,,,,
6,,,532.3352559,,,,,,,,,,,,,,,,,,1351.568,,,,,,,,,,,,,,,,,,,,,,,,,,,,,,,,,,66989.156,,,,,,,,315.346,513.783,,,,,,,,,,,,,,,,,,,,,,443.72283,,,,,,,,,,,,,,12564.88081,,,,,,,,,
5,,,404.120226,,,,,,,,,,,,,,,,,,1070.932,,,,,,,,,,,,,,,,,,,,,,,,,,,,,,,,,,60267.636,,,,,,,,485.112,473.391,,,,,,,,,,,,,,,,,,,,,,884.523452,,,,,,,,,,,,,,2672.393433,,,,,,,,,
4,,,1031.246364,,,,,,,,,,,,,,,,,,1134.58,,,,,,,,,,,,,,,,,,,,,,,,,,,,,,,,,,40031.04,,,,,,,,686.662,,,,,,,,,,,,,,,,,,,,,,,736.63347,,,,,,,,,,,,,,3563.718001,,,,,,,,,
3,,,443.2041959,,,,,,,,,,,,,,,,,,849.592,,,,,,,,,,,,,,,,,,,,,,,,,,,,,,,,,,36424.64,,,,,,,,751.941,,,,,,,,,,,,,,,,,,,,,,,390.654012,,,,,,,,,,,,,,3510.400896,,,,,,,,,
2,,,770.0032273,,,,,,,,,,,,,,,,,,1583.924,,,,,,,,,,,,,,,,,,,,,,,,,,,,,,,,,,30145.824,,,,,,,,592.238,,,,,,,,,,,,,,,,,,,,,,,525.474966,,,,,,,,,,,,,,3994.958712,,,,,,,,,
1,,,669.909047,,,,,,,,,,,,,,,,,,612.0,,,,,,,,,,,,,,,,,,,,,,,,,,,,,,,,,,76228.44,,,,,,,,354.119,,,,,,,,,,,,,,,,,,,,,,,503.887351,,,,,,,,,,,,,,3671.871858,,,,,,,,,
0,,,983.2492884,,,,,,,,,,,,,,,,,,306.952,,,,,,,,,,,,,,,,,,,,,,,,,,,,,,,,,,61365.15,,,,,,,,504.832,,,,,,,,,,,,,,,,,,,,,,,617.934124,,,,,,,,,,,,,,3842.31348,,,,,,,,,
