Year CE,105km (ppb kg m-2),ABN_13/14_snowpit (ppb kg m-2),B40 (ppb kg m-2),BER11C95_25 (ppb kg m-2),BH-2 (ppb kg m-2),BH-1 (ppb kg m-2),Bouvet Island (ppb kg m-2),Bruce Plateau (ppb kg m-2),cDML (ppb kg m-2),CWA_a_2013 (ppb kg m-2),CWA_d_2013 (ppb kg m-2),DF01 (ppb kg m-2),DFS10 (ppb kg m-2),DIR (ppb kg m-2),DIV2010 (ppb kg m-2),DML03C98_09(FB9809) (ppb kg m-2),DML05 (ppb kg m-2),DML07 (ppb kg m-2),DML15C98_14(FB9814) (ppb kg m-2),DML17C98_33(B33) (ppb kg m-2),DSS0506 (ppb kg m-2),DT401 (ppb kg m-2),EDC (ppb kg m-2),EDC_50y (ppb kg m-2),EPICA DC (ppb kg m-2),EPICA DomeC (ppb kg m-2),EDC96 (ppb kg m-2),EDML (ppb kg m-2),Ferrigno (ppb kg m-2),FIS_BI (ppb kg m-2),FIS_KC (ppb kg m-2),FIS_KM (ppb kg m-2),FIS_S100 (ppb kg m-2),GIP icp-ms (ppb kg m-2),GIP ic (ppb kg m-2),Gomez (ppb kg m-2),H15 (ppb kg m-2),IC-06 (ppb kg m-2),ISO-ICE_spa (ppb kg m-2),ISO-ICE_spb (ppb kg m-2),ITASE-00-1 (ppb kg m-2),ITASE-00-2 (ppb kg m-2),ITASE-00-3 (ppb kg m-2),ITASE-00-4 (ppb kg m-2),ITASE-00-5 (ppb kg m-2),ITASE-01-1 (ppb kg m-2),ITASE-01-2 (ppb kg m-2),ITASE-01-3 (ppb kg m-2),ITASE-01-4 (ppb kg m-2),ITASE-01-5 (ppb kg m-2),ITASE-01-6 (ppb kg m-2),ITASE-02-1 (ppb kg m-2),ITASE-02-4 (ppb kg m-2),ITASE-02-5 (ppb kg m-2),ITASE-02-6 (ppb kg m-2),ITASE-02-7 (ppb kg m-2),ITASE-03-1 (ppb kg m-2),ITASE-03-3 (ppb kg m-2),ITASE-99-1 (ppb kg m-2),Jurassic (ppb kg m-2),LawDome_DSS (ppb kg m-2),LGB69 (ppb kg m-2),MES2012 ic (ppb kg m-2),MES2012 icp-ms (ppb kg m-2),MI0910 (ppb kg m-2),Mount Johns (ppb kg m-2),NFL-1 (ppb kg m-2),NUS07-1 (ppb kg m-2),NUS07-2 (ppb kg m-2),NUS07-5 (ppb kg m-2),NUS07-7 (ppb kg m-2),NUS08-4 (ppb kg m-2),NUS08-5 (ppb kg m-2),NUS08-7 (ppb kg m-2),NVFL00 (ppb kg m-2),NVFL-1 (ppb kg m-2),Palmer (ppb kg m-2),PIG2010 (ppb kg m-2),PIG (ppb kg m-2),PV-10 (ppb kg m-2),Rendezvous (ppb kg m-2),RICE12-13pit (ppb kg m-2),RIDS95A_2013 (ppb kg m-2),RIDS95B_2013 (ppb kg m-2),RIDS95C_2013 (ppb kg m-2),SCH2 (ppb kg m-2),SDM1994_2013 (ppb kg m-2),SHIC (ppb kg m-2),SKBL (ppb kg m-2),SouthPole1995_2013 (ppb kg m-2),SP01 (ppb kg m-2),SP04C5 (ppb kg m-2),SP04C6 (ppb kg m-2),SPICE (ppb kg m-2),SW-42 (ppb kg m-2),SW-80 (ppb kg m-2),TA192A__Adelie_Land (ppb kg m-2),TD05 (ppb kg m-2),TD96 (ppb kg m-2),TaylorDome (ppb kg m-2),THW2010 (ppb kg m-2),THW (ppb kg m-2),UpC_2013 (ppb kg m-2),VFL-1 (ppb kg m-2),vk07 (ppb kg m-2),vk55 (ppb kg m-2),VKT55 (ppb kg m-2),VLG (ppb kg m-2),Vostok5G_icp-ms_hplc (ppb kg m-2),Vostok5G_ic (ppb kg m-2),W10k (ppb kg m-2),WDC05Q (ppb kg m-2),WDC05A (ppb kg m-2),WDC06A (ppb kg m-2),WHG ic (ppb kg m-2),WHG icp-ms (ppb kg m-2),WP (ppb kg m-2)
2019,,,,,,,,,,,,,,,,,,,,,,,,,,,,,,,,,,,,,,,,,,,,,,,,,,,,,,,,,,,,,,,,,,,,,,,,,,,,,,,,,,,,,,,,108268.9171,19422.64362,,,,,,,,,,,,,,,,,,,,,,,,,,,,
2018,,,,,,,,,,,,,,,,,,,,,,,,,,,,,,,,,,,,,,,,,,,,,,,,,,,,,,,,,,,,,,,,,,,,,,,,,,,,,,,,,,,,,,,,187817.6898,14102.83227,,,,,,,,,,,,,,,,,,,,,,,,,,,,
2017,,,,,,,,,,,,,,,,,,,,,,,,,,,,,,,,,,,,,,,,,,,,,,,,,,,,,,,,,,,,,,,,,,,,,,,,,,,,,,,,,,,,,,,,154531.7264,28733.21666,,,,,,,,,,,,,,,,,,,,,,,,,,,,
2016,,,,,,,98433.3108,,,,,,,,,,,,,,,,,,,,,,,,,,,,,,,,,,,,,,,,,,,,,,,,,,,,,,,,,,,,,,,,,,,,,,,,,,,,,,,,,198972.4119,43857.25811,,,,,,,,,,,,,,,,,,,,,,,,,,,,
2015,,,,,,,44018.845,,,,,,,,,,,,,,,,,,,,,,,,,,,,,,,,,,,,,,,,,,,,,,,,,,,,,,,,,,,,,,,,,,,,,,,,,,,,,,,,,247699.1302,28843.98261,,,,,,,,,,,,,,,,,,,,,,,,,,,,
2014,,,,,,,46175.9055,,,,,,,,,,,,,,,,,,,,,,,,,,,,,,,,,,,,,,,,,,,,,,,,,,,,,,,,,,,,,,,,,,,,,,,,,,,,,,,5361.563045,,520620.5987,28052.25635,,,,,728.546873,,,,,,,,,,,,,,,,,,,,,,,
2013,,,,,,,109790.052,,,,,,,,,,,,,,,,,,,,,,,,,,,,,,,,,,,,,,,,,,,,,,,,,,,,,,,,,,,,,,,,,,,,,,,,,,,,,,,24911.41764,,230883.0804,32898.56452,,,,,1464.489281,,,,,,,,,,,,,,,,,,,,,,,
2012,,,592.008,,,,124160.8032,,,,,,,,,,,,,,,,,,,,,,,,,,,,,,,,,,,,,,,,,,,,,,,,,,,,,,,,,,,,,,,,,,,,,,,,,,,,,,,9512.594329,,225344.0776,49521.39235,,,,,396.511756,,,,,,,,,,,,,,,,,,,,,,,
2011,,,646.816,,,,28773.0099,,,,,,,278145.9852,,,,,,,,,,,,,,,,,,,,,,,,,,,,,,,,,,,,,,,,,,,,,,47410.81619,,,,,,,,,,,,,,,,,11831.29916,,,,53237.47514,,,,,21842.51502,,425033.3306,21939.39676,,,,,522.009426,,,,,,,,,,,,,,,,,,,,,,,
2010,,,744.26,,,,42617.808,,,,,,,158061.0818,13299.8544,,,,,,,,,,,,,,160300,,,,,,,,,,,,,,,,,,,,,,,,,,,,,,,185903.4302,48992.07,,,,,,,,,,,,,,,,27834.87845,,,,114740.7206,,,,,4710.874386,,97055.16729,52928.12253,,,,,971.260227,,,,,,,,,,,,,,,,,,,,,,,
2009,,,444.04,,,,67769.5885,1122200,,,,,,274058.4816,9791.026,,,,,,,,,,,,,,38450,,,,,,,,,,,,,,,,,,,,,,,,,,,,,,,78758.89956,51210.144,,,,,,,,,,,,,,,,8701.862604,8157.8731,8260.22236,,59057.61165,,,,,2553.074841,,169018.703,65106.74636,,,,,1296.784804,,,,,,,4392.216,4377.07125,,,,,,,,,,,,,,,
2008,,,815.592,,,,32054.1456,737900,,,,,,434250.8036,12477.6344,,,,,,,,,,,,,,88300,,,,,,,,,,,,,,,,,,,,,,,,,,,,,,,126597.5257,58118.769,,,,,9364.237686,,,,,,586.783,,747.11,,,8375.431677,9425.306,9592.0539,,117991.8613,,,,,8444.698473,,208834.6269,18739.79482,,,,,686.088706,,,,,,,7159.24,7145.86015,,,,,,,,,,,,,,,
2007,,,596.36,,,,75130.7829,272700,,,,,,104402.5592,9880.0754,,,,,,,,,,,,,,87010,,,,,,,,,,,,,,,,,,,,,,,,,,,,,,,81281.56353,70792.436,,,,,6519.595887,,,,,278.37,410.515,,103.74,,,18273.26713,5170.0689,5113.2276,,61955.30868,,,,,6062.423506,,169900.372,13634.54124,,,,,1048.079318,,,,,,,5342.9368,5375.16624,,,,,,,,,,,,,,,
2006,,,702.644,,,,53243.0656,617200,24743.42738,,,,,198952.6515,14782.3137,,,,,,,,,,,,,,36520,,,,,,,67171.86813,,,,,,,,,,,,,,,,,,,,,,,,103469.3128,42196.444,,,,,4036.735493,,559.312,,,435.537,1043.733,,1479.66,,,11941.65342,5000.807,4972.70005,,68311.84357,,,,,13752.79358,,265541.6275,15601.75088,,,,,477.680733,,,,,,,4448.052,4429.54632,,,,,,,,,,,,,,,
2005,,,825.384,,,,34854.2605,548800,29743.17284,,,,,290937.1509,20522.4416,,,,,,,,,,,,,,43540,,,,,,,30040.80338,,,,,,,,,,,,,,,,,,,,,,,,110451.927,52909.775,,,,,3763.077169,,299.78,,,561.627,1804.342,,1202.53,,,12469.21105,8417.3344,8298.37696,,64615.65861,,,,,5191.334897,,241990.2272,43751.70205,,,,,1286.189853,,,,,,,5959.5525,6028.71126,,,,,,,,,,,,,,,
2004,,,745.824,,,,46959.7947,478300,9140.0967,,,,,362204.0876,18041.8526,,,,,,,,,,,,,,47560,,,,,,,54280.42462,,,,,,,,,,,,,,,,,,,,,,,,103685.9526,65792.604,,,,,2893.753728,,446.212,,,569.052,767.75,,1656.55,,,12634.4947,6788.9616,6751.0472,,89802.47844,,,,,5971.86358,,292102.282,40143.38554,,,361.246142,383.7,825.567798,,,,,,,4253.3979,4213.70847,,,,,,,,,,,4853.5272,2973.956605,,,
2003,,,492.048,,,,21257.007,572700,48514.40561,,,,,322192.0579,12610.0832,,,,,,,,,,,,,,33360,,,,,,,51113.62158,,,,,,,,,,,,,,,,,,,,,,,,60200.59122,42386.355,,,,,4717.572097,,773.916,,,506.223,223.147,,1272.04,,,9773.512845,10574.0262,10652.85111,,70451.84128,,,,,9813.35112,,213967.425,29915.01101,,,591.3944702,948.7,544.564393,,,,,,,7508.2816,7549.5616,,,,,,,,,,,4833.0135,3000.318114,,,
2002,,,884.884,,,,24175.1253,232200,37739.6337,,,,,221810.6708,15261.7535,,,,,,,,,,,,,,62800,,,,,,,27068.77121,,27903.04071,,,,,,,,,,,,,,6353.49132,2000.83059,,,765.9253,,,,44997.82459,51040.496,,,,,4310.0059,,655.408,,,422.982,254.338,,1178.59,,,10214.16005,3378.9444,3382.76536,,63467.56979,,,,,4241.912929,,313554.3948,85191.17866,,,558.4812063,311.8,765.501289,,,,,,,4137.9984,4104.88272,,,,,,,,,,,3110.7198,4888.352197,,,
2001,,,830.552,,,,,1375300,51257.35536,,,,,312515.5605,13252.6691,,,,,,,,,,,,,,36180,,,,,,,139244.4095,,8874.533581,,,,,,,,6338.74998,19626.90912,6447.8932,7597.03524,28762.80342,,3632.79696,831.74388,,,990.725,,,,177266.4857,69205.045,,,,,4316.874931,,644.488,,,558.981,481.222,,268.8,,,16428.85092,9919.214,9937.6948,,120495.2506,,,,,12862.2276,,168080.413,21607.1091,,,386.4928101,524.1,906.622999,,,,,,,8480.7336,8559.46902,,,,,,,,,,,2342.595,5224.304614,,,
2000,,,567.324,,,,,719700,38103.7228,,,,,154283.2902,13797.2856,,,,,,,,,,,,,,94460,,,,,,,41260.90209,,18247.9427,,,7393.42989,,8383.0944,4234.0888,8906.42688,5757.04214,15449.53725,6570.604,5533.67254,13156.1937,,3227.7861,783.38912,,,1085.218,,,,125140.7334,48626.232,,,,,2096.984388,,1225.588,,,522.666,719.798,,731.85,,,11069.76205,5697.2883,5849.74878,,80454.15867,,,,,11971.07945,,179657.6025,22643.00277,,426.2952488,390.4116895,1520.8,543.080198,,,,,,,4684.4072,4657.08936,,,,,,,,,,,8647.8402,2580.533791,,,
1999,,,1667.292,,,,,572400,16807.96575,,,,,175692.196,11670.0126,,,,,,,,,,,,,,110040,,,,1443293.2,,,52721.82432,,21374.28794,,,3691.90438,7713.80855,8000.2192,3956.41344,8343.40548,6601.2779,9008.50903,7678.66,4494.86706,9260.10464,14014.60554,1854.18467,592.7116,,,1444.04442,,,,103945.6747,24846.072,,,,,2984.400426,,2069.34,,,384.966,827.912,364.598,1334.62,,,12688.53939,10391.1686,10383.54256,,92260.7029,,,,,10492.6485,,193792.6546,36131.27858,,1247.960472,623.9679627,721.1,273.139092,,,,,,,5852.1583,5857.22114,,,,,,,,,,,4579.632,6184.212612,,,
1998,,,723.86,,,,,377900,14035.1715,,,,,254799.109,13032.1205,,,,,,,,,,,,,,108710,,,,1188768,,,20618.0382,,20806.14518,,,6203.73885,9154.79208,3784.00416,3641.8692,5661.75359,9019.97628,16784.05381,5641.53432,4632.07146,12607.686,8395.27902,1339.893,855.3665,,,1272.95791,,,2891.63336,66662.7328,57593.955,,,,,3318.394781,,1049.464,,,402.084,775.002,329.226,2273.67,,,8649.016429,5177.5146,5265.77058,,53416.20082,,,,,3666.414928,,,,,594.1878994,364.3455616,682.9,725.954455,,,,,,,3384.3107,3398.4276,,,,,,,,,,,1488.3024,4219.101622,,,
1997,,,1234.268,,,,,144900,19382.9142,,,,,312913.3247,12527.8536,,2993.884461,,,,,,,,,,,,31040,,,,548129.6,,,31476.27757,,13202.24448,,,7182.87384,8827.86482,3729.88062,3822.64108,5521.673,6273.40924,10646.9711,4776.8406,4794.9049,10291.21389,11373.82844,4584.08865,5119.76063,,,1548.4902,,,2959.41986,56449.58857,68334.84,,,,,1329.941408,,858.884,,,567.27,521.848,252.636,462.21,,,7664.156813,8812.7721,8600.65698,,38667.43777,,,,,10807.09584,,,,,2578.507274,235.4912957,723.2,582.647528,,,,,,,4173.1797,4153.69895,,,,,,,,,,,3468.084,3540.908422,,,
1996,,,717.876,,,,,434100,12194.8001,,,,,231409.513,9853.032,1106.3964,4561.945951,5094.372888,1683.01802,1104.200086,,,,,,,,,40410,,,,707183.4,,,30123.9767,,39051.5375,,,4742.13134,9619.416,6930.33824,6456.58711,1257.68108,3679.78422,9334.64576,3641.2023,6488.50176,8832.85165,15414.8316,2087.5382,2620.20924,,831.13582,1523.06967,,,8839.57656,74250.00187,44446.994,,,,,1388.053665,,721.916,,,607.176,375.328,480.075,1446.06,,,10735.92606,4902.2716,5088.39968,,82595.40238,,,,,14117.30091,,,,,895.6792928,344.2506917,848.4,485.453942,,,,,,,10001.241,9999.46596,,,,,,,,,,,2734.0698,6206.315421,,,
1995,,,505.376,,,,,626600,17522.34484,,,,,76765.36271,10766.7522,766.06208,5783.870216,6064.849698,995.8641,1333.489727,,,,,,,,,31460,,,,839801.7,,,38334.95892,,42177.38866,,,6288.795,12044.27855,7812.05745,2236.542,1574.09915,9968.3003,8962.7949,5581.85049,4074.35328,9522.14393,9706.1804,3251.38119,2390.74416,,355.3613,1302.56637,,,2225.66575,66729.30567,42834.441,,,,,2975.932292,,583.44,,,578.988,457.32,795.056,883.12,,,14206.57272,5734.1872,5754.30576,,49446.36203,,2474.942607,2061.5618,6350.84236,11256.23159,,,,,399.8150459,592.376341,412.2,391.451267,,,,,,,4748.5905,4775.39685,8178.767478,,,,,,,,,,5202.8448,4124.179686,,,
1994,,,624.172,,,,,483200,10332.8535,,,,,159836.5849,6206.3199,1524.93751,2236.146615,5158.272413,211.8402,1509.122473,,,,,,,,,36510,,,,254733,,,26743.70279,,10863.42369,,,5926.47072,5383.74735,3384.2175,5325.71824,2073.82491,5424.5411,16473.5928,6695.3997,4677.44214,7439.6684,9418.4097,3611.14,1151.32779,,539.10504,1063.46968,,,8822.12355,45555.27118,36839.1,,,,,2002.494032,,854.724,,,474.984,739.223,1588.336,578.27,,,10069.29866,7446.0867,7522.50051,,62009.41815,,3218.604937,3330.331101,1955.8486,10555.30026,9538.247221,,,,990.5911854,779.4486904,553.7,1249.039248,,,,,,,6542.532,6534.46116,9267.241723,,,,,,,,,,4334.375,2901.502478,,,
1993,,,655.316,,,,,939700,18471.4371,3402.882424,3495.234429,,,288843.6262,9007.7715,1675.51272,1821.53988,4385.77119,750.72,522.753643,,,,,,,,,36750,,,,686781.4,,,48042.07513,,7435.251817,,,5219.06301,9430.16928,7557.72686,5656.69328,2917.07,9181.57768,15929.39133,5600.26338,2548.7412,4537,6517.73937,5636.67836,1070.62056,,498.84525,700.62634,,,16100.54016,45700.24553,39285.081,,,,,2109.71942,,521.56,864.756,,452.682,524.771,1348.169,875.98,,,15969.87834,4597.536,4593.88936,,42848.35724,,6122.485349,3155.953036,5363.7913,3616.917518,14369.37355,,,,326.9708428,304.2301956,464,1600.706471,,,,,,,5141.0952,5164.54692,14807.15784,,,,,,,,,,6097.2744,3824.37375,,,
1992,,,658.852,,,,,511600,29787.71264,1901.335243,3732.211633,,,493873.529,13444.0704,2145.2376,632.9911318,1221.420649,2462.34876,1149.255835,,,,,,,,,37830,,,,1608865.5,,,32721.48142,,15987.137,,,10725.2124,11876.17788,11549.32935,5224.0496,3812.949,7980.22495,14136.44538,8875.32477,4898.66696,12956.8592,13629.3711,6523.10028,2496.53593,,357.70686,341.62128,,,,74402.13971,118439.88,,,,,2653.938014,,283.4,884.068,,575.208,545.232,815.369,663.74,,,11414.94057,7173.4672,7205.6552,,52789.02873,,4606.431684,3946.783896,2340.26025,9005.467658,29634.18832,,,,1469.59362,859.0348807,652.3,1157.891058,,,,,,,4083.0075,4081.20687,15558.08296,,,,,,,,,,,7610.226078,,,
1991,,,944.86,,,,,263300,15379.30076,4609.368331,1776.344974,,,176765.4439,6379.8982,945.08508,561.2464671,642.1264964,1165.6887,1221.184597,,,,,,,,,21490,,,,889656,,,28260.45788,,8038.583318,,,7873.34068,6946.0011,6081.3258,5379.76208,4309.9423,7874.36,13946.3998,6463.534,2718.40438,6833.12789,12831.12,2974.70454,1607.6575,,911.95335,651.84,,,,36126.68017,64984.292,,,,,2455.944525,,720.512,960.908,,619.542,1205.83,481.592,496.58,,,20068.92908,6275.7328,6260.93824,,70312.10729,,3364.788745,2828.859731,518.682,8669.039137,11866.34896,,,,1009.325558,981.6058336,642.4,1358.807923,,,,,,,4679.8047,4752.56106,8292.249201,,,,,,,,,,2555.5392,2255.468119,,,
1990,,,556.58,,,,,287700,9195.16032,5438.550818,1678.181546,,,117993.1236,4462.2925,641.25498,399.4044861,1678.951844,743.51368,1333.0884,,,,,,,,,38060,,,,2607738.4,,,36349.61958,,16126.85518,,,6606.89403,7639.81215,5937.0021,7073.85922,2012.00007,6976.9824,13431.92652,8020.4184,3544.91735,10354.7217,16083.8371,1365.4476,875.32313,,408.2186,766.5344,,,,42763.83676,43389.684,,,,,2745.117836,,1018.836,987.87,,613.494,2066.117,1142.634,569.45,,,9081.076182,6265.6281,6314.4829,,72291.44128,,5064.573091,5061.255579,1034.53904,15903.47886,13704.55089,,,,628.4185314,254.6868787,390,1414.07612,,,,,,,6220.6296,6194.0034,18524.82119,,,,,,,,,,7320.859,3751.132685,,,
1989,,,892.364,,,,,1128600,10310.77008,3577.892629,3051.707049,,,316758.4903,12769.6842,1551.30775,422.038427,1376.289063,1266.85408,1732.8402,55961.556,,,,,,,,46760,,,,347066.8,,,58927.67144,,22460.76695,,,3222.00922,6924.4669,7009.32225,3078.299,4819.02638,11099.62208,24638.96753,8792.47296,7473.083,10040.5536,18936.9383,1802.63724,1816.00524,,519.98706,999.84012,,,,94575.89215,61290.285,,,,,2568.835332,,428.428,930.206,,579.555,1355.273,1689.05,557.76,,,18736.33356,10379.535,10365.615,,107822.523,,3236.386327,2525.000742,1144.788,21602.45581,18570.1598,,,314.0526918,296.1139571,636.4355785,323,2840.543829,,,,,,,7350.1472,7356.20634,19174.21376,,,,,,,,,,3854.1778,3260.727525,,,
1988,,,587.996,,,,,200400,37496.06832,4213.662668,1510.865365,,,426741.7104,8652.3135,2781.52695,479.1718454,939.9639115,1068.834,795.2557,56339.2636,,,,,,,,39720,,,,1031610,,,70335.025,,24005.46502,,,6287.8872,6967.67297,9836.03856,11633.67128,2471.448,7290.2256,8481.11964,6111.00096,5171.21426,8561.89818,5398.08052,1503.86112,1013.04414,,905.35506,756.84294,,,12428.878,32671.58878,81879.816,,,,,4769.498548,,346.268,670.956,,390.906,1635.067,822.621,321.16,,,12902.45574,6037.8135,6067.09974,,37348.38434,,3497.024072,3566.374728,3214.17705,13052.79402,18338.03876,,,1367.116729,406.8182203,584.8571666,712.6,1170.711474,,,,,,,5590.3896,5538.74,4766.736412,,,,,,,,,,3351.348,3647.818364,,,
1987,,,339.66,,,,,365500,22631.02191,12779.67636,5632.534613,,,257032.9235,12777.96,1761.59949,1070.899893,1473.487961,642.0252,729.379,78983.0706,,,,,,,,32520,,,,687944.4,,,43398.60574,,12528.1143,,,6230.51177,,6774.67113,4449.11964,3667.95,6151.79724,16069.5687,7697.09304,3781.2868,7134.99384,18747.07072,3082.6668,1005.723,,892.4981,620.28936,,,5536.33976,32055.30872,77158.445,,,,,4160.640569,,366.652,678.164,,479.574,1195.692,368.261,815.15,,,14826.02423,5782.6314,5776.60538,,48774.23205,,5606.250007,2097.460596,1205.47623,9238.676619,10552.55988,,,570.3190002,237.4407933,257.0474676,857.9,1404.170397,,,,,,,4397.54,4433.30811,11243.03591,,,,,,,,,,5918.9896,9072.390268,,,
1986,,,1848.784,,,,,126900,8465.27418,6644.368528,7924.688186,,,252690.7989,8331.1104,1252.3302,1552.753524,2448.700865,1069.4145,892.0896,75785.9234,,,,,,,,19730,,,,436519,,,39894.50692,,31131.26452,,,5806.88352,,6697.60798,4026.74971,3746.48976,4452.50816,16151.96862,2452.94079,3279.7947,9692.66,11295.97758,6488.46275,2235.324,,301.27635,1353.534,,,3534.2475,72192.94105,70188.778,,,,,2706.031589,,656.76,871.896,,670.896,767.158,447.478,799.19,,,8385.231393,6267.8048,6237.09351,,55720.26664,,7894.328247,4344.54157,1960.7035,4839.08914,9110.360561,,,658.0687832,541.8431138,428.40145,1229.5,1690.241204,,,,2880.316667,,,3087.6948,3083.69754,9661.912583,,,,,,,,,,4759.4215,4700.948464,,,
1985,,,882.572,,,,,488200,5976.46368,2809.405845,6831.752292,,,303374.0125,9902.802,339.2468,519.5362256,1161.047836,2148.0675,1412.4336,47139.257,,,,,,,,50090,,,,1444527.7,,,44493.95866,,7058.675217,,,5292.67431,,6233.96478,7040.40825,3282.08244,6815.39567,18793.79712,5800.80868,8320.50976,11659.61286,20782.93536,6369.68416,997.98795,,446.68656,2298.83597,,,10460.80704,89520.14711,41120.412,,,,,2517.177441,,873.548,1015.274,,678.915,859.103,254.375,340.27,,,14954.41179,10291.3662,10307.80104,,110833.812,,5227.560596,4863.73602,5037.23,9046.133594,5669.890675,,,993.4640653,1159.827038,1380.523558,1654.3,1686.401183,,,,778.201935,,,7682.5843,7696.11483,3885.93639,,,,,,,,,,3591.57,5992.556063,,,
1984,,,1329.74,,,,,390300,12362.31612,17790.81069,4814.389062,,,218388.0888,10088.89,1153.86829,1790.384231,693.5107745,1876.8192,1283.6934,87535.9216,,,,,,,,33900,,,,551925.6,,,70839.26801,,46199.97142,,,9141.22352,,11345.47909,6286.39896,5060.59965,8239.95194,9119.0236,6657.07301,4491.11208,13775.7256,14872.72059,3131.52695,1626,,453.4608,1552.77675,,,16640.16148,99046.48505,85290.256,,,,,3381.103523,,711.152,990.794,,590.139,590.89,266.659,710.5,,,8340.386006,6029.3262,5955.3924,,82970.63083,,4912.34683,4719.237297,920.799,5894.653876,26287.14844,,,1114.08928,276.1628046,752.3697048,704.4,1492.730256,,,,259.398185,,,5245.1392,5263.7984,3918.082702,,,,,,,,,,5976.6096,7314.675268,,,
1983,,,671.908,,,,,612700,27947.0697,14205.88863,2407.460069,,,316304.2609,13065.4953,2709.93593,1365.307292,770.0734865,1128.7269,1469.1768,53409.1338,,,,,,,,33090,,,,566283.2,,,30794.9418,,8984.452679,,,8184.00842,,14439.4875,8679.88014,4211.45672,8010.144,12255.685,7829.86158,4753.9926,5745.43748,8051.56017,1752.1812,508.82748,,1096.12216,1583.83935,,,21799.48812,48254.625,50628.336,,,,,3533.362695,,712.816,876.112,,526.446,838.42,534.872,810.88,,,13993.89929,4748.6059,4706.04147,,59451.14546,,6113.29833,4608.593815,1096.5871,22105.30201,13642.3847,,,391.1996412,453.5996221,453.4048214,373.3,1277.033698,,,,1256.6295,,,3929.751,3957.4689,2891.158592,,,,,,,,,,3757.5414,5050.479668,,,
1982,,,355.368,,,,,306300,14050.4078,3537.554685,3260.452463,,,300443.962,11031.816,893.016,1630.549154,925.4626667,2069.331,1401.2676,35531.481,,,,,,,,50110,,,,579852,,,49828.5121,,15154.97823,,,9318.37608,,6329.11344,7582.93416,2778.83664,4412.66,9402.45148,5192.93832,5560.797,14214.584,11944.40623,4129.7949,568.428,,863.34967,1815.79397,,,8469.3304,78990.41385,34675.95,,,,,2963.470365,,457.6,728.382,620.484,577.611,1040.107,488.363,92.33,,,11699.34728,6478.1847,6498.14715,,47409.16229,,5251.23466,3827.52432,2286.022,18972.9409,9148.096555,,,265.265089,785.6613819,429.333507,416.9,1110.013834,,,,484.704,,,4800.4422,4807.22484,12442.95658,,,,,,,,,,3333.008,3178.394234,,,
1981,61340.42294,,419.016,,,,,472000,9245.62694,9535.656832,3012.582769,,,130808.7733,12660.4808,1848.57004,731.323075,1549.694335,976.4349,1591.266,71083.1802,,,,,,,,43790,,,,337055.4,,,16296.0745,,11698.45063,,,3992.61968,,9335.04858,4077.98071,3812.5956,9071.38683,10847.54508,4777.37088,5830.84881,9296.57754,15346.47024,3774.45586,695.097,,702.08502,2076.49202,,,6676.40369,56532.26099,78366.014,,,,,1126.325133,,474.76,901.612,672.713,734.697,1802.788,640.84,570.15,,,9334.63397,4291.7622,4304.50374,,55459.80785,,5133.000172,1611.358891,2393.6845,22776.55024,12189.39384,,,524.2389419,555.0512216,914.2836422,758.9,1155.890534,,,,1219.2075,,,6284.5608,6274.8,11857.1591,,,,,,,,,,3098.2578,3548.823026,,,
1980,,,1305.668,,,,,175600,16066.798,10288.69234,2508.811342,,,226260.3232,5720.9482,1543.3943,1741.293719,1362.220594,1114.54312,1294.5074,56431.4592,,,,,,,,21870,,,,348486.2,,,9817.860596,,7665.141222,,,6248.92842,,9530.09472,5190.5541,4417.59432,6286.43272,12183.54888,3545.1351,3053.30189,7315.3065,11233.30169,3274.32528,2670.38424,,201.84887,941.22502,,,11872.36584,23585.26719,58703.958,,,,,3503.288226,,269.048,957.202,488.853,706.644,2167.275,796.869,604.87,,,5038.537704,3946.9172,3911.83267,,27469.97379,,3804.818478,369.796901,2716.77356,14117.53611,55351.31137,,,306.8903996,960.3444341,233.8570783,960.6,1070.476527,,,,1230.12,,,5788.92,5812.10107,1773.531502,,,,,,,,,,4783.3788,3979.535351,,,
1979,,,771.8,,,,,482300,10476.66004,3718.896936,5911.666307,,,330680.394,8520.5904,1850.04171,1054.546339,1647.838927,1370.65068,1360.37,46298.9691,,,,,,,,27570,,,,303936.5,,,32201.08279,,54427.15093,,,6626.30026,,11668.29813,6600.5079,6260.259,11033.5447,17816.12805,3678.7779,7147.80319,9349.37794,11808.29758,6418.61093,1760.7357,,605.94884,1230.12099,,,3315.0188,52142.10791,48437.586,,,,,1606.061013,,544.128,1119.314,445.44,488.43,1120.027,890.109,780.08,,,8960.196618,10404.7632,,,37793.95871,,5498.449963,1855.427583,1381.63448,10063.06621,9719.359212,,,248.0485371,930.761515,340.9275218,791.8,1445.471377,,,,1306.555,,,7679.217,,8171.397619,,,,,,,,,,5732.3042,8687.973814,,,
1978,,,792.608,,,,,303300,14543.12706,1854.722615,2221.400048,,,317519.0193,3800.7892,1899.5328,718.4392944,2139.671556,1658.10806,590.0634,37742.5773,,,,,,,,26390,,,,899000,,,21837.94457,,31081.13971,,,3301.67994,,7040.55264,2695.02075,4419.64782,1902.23386,8644.3107,12001.99875,5549.8975,6917.89656,12604.6456,3363.46673,1023.4819,,322.0227,1936.43394,,,3248.56875,103404.9529,40192.983,,,,,3739.468569,,989.196,1076.372,468.263,392.607,1339.252,1485.143,910.35,,,9353.313981,5411.0835,,,78689.36487,,5310.70405,2467.174936,347.124924,14127.89643,9229.578863,,,356.3065052,581.5583019,804.9855244,490.1,2115.870328,,,,1928.34125,,,2504.7839,,6209.016693,,,,,,,,,,2447.9212,3087.176186,,,
1977,,,745.348,,,,,336300,9605.26776,7336.095747,5969.887757,,,225617.1465,12817.7075,1104.3396,878.0410378,1257.846947,352.8,1480.449,76866.5484,,,,,,,,32430,,,,186645,,,37480.72769,,26870.58899,,,13793.8108,,14473.8936,6725.7075,18352.08724,10368.47727,11040.5934,3107.77975,5014.61136,6249.9364,,2840.427,2308.26602,,564.5865,537.71946,,,2886.744,43417.18595,73786.254,,,,,4058.669648,,1181.96,889.746,325.09,568.323,648.388,543.271,374.85,,,15558.18412,10168.9896,,,45514.93855,,16703.13421,4202.231184,2111.846133,19037.56385,20106.89435,,,414.8931369,708.6062989,768.0608444,401.2,1220.534977,,,,893.27826,,,7728.2475,,7418.011111,,,,,,,,,,7193,3100.664923,,,
1976,,,882.436,,,,,138900,13999.8056,10637.21628,2480.052407,,,136434.2731,19829.1444,1153.0728,1564.534259,1613.641724,798.92266,880.9255,63576.8442,,,,,,,,24830,,,,281612.8,,,41052.48378,,29348.92134,,,6853.69551,,9585.28838,4940.92036,2465.43612,11352.8175,19378.68496,9952.7928,7164.1944,15349.9608,,4001.9982,2119.64802,,668.35516,977.69356,,,8833.42878,41201.53882,60599.181,,,,,5411.363376,,580.632,560.728,355.888,526.446,319.421,215.044,373.45,,,13735.61663,7384.0744,,,54424.76699,,4675.835385,3901.664479,6228.291098,13771.78194,24109.67612,,,563.2360612,1507.745113,606.0152442,641.9,774.758209,,,,1576.89,,,8715.3696,,9051.511322,,,,,,,,,,5371.3404,5787.812522,,,
1975,49162.72757,,958.732,,,,,224200,12164.38894,10976.10505,2834.762951,,,232272.9304,10319.07,1514.3279,2918.028517,1314.515798,2144.94084,751.1326,72194.664,,,,,,,,37650,,,,78480,,,46073.27427,,20200.41323,,,5317.89615,,7607.5845,4904.74656,4281.29121,6084.753,10400.4095,7071.84579,5346.81234,9145.24425,,4271.8728,2601.1215,,557.35922,1856.21408,,,10258.9883,72047.83354,74205.084,,,,,3358.445657,,836.784,397.766,371.142,439.83,680.282,665.334,311.71,,,9863.601183,6821.2362,,,68312.87033,,3753.462784,2185.725463,1232.721856,18927.72781,12685.32439,,,590.8485195,830.8305538,1156.305177,1116.8,1035.130429,,,,970.77072,,,7117.7392,,5984.211332,,,,,,,,,,6134.0884,4259.136706,,,
1974,67352.0922,,1066.24,,,,,515700,37508.922,10227.11433,3530.812878,,,209622.369,6537.0788,2559.49722,1674.597607,815.6231281,584.40708,1104.641,77914.6605,,,,,,,,22570,,,,1223781.8,,,29413.39591,,7705.136328,,,5246.802,,6563.59376,5441.0496,4161.957,5185.14711,10147.44672,6455.40372,5641.75182,5568.28896,,4189.2864,1005.9816,,843.2312,994.49496,,,7710.297,43592.2484,76498.046,,,,,2258.57642,,1601.548,338.232,466.842,476.577,1599.954,840.899,222.18,,,8945.31106,4851.9695,,,78590.91413,,4329.409251,1645.147285,3475.728342,,24473.71086,,,1212.915172,464.5481413,1793.585265,784.2,1704.740028,,,,796.887,,,6481.6941,,6205.028548,,,,,,,,,,2905.5187,5121.156186,,,
1973,,,516.12,,,,,303400,25339.29288,10487.68111,6035.11217,,,210109.1514,21532.812,1522.40088,1442.749168,3178.499706,1421.40532,1119.5616,49807.7476,,,,,,,,23330,,,,199561.5,,,41789.58858,,6712.334856,,,10208.89117,,12713.89168,11770.86141,2230.25825,7936.5845,10610.11318,3358.58474,5341.13736,6777.6192,,4542.19212,1070.58996,,506.341,978.59058,,,3422.49271,53731.52857,49613.668,,,,,3117.962844,,1027.468,461.142,568.081,545.832,1055.166,732.23,1220.17,,,6575.915817,7979.5848,,,101499.2457,,5047.009994,2786.743812,2571.489401,,12431.4048,,,1379.26706,617.9917281,398.2197523,985.9,910.833747,,,,900.01125,,,8119.0395,,12511.25426,,,,,,,,,,3807.1284,6663.342948,,,
1972,,,253.028,,,,,192700,21415.97392,18736.71112,2593.058356,,,262866.8119,14001.9558,1550.52048,1375.263221,1815.803404,2059.07785,688.8033,62693.469,,,,,,,,17580,,,,212020.9,,,44596.10932,,7441.028429,,,6598.3176,,9075.65494,4743.4332,3259.2,8426.37759,12573.95661,4510.1952,3938.159,15846.08688,,6500.68584,719.928,,1103.4002,1169.03584,,,7379.99274,31131.52834,59612.688,,,,,2420.368843,,1208.688,586.772,652.268,,958.485,751.359,277.27,,,9956.458895,3945.2322,,,37963.91777,,3785.733616,2466.712443,2516.551657,,33327.1336,,,813.207009,897.148081,522.8418205,803.9,1114.159455,,,,898.7595,,,2865.6828,,12023.29097,,,,,,,,,,5840.6874,5223.079569,,,
1971,,,911.676,,,,,294100,28582.56896,2193.065172,3786.570607,,,,9622.6959,1050.8562,2061.604932,855.6674144,2193.2331,710.711,48893.0382,,,,,,,,43290,,,,881700.3,,,42984.16811,,7310.800998,,,5852.62396,,12253.9664,5122.70895,5399.08211,7556.71176,14923.07752,5851.35972,5817.0978,8027.03352,,4894.83792,1312.08345,,790.91868,1052.6594,,,3373.068,55056.28777,53762.04,,,,,1820.508009,,1081.132,591.192,485.46,,1199.725,749.953,1213.03,,,11065.96162,10092.4398,,,69851.4761,,7753.213612,7950.985794,4224.897098,,16735.04922,,,1459.255828,517.1664124,1112.445638,852.9,1247.833257,,,,531.92013,,,4264.3104,,8906.415452,,,,,,,,,,3548.1154,5059.279299,,,
1970,,,661.368,,,,,294900,9051.92992,6950.320909,5576.29629,,,,13997.178,1379.21405,2223.473734,996.9263049,2889.59502,99.5316,52615.6384,,,,,,,,27310,,,,181890.8,,,23164.81551,,30909.85588,,,9798.10256,,11060.6636,8787.742,6504.72088,4979.59,9405.07538,6195.94885,3844.86788,5074.5968,,6133.10328,764.57626,,910.32224,1640.23392,,,10927.6095,75368.04322,52643.596,,,,,3186.403516,,990.444,523.396,314.041,566.568,1632.551,909.164,1761.9,,,7028.287176,6350.6394,,,46488.65386,,4584.205413,2973.418256,1091.63545,,16111.60538,,,837.7542672,874.5714634,1112.442395,891.1,1240.186167,,,,1309.9907,,,5475.4652,,9752.813532,,,,,,,,,,4322.7576,4446.493375,,,
1969,,,628.864,,,,,141000,25160.90698,2368.413086,1809.458731,,,166309.3552,6562.9888,1541.75004,690.5164422,1164.321409,358.6575,655.1454,98332.5492,,,,,,,,14370,,,,280464.8,,,15697.91979,,7872.686052,,,5173.7821,,11655.64764,5889.6211,6423.93576,4503.31806,10811.9466,8592.76247,4613.21553,5996.6739,,17098.64384,775.32844,,480.284,617.53032,,,17673.276,33029.61052,93126.816,,,,,2338.584318,,739.492,358.394,190.414,560.844,977.281,1127.131,1034.04,,,8712.34762,4572.6064,,,34470.57869,,6496.356391,1014.245431,2158.492786,,18146.58592,,,896.4332586,749.6942288,682.2554006,468.1,1572.409389,,,,455.8086,,,5871.6414,,10131.55988,,,,,,,,,,5714.1032,6758.289985,,,
1968,,,1527.008,,,,,395700,27461.25008,7579.746979,4508.29418,,,97175.88412,8258.99,2410.8651,1494.643262,845.2305641,2717.06518,1143.393,31758.24,,,,,,,,48030,,,,1238958.3,,,25779.65569,,14588.46376,,,4757.2135,,9601.44575,6527.22952,2546.2605,8337.30726,18734.2789,6196.62174,6100.691,13264.27641,,7358.54545,1183.1609,,380.63277,2134.50168,,,13186.60865,30758.94294,32292,,,,,2353.46936,,924.352,292.264,229.883,500.85,433.27,693.75,585.48,,,13942.54577,12223.2015,,,46522.50289,,5394.688246,1900.05345,2582.097697,,16692.49399,,,1199.918424,905.8155307,207.2258019,,1089.081276,,,,1344.816,,,5136.718,,8978.890873,,,,,,,,,,5287.4055,6665.680927,,,
1967,,,826.948,,,,,127200,39092.0937,5239.463332,3453.912636,,,,13073.164,587.295,911.5269649,848.9826857,1188.29732,740.357,43594.1469,,,,,,,,43210,,,,718795.8,,,14314.87354,,38848.92118,,,8838.98905,,7641.89613,7026.90532,5970.22,6766.4364,7574.79458,7201.1733,5895.6552,6805.15748,,5526.38142,3315.93336,,803.73474,711.069,,,23755.316,43894.82684,46158.861,,,,,5887.680194,,547.04,304.164,230.521,495.099,1675.138,627.816,1128.26,,,15140.39994,9789.3797,,,29070.64837,,6011.481536,1345.479295,3429.186521,,38249.00171,,,683.3461571,864.0787079,324.636582,,,,,,963.0426,,,4546.9928,,17220.64743,,,,,,,,,,6632.667,7470.021558,,,
1966,,,160.072,,,,,211500,27407.78898,4137.958524,6201.392314,,,,13113.0397,856.55906,2459.492846,1888.784548,3375.92775,325.1983,47558.1888,,,,,,,,38150,,,,1048342.4,,,24311.99042,,10600.76237,,,8909.61805,,12141.10016,7971.09696,7867.6136,6937.06896,15758.14716,6827.26387,5748.56781,4989.16467,,6687.88812,3338.97648,,438.10288,1271.296,,,16565.2409,47567.92381,48752.64,,,,,5159.678354,,1331.096,400.996,217.094,540.27,2772.003,573.759,1748.95,,,15562.89564,7171.722,,,33167.44158,,7910.013314,4596.342152,2977.552418,,14289.17255,,,343.0982846,1503.208733,366.0812121,,2244.275911,,,,827.3475,,,6466.8992,,7267.273339,,,,,,,,,,3343.302,2678.376527,,,
1965,,,1230.46,,,,,283900,17370.00188,14269.88717,2864.941848,,,,5366.176,2156.26158,1257.95485,1553.595372,3385.39686,930.1407,52379.6955,,,,,,,,37370,,,,533307.2,,,36023.34161,,27178.15423,,,3682.25179,,7727.95885,7851.74711,3607.64803,3716.07624,11433.50368,5444.02824,8484.7026,13412.0262,,9406.84061,2138.75244,,695.80915,560.70228,,,8830.453,51918.65264,54531.367,,,,,4599.870426,,1538.108,450.16,275.761,593.163,1905.685,944.166,1205.54,,,9159.007004,5941.3767,,,86335.39139,,6744.434595,2240.006091,2319.57792,,10738.81671,,,1186.428387,1100.743634,1450.006271,,2515.383004,,,,1775.925,,,3120.633,,4867.475974,,,,,,,,,,6434.28,5049.817966,,,
1964,,,1647.164,,,,,441400,5948.6152,7757.909931,2748.055836,,,,8904.4956,2572.28136,2603.549627,2223.534218,1477.4445,1961.1738,73591.0812,,,,,,,,44370,,,,313791.3,,,23852.39387,,7782.858854,,,3969.99322,,9331.41423,5987.0118,2566.8324,6874.11192,8877.07095,4284.9328,6298.9465,10415.07972,,5594.99248,1499.42421,,411.78546,309.35,,,7342.71153,42817.75716,45426.15,,,,,1528.159154,,945.568,460.258,344.781,581.985,1086.209,931.364,675.78,,,11425.07958,5610.1248,,,68233.11771,,2113.701203,3212.219853,2307.317756,,18313.89641,,,517.3535143,835.9115747,342.2043284,,966.621786,,,,1133.4972,,,3510.4065,,6610.044897,,,,,,,,,,2538.237,4501.199527,,,
1963,,,1348.032,,,,,151200,19852.41544,4546.994395,7221.952729,,,,8906.9186,1914.76066,1106.681549,2160.174391,2586.48685,602.0934,52590.51,,,,,,,,31000,,,,108839,,,27320.27828,,41815.9021,,,6884.81456,,9833.38448,5152.20039,4987.76463,5756.004,9488.15343,8926.76943,3531.19123,11145.01708,,5578.5704,1483.32,,428.2532,999.3696,,,22903.47618,47508.54816,40330.5,,,,,1564.293885,,565.656,404.498,364.414,608.769,1094.46,1264.327,357.42,,,5180.938813,7433.277,,,57548.37753,,3332.220983,6611.614164,3981.928734,,31678.83556,,,527.8547813,867.7920171,403.4166289,,1379.235937,,,,2314.564,,,3725.55,,11630.63773,,,,,,,,,,3732.1647,6880.691575,,,
1962,,,1857.352,,,,,393000,49309.0554,13076.27486,9972.335081,,,,9900.4794,1892.60968,881.3833396,2456.059574,995.47197,72.0117,71025.9,,,,,,,,45590,,,,322260.5,,,44820.78643,,11915.14565,,,3817.66461,,11446.25607,6063.3396,4805.80722,4657.2435,10602.39049,6886.14482,7687.86702,14071.22444,,5908.8756,4085.27127,,421.96924,1310.38035,,,9256.3344,76080.86623,70380,,,,,4701.169856,,818.22,320.144,488.07,737.127,641.617,1128.722,1912.12,,,20393.61379,7456.0356,,,98381.373,,5304.53984,4360.159989,3345.647746,,12128.95694,,,1998.223024,803.6421655,789.446107,,1093.488164,,,,1182.43125,,,3411.8393,,8713.938126,,,,,,,,,,6461.0487,10313.49546,,,
1961,,,1157.904,,,,,183600,32530.4694,13162.08388,4195.598642,,,,6321.92,1054.1632,1739.487583,1710.602961,1184.928,973.269,59583.832,,,,,,,,53900,,,,527680.5,,,12806.2482,,10495.89123,,,2176.95104,,7490.13972,6070.46523,7859.566,10250.79045,14601.50912,6236.49437,4883.18788,6028.63035,,4475.8142,1239.29928,,537.69769,489.06,,,5063.29665,37792.29916,59718.58,,,,,3377.30381,,726.336,264.452,633.969,782.406,262.848,1335.367,1211.77,,,7656.920267,4599.46,,,40675.40253,,4994.300343,11192.59815,4282.335463,,22187.65684,,,499.1294809,271.9021403,1974.755301,,907.253019,,,,516.264,,,6025.2108,,11114.06821,,,,,,,,,,7098.8488,2588.712515,,,
1960,,,633.012,,,,,961200,30645.14882,9415.53701,16391.69965,,,,22515.0312,3450.09816,2549.816042,2239.900399,930.25818,947.3516,63105.1412,,,,,,,,44980,,,,106122.5,,,33480.02057,,53490.09505,,,11689.50853,,15233.70771,6317.43598,7756.9908,25858.12896,15847.4232,15608.46564,7039.52434,10554.53399,,14963.53737,1655.805,,254.67372,416.28453,,,5236.79457,44212.73317,59002.843,,,,,2473.866417,,503.568,282.88,453.879,709.182,467.495,983.941,982.24,,,14175.36963,15864.5656,,,100762.0432,,4032.918785,4964.835022,2801.247471,,35900.94784,,,821.6407617,771.2799154,1605.985676,,984.981325,,,,384.803125,,,6527.881,,6723.875954,,,,,,,,,,5600.3692,9163.933674,,,
1959,,,1212.848,,,,,191300,23019.4734,12343.22363,6055.384728,,,,10555.94,2070.5507,1023.006807,1202.452725,1006.84584,660.5654,68126.0553,,,,,,,,35630,,,,825515.9,,,25200.63928,,11261.11795,,,4228.7045,,9677.87892,6766.1627,4972.6155,5287.6395,8087.061,6375.37932,4228.05696,5404.07133,,2594.23784,591.77808,,447.8698,1889.65398,,,6739.21996,89460.36824,70916.889,,,,,5508.168487,,555.256,299.132,317.028,605.988,867.132,633.07,955.5,,,16618.53955,6351.5736,,,48105.43088,,11395.12009,2935.882875,8807.307772,,29011.97382,,,872.4181845,1547.032061,1318.757666,,1539.965238,,,,1396.191,,,5635.8208,,3559.968198,,,,,,,,,,4794.9863,3588.235528,,,
1958,,,597.38,,,,,308600,21586.3428,7385.459551,1808.966155,,,,12298.4883,787.2445,967.8770058,677.0327104,932.55436,959.563,54356.2778,,,,,,,,29440,,,,174870,,,28508.71609,,22588.7681,,,3685.56435,,6461.92866,4426.49655,6285.28067,6799.5432,15395.38212,5139.54446,4036.6782,8089.38342,,2315.40586,426.04002,,770.85512,517.7095,,,6996.32535,31605.58737,55594.933,,,,,2049.236764,,956.384,284.376,319.058,592.677,975.32,944.869,1404.83,,,13175.94579,7087.3868,,,46979.46454,,4380.987732,2553.090832,1669.121717,,10592.04354,,,448.1209998,456.5773691,286.2739735,,1036.104968,,,,997.3152,,,5962.1487,,6270.213947,,,,,,,,,,5824.6384,5016.180599,,,
1957,,,910.18,,,,,429800,12290.60646,5430.652914,3663.279028,,,,10186.7536,873.36319,720.1655342,1223.945315,1250.31074,1294.0681,58828.0161,,,,,,,,25290,,,,673454.4,,,26634.67903,,16655.21037,,,4975.8867,,11294.58421,4863.10851,8108.80812,2907.76681,14204.04615,5037.4443,3997.242,8732.48541,,3845.69985,1294.99539,,183.13568,1744.95672,,,7346.833,35684.61575,55493.112,,,,,5744.292485,,999.336,278.358,282.46,633.312,363.229,1311.243,583.45,,,13823.18928,3755.2032,,,54432.02079,,4173.950138,3912.459801,4679.964597,,16427.56836,,,924.0677151,1429.973622,425.7925626,,561.746745,,,,497.193,,,6176.0448,,8586.961305,,,,,,,,,,2577.5631,3205.420254,,,
1956,,,962.2,,,,,524500,22907.27208,3778.010883,3808.446303,,,,14600.8032,1916.57918,774.6877248,1295.821899,1464.14154,947.4087,84211.575,,,,,,,,,,,,229337.6,,,44837.52086,,16341.25845,,,6877.5588,,11805.74288,14357.4445,7710.4764,7589.3202,9513.0359,8100.603,10620.11775,17042.824,,6139.03884,1039.24016,,450.447,174.42,,,,118566.4754,86275.875,,,,,828.540752,,380.38,399.024,397.039,549.126,902.467,586.339,494.9,,,14880.65746,12389.0818,,,120324.665,,4691.513485,2360.272211,2028.486167,,33049.97336,,,518.9955061,202.7034724,187.9709978,,1504.179315,,,,1559.2095,,,12105.7629,,6908.098185,,,,,,,,,,4578.855,7881.963757,,,
1955,,,514.352,,,,,808300,28367.3907,5049.168916,8813.075471,,,259831.1142,13551.12,1568.587,1026.908358,917.6342423,871.42122,1180.701,38011.8145,,,,,,,,44150,,,,145252.8,,,45646.32196,,6022.071776,,,5702.571,,12099.7794,7142.97987,2791.36935,6550.16535,8363.63,5849.5645,6292.62989,14959.40612,,8693.26794,1114.7957,,524.31792,1043.68073,,,,79226.48944,71404.834,,,,,6968.823855,,836.836,540.328,546.621,512.325,823.731,487.734,576.8,,,17283.85769,6270.628,,,68121.35151,,9967.457231,3654.141441,4193.525847,,12855.82071,,,855.9743213,655.1845114,707.0883624,,1587.550892,,,,1663.6914,,,4219.6525,,6800.667485,,,,,,,,,,3561.2325,18083.26079,,,
1954,,,532.372,,,,,785400,25424.43948,6095.629545,2431.950442,,,230415.0051,10590.2214,815.61291,870.9912059,895.761634,1409.69202,779.9085,16339.656,,,,,,,,26880,,,,344823.8,,,24962.14109,,8613.972461,,,3295.7008,,15230.6364,5273.21494,10112.84812,7676.43597,6426.64775,3707.154,5566.99,6374.269,,3296.7244,962.371,,1355.52942,286.13488,,,,41170.40466,49022.982,,,,,1212.698465,,1291.732,525.266,462.144,572.886,520.96,886.446,2035.04,,,14602.23639,5924.352,,,62049.27151,,9001.590588,3203.73848,4931.363724,,42441.10233,,,1047.351619,537.1042844,538.9526806,,1503.365011,,,,2097.6708,,,5166.8505,,8091.294525,,,,,,,,,,3391.7364,3906.026484,,,
1953,,,759.56,,,,,203400,28159.9197,4222.245853,2136.942954,,,217329.7513,13136.8956,2011.647,860.1963478,1050.319222,2629.60368,387.7715,61558.995,,,,,,,,36080,,,,105706.5,,,15812.39877,,8146.004978,,,5476.60449,,10466.29956,6338.6092,8246.6915,7359.45151,11139.35878,5567.37057,5200.64986,7893.0072,,4543.99834,1430.17407,,586.41099,640.59436,,,,33186.18239,61320.645,,,,,2357.173083,,1952.704,469.88,661.055,782.028,855.588,842.416,261.66,,,3293.320618,5068.0864,,,40097.90755,,7429.48522,10069.43828,2224.094623,,22768.53631,,,400.691126,986.3698817,992.7347595,,2128.001982,,,,1377.5125,,,7460.5989,,5675.788125,,,,,,,,,,4213.8775,9716.806515,,,
1952,,,1054.952,,,,,334100,11106.11898,3833.504255,2368.235841,,,406526.9473,7713.6145,1231.21204,1077.005719,1455.15747,1972.0461,895.967,64891.469,,,,,,,,16090,,,,213362.5,,,39930.17501,,12965.52852,,,5350.65463,,11700.59,14695.89968,9654.53776,9708.87125,8871.93636,5927.23824,6050.95343,6423.8185,,5380.35222,870.92775,,723.894,1730.71866,,,,58835.16966,71935.03,,,,,1228.609947,,995.436,377.026,785.465,861.435,755.429,722.795,580.02,,,6707.041102,7826.44,,,52519.29899,,8361.921293,3241.998837,744.4468815,,6266.430641,,,958.3129541,1128.844964,270.4729193,,1743.529242,,,,866.565,,,4972.0638,,11993.89376,,,,,,,,,,3534.5808,6779.331244,,,
1951,,,1239.232,,,,,619100,36796.93248,8968.073324,,,,152171.4439,14343.4177,3495.1728,1214.349575,918.3357143,2319.8373,486.4234,28757.961,,,,,,,,44550,,,,221743.2,,,33172.24644,,32977.00535,,,7048.304,,16138.3716,6491.863,12207.79095,8444.63958,28432.47054,4959.48955,6615.91448,13988.77235,,10216.7775,711.25614,,766.96264,1481.6705,,,,76808.51482,44982.342,,,,,4716.808804,,1746.368,231.54,780.013,739.044,816.59,520.775,586.18,,,5451.555817,7420.2126,,,58931.57286,,6547.157324,2683.014841,2428.12836,,11293.89673,,,878.9289179,495.705359,974.6364024,,919.058986,,,,1215.396,,,5379.6925,,8896.243324,,,,,,,,,,6579.0792,5989.017854,,,
1950,,,364.82,,,,,320900,31884.40684,4575.489953,,,,134424.7535,23062.524,2502.74112,938.511909,1363.674188,1659.36804,604.5877,24619.7862,,,,,,,,25220,,,,104979.6,,,38327.46488,,7309.773655,,,6906.8426,,13778.67036,13806.62,15666.43563,6123.42351,14918.54474,10106.02148,6121.19352,10189.795,,8457.65064,3007.62,,781.12888,1587.95097,,,,45999.07755,51260.422,,,,,2497.296623,,1935.128,73.27,636.26,638.847,696.747,238.28,416.22,,,9557.492543,13463.9488,,,68559.37314,,11188.54217,3318.8781,1801.239669,,19768.06216,,,740.4010907,827.7504617,1629.582503,612.9,1051.12637,,,,979.608,,,7662.41,,4482.63659,,,,,,,,,,12164.7757,11774.05237,,,
1949,,,1024.284,,,,,353100,14337.02116,6602.78202,,,,117491.7087,7448.9625,1836.88648,1139.813076,975.4231832,2473.60534,419.546,38414.4684,,,,,,,,17220,,,,196182.4,,,18403.62366,,14024.31126,,,6625.86336,,3934.9461,6910.36024,3061.814,4603.24,7518.1719,6064.16,4236.53723,11676.89012,,6585.08142,721.6365,,609.98065,1625.30222,,,,16808.5549,37207.192,,,,,2978.592019,,329.836,20.944,532.179,718.173,685.203,319.384,910.91,,,9781.783563,3720.6393,,,27977.18677,,6496.829245,2432.037263,1645.093177,,9682.975332,,,610.0188249,947.8651189,917.9664474,611.1,871.956174,,,,1695.0645,,,4117.5568,,12711.32466,,,,,,,,,,2560.7114,3985.716567,,,
1948,,,1092.352,,,,,127800,11891.28006,4999.890424,,,,,7674.138,1002.07572,1272.164182,1663.44969,1003.11288,661.44,65993.6056,,,,,,,,33920,,,,52157.2,,,14498.15428,,42815.02299,,,5868.88399,,7806.43924,4221.08694,3358.4562,4985.94931,9913.3125,4768.79296,11440.31616,7734.762,,4333.68982,481.388,,204.46118,583.76526,,,,26587.113,68742.492,,,,,1435.775748,,525.2,36.55,801.183,887.544,1030.894,689.458,1245.23,,,10899.71263,7801.1676,,,26237.84891,,3214.463366,4133.021117,5531.904774,,32400.61162,,,864.0884698,192.5383807,1168.721827,698.6,1582.783795,,,,1362.4875,,,2272.0743,,5972.396767,,,,,,,,,,2441.03,3517.738722,,,
1947,,,841.432,,,,,232400,14667.6453,7432.271562,,,,,11260.4041,1240.92408,1200.535177,770.8000721,1037.2806,1107.78,43413.2656,,,,,,,,26070,,,,73382.4,,,28116.12008,,21769.33172,,,6189.254,,8879.4657,3687.67134,4552.70662,7729.88232,10402.11,7022.37834,5418.625,10317.33631,,5583.34272,1079.75165,,224.706,1019.9021,,,,49919.76078,45171.264,,,,,744.9447713,,1097.512,677.45,789.148,943.218,943.611,387.612,1151.85,,,19883.21582,5987.394,,,40343.5695,,4219.157734,4452.577924,2708.948214,,10512.64681,,,713.0743187,1212.670359,2603.529987,352.4,1498.034122,,,,2341.38138,,,5234.2575,,8090.296544,,,,,,,,,,2566.3048,3890.251257,,,
1946,,,474.776,,,,,181700,10758.10824,3799.808325,,,,,10678.7106,1260.52773,769.9475217,793.451963,639.95688,1017.9939,14229.8495,,,,,,,,41850,,,,154391.2,,,26031.36994,,9174.393806,,,6440.299,,10383.01588,5657.94612,3956.2402,5956.8036,11540.01904,4272.94546,2574.78495,13379.81463,,12289.732,1360.5745,,790.64874,666.76213,,,,102871.9977,33477.351,,,,,2643.145991,,1711.112,454.274,677.092,761.643,1277.055,694.046,598.08,,,9721.827148,6048.5042,,,38858.89498,,3999.881801,1769.551518,1793.47896,,8736.796872,,,772.230104,738.1930923,749.5267774,543.8,2419.506093,,,,521.9136,,,6184.53,,11843.87288,,,,,,,,,,4738.608,4330.56497,,,
1945,,,446.896,,,,,263200,27033.25482,12821.72373,,,,,5473.2042,1317.87697,706.7472475,761.3812935,2029.9819,646.8336,43183.552,,,,,,,,26210,,,,249814.5,,,9815.459167,,6690.669988,,,4875.73461,,6513.06187,6002.39497,11282.49792,5272.25062,3864.05894,2879.71775,2438.38106,21055.94214,,7414.99525,1493.35284,,573.1008,1314.36928,,,,21345.708,34253.9,,,,,2294.894487,,891.748,447.712,708.093,538.677,952.01,1264.216,430.29,,,9039.254716,4299.3306,,,17204.74322,,9300.693035,3786.258794,879.488544,,9536.320962,,,478.4733727,760.763754,1205.372836,1396.9,1357.217428,,,,1815.5745,,,5798.1196,,11955.0695,,,,,,,,,,1779.624,4361.368078,,,
1944,,,1130.704,,,,,119200,26977.13172,22698.98908,,,,,6846.1234,2311.35486,1378.821211,1342.306872,980.91869,882.4658,51134.482,,,,,,,,30530,,,,,,,14547.58631,,31024.25461,,,4590.44373,,8114.061,5890.84075,9915.20188,5090.31162,8114.75698,3464.00535,2459.81796,7399.12628,,15249.13072,951.192,,627.3309,737.45074,,,,28167.1214,49433.44,,,,,1881.630712,,697.32,617.746,536.964,476.118,511.821,906.241,295.54,,,11178.318,4448.43,,,29484.50486,,1894.421701,2611.433575,1717.57664,,12588.38713,,,527.562289,1382.401162,1273.955227,1010.1,947.001881,,,,1824.1425,,,4526.4929,,32301.89783,,,,,,,,,,3881.8333,3914.127655,,,
1943,,,1441.056,,,,,1307800,16643.90112,3396.381787,,,,,13684.5312,1121.19777,1728.758284,1456.036242,740.92732,737.6859,47774.1275,,,,,,,,24060,,,,322176.4,,,34541.33086,,22155.60371,,,9002.4066,,10145.2494,10461.88465,4120.74288,7003.363,7774.95119,8505.04395,14164.48878,18548.55288,,24919.3952,1828.74174,,433.05808,903.60724,,,,59376.29796,47241.425,,,,,1703.121313,,850.616,840.276,489.868,539.325,670.366,598.216,303.73,,,26557.68697,8356.1408,,,42270.99172,,5399.015096,2510.025878,3761.024733,,18990.828,,,1127.064256,646.6345522,470.0975474,577.2,1186.786882,,,,1872.4776,,,13365.432,,2094.491774,,,,,,,,,,4167.1168,3075.008488,,,
1942,,,1968.328,,,,,126100,16980.75126,1196.543368,,,,,4427.0061,2602.85571,910.9274654,2436.80709,1542.14184,1005.1658,44653.1316,,,,,,,,33880,,,,44177.4,,,27887.77645,,17339.14309,,,6770.92284,,5540.18452,7740.12159,3055.728,6054.53696,9397.47627,4805.54781,4531.50714,14856.50692,,2063.18861,1924.86544,,302.97561,1082.24747,,,5226.47451,106220.2752,44992.761,,,,,4676.200034,,594.36,678.402,605.723,559.035,1061.456,1111.554,563.43,,,3642.689042,4016.1948,,,37313.0586,,5357.012971,1134.307581,4569.118238,,13971.61927,,,1102.192195,904.0942222,863.9801185,126.4,1395.36635,,,,1027.89,,,7687.7391,,5115.484978,,,,,,,,,,4387.41,3268.415803,,,
1941,,,678.64,,,,,166400,8710.59398,1102.447871,,,,,5004.7527,946.2438,1211.315484,1905.645635,5175.2337,1904.628,32549.4409,,,,,,,,27760,,,,38684.3,,,17234.02042,,17831.54834,,,4160.34899,,8795.89974,3243.065,3036.44242,4199.86047,7261.7685,2772.85545,3693.83718,6954.44538,,4857.75641,1025.89298,,787.43568,1035.48115,,,14558.0979,22227.15888,31086.846,,,,,9469.311708,,910.364,470.288,574.287,415.827,852.443,749.879,1121.19,,,13889.09143,4834.636,,,29396.95173,,4700.269607,4373.48406,2034.324396,,26391.60282,,,456.6828728,1431.346652,1446.971805,322.1,395.677584,,,,1505.952,,,6573.6752,,15004.98401,,,,,,,,,,4542.109,2419.182511,,,
1940,,,1513.68,,,,,90900,8465.76126,3766.791198,,,,,13740.3078,262.938,1341.667168,812.7641021,1079.97098,1014.1236,38376.3141,,,,,,,,33390,,,,76028.5,,,35204.02541,,38378.80449,,,4302.0474,,7478.92731,6746.02344,2834.2032,9523.36684,9009.9945,10554.54316,5888.59464,15463.09186,,4068.30692,1177.81728,,745.3773,576.25475,,,6504.744,49737.37629,41068.133,,,,,3793.838299,,665.756,437.92,389.006,420.66,956.857,734.08,949.55,,,18329.18586,6863.4678,,,40898.47742,,7318.167073,3486.75522,2570.647959,,24334.47117,,,431.2736937,805.9537728,1408.341307,1451.4,591.579028,,,,1363.608,,,3312.384,,6700.338319,,,,,,,,,,2664.8832,2346.859913,,,
1939,,,1054.748,,,,,76800,16838.24736,3664.989504,,,,,19478.9636,3355.21445,898.857838,873.3971011,247.31582,640.1625,68013.9672,,,,,,,,29310,,,,48922,,,24217.84417,,34806.83327,,,2818.08567,,6932.59422,5404.42695,4545.5052,10246.8696,13849.65375,5229.39347,5208.90776,15669.98832,,1974.69144,1430.48176,,1222.2756,497.2968,,,4946.12118,46348.52176,67328.912,,,,,2359.313572,,625.56,505.138,327.642,612.792,1119.065,531.098,2917.46,,,12038.50888,7112.1699,,,37594.19393,,2042.902857,2318.402617,2325.137976,,26657.59959,,,520.2649468,1081.379908,690.2600375,822.4,1618.424573,,,,1228.275,,,7119.2495,,9453.303637,,,,,,,,,,4367.778,4773.586095,,,
1938,,,1232.364,,,,,113000,15340.25262,,,,,,18298.968,2156.32943,1228.35155,844.8848055,684.3316,669.3519,71600.4612,,,,,,,,40940,,,,130199.4,,,18834.04239,,62892.33409,,,6744.42496,,13925.0573,6092.8252,3432.00744,8139.38128,9132.8396,3933.52632,4159.0612,9158.0276,,5379.36264,561.55476,,911.88744,760.00625,,,4789.1856,54330.27076,70163.271,,,,,5071.864888,,568.88,516.8,382.481,655.749,1130.979,154.179,,,,8745.216125,4373.6437,,,38798.56342,,4512.54708,1400.779303,1663.54135,,30901.88927,,,423.0799758,1858.08187,2478.39688,730.2,1331.900333,,,,1093.03506,,,6072.704,,8104.659402,,,,,,,,,,4484.8909,5743.224055,,,
1937,,,583.916,,,,,511500,10510.16274,,,,,,13270.4259,2776.57776,1621.559741,1701.739749,552.8308,301.8378,74977.8414,,,,,,,,30270,,,,202968,,,29329.12015,,17431.12048,,,4680.95408,,11662.26327,5376.59051,7285.67514,8115.84768,9391.86624,4348.99102,4648.05628,8614.02666,,5232.75732,1559.22219,,270.78995,376.992,,,9418.2228,49657.23799,80047.935,,,,,4353.305282,,1511.796,508.368,548.68,619.515,405.224,616.79,,,,3930.791887,4811.7965,,,43075.40212,,9096.404575,5006.466522,3597.475723,,13663.53047,,,295.054183,618.4286467,1304.115812,1916.7,745.980963,,,,4993.2315,,,7583.5224,,6611.868674,,,,,,,,,,327.6595,4878.185548,,,
1936,47138.06275,,316.676,,,,,301300,17611.32648,,,,,,8625.2712,2598.68375,951.9421616,751.4043501,649.87328,1958.4567,80056.2678,,,,,,,,23170,,,,95305.6,,,31857.12829,,16136.76334,,,5725.2128,,12799.28897,6082.21824,4089.10848,5406.8109,7492.1073,8507.66952,5606.74953,11792.0502,,3927.04098,908.48,,446.70197,422.78112,,,12138.368,88460.92396,79201.903,,,,,11612.51185,,1069.068,649.4,1276.696,558.819,1009.878,2227.992,,,,6459.045093,6522.1625,,,59581.26685,,10018.87573,3640.875921,5142.498977,,11754.0006,,,1081.94998,927.5989177,431.5119962,3085,423.547676,,,,2761.1145,,,5166.0855,,4999.960995,,,,,,,,,,5826.348,4741.94297,,,
1935,,,1077.936,,,,,130700,5554.2212,,,,,,9767.4004,2350.092,973.4548781,2002.039176,799.9019,1134.9965,45191.882,,,,,,,,44170,,,,68331.6,,,14846.22213,,12885.90078,,,5245.2544,,9010.85639,7893.58705,8444.32281,8579.02185,6474.58515,5551.82566,3027.7452,5923.49428,,9896.9988,974.23328,,304.785,431.618,,,10182.89272,37940.04638,45159.718,,,,,7811.771975,,709.644,585.378,1320.225,556.524,1078.291,1516.519,1237.32,,,16401.77405,10686.1898,,,26233.98334,,7995.696863,2754.614679,1025.25419,,7579.612001,,,1146.148535,373.8373812,756.5450431,679.9,572.049337,,,,927.5175,,,6311.4042,,6433.875962,,,,,,,,,,3609.5986,5242.793465,,,
1934,,,595.544,,,,,511200,20351.60512,,,,,,23606.9124,2242.65366,584.3091578,718.481414,358.0659,710.0108,52727.4678,,,,,,,,43590,,,,172720,,,29976.77425,,,,,4705.42464,,10722.30131,5047.82488,4128.432,5934.06352,10731.59232,4652.9157,4496.5233,10766.4271,,3856.46366,1529.4717,,731.22708,1534.5,,,11651.8116,51040.43173,52794.798,,,,,2301.448236,,760.136,503.506,1395.857,576.099,514.226,540.607,371.42,,,8383.94524,6576.1647,,,50569.92091,,4470.317326,4232.37444,3586.520956,,54213.11987,,,572.3900482,1439.159079,498.2032635,911.6,1023.197251,,,,1300.563,,,7230.7264,,4975.755667,,,,,,,,,,4199.1525,12793.99643,,,
1933,,,358.768,,,,,162700,11201.3176,,,,,,8633.9056,1054.27845,578.927531,1354.058053,1367.7975,391.3559,85340.6208,,,,,,,,16680,,,,113617.8,,,19169.72553,,,,,3995.3963,,5134.2368,6500.4169,4086.045,7435.4616,10997.49473,4131.933,5423.9045,10215.09949,,6807.65893,1963.66632,,920.15694,1099.1493,,,9839.896,36509.81658,83109.12,,,,,2914.756923,,933.036,744.77,691.969,764.289,662.855,579.42,457.45,,,13479.96602,12365.776,,,30225.54042,,9705.606975,3879.829599,1972.746082,,22312.75388,,,674.3477613,899.8656843,486.9666737,633.2,769.025931,,,,1429.70184,,,4135.5908,,4588.174438,,,,,,,,,,2626.449,3631.676788,,,
1932,,,774.996,,,,,233500,14861.26048,,,,,,12365.1336,2121.8522,1382.828609,993.304818,943.38916,1174.887,51656.6148,,,,,,,,27800,,,,168823.6,,,16387.64369,,,,,3962.0931,,5905.85216,4041.753,2087.4,12844.21825,10814.23862,5317.2504,6226.71,10371.36215,,6089.9703,822.078,,508.85952,498.732,,,7237.96752,44954.68421,50051.358,,,,,2619.607486,,203.008,649.944,347.565,760.59,1042.142,745.994,1043.28,,,14842.49813,9588.3164,,,46825.54425,,3779.249419,4295.662122,1029.739973,,1677.031447,,,838.8351938,751.0972037,780.9749786,896,963.47272,,,,953.532,,,7690.98,,22717.50451,,,,,,,,,,3278.1112,3324.242049,,,
1931,,,643.008,,,,,553200,17557.74482,,,,,,13344.6362,3752.2145,2969.916423,3467.440976,829.50989,758.352,31641.578,,,,,,,,32260,,,,83589.3,,,36193.97246,,,,,4027.44377,,8261.03304,3228.19032,3068.9256,7561.01336,10885.4532,7419.8944,5172.51072,10352.96,,5127.0125,1512.22976,,1243.0089,705.66864,,,7926.7049,55224.11495,32244.896,,,,,8939.628237,,972.816,534.548,547.926,498.771,1210.307,477.189,920.64,,,22877.10834,4688.6125,,,62859.12201,,5296.520353,1669.736889,2459.244827,,7536.050584,,,907.8450711,810.3390317,792.6819218,732.4,1435.847857,,,,3783.02886,,,4019.5378,,7014.82004,,,,,,,,,,4764.3859,5698.955742,,,
1930,,,1234.336,,,,,110100,11031.85116,,,,,,5919.6552,1312.54659,886.3836215,1013.344626,300.56991,1229.6338,53047.65,,,,,,,,17340,,,,212521,,,24682.11663,,,,,3480.82,,8773.64672,5939.30256,2270.36397,7554.09375,14109.18036,4423.45859,3255.231,5809.60125,,6850.56372,736.6065,,652.2834,1194.78214,,,4746.37,94049.28514,54378.9,,,,,5016.99978,,1986.868,474.64,545.142,736.641,1965.292,914.677,586.74,,,12157.09891,4826.5272,,,23858.61799,,4853.579158,2798.15634,1129.704218,,10510.20312,,,1155.870272,806.5740561,1194.303881,1551.4,684.734903,,,,1778.76,,,5879.477,,6400.061638,,,,,,,,,,5331.4809,3300.031233,,,
1929,,,3372.324,,,,,194600,16861.76624,,,,,,5434.1542,4090.58496,436.9554451,1744.064651,2320.50735,754.8875,48760.4588,,,,,,,,23180,,,,72459.9,,,17117.49421,,,,,2039.5648,,6327.99966,3110.38988,7259.44,4726.1292,9561.005,3852.08208,6981.63268,18692.4384,,2274.026,878.163,,421.00836,573.097,,,8301.57871,24987.32336,50821.904,,,,,3234.651617,,496.86,613.972,791.207,602.046,1541.05,1227.512,669.2,,,20420.84696,6737.386,,,40827.11557,,2526.645875,3039.522293,2401.657991,,14671.94994,,,733.0481597,738.5050562,3498.731697,691.5,564.695116,,,,1019.358,,,4069.736,,7943.02259,,,,,,,,,,5810.2973,4553.566554,,,
1928,,,1167.764,,,,,167900,18548.42132,,,,,,11041.2102,790.5195,1561.673826,1403.176567,1301.54982,918.4116,27582.7914,,,,,,,,25210,,,,147507.3,,,16496.131,,,,,4698.14375,,4944.19031,2053.00772,3319.83055,4662.46312,10265.24386,6224.91703,3074.38656,7625.1376,,3087.56808,1041.1065,,486.93086,239.98901,,,6754.6885,17568.35513,24185.88,,,,,2298.561302,,1072.188,651.1,884.123,724.734,751.396,818.736,938.42,,,4449.36306,5309.172,,,48018.44064,,5452.014472,3876.558431,1753.31296,,24273.40002,,,700.0743778,687.2809198,797.23441,978,167.635704,,,,1174.88958,,,4188.4048,,14075.17663,,,,,,,,,,3432.3975,4340.089631,,,
1927,,,2280.312,,,,,274600,17562.721,,,,,,7855.7584,850.22426,1482.911721,1396.213042,1388.36786,749.91,41209.8732,,,,,,,,25600,,,,33916.7,,,18981.39987,,,,,4988.33936,,7870.30176,9253.284,3241.674,5153.24836,6752.88027,6067.49504,3408.9174,8234.196,,4865.47656,1004.64,,415.3588,807.92217,,,6051.632,25743.88074,38408.988,,,,,3069.927252,,997.568,517.786,465.392,867.726,477.3,1092.055,1016.61,,,10508.56281,4738.3864,,,40417.04534,,9977.890278,2753.89907,957.5469189,,45044.93696,,,414.5949323,738.2895396,1262.064637,725.1,950.353978,,,,3592.87425,,,6761.8065,,10578.40355,,,,,,,,,,3898.6168,4792.462653,,,
1926,,,792.948,,,,,175300,29844.1671,,,,,,13867.4052,1568.05924,909.6793631,884.5627868,610.82758,376.9029,,,,,,,,,37440,,,,168439,,,23372.66415,,,,,2766.687,,7470.80754,6405.0584,5451.09725,9143.74526,10617.881,4609.03496,6833.6337,10244.15988,,3916.76406,629.909,,1534.08424,524.91831,,,9464.70912,38230.85192,54418.598,,,,,1535.073153,,1458.496,844.594,334.921,535.518,238.872,873.94,1396.57,,,6553.639517,6264.4483,,,48876.07775,,5537.414375,1858.636035,3199.131936,,9327.421299,,,521.5279115,976.6437514,1024.704166,456.3,654.653175,,,,3544.4025,,,7437.3795,,18288.82875,,,,,,,,,,4426.235,3787.047256,,,
1925,,,903.856,,,,,175200,36836.18752,,,,,,11655.4244,1337.34912,698.7152147,1181.384542,825.285,724.0779,,,,,,,,,25330,,,,43187.7,,,35154.60036,,,,,5319.86067,,10888.6986,9057.99202,4828.8448,6602.3909,8647.35542,3931.42,6898.2192,11470.24677,,7957.83912,662.0796,,856.82616,1766.45,,,5477.81685,23552.52723,48252.712,,,,,2550.825431,,816.764,985.15,415.222,311.175,681.503,1128.278,2813.86,,,12719.66112,7726.2906,,,41890.49475,,4284.784162,892.083456,3141.556663,,8151.16028,,,581.5566871,1285.347798,610.7461874,557.4,543.92516,,,,1142.223,,,4792.6318,,12663.71623,,,,,,,,,,3878.6976,4489.889282,,,
1924,,,585.072,,,,,309800,29020.2297,,,,,,10039.733,2627.13295,1372.498572,677.3220556,583.92486,256.1638,,,,,,,,,31980,,,,100009.5,,,29115.83165,,,,,4636.632,,10631.07444,7096.76819,1811.9375,4826.569,6126.0594,5492.877,3831.34108,10574.93238,,7636.20936,2562.07068,,761.29424,1663.56429,,,4311.09182,43604.1266,50610.028,,,,,3309.507084,,706.576,896.206,617.12,446.769,1127.575,923.15,762.93,,,9416.08566,2795.3268,,,37460.48327,,2176.633828,2840.08032,1426.943272,,7902.187403,,,605.475307,289.3702488,362.7279818,1343.9,1065.714111,,,,404.92629,,,5078.944,,32210.80278,,,,,,,,,,3919.7277,2134.049102,,,
1923,,,629.068,,,,,345000,11787.99248,,,,,,9571.38,728.15002,802.2511628,1270.525823,461.65125,397.9064,,,,,,,,,20040,,,,175375.2,,,22924.2842,,,,,7507.73925,,8706.19638,8160.0455,3247.74375,6223.9459,7068.65874,4225.80748,8118.8767,14818.5109,,11377.18766,1082.19662,,660.70585,522.19356,,,8410.58771,42819.59977,72708.75,,,,,4517.231484,,1177.28,708.22,705.077,407.862,585.71,635.993,537.25,,,12410.08843,6394.9608,,,39011.60805,,4944.294123,2523.756,3595.541561,,4023.404244,,,600.2454451,1327.473042,1024.280558,1026.6,749.632608,,,,1465.641,,,4091.2498,,23161.41521,,,,,,,,,,7059.6944,4263.660752,,,
1922,,,1250.86,,,,,622800,34447.1996,,,,,,6854.9444,639.31536,842.910995,1274.55564,1636.66285,1274.058,,,,,,,,,40790,,,,45897.8,,,24858.22916,,,,,6524.1496,,7355.94797,5446.563,6718.02,13753.98528,11033.87505,4691.00312,6068.61198,8169.67917,,3468.44802,1140.5016,,831.48833,996.89431,,,5056.29292,48038.33643,67568.664,,,,,4982.296778,,711.1,734.196,406.058,293.895,256.891,619.121,639.8,,,19521.70001,5951.5137,,,46758.25209,,3468.526871,5045.5548,941.7774,,28597.6998,,,639.7124102,457.3804449,425.4900448,899.5,1311.534968,,,,434.24025,,,5972.3976,,16927.90653,,,,,,,,,,4655.343,4556.758717,,,
1921,,,518.84,,,,,392000,13658.94948,,,,,,18972.8955,1472.3358,845.515821,421.0214646,1467.29149,729.1708,,,,,,,,,55890,,,,118375.2,,,25495.96162,,,,,4619.6928,,10170.22868,8471.13115,8116.20625,3012.95808,7622.9424,4746.85299,5370.95952,26300.09818,,5183.07738,1340.928,,722.9646,510.20802,,,10671.826,45109.06026,42646.6,,,,,3933.351873,,553.28,696.048,296.67,627.534,99.493,292.3,777.14,,,18576.30311,18145.443,,,59754.63656,,10218.42585,,2713.711975,,30714.28689,,,979.0684085,831.5576685,897.7714621,821.1,747.198796,,,,1699.8255,,,13127.2218,,13012.40788,,,,,,,,,,9657.8776,5572.762464,,,
1920,39864.56646,,370.532,,,,,87200,6764.15256,,,,,,11582.627,3749.01296,361.425968,1010.700755,1598.9259,193.887,,,,,,,,,36940,,,,79321.8,,,19712.78161,,,,,7679.54,,9286.1182,6434.79935,6694.92775,7414.00464,8727.1275,4961.30432,2700.18801,8178.46106,,5032.70901,559.74437,,559.62864,701.6886,,,7321.8405,38076.39603,56725.82,,,,,3734.150783,,715.104,531.216,618.831,755.379,541.014,249.935,792.33,,,11424.36639,7398.3498,,,59016.77793,,8351.398008,,2407.32687,,24849.24917,,,785.9218226,725.8466148,652.3825696,1868.2,534.202313,,,,886.186125,,,4541.0526,,8989.489884,,,,,,,,,,3972.3306,4440.005045,,,
1919,,,646.952,,,,,231200,16889.246,,,,,,15466.3348,956.571,1055.210502,1762.276281,2197.7452,223.0774,,,,,,,,,34620,,,,202466.6,,,27325.27577,,,,,4405.4752,,9696.19615,4343.1948,2691.676,7456.85774,12565.70415,4187.04786,7203.37904,10267.92396,,7561.56162,419.08902,,604.012,704.0475,,,2890.935,27197.1354,32148.48,,,,,5255.076713,,563.42,545.394,786.045,610.524,761.904,823.953,723.73,,,23266.75724,7100.298,,,57098.16137,,4592.99304,,1222.452897,,17714.6973,,,1110.78176,695.541313,442.3070179,1036.5,464.07196,,,,936.60975,,,3864.646,,28217.31174,,,,,,,,,,3128.8068,7787.075832,,,
1918,,,636.276,,,,,227100,23101.20032,,,,,,7415.391,1941.1608,1029.307986,2993.151264,1050.487,228.8598,,,,,,,,,33360,,,,,,,24423.80179,,,,,4951.4304,,9942.49254,6298.64913,3365.0804,7645.38876,9301.1379,7400.2308,4253.71521,10053.22338,,7058.17948,2770.9264,,866.1959,1451.49672,,,4396.288,31205.40244,56754.8,,,,,2926.690787,,1346.852,486.778,306.588,663.525,1875.234,645.983,413.28,,,8078.169773,8175.18,,,76883.00171,,3561.308213,,3288.20759,,15097.04069,,,771.7692752,964.6146404,359.0403072,1374.8,756.760059,,,,2028.198375,,,3611.8804,,7678.507547,,,,,,,,,,4729.9,3665.695659,,,
1917,,,1004.7,,,,,1100600,25701.1887,,,,,,12606.4728,1294.75008,1647.554732,3545.350922,274.2768,1113.0153,,,,,,,,,19170,,,,207471.4,,,56574.6972,,,,,9531.15824,,12892.11722,7666.52172,8915.37813,8409.5492,12723.44736,4324.43705,5041.51214,15224.40576,,2875.34979,1115.0244,,504.41298,499.6845,,,5722.20451,94544.35233,50314.248,,,,,4124.236589,,1496.924,460.598,431.491,1020.222,1385.687,809.486,965.79,,,20661.6266,,,,95467.43128,,7062.249089,,1807.6344,,14028.04848,,,586.7155879,893.9298192,752.0794476,832.9,745.754891,,,,1292.98959,,,6411.391,,5885.838305,,,,,,,,,,2941.9146,5780.70627,,,
1916,,,1576.308,,,,,157700,33335.31696,,,,,,12005.263,3222.4806,1357.923195,1463.225791,774.74475,2485.4184,,,,,,,,,35180,,,,101213.4,,,18045.42951,,,,,9769.84144,,13250.3898,4688.21772,6339.6615,6437.54475,8011.2328,10376.99694,10283.7142,14845.17177,,8924.42865,665.77504,,724.00724,1380.31091,,,2067.0256,41256.04412,70735.511,,,,,4331.532758,,1839.5,594.218,587.946,932.769,2374.29,999.518,947.87,,,10896.02877,,,,90062.98346,,4909.700852,,3732.173016,,16093.27227,,,1114.939622,596.9928366,1145.365358,626.4,1065.196466,,,,754.73325,,,8993.544,,10085.59304,,,,,,,,,,5926.0665,5104.961822,,,
1915,,,580.992,,,,,98200,34001.8899,,,,,,5033.96,1130.09336,1077.213397,1576.945151,1072.80116,1307.2158,,,,,,,,,36230,,,,157202.5,,,26698.92144,,,,,17459.8197,,8446.7768,5130.0205,4451.826,5318.4924,8972.82828,4951.82256,9466.82662,5034.59078,,5049.36326,1641.12935,,857.51496,425.47817,,,6650.262,26983.98058,38227.84,,,,,5450.457675,,1885.104,785.944,1158.173,790.02,2008.693,806.896,1357.16,,,11306.4508,,,,55895.73977,,7462.789627,,2078.45066,,18146.23619,,,750.4286881,935.0264945,578.9703434,878.4,736.665248,,,,944.46,,,6269.094,,11190.34131,,,,,,,,,,4334.2352,3377.393055,,,
1914,,,1235.288,,,,,466700,9674.42014,,,,,,13144.3775,1003.38287,1072.159123,1484.566056,2124.29052,430.5248,,,,,,,,,43060,,,,49384.5,,,29515.40353,,,,,6201.24298,,8213.586,7121.5082,4172.88795,4481.64144,9308.77938,17787.202,5006.05875,16993.504,,5620.44652,1450.90099,,490.7142,1185.36391,,,3975.248,39459.16631,97119.363,,,,,3459.274256,,1717.352,799.51,1263.791,1066.824,922.262,355.2,1527.82,,,7302.119088,,,,127451.2742,,4439.60838,,1507.1394,,21372.63005,,,908.2552857,984.6388899,732.410702,812.9,592.117299,,,,1081.2235,,,3437.684,,9380.082018,,,,,,,,,,4883.1,6837.079708,,,
1913,,,2095.284,,,,,387900,12525.42984,,,,,,6583.4856,1510.06072,2043.555459,1709.714942,735.27806,711.2925,,,,,,,,,28920,,,,74803.2,,,18038.35288,,,,,6894.36096,,10011.96812,7724.69904,2108.77524,5482.84374,11645.898,7552.21248,3760.83274,13623.43344,,8934.90794,2316.70776,,219.01364,855.07625,,,4561.22574,31868.62134,129658.958,,,,,2756.057875,,268.476,686.12,597.11,1016.658,854.404,259.629,1960.77,,,8641.318142,,,,43011.13998,,5953.05711,,4377.73375,,28174.05072,,,1488.924035,303.6179067,987.677765,1727,351.008677,,,,1274.385,,,3392.7776,,22331.28959,,,,,,,,,,4567.4128,6681.502099,,,
1912,,,1050.94,,,,,262800,18269.71982,,,,,,10496.7984,1613.05608,1574.268571,2536.0953,2190.0497,476.0782,,,,,,,,,36750,,,,119624.4,,,16397.54922,,,,,6296.101,,12786.6519,5180.76,2746.97713,11314.63188,11312.00136,3445.16536,4927.49288,10248.1895,,14464.14504,773.08137,,417.37288,413.561,,,4734.82074,12835.41469,55293.196,,,,,1876.817375,,1205.464,617.406,589.715,925.749,1319.42,438.931,,,,4879.373078,,,,67781.98598,,7625.887003,,3871.626616,,9350.677054,,,875.6858788,977.0634569,1126.794511,892.1,756.972118,,,,2928.535035,,,4343.751,,15915.47722,,,,,,,,,,3534.6546,7716.431323,,,
1911,,,1140.632,,,,,731500,36015.47136,,,,,,10993.8011,3455.33364,1009.79877,2444.606514,1712.64834,1204.878,,,,,,,,,44120,,,,33382.9,,,40573.97837,,,,,5579.16471,,7014.742,4796.11106,7041.82888,6173.81248,2673.60534,6110.335,2597.6504,12241.86252,,5969.16264,2685.88729,,414.346,543.1755,,,4539.387,94265.63481,115440.105,,,,,4870.9725,,1540.812,611.014,840.768,1055.727,1562.954,409.775,354.27,,,10240.91044,,,,61393.46018,,7523.26278,,2244.27056,,28659.10613,,,628.2565196,1812.40779,607.13491,1332.5,849.224596,,,,1993.572,,,5033.6028,,16085.60122,,,,,,,,,,4270.3345,6483.709148,,,
1910,,,911.948,,,,,314200,12328.4656,,,,,,10957.509,1083.63123,702.6132853,1480.611127,758.4116,1052.8528,,,,,,,,,22550,,,,93566.2,,,16420.78946,,,,,4435.78612,,4420.0095,5616.28925,5020.59826,7613.46704,14905.78189,6848.65536,7664.88096,11732.52023,,10523.85516,855.37347,,,1096.4913,,,5486.58,35227.66167,72486.294,,,,,5582.879431,,863.928,600.678,986.783,772.875,1759.683,884.411,2228.17,,,18931.10087,,,,47884.54986,,1797.902911,,2899.53186,,38993.42809,,,901.1805282,893.96367,386.6257285,1131.2,1044.943293,,,,2194.45524,,,3623.3055,,16439.64365,,,,,,,,,,3192.7564,5457.873609,,,
1909,,,1519.256,,,,,332100,35212.1341,,,,,,12732.084,881.36412,1315.694844,1306.755306,995.2698,1181.808,,,,,,,,,24340,,,,91108.8,,,35073.35109,,,,,2837.8194,,11642.7311,3605.49,5935.944,5970.94764,11066.52456,4422.23908,5326.6225,21594.44014,,7202.39104,891.91592,,,836.26624,,,8086.86307,52970.7684,75685.824,,,,,6671.301574,,738.14,570.316,804.257,675.486,1269.359,1643.688,1071.07,,,11020.81706,,,,76584.21301,,10445.41844,,2474.061576,,5081.078445,,,1482.835572,1473.971405,782.8957808,1324.5,1303.41243,,,,961.956,,,6632.0236,,5434.068938,,,,,,,,,,4875.159,5752.082796,,,
1908,,,2385.78,,,,,427700,10294.6558,,,,,,8953.3949,3549.0798,974.4296899,3286.879116,993.30696,1003.2416,,,,,,,,,32340,,,,178359.2,,,35199.02238,,,,,6891.65108,,11155.3494,4956.99918,5564.4705,2173.231,6444.18367,7746.01611,7337.24986,11593.60498,,6529.17084,725.61625,,,391.716,,,4684.31782,57413.37386,97247.68,,,,,4225.353499,,822.744,509.864,1041.825,206.685,1445.812,1724.829,826.49,,,11459.33194,,,,95348.17961,,3059.054047,,3455.616085,,25773.7542,,,717.9085906,472.511857,596.82838,2925.9,1319.961367,,,,1643.4495,,,5282.6256,,11586.21676,,,,,,,,,,5487.8184,5334.53452,,,
1907,,,1071.136,,,,,597900,22060.1964,,,,,,9212.9906,2032.51645,2271.832779,2901.668321,770.77209,846.963,,,,,,,,,36830,,,,58690.8,,,13273.90794,,,,,4494.6404,,10394.48736,3629.888,3979.33293,3539.64,7298.16005,3315.88586,4998.6618,5065.08254,,7354.15824,356.499,,,1117.41394,,,5735.90547,33827.1386,44122.05,,,,,4600.619887,,529.88,580.958,826.007,307.908,1467.235,1100.232,1033.06,,,5271.766454,,,,52750.88926,,4969.238639,,4314.569229,,11637.69303,,,406.992125,1271.11177,628.4457446,1321.6,856.430344,,,,936.2925,,,4404.3736,,11422.52311,,,,,,,,,,3549.2888,5084.354759,,,
1906,,,788.8,,,,,211700,22180.1085,,,,,,10686.0535,1771.8355,1506.812425,895.6207456,776.25291,492.8955,,,,,,,,,33820,,,,220789.8,,,21286.97602,,,,,1802.03238,,5127.93288,3478.8375,6355.5816,9660.50698,9264.06666,3856.6282,3350.424,18516.3118,,2655.7344,2304.22475,,,937.3408,,,4300.05,32486.5735,76481.072,,,,,5247.127382,,1139.216,778.192,297.511,741.258,1016.168,478.336,1766.17,,,8109.947605,,,,59981.52811,,5618.384726,,2112.706176,,8320.464866,,,885.148936,1025.918038,949.0490622,901.5,869.776831,,,,2376.59125,,,3061.3076,,18681.09067,,,,,,,,,,2836.951,1130.071742,,,
1905,,,864.008,,,,,271100,27224.5358,,,,,150820.6314,19151.4775,4274.64154,1385.036391,3374.5303,2815.0912,396.0684,,,,,,,,,26280,,,,158620,,,23791.88155,,,,,3278.2886,,15188.02355,5401.22193,5815.50297,3297.22294,9355.39968,3488.9001,6698.58825,30357.41172,,6723.65673,1009.45,,,1112.4409,,,8324.93168,21649.5302,33152.131,,,,,7953.43621,,397.904,951.388,347.71,939.168,620.49,1139.97,963.27,,,7787.369711,,,,66037.86677,,10483.56374,,4059.987561,,24375.39072,,,1369.438105,373.0187212,1904.970958,2419.9,1321.736529,,,,1898.613,,,7044.7806,,18353.4219,,,,,,,,,,4507.7667,5069.679839,,,
1904,,,1154.436,,,,,492800,36247.77858,,,,,144072.6194,12008.7296,3001.97664,1543.049942,1609.216179,610.18368,814.5907,,,,,,,,,9610,,,,121495.5,,,19706.72223,,,,,16120.0732,,15346.09512,22309.12866,13075.524,10352.37152,8809.3245,9046.77365,9264.34519,18133.28419,,16599.27256,433.08945,,,1101.85951,,,6619.337,27168.24199,48506.31,,,,,4066.444854,,873.652,803.318,818.496,776.169,1132.163,1316.571,1510.32,,,11067.24394,,,,69792.08716,,7342.484147,,7384.885,,13558.39119,,,1063.197265,725.5919552,1191.162149,2000.1,885.695282,,,,597.132,,,5278.866,,15494.07552,,,,,,,,,,2868.3555,3684.295189,,,
1903,,,1069.572,,,,,144100,,,,,,101706.7301,12556.0512,2394.972,1519.48765,1329.432756,951.21543,1833.7968,,,,,,,,,12490,,,,79245.8,,,37164.45905,,,,,7400.78973,,8770.60625,5128.2387,5929.58665,4977.79584,7266.06252,4815.46377,10845.34984,18138.5391,,3268.7981,2033.631,,,1034.93316,,,4850.9405,50402.34351,87194.61,,,,,5146.296722,,1244.412,557.124,922.664,664.362,842.897,1405.741,2079.07,,,9236.445335,,,,62126.21742,,5985.030138,,3296.1951,,5922.227807,,,977.6554571,1442.805113,1270.368146,1062.2,906.258014,,,,681.5205,,,6402.702,,11714.69376,,,,,,,,,,3361.2243,8691.782244,,,
1902,,,995.86,,,,,490700,,,,,,130519.8523,5536.968,881.1744,1467.026972,2062.495137,755.9994,1019.0246,,,,,,,,,41670,,,,171841.2,,,15050.34217,,,,,6424.20944,,9856.9442,6390.06313,5994.0912,5967.84468,12922.24494,9061.8359,7007.08635,9866.99325,,7495.44072,836.5035,,,790.9,,,6592.5628,13700.53543,45224.256,,,,,5719.816456,,986.232,377.536,390.514,723.573,1469.603,1253.227,1754.9,,,3880.897058,,,,25703.20979,,4565.143094,,,,10805.59148,,,1434.186722,1211.777477,765.7632612,1393.1,773.914973,,,,1043.497125,,,2733.3507,,14616.46626,,,,,,,,,,5957.6505,5504.543425,,,
1901,,,452.268,,,,,202300,,,,,,105746.3582,11916.783,1097.53336,741.2659079,1322.684635,1015.2171,893.1315,,,,,,,,,10930,,,,81548,,,26708.80276,,,,,5414.50182,,6726.3712,4368.32264,8913.5235,6485.6428,11438.8442,3087.18028,3317.96316,14724.49393,,5200.9626,1299.5304,,,643.987,,,5462.9316,49973.68758,38968.233,,,,,6784.536699,,584.844,411.4,614.162,724.464,1379.323,976.43,530.95,,,17368.72187,,,,63378.33656,,3542.22454,,,,46928.73456,,,915.4292649,464.044099,1311.355144,1035.4,518.803197,,,,2100.22176,,,2681.874,,6375.18024,,,,,,,,,,,2885.513602,,,
1900,,,1059.236,,,,,291800,,,,,,122933.556,10847.7739,5276.09355,1249.302828,1906.912418,700.66595,1150.3548,,,,,,,,,10150,,,,252829.5,,,24592.00463,,,,,6765.11724,,8028.51541,4304.303,4675.91816,5408.2514,18724.21462,5102.7372,4059.16551,12738.51954,,5701.83972,210.9906,,,1410.08272,,,8734.2,31469.61398,53048.741,,,,,9562.968522,,571.844,671.5,1070.042,703.431,372.516,1154.585,371.28,,,14523.34352,,,,108410.4035,,3520.825788,,,,13578.03877,,,785.5479966,1488.25995,839.2314572,1086.2,1131.336536,,,,2063.09208,,,2807.9304,,6525.874644,,,,,,,,,,3014.9145,4254.026249,,,
1899,,,1645.532,,,,,341400,,,,,,130305.5057,15823.5687,1392.84594,1144.384638,2993.83054,2304.95671,886.707,,,,,,,,,10750,,,,79380,,,15353.03643,,,,,7206.78459,,6728.99236,2860.33275,3100.10272,6306.8467,23736.5612,6139.35168,8726.8449,22038.4536,,6472.14732,1321.83491,,,,,,9308.03852,38957.75182,64315.498,,,,,37553.98282,,1140.048,816.442,1005.285,749.007,84.175,1191.289,573.65,,,10814.55069,,,,64778.28493,,7589.186292,,,,9018.24117,,,673.0263133,812.7340284,646.392941,1006.3,832.098582,,,,867.58,,,3923.8914,,1591.728768,,,,,,,,,,279.0344,9131.189915,,,
1898,,,641.24,,,,,189900,,,,,,111576.2885,9261.5808,781.14561,1534.066272,1009.222922,1108.48191,922.9716,,,,,,,,,8270,,,,131688,,,14290.06948,,,,,7722.86562,,8057.13677,2317.40873,4231.8556,7791.80762,10478.8548,5375.04804,5390.57199,4729.09752,,3433.62285,294.3616,,,,,,17566.75492,15896.57945,53305.352,,,,,13103.25147,,964.496,884.816,876.757,636.498,338.032,875.457,993.09,,,7932.051985,,,,31589.23365,,6373.663572,,,,3413.62049,,,1151.63433,1068.944862,1108.223022,851.4,598.391,,,,1324.89,,,2034.556,,7086.411421,,,,,,,,,,4158.2278,7488.92067,,,
1897,,,829.26,,,,,104100,,,,,,133065.0905,4444.277,3281.1896,1140.764198,1622.895304,2471.69799,1510.184,,,,,,,,,30870,,,,141487.2,,,9455.938739,,,,,2873.2925,,11173.50491,4800.06648,2262.825,6273.47732,20231.73936,2653.86191,2208.72396,23451.8583,,6835.83288,538.2,,,,,,6932.273,30441.44987,34847.53,,,,,2738.266981,,722.956,997.56,925.912,379.809,1778.738,512.524,2460.92,,,17961.70232,,,,70506.53983,,7689.1331,,,,14272.5602,,,289.2350964,595.0809164,1008.254739,840.7,507.516326,,,,1509.886,,,5625.7866,,5533.478062,,,,,,,,,,4983.2172,7835.501432,,,
1896,,,2032.86,,,,,145900,,,,,,143653.0505,11341.9865,1445.9637,2088.497478,2166.054065,1410.866,572.7726,,,,,,,,,15000,,,,64080,,,16120.16653,,,,,6691.19184,,11756.9984,7384.5828,6243.5976,4662.91969,12066.27628,5160.99,7443.3163,18874.25553,,15856.799,2463.1478,,,,,,6955.67358,44404.46076,23276,,,,,16836.47106,,2360.488,960.67,1109.917,790.182,1854.218,523.476,465.64,,,15555.12707,,,,41645.3883,,9664.733316,,,,32042.32442,,,388.7937382,627.7805534,642.5979851,827.8,1417.566443,,,,976.752,,,7738.7247,,19599.89442,,,,,,,,,,9281.9223,4365.348332,,,
1895,,,1542.308,,,,,341000,,,,,,217053.3773,4359.9129,1222.79572,1636.272,1012.736657,516.46778,637.2261,,,,,,,,,20110,,,,170334.7,,,24827.57468,,,,,9174.5328,,5616.09802,7156.5184,4758.09192,2613.72468,16559.96,4862.655,4885.9277,21374.02834,,6712.62984,789.1338,,,,,,3522.929,13260.14612,28197.54,,,,,8406.881392,,2073.344,571.438,605.781,612.144,865.948,695.637,3430.28,,,12762.63305,,,,30735.59259,,3094.04566,,,,11368.25673,,,560.053098,514.6890654,774.6724737,738.6,766.880076,,,,536.928,,,3118.3614,,16269.27063,,,,,,,,,,2154.4784,4449.82412,,,
1894,,,695.504,,,,,530700,,,,,,164107.8227,10423.2172,1828.17726,1571.019812,673.731318,2273.86988,1181.2179,,,,,,,,,28560,,,,78537,,,13920.15869,,,,,2561.40444,,8869.79912,3755.1162,5185.47248,7011.49086,8993.8296,2325.50412,6281.9858,12958.101,,5333.9319,171.54465,,,,,,3301.2216,,75322.24,,,,,2135.27708,,620.932,483.378,690.258,833.112,1308.69,2602.987,850.29,,,16840.06164,,,,77479.76204,,6754.15125,,,,6907.715074,,,871.8785658,305.0037555,426.1640674,349.6,479.763157,,,,591.696,,,3349.292,,15557.02681,,,,,,,,,,4017.816,6313.350949,,,
1893,,,987.088,,,,,535600,,,,,,,15278.854,1583.9467,1173.66076,1231.80277,1011.15378,403.959,,,,,,,,,12690,,,,103517.2,,,38912.02419,,,,,3393.1128,,13420.72784,10192.35858,8489.37927,4236.72768,10874.45944,7891.14128,5825.0059,16510.2714,,3366.85364,514.45418,,,,,,4496.2592,,67850.046,,,,,8061.810462,,763.672,769.964,519.1,965.412,1183.852,923.409,720.09,,,15782.92855,,,,179609.7063,,7268.069321,,,,34641.96991,,,578.7672059,554.9492963,1378.697784,432.3,559.489431,,,,2737.098,,,11399.4398,,16310.44583,,,,,,,,,,5451.292,3869.157913,,,
1892,,,824.16,,,,,703000,,,,,,,18659.5918,1757.53774,1785.56007,1048.883419,1447.0995,938.6208,,,,,,,,,21850,,,,29592,,,43933.8874,,,,,7129.0406,,15807.61728,7690.9635,7907.20668,8779.07352,6742.63822,5667.5306,6508.03065,6229.9627,,6174.43794,3674.7282,,,,,,12492.4866,,42322.53,,,,,9128.078076,,1056.588,1037.85,988.523,799.605,944.832,323.935,750.47,,,16629.81997,,,,62377.64782,,11189.14969,,,,39445.19893,,,632.9425677,761.0080388,958.8059317,1289.1,963.141266,,,,601.89024,,,7078.713,,7470.7077,,,,,,,,,,3662.3367,10424.19538,,,
1891,,,683.332,,,,,460200,,,,,,,14613.303,1853.16536,834.1215267,1804.66809,658.17708,630.2819,,,,,,,,,23280,,,,259243.2,,,30808.26537,,,,,6131.64,,8643.31468,8191.92677,12178.7626,8874.9303,12556.09877,8318.70315,8676.075,22858.5625,,2904.14859,754.84,,,,,,5540.51025,,139627.181,,,,,5001.242556,,1120.132,813.96,885.312,748.413,1305.545,762.977,296.66,,,8828.401371,,,,57517.32372,,3117.601542,,,,9210.396441,,,1078.263859,450.5830284,1201.183276,1742.1,1384.00966,,,,615.65,,,4961.8371,,4656.47052,,,,,,,,,,4616.3065,6435.099848,,,
1890,,,578.544,,,,,451000,,,,,,,12651.6036,996.82366,1217.687299,1445.536831,537.498,533.885,,,,,,,,,23250,,,,37114.2,,,23484.02672,,,,,7881.8088,,9505.51872,6143.72825,4438.826,3751.5528,15282.33588,5486.48745,4281.09539,13027.12544,,5471.57208,582.5248,,,,,,6434.50102,,47362.014,,,,,6200.501602,,699.972,998.104,586.583,798.498,1488.806,712.324,957.04,,,13658.81718,,,,45815.92947,,8911.665036,,,,,,,1062.255658,308.4916086,466.8794231,2172.3,822.169675,,,,4617.19655,,,4445.168,,26605.365,,,,,,,,,,5238.3656,6307.295217,,,
1889,,,1358.844,,,,,323400,,,,,,,6553.215,1709.41936,913.9120846,1650.657205,1809.7122,2854.7364,,,,,,,,,17610,,,,91527.6,,,30149.17676,,,,,8717.9166,,10628.16328,9424.88084,5368.4568,4923.00945,,5858.02756,9305.62362,16256.89539,,4462.1413,744.42933,,,,,,6855.90192,,35483.25,,,,,6963.814172,,919.464,1063.996,510.661,683.829,1115.809,557.96,2404.22,,,10711.80487,,,,40911.3807,,6459.37793,,,,,,,839.8795076,411.9243173,727.1010469,911.5,598.87716,,,,675.96471,,,5167.6625,,12126.18663,,,,,,,,,,4139.5068,3678.512244,,,
1888,,,1142.876,,,,,292900,,,,,,,12741.6448,708.9576,1268.142101,2076.906405,1009.19254,3172.1925,,,,,,,,,9410,,,,15950.1,,,24277.62483,,,,,9880.85316,,7294.04799,4084.668,7723.8278,7412.34612,,8336.66135,5183.17899,12408.33204,,4580.96892,2245.87944,,,,,,2494.5715,,50045.424,,,,,2381.203648,,1659.008,722.704,982.781,566.514,1195.803,1649.645,587.93,,,16428.7629,,,,37857.16565,,8299.51979,,,,,,,477.2042813,1124.930968,1349.138746,1374.8,1438.51992,,,,655.272,,,4046.328,,39691.67099,,,,,,,,,,2147.7105,8918.495564,,,
1887,,,1068.008,,,,,185500,,,,,,178111.9614,8752.247,915.0084,1543.545241,1247.571946,1469.9719,1040.6484,,,,,,,,,25960,,,,35516.6,,,18102.27391,,,,,2991.00698,,,3895.9404,5933.63768,6108.86826,,7393.10758,4835.52,16313.3768,,2343.96735,709.804,,,,,,5274.36,,90027.06,,,,,4601.112235,,1089.556,315.724,688.199,753.327,1135.493,690.124,1425.41,,,15254.98326,,,,26603.87835,,4050.273656,,,,,,,819.3899056,915.228768,1543.756445,1201,997.821157,,,,1108.3365,,,5594.0015,,10698.11395,,,,,,,,,,4747.987,4044.121429,,,
1886,,,1019.388,,,,,236700,,,,,,496720.2868,10197.8282,1134.95494,2183.435306,912.498532,959.3815,1100.8808,,,,,,,,,14210,,,,117603.2,,,16202.85921,,,,,4520.09736,,,4708.55411,6226.08,4207.62439,,3425.73546,3166.95021,11209.45932,,5878.75144,1132.11609,,,,,,6333.6364,,39984.327,,,,,18721.88652,,1331.668,91.562,582.639,781.92,1233.876,1012.838,1225.42,,,9753.930026,,,,23582.69951,,4766.886916,,,,,,,673.6300013,1952.052285,739.0402587,990.7,743.309069,,,,734.452695,,,4466.4204,,9440.41852,,,,,,,,,,3678.3461,10422.2328,,,
1885,,,1547.476,,,,,99200,,,,,,121113.2898,8219.6487,577.94656,2796.299934,2075.941664,1137.252,833.1878,,,,,,,,,10050,,,,150335.8,,,16147.24984,,,,,3221.6445,,,5161.3666,2688.45975,7172.12462,,3615.35664,4760.47294,10832.15435,,3376.93706,2029.876,,,,,,3657.654,,38530.175,,,,,5877.3384,,845.312,367.642,564.891,1081.971,1159.173,943.87,2697.8,,,16765.19033,,,,37015.70418,,7946.852959,,,,,,,417.428139,1198.756729,409.655317,670.7,524.469177,,,,1651.86,,,5278.3232,,16085.07173,,,,,,,,,,3652.2591,4096.53641,,,
1884,,,1330.352,,,,,292400,,,,,,171498.7126,9117.2674,1423.752,1600.75034,1465.18696,2710.30032,622.8342,,,,,,,,,6780,,,,70310.6,,,24358.54669,,,,,6635.34542,,,7507.39836,2091.71538,6104.75712,,6846.03515,4858.566,12560.9275,,7920.69063,781.82041,,,,,,10115.378,,53166.225,,,,,1107.658125,,1068.652,406.538,461.999,828.657,484.922,944.24,1468.67,,,20076.29154,,,,27563.35284,,3441.373774,,,,,,,435.8131817,1356.213948,474.5826267,1677,1256.691061,,,,1831.301415,,,5271.7056,,15417.39151,,,,,,,,,,3404.069,7077.191205,,,
1883,,,581.332,,,,,321000,,,,,,153085.9524,5482.3949,3899.59636,359.5884944,989.8781775,1375.8896,1030.1762,,,,,,,,,19310,,,,90423.3,,,24222.92097,,,,,3773.1568,,,1835.21098,2632.287,4719.76344,,3693.00898,3503.415,10406.66193,,5394.7728,816.099,,,,,,4416.958,,73995.324,,,,,24462.56008,,879.008,596.36,299.106,664.173,240.463,755.614,1329.02,,,11992.05593,,,,27366.6198,,3933.780683,,,,,,,754.0264454,983.7513434,899.0422243,805.5,1134.861063,,,,1764.7785,,,3558.0936,,12088.00817,,,,,,,,,,2931.459,4595.401768,,,
1882,,,2343.144,,,,,236700,,,,,,70547.96617,11976.768,1406.33136,2655.226458,494.6946536,1766.08648,668.6376,,,,,,,,,26540,,,,138415.2,,,8369.170151,,,,,6523.09623,,,5029.69912,4821.51519,4790.9943,,4557.1968,2027.21805,5950.6326,,5106.83448,1456.15471,,,,,,2789.15364,,52229.32,,,,,,,854.62,536.724,629.793,710.64,637.066,539.645,338.45,,,11509.84588,,,,28731.51179,,4470.442183,,,,,,,607.4126114,656.4130618,468.4262354,990.9,554.903424,,,,1454.4975,,,4635.1095,,16371.61882,,,,,,,,,,3490.5856,2716.59025,,,
1881,,,496.672,,,,,127200,,,,,,95467.52046,6558.244,3151.64658,1440.569641,854.7076199,621.8399,492.4915,,,,,,,,,14480,,,,52041,,,18017.42031,,,,,4740.484,,,8909.87265,3053.1249,7640.78021,,8863.41066,1575.3864,13220.29084,,7237.637,743.57589,,,,,,3069.43,,62149.335,,,,,,,1781.364,524.688,566.051,669.519,1152.957,576.053,377.93,,,12671.25657,,,,39233.85625,,4606.660454,,,,,,,659.5564364,1817.721597,1017.011901,761.5,989.478855,,,,174.699,,,3426.9996,,20118.54753,,,,,,,,,,3317.403,7928.677354,,,
1880,,,700.468,,,,,785300,,,,,,157227.3053,9677.3953,1503.1983,2247.760095,924.5529329,1181.4686,627.1616,,,,,,,,,33360,,,,46350.7,,,19594.98345,,,,,4479.88296,,,4879.29118,6830.02026,5376.9368,,8021.47346,4274.51378,12158.60422,,5788.2438,857.51082,,,,,,1966.88753,,106503.11,,,,,,,1605.5,630.496,544.823,680.427,1200.243,908.609,984.83,,,8891.450482,,,,47097.64298,,4812.43968,,,,,,,747.6550867,1055.561914,330.4390528,1472.3,420.954561,,,,826.708,,,2829.6412,,14541.99548,,,,,,,,,,3978.0928,2328.043451,,,
1879,,,526.728,,,,,232000,,,,,,246485.7877,10885.6448,2111.58725,1833.781606,1464.246985,520.66875,1351.911,,,,,,,,,23530,,,,335480,,,16820.38819,,,,,6168.7638,,,5937.2433,8416.1025,5209.2516,,7142.26194,4251.27878,12682.9928,,3043.799,1686.96,,,,,,1778.504,,43650.642,,,,,,,907.088,672.01,407.334,611.334,373.478,704.887,790.09,,,11951.68184,,,,73569.28931,,4632.332904,,,,,,,939.8140673,912.2164295,738.6384129,1467.9,372.899833,,,,830.13,,,8163.7263,,4909.49145,,,,,,,,,,4724.72,2825.407559,,,
1878,,,809.54,,,,,1250800,,,,,,134860.0475,5247.7248,2799.89918,1629.407543,1810.288249,1881.62496,1068.48,,,,,,,,,21410,,,,53917.6,,,40376.97901,,,,,5396.6873,,,5534.43968,9375.4422,6446.12265,,8151.6825,6496.95409,25279.68288,,5244.4573,796.85229,,,,,,1714.74985,,62079.024,,,,,,,707.096,861.934,577.013,395.712,899.137,985.125,811.44,,,9933.140806,,,,41073.84219,,4361.150987,,,,,,,596.8187978,814.687098,1364.596156,1473.5,495.886948,,,,1817.3475,,,2509.6896,,9178.47936,,,,,,,,,,3955.248,7086.5994,,,
1877,,,1177.284,,,,,68400,,,,,,161554.2991,9576.0907,620.98524,803.3545816,1634.064591,2794.0325,479.465,,,,,,,,,27660,,,,327690.3,,,20090.2382,,,,,3601.73217,,,3670.96192,4540.68225,7732.9473,,4572.93355,6858.70108,14880.23962,,11588.69453,1420.70043,,,,,,1268.685,,35930.6,,,,,,,1166.62,779.858,397.3,584.145,1697.893,595.922,1575.28,,,17966.3186,,,,42390.25488,,6236.682597,,,,,,,1068.7203,1288.944062,1151.797678,4239.9,672.967641,,,,2170.728,,,5876.423,,18241.3506,,,,,,,,,,4482.846,4944.041865,,,
1876,,,1592.56,,,,,332500,,,,,,,15124.7363,926.91242,643.8106822,1781.083461,2018.13808,735.8022,,,,,,,,,19400,,,,90899.2,,,24018.20748,,,,,4130.87493,,,9014.51639,6282.77394,5181.20316,,4761.09418,2498.37362,11436.12162,,4274.47328,1267.6886,,,,,,1395.2625,,47413.304,,,,,,,1691.716,815.524,632.2,859.653,768.564,355.126,2020.62,,,20256.57934,,,,71874.97997,,7982.602091,,,,,,,828.6455511,805.5933657,840.1126009,1602.1,909.97921,,,,751.011,,,7344.9915,,18828.79245,,,,,,,,,,8004.8167,4329.46452,,,
1875,,,1022.516,,,,,390100,,,,,,,13141.5946,1220.20232,1429.440372,1133.746092,843.939,1908.8636,,,,,,,,,16390,,,,68637.2,,,17762.27969,,,,,5139.04868,,,7779.06092,10797.9756,10317.37925,,8455.6296,2270.73798,15616.6461,,644.33722,1830.71109,,,,,,8016.8528,,47447.712,,,,,,,1142.752,986.714,601.054,735.588,1186.294,998.223,1654.59,,,25095.96348,,,,38618.99363,,6554.47238,,,,,,,1398.361223,2967.640643,240.0526995,1651.2,482.529689,,,,612.312,,,10683.3888,,18211.73686,,,,,,,,,,5591.4104,1265.410862,,,
1874,,,1705.712,,,,,401500,,,,,,,12555.732,937.6941,1531.660742,1282.552925,,1323.9226,,,,,,,,,20780,,,,27677.4,,,30555.02701,,,,,9690.23458,,,6371.2032,12804.428,9065.7996,,6844.39532,1956.93,18784.9981,,6296.90468,795.4572,,,,,,3533.415,,51777.232,,,,,,,861.38,748.748,919.735,680.211,877.196,3104.781,850.64,,,13149.7896,,,,31314.46787,,4847.964893,,,,,,,1732.603609,841.0355612,576.3660595,1428.7,692.291797,,,,697.914,,,5766.264,,8138.25957,,,,,,,,,,3252.814,10909.26247,,,
1873,,,927.724,,,,,309200,,,,,,,8778.4904,803.25856,1923.497429,2613.425974,1012.9638,770.64,,,,,,,,,26110,,,,85780.8,,,28680.37639,,,,,9298.5888,,,7309.67071,7695.36334,9650.9611,,6046.01733,7644.0441,19320.7797,,18525.03228,579.328,,,,,,4920.6012,,86093.991,,,,,,,721.916,498.712,702.931,439.02,926.406,1685.313,530.32,,,10992.58482,,,,60388.38754,,5906.364304,,,,,,,1320.703906,1265.089121,776.3027191,1276.9,1544.96047,,,,1526.67252,,,5416.5045,,31775.86716,,,,,,,,,,4567.2704,3415.470699,,,
1872,,,487.492,,,,,363700,,,,,,,13127.3154,636.521,829.9235007,1271.14796,1106.1896,614.772,,,,,,,,,23900,,,,47232,,,24945.62079,,,,,3382.286,,,4930.39737,5219.17924,5438.884,,5425.33596,4597.3642,15360.54964,,4852.69215,2368.31,,,,,,2889.83475,,34657.665,,,,,,,801.944,436.934,320.276,336.42,852.998,890.923,598.64,,,22299.15732,,,,77509.8616,,7324.898275,,,,,,,737.8040681,851.4506408,1066.503644,714.3,882.001685,,,,2487.01738,,,6018.7138,,16765.40577,,,,,,,,,,5106.9708,4103.836643,,,
1871,,,1031.424,,,,,786200,,,,,,,5888.8173,2540.2468,821.3821227,1365.326319,1085.76537,921.2952,,,,,,,,,24360,,,,34084.8,,,27886.64808,,,,,5205.024,,,7884.54465,6488.57751,7266.72408,,4247.94799,10606.47821,27657.7903,,9394.19052,1752.74806,,,,,,6669.054,,63800.62,,,,,,,834.912,380.256,511.763,312.039,1020.238,861.952,1460.48,,,17011.76448,,,,48685.16562,,3953.598004,,,,,,,463.2012239,675.3825247,1228.743648,1305.4,754.580648,,,,1562.99966,,,5277.1488,,14380.1266,,,,,,,,,,4065.4404,3075.247272,,,
1870,,,739.228,,,,,335800,,,,,,104213.634,13235.0724,1887.06056,1178.939121,1440.898333,708.75134,833.3624,,,,,,,,,19010,,,,30504,,,24317.2729,,,,,4258.404,,,10766.48328,4645.8945,6964.64,,3088.38852,2935.168,19338.98589,,11629.17268,273.9655,,,,,,2855.69625,,55684.656,,,,,,,471.9,470.696,545.751,554.499,1060.309,810.892,740.18,,,30398.29142,,,,28546.85498,,2228.364863,,,,,,,416.6150282,865.0181266,510.3228254,917.1,593.058441,,,,974.1825,,,2839.023,,15844.05872,,,,,,,,,,1671.0725,3083.642156,,,
1869,,,880.124,,,,,840100,,,,,,121551.7469,13985.8012,2041.83315,2119.791382,996.5294011,,422.532,,,,,,,,,13700,,,,77352.6,,,19043.33029,,,,,7851.88136,,,7766.37918,7482.895,4579.01642,,4131.72,6049.6643,14296.24098,,12587.8021,1103.044,,,,,,3899.05415,,76458.67,,,,,,,1023.724,432.004,835.519,1027.836,526.917,514.152,319.34,,,27320.40548,,,,40050.61781,,5615.812675,,,,,,,686.3524962,459.6581959,610.4750225,1263.5,1126.746916,,,,703.82826,,,6799.2952,,,,,,,,,,,,2034.6777,3817.560863,,,
1868,,,1358.572,,,,,380300,,,,,,117048.3205,13808.8251,2050.08716,920.9060032,472.1942739,231.6705,865.2728,,,,,,,,,23490,,,,95799.6,,,27270.08877,,,,,9731.8368,,,5477.47369,4477.87212,12593.72538,,8190.83176,1945.89146,19049.3124,,21839.61039,868.21875,,,,,,3893.25174,,55249.818,,,,,,,690.456,519.52,520.869,721.44,686.868,939.689,454.23,,,14036.73901,,,,61382.55571,,7868.114211,,,,,,,650.840359,1594.721545,789.4026736,573.8,1042.282737,,,,1808.71347,,,3201.399,,,,,,,,,,,,5870.052,6216.620673,,,
1867,,,1310.904,,,,,361500,,,,,,191630.9779,9866.1068,2943.68678,588.7659258,547.8843895,1210.33836,670.3212,,,,,,,,,9370,,,,66748,,,10315.53579,,,,,5867.4098,,,8048.205,4741.14272,6458.88504,,5605.64136,4662.3948,8731.59772,,3315.22453,722.96405,,,,,,5315.24194,,53117.12,,,,,,,579.748,747.864,320.798,387.612,1185.443,1142.782,661.78,,,10912.08105,,,,28312.50326,,8461.761343,,,,,,,879.5299547,1531.754785,851.6000753,1636.3,1324.774012,,,,600.59,,,6606.6487,,,,,,,,,,,,4691.7024,4451.297589,,,
1866,,,1078.276,,,,,211400,,,,,,148465.9076,8579.1238,3677.7704,802.7206296,1272.690187,980.80536,647.424,,,,,,,,,22180,,,,,,,13656.6765,,,,,10789.58128,,,3765.8746,6945.44,8292.32844,,10166.541,5315.59602,14357.48364,,3261.82068,406.82355,,,,,,7600.40554,,57198.125,,,,,,,1048.06,879.206,386.309,566.865,698.116,1146.963,585.41,,,15348.54153,,,,47382.76116,,7281.133539,,,,,,,1258.683234,955.0423515,734.7813621,4945.5,839.675707,,,,1637.0529,,,,,,,,,,,,,,,5268.9878,3833.160297,,,
1865,,,829.668,,,,,365300,,,,,,44812.57078,5464.5063,595.8645,1644.748173,4097.059691,2217.25152,1293.723,,,,,,,,,16910,,,,35477.2,,,21389.59576,,,,,4802.29543,,,4306.1581,2086.1372,6957.73218,,3732.9755,4496.36292,16545.22286,,4851.2512,1012.68186,,,,,,5927.31696,,75724.05,,,,,,,979.42,1072.802,513.532,403.677,1061.086,1351.536,2029.51,,,5994.022806,,,,35547.15186,,3005.841388,,,,,,,1113.213008,1157.084246,758.5663699,13275.1,1490.849745,,,,1249.378,,,,,,,,,,,,,,,3725.3265,4116.643283,,,
1864,,,1057.536,,,,,342300,,,,,,,12706.9927,2036.9536,1641.172321,2368.418504,1057.31962,1609.743,,,,,,,,,29690,,,,83925.7,,,18434.46454,,,,,3651.44975,,,12528.9355,4986.20575,8060.0526,,5631.61144,6786.20709,11921.76985,,4393.90808,808.8875,,,,,,7274.99333,,77970,,,,,,,1366.196,1090.142,762.787,723.06,1789.024,1188.292,798.98,,,13121.79057,,,,38847.64925,,6999.47928,,,,,,,2487.208226,2825.443627,752.4355509,1954,1171.566596,,,,1130.826,,,,,,,,,,,,,,,5912.8216,5388.81333,,,
1863,,,1348.44,,,,,566200,,,,,,,4977.9552,3542.71168,2282.200785,844.8253473,1174.3144,917.655,,,,,,,,,20500,,,,88462.9,,,9351.912272,,,,,3233.424,,,8020.8969,6450.94458,3920.3276,,5858.19045,8467.90288,8515.9046,,2604.81312,3581.5668,,,,,,4897.40716,,41532.48,,,,,,,2479.412,870.536,815.625,890.433,386.687,1345.394,1126.02,,,14406.85251,,,,70531.78476,,4891.6339,,,,,,,841.341781,4145.312552,1149.031587,971.3,1002.677677,,,,654.936,,,,,,,,,,,,,,,2585.4504,2163.771041,,,
1862,,,1680.756,,,,,266200,,,,,,,13590.6402,1562.8578,1216.804591,3139.585915,728.83741,2275.812,,,,,,,,,21230,,,,57173.4,,,17065.70614,,,,,6813.41196,,,2593.52,3455.3584,5454.82987,,4586.43816,,14187.74258,,2146.25312,420.4494,,,,,,4761.0156,,52553.712,,,,,,,2508.064,1013.472,1051.221,898.02,463.536,1250.489,880.39,,,6771.751625,,,,35673.70637,,3123.937979,,,,,,,532.9612012,1585.235416,1126.491226,1096.5,1441.969421,,,,1465.20093,,,,,,,,,,,,,,,2207.3744,3082.448753,,,
1861,,,3428.832,,,,,458000,,,,,,,9407.295,1082.2931,661.9483011,1254.892826,1011.2949,1292.4006,,,,,,,,,41370,,,,187954.7,,,8105.883373,,,,,5592.64745,,,6643.70478,7251.265,9762.2707,,3841.15187,,21255.61911,,9470.271,1266.3744,,,,,,5983.296,,49420.284,,,,,,,882.7,865.504,1036.576,1304.991,683.353,794.723,785.89,,,12134.91909,,,,37963.13355,,8026.904644,,,,,,,912.4209147,1131.30624,925.0453205,1635.3,639.221734,,,,973.85625,,,,,,,,,,,,,,,4912.12,3563.30546,,,
1860,27827.18692,,1355.58,,,,,311100,,,,,,,15719.1368,1383.07004,1430.030509,1309.656325,812.5444,512.6688,,,,,,,,,19830,,,,39928,,,26755.38916,,,,,2451.55297,,,8439.46572,2683.83841,5936.04831,,4771.86892,,11856.195,,16254.28714,1589.564,,,,,,5187.77805,,57177.494,,,,,,,680.004,391.306,794.6,881.874,969.844,767.898,689.99,,,11338.83253,,,,49622.57757,,7579.745055,,,,,,,1285.042916,1313.87021,568.5108708,1140.2,702.653865,,,,1429.35432,,,,,,,,,,,,,,,4906.6368,6827.494774,,,
1859,,,551.684,,,,,310400,,,,,,,5374.4814,1778.69155,1120.572914,1179.029399,2298.4896,556.5399,,,,,,,,,21650,,,,142441.2,,,22920.81212,,,,,5540.3923,,,5733.5132,2993.782,4890.53943,,4123.37404,,7011.0797,,11652.36038,714.7035,,,,,,4939.5996,,47397.342,,,,,,,2706.028,223.72,969.876,341.793,1539.644,1652.716,767.27,,,8849.803149,,,,38944.98509,,4751.258933,,,,,,,859.0000208,907.5500188,416.5605837,1182.4,864.733073,,,,863.8056,,,,,,,,,,,,,,,4542.6524,4286.379253,,,
1858,,,3844.992,,,,,297200,,,,,,,7287.9708,2295.80988,1307.929053,363.1884896,1282.9935,858.126,,,,,,,,,22490,,,,92797.9,,,16696.84516,,,,,11608.7164,,,5884.5836,3505.14791,6084.27786,,,,19884.05197,,3729.83526,545.99426,,,,,,3176.0626,,47272.659,,,,,,,2182.752,600.304,1006.387,616.491,1470.01,1615.975,6321.21,,,16660.06253,,,,77757.18225,,6295.911036,,,,,,,936.0799209,784.4955646,653.0619208,1236.2,543.023687,,,,1397.22,,,,,,,,,,,,,,,3608.199,3329.320719,,,
1857,,,2910.74,,,,,552000,,,,,,,23504.0934,1998.185,,2080.385462,656.64936,1634.304,,,,,,,,,18610,,,,108490.6,,,28535.2806,,,,,4697.55855,,,6878.1429,6041.13021,11053.4688,,,,10993.2603,,6105.8856,1056.97855,,,,,,3261.83375,,40988.829,,,,,,,683.852,1150.186,977.706,564.786,582.158,987.826,1376.41,,,9534.142077,,,,47685.39533,,5097.096456,,,,,,,472.1045372,1654.296976,757.6910483,1055.8,1119.480632,,,,605.868,,,,,,,,,,,,,,,6817.4546,5873.791188,,,
1856,,,693.94,,,,,207400,,,,,,,8591.2617,2316.66285,,1315.131388,1938.78531,609.6454,,,,,,,,,19440,,,,74142.6,,,40387.34737,,,,,6168.47328,,,6353.7138,4998.84,,,,,17301.82833,,6206.91765,1513.2416,,,,,,12917.86836,,66909.53,,,,,,,426.66,1576.614,928.986,365.661,724.941,626.632,830.27,,,27132.33284,,,,33768.25309,,4996.107685,,,,,,,887.4039467,355.6374549,1134.139978,922.1,1319.749474,,,,1378.1308,,,,,,,,,,,,,,,4184.9264,3677.609764,,,
1855,,,1867.756,,,,,643300,,,,,,,15198.9282,3239.06314,1278.748313,1020.525934,1480.50324,1687.075,,,,,,,,,18560,,,,58784.2,,,,,,,,4074.2127,,,3093.15468,4124.5713,,,,,16710.93787,,4441.72492,210.95675,,,,,,1993.4178,,70884.252,,,,,,,579.02,1596.13,1190.363,403.623,1481.258,948.532,2731.47,,,24218.97698,,,,39489.03868,,3930.8433,,,,,,,405.8345587,2944.753712,559.3239251,910,1497.299894,,,,1165.14,,,,,,,,,,,,,,,5867.7696,3658.787621,,,
1854,,,801.244,,,,,863900,,,,,,,25449.0054,984.72802,2568.841054,1789.575041,1221.60972,809.5392,,,,,,,,,23720,,,,214843.2,,,,,,,,4528.9551,,,7034.53678,10241.60049,,,,,12030.99597,,4989.936,568.33905,,,,,,1255.463,,71624.898,,,,,,,1405.456,1454.146,1377.674,417.933,1611.461,513.264,1932.63,,,11114.36445,,,,18268.44453,,6031.567505,,,,,,,482.0380237,681.032599,343.3137067,406.2,1309.95984,,,,1368.225,,,,,,,,,,,,,,,6484.6208,7210.483865,,,
1853,,,566.508,,,,,373500,,,,,,,10975.1328,524.0505,1956.521362,1939.229219,686.9052,1776.4476,,,,,,,,,18590,,,,61752.6,,,,,,,,7049.75697,,,5055.57548,5831.742,,,,,14985.87186,,6474.91495,619.65989,,,,,,2498.6124,,42023.162,,,,,,,838.084,1216.248,761.627,607.392,1106.485,1124.097,1376.13,,,8014.12963,,,,45931.64296,,4728.19968,,,,,,,845.2298893,476.94671,581.3677586,766.8,1123.878735,,,,1417.95,,,,,,,,,,,,,,,5226.8643,6304.609238,,,
1852,,,1050.192,,,,,690800,,,,,,,9103.0122,942.5304,1201.493184,2279.546016,1180.40608,1315.7892,,,,,,,,,22470,,,,111690,,,,,,,,6172.03584,,,2607.67821,3017.35911,,,,,15370.87051,,9158.2944,843.188,,,,,,6505.13232,,48809.772,,,,,,,460.408,1069.878,510.458,1035.504,1379.619,1474.561,1149.47,,,11112.58842,,,,33775.0066,,3627.029016,,,,,,,1105.801901,1387.160536,1395.845744,662.3,547.983658,,,,1752.96,,,,,,,,,,,,,,,5017.1209,6131.048927,,,
1851,,,1278.876,,,,,449500,,,,,,129539.0252,14910.3336,1074.95887,1865.015003,1653.203218,696.93025,1010.568,,,,,,,,,15140,,,,100323.8,,,,,,,,5964.84576,,,8243.24553,6633.54912,,,,,8369.254,,4737.26192,1313.19529,,,,,,3853.22025,,53649.8,,,,,,,271.804,653.208,524.059,769.419,1482.22,942.538,386.4,,,14024.07265,,,,19635.59975,,5875.181838,,,,,,,1038.179954,1278.796946,655.7367196,554.8,832.099046,,,,1962.7755,,,,,,,,,,,,,,,5860.9278,4919.505957,,,
1850,,,300.764,,,,,269400,,,,,,203730.6892,11053.2825,484.77267,535.9647244,1223.181814,625.83624,758.1615,,,,,,,,,18640,,,,47527.2,,,,,,,,4319.8545,,,3372.132,2458.512,,,,,10859.01396,,3664.4996,439.04,,,,,,2242.6728,,53132.99,,,,,,,588.64,420.648,741.443,603.018,934.398,902.985,477.96,,,7159.883652,,,,45337.44174,,3799.944622,,,,,,,1051.57635,1503.936837,851.1643515,469.5,1219.787103,,,,830.088,,,,,,,,,,,,,,,4210.778,4434.929435,,,
1849,,,1449.964,,,,,232800,,,,,,158063.872,7410.5448,1644.9324,486.2512082,958.6023805,1007.94496,968.7025,,,,,,,,,17250,,,,66096.8,,,,,,,,5497.21975,,,2840.838,7295.19036,,,,,8981.41628,,3205.56665,701.6576,,,,,,5334.5708,,54829.194,,,,,,,623.636,406.334,414.062,811.944,940.984,480.778,201.95,,,8057.769027,,,,74692.28451,,9394.283315,,,,,,,1253.40185,404.6539896,998.6174565,569.2,911.942679,,,,2491.911,,,,,,,,,,,,,,,4491.3112,3461.283553,,,
1848,,,532.44,,,,,205600,,,,,,98386.15254,12317.781,2811.65594,1742.351874,583.6220883,710.98304,1286.2965,,,,,,,,,28900,,,,71882,,,,,,,,5614.84092,,,7054.90988,10141.00275,,,,,5936.37072,,16847.5079,608.328,,,,,,2555.325,,60171.473,,,,,,,243.568,447.338,410.582,541.35,811.114,337.81,630.84,,,8620.653959,,,,43421.11091,,8421.015331,,,,,,,1119.913014,1435.759017,1045.573646,942.3,1432.387378,,,,1546.38,,,,,,,,,,,,,,,5425.5855,10523.26468,,,
1847,,,1771.808,,,,,98800,,,,,,401237.7677,7609.932,3174.9795,1961.254952,2787.94809,1342.66735,512.5491,,,,,,,,,19300,,,,67536.4,,,,,,,,5678.6,,,5229.71562,3697.50875,,,,,12499.264,,3679.37804,425.27312,,,,,,5025.425,,56486.16,,,,,,,404.976,727.09,586.177,481.356,1120.804,793.391,567.7,,,7857.33855,,,,50914.27953,,2499.268353,,,,,,,1536.772692,1531.834944,316.7085791,447.7,1086.270934,,,,436.218,,,,,,,,,,,,,,,3156.816,6486.111721,,,
1846,,,881.348,,,,,168100,,,,,,186410.3868,13415.3765,4478.67318,1108.249876,1917.537215,1514.56824,922.7196,,,,,,,,,8390,,,,102666.5,,,,,,,,3878.8095,,,15538.6176,5380.6288,,,,,11316.672,,5685.74391,547.995,,,,,,706.6254,,54680.223,,,,,,,719.836,1564.306,904.133,902.502,1099.936,958.337,505.47,,,8842.707336,,,,40031.81162,,5790.059417,,,,,,,907.5373484,1228.004458,923.7727673,1059.1,739.615263,,,,2467.7115,,,,,,,,,,,,,,,4721.62,3861.22799,,,
1845,,,818.176,,,,,344600,,,,,,225527.0742,4250.0357,2093.67191,1029.021057,1657.986237,1607.05188,949.9989,,,,,,,,,14910,,,,85518.4,,,,,,,,12191.0805,,,5839.81335,9627.63968,,,,,14656.70556,,3500.95314,2386.6551,,,,,,2450.43,,53185.384,,,,,,,1167.088,1917.09,539.487,1124.361,648.573,1150.441,623.21,,,7779.434811,,,,33677.43789,,4182.971812,,,,,,,1160.592733,973.6868921,587.2420338,1591.5,574.393733,,,,2450.268,,,,,,,,,,,,,,,4763.6069,2281.121095,,,
1844,,,1852.796,,,,,139200,,,,,,142795.5606,9914.814,1575.5697,996.7987277,1814.010128,1216.0785,815.1806,,,,,,,,,13200,,,,52768.8,,,,,,,,7328.02222,,,11806.62831,5877.06,,,,,17454.56721,,3143.8568,194.964,,,,,,4642.29025,,63076.902,,,,,,,1011.4,1274.83,1744.756,1005.237,645.317,1361.674,994.35,,,11610.41568,,,,26918.10054,,2621.718189,,,,,,,433.3257709,1409.311666,369.9099675,1538.1,649.007457,,,,736.98512,,,,,,,,,,,,,,,5313.2898,3822.153661,,,
1843,,,1821.788,,,,,242000,,,,,,303194.1771,8241.1802,1644.5283,958.1642675,1769.352262,1195.28944,971.5641,,,,,,,,,24800,,,,83225.6,,,,,,,,4545.996,,,3864.29636,6914.44116,,,,,13292.25135,,6669.5244,1506.3013,,,,,,2932.3134,,44772.03,,,,,,,703.508,695.98,2059.145,646.893,837.014,1530.135,1325.38,,,8642.180106,,,,18024.63717,,9888.513931,,,,,,,835.6362836,872.604761,1032.092437,1171.2,1176.282027,,,,1082.736,,,,,,,,,,,,,,,7735.9452,4696.685279,,,
1842,,,1003.544,,,,,91300,,,,,,167118.3517,6295.888,682.70445,1088.136754,1294.60317,793.92728,671.1741,,,,,,,,,22380,,,,89595,,,,,,,,5657.0327,,,4982.42875,10747.27008,,,,,11854.90475,,1898.01576,634.502,,,,,,2362.3905,,73139.655,,,,,,,639.288,649.774,973.385,639.63,979.02,688.718,802.83,,,11064.24078,,,,,,5016.206516,,,,,,,878.3482219,914.347588,650.6807152,732.1,953.932167,,,,11154.24,,,,,,,,,,,,,,,2527.6544,5582.369549,,,
1841,,,942.208,,,,,240000,,,,,,132954.1047,13167.684,1461.41142,883.3026471,1124.251888,1637.05973,631.359,,,,,,,,,28240,,,,,,,,,,,,5587.6905,,,8889.948,6104.7,,,,,19990.85688,,4232.9322,521.5498,,,,,,4319.89035,,44944.829,,,,,,,1841.684,862.308,195.518,631.017,489.917,1123.32,4280.71,,,11129.87714,,,,,,7137.829469,,,,,,,1067.35045,937.1352795,1128.102462,883,747.694559,,,,13895.832,,,,,,,,,,,,,,,5065.2822,5948.690342,,,
1840,18368.97269,,651.236,,,,,346400,,,,,,117498.4369,10206.9558,5857.996,1282.803444,1465.262398,724.06235,627.7383,,,,,,,,,25830,,,,31566.6,,,,,,,,4349.0804,,,3330.97396,4092.61395,,,,,14573.46012,,3387.76247,1584.2334,,,,,,3564.7328,,126008.835,,,,,,,2405.624,896.24,255.316,480.897,693.269,653.346,2092.44,,,22540.67842,,,,,,8733.343591,,,,,,,1380.209045,1414.054787,668.629353,844.9,566.318037,,,,2950.416,,,,,,,,,,,,,,,9077.4099,6573.532889,,,
1839,,,691.356,,,,,564600,,,,,,266638.2688,8491.23,3709.8048,1389.205998,1562.887886,1723.1808,395.8508,,,,,,,,,20710,,,,87457.8,,,,,,,,6005.74515,,,6387.53463,2162.56,,,,,13601.29752,,4328.10378,1229.32,,,,,,5677.1452,,62485.02,,,,,,,2062.632,697.238,445.556,494.154,911.902,735.301,1321.53,,,12401.2156,,,,,,6569.426546,,,,,,,460.2957638,1194.726299,519.0379855,1195.5,760.094209,,,,914.928,,,,,,,,,,,,,,,3115.8032,1423.728068,,,
1838,,,2421.14,,,,,381200,,,,,,136919.3816,10059.104,2462.21088,1682.922121,1025.747905,1194.6888,885.2228,,,,,,,,,26430,,,,108231,,,,,,,,7024.347,,,2967.8232,4462.15958,,,,,18155.15,,8785.23216,1529.1276,,,,,,4820.69479,,66406.52,,,,,,,2319.72,610.844,481.168,662.634,881.303,942.575,1183.98,,,11480.08912,,,,,,4380.925267,,,,,,,450.3147989,1396.101122,680.6034909,426.2,831.812601,,,,956.76,,,,,,,,,,,,,,,3263.3087,2785.832722,,,
1837,,,1531.224,,,,,236200,,,,,,219233.6342,16612.532,1543.2855,1328.950005,1875.471535,1103.946,1109.3544,,,,,,,,,20170,,,,50626.1,,,,,,,,8224.112,,,10388.50193,4328.0358,,,,,20221.64676,,8476.28128,869.1768,,,,,,6921.972,,80010.33,,,,,,,1701.076,819.026,432.999,782.352,1001.368,778.147,1341.55,,,16042.93357,,,,,,6714.96732,,,,,,,799.46754,1468.992596,493.443246,643.5,694.529072,,,,8220.8028,,,,,,,,,,,,,,,2242.8432,4160.816986,,,
1836,,,1953.708,,,,,777400,,,,,,152893.6375,25130.5377,1028.12846,1217.995605,1282.682231,1159.6992,1275.131,,,,,,,,,28710,,,,74227.2,,,,,,,,2928.58362,,,3654.83625,11928.61967,,,,,10558.42425,,6746.2496,998.20784,,,,,,4041.83264,,59026.602,,,,,,,2258.412,765.646,631.736,371.844,1095.015,1245.383,1002.26,,,20644.94219,,,,,,6620.597281,,,,,,,664.7721509,1516.958688,698.4351938,1047.2,257.980597,,,,6957.225,,,,,,,,,,,,,,,6434.0444,8831.837512,,,
1835,,,600.032,,,,,523500,,,,,,112469.3081,5518.878,1069.36611,1468.675079,1801.483322,1850.6418,1174.295,,,,,,,,,29870,,,,161069.4,,,,,,,,6953.658,,,6046.59951,5150.1558,,,,,10606.1301,,3805.42941,797.258,,,,,,6336.65669,,65965.357,,,,,,,1066.676,536.316,806.461,564.759,1439.041,1134.494,983.43,,,7793.711255,,,,,,5736.8449,,,,,,,773.2170144,1397.391372,447.6938425,943.2,737.854506,,,,2310.4038,,,,,,,,,,,,,,,4517.8939,4726.244821,,,
1834,,,566.78,,,,,412900,,,,,,108073.8509,8334.7588,2036.45975,1237.246151,1356.54014,1075.84488,402.144,,,,,,,,,12600,,,,77276.9,,,,,,,,4847.0961,,,3796.85784,2873.895,,,,,6737.5105,,5788.70999,1551.592,,,,,,3763.4625,,89094.456,,,,,,,536.38,471.682,634.085,666.657,1170.68,529.544,2513.49,,,20313.03188,,,,,,5048.537819,,,,,,,995.4775448,1112.898867,310.7514363,428.8,1092.508401,,,,558.126,,,,,,,,,,,,,,,4634.4399,3577.853503,,,
1833,,,1429.496,,,,,497900,,,,,,89352.88287,12511.7416,771.0885,739.34081,1002.888973,966.2752,394.9347,,,,,,,,,25300,,,,74880,,,,,,,,3148.1376,,,5806.175,7073.50523,,,,,15633.67192,,3965.9977,614.6658,,,,,,1880.944,,65399.35,,,,,,,660.608,719.508,621.412,603.18,1273.207,1205.46,2395.54,,,7913.167437,,,,,,5040.308243,,,,,,,951.2850153,496.9868813,1031.1153,583.7,783.264127,,,,1763.388,,,,,,,,,,,,,,,8853.2971,2623.928808,,,
1832,,,1005.652,,,,,373500,,,,,,170342.7367,8329.4909,724.812,1450.530952,1168.73522,1453.05,1137.6587,,,,,,,,,26980,,,,61119.8,,,,,,,,6698.93055,,,7577.3808,3042.385,,,,,10712.74028,,5486.5663,2390.66289,,,,,,3703.95558,,34399.375,,,,,,,657.592,910.894,761.018,413.073,828.911,1727.974,1200.78,,,9857.845027,,,,,,4971.852827,,,,,,,815.7520435,1615.280534,1556.135592,885.9,971.166718,,,,1429.23366,,,,,,,,,,,,,,,3490.6088,2588.445228,,,
1831,,,802.876,,,,,399000,,,,,,208291.7427,15962.975,461.49688,1226.30757,753.3827796,3997.9344,1236.768,,,,,,,,,15090,,,,137039.4,,,,,,,,6846.23434,,,8552.99196,9601.98248,,,,,32451.97725,,6630.11536,394.3456,,,,,,5237.08668,,155060.48,,,,,,,424.372,897.77,1183.722,336.258,402.375,817.589,780.29,,,7693.065179,,,,,,4948.755327,,,,,,,1620.975553,1082.402689,799.0617733,994.6,587.5554,,,,675.63783,,,,,,,,,,,,,,,5721.6679,3589.06621,,,
1830,,,695.028,,,,,1304100,,,,,,171208.6717,17239.2367,795.53228,1594.324024,561.0964218,1441.3686,925.1348,,,,,,,,,28100,,,,94224,,,,,,,,7147.79076,,,5072.59874,12182.173,,,,,5453.88375,,8857.02144,1197.056,,,,,,6980.148,,46739.22,,,,,,,577.824,867.034,1143.876,583.173,919.117,1929.587,268.31,,,12588.17402,,,,,,,,,,,,,750.7520062,1093.355023,187.7823991,986.2,449.347095,,,,1612.8,,,,,,,,,,,,,,,5365.9008,7129.795766,,,
1829,,,1014.288,,,,,188000,,,,,,65135.29696,5980.0037,2344.12008,683.0620521,572.7356991,1194.15488,465.048,,,,,,,,,30930,,,,107599.1,,,,,,,,5435.64036,,,7183.6558,5839.20869,,,,,17680.17394,,5546.45259,1075.35232,,,,,,4932.278,,89828.156,,,,,,,1144.26,852.312,1546.425,690.309,1330.261,1808.967,542.08,,,4808.360644,,,,,,,,,,,,,406.8291586,1519.022842,225.8042513,967.2,370.889053,,,,3231.963,,,,,,,,,,,,,,,3958.6872,10310.8042,,,
1828,,,1570.868,,,,,208700,,,,,,116918.0659,7787.7192,2576.95056,1027.116898,800.2880715,642.827,551.1576,,,,,,,,,21520,,,,81327.6,,,,,,,,3322.5728,,,6016.9305,3946.38375,,,,,8425.39956,,7846.624,828.02715,,,,,,3837.3048,,61195.41,,,,,,,2455.804,1018.47,1068.882,523.503,1107.521,1740.073,2066.96,,,10176.63413,,,,,,,,,,,,,895.0775565,1260.01405,1072.481854,949.1,1125.80089,,,,1941.096,,,,,,,,,,,,,,,3795.0066,2897.960648,,,
1827,,,1701.36,,,,,407900,,,,,,91869.62546,9880.7352,1374.04776,1595.343102,2013.935439,1601.75275,1432.936,,,,,,,,,21800,,,,40780.4,,,,,,,,3436.815,,,6805.3344,8087.4255,,,,,16517.48849,,8469.01602,1459.1089,,,,,,3445.7208,,49310.804,,,,,,,1549.808,583.338,747.127,212.787,476.967,1685.461,1758.89,,,7314.324869,,,,,,,,,,,,,1281.490588,958.229375,883.4919041,275.4,992.303669,,,,906.564,,,,,,,,,,,,,,,3883.989,3524.123476,,,
1826,,,2350.76,,,,,374600,,,,,,99672.79078,15496.83,2806.63766,1344.418937,2892.038966,473.79306,1192.4416,,,,,,,,,15010,,,,172252.5,,,,,,,,3069.30324,,,3261.8544,5683.44,,,,,8958.02724,,2681.70054,1038.678,,,,,,4357.88325,,74464.432,,,,,,,752.336,190.094,569.705,235.602,591.778,363.414,2157.26,,,13741.14096,,,,,,,,,,,,,811.3713023,1234.225156,854.8214358,519.2,341.820389,,,,1623.16,,,,,,,,,,,,,,,4445.8323,5122.98732,,,
1825,,,1017.212,,,,,307200,,,,,,209329.3929,10450.004,2324.0358,989.4427886,2122.141822,425.66065,914.894,,,,,,,,,14640,,,,179976.5,,,,,,,,8587.57936,,,6508.512,3685.08996,,,,,12409.81224,,8842.8982,1492.813,,,,,,3085.6705,,52238.865,,,,,,,873.86,,382.858,259.335,536.463,612.942,449.75,,,7336.332315,,,,,,,,,,,,,1858.26665,1877.256336,557.3951652,527.9,1250.291242,,,,1632.2075,,,,,,,,,,,,,,,6156.2176,4278.61405,,,
1824,,,1333.48,,,,,125600,,,,,,265971.2972,11318.2695,1079.24952,912.5925284,1423.963426,763.24941,810.7426,,,,,,,,,15290,,,,17410.8,,,,,,,,5720.95152,,,4228.99566,3371.75552,,,,,9056.15612,,2586.75882,1885.52839,,,,,,5042.88,,86001.6,,,,,,,1331.148,566.406,489.694,332.991,614.237,888.666,1965.74,,,4818.966567,,,,,,,,,,,,,719.2122057,1905.02001,649.0266299,596,903.80073,,,,441.891625,,,,,,,,,,,,,,,7393.3664,6034.618228,,,
1823,,,1120.98,,,,,188100,,,,,,283547.3093,10995.556,915.31488,1693.656752,1263.351891,1223.55072,1306.3126,,,,,,,,,18940,,,,60080.8,,,,,,,,6585.038,,,4864.266,4445.25554,,,,,14985.02332,,5233.99044,1122.6857,,,,,,5250.54159,,46695.888,,,,,,,1323.192,837.93,498.713,610.254,1259.813,727.087,1506.68,,,9059.061268,,,,,,,,,,,,,700.57096,1058.514096,1029.027496,800.4,1056.960225,,,,581.94,,,,,,,,,,,,,,,5099.961,4376.014206,,,
1822,,,1131.452,,,,,427500,,,,,,,6579.3556,1125.5372,2273.710539,1432.25051,1802.4266,1389.6135,,,,,,,,,12980,,,,78550.2,,,,,,,,5947.94858,,,3068.7636,4464.42814,,,,,16131.36588,,7226.70858,717.66846,,,,,,5282.44,,38254.336,,,,,,,947.7,766.088,446.368,401.949,1171.05,1285.195,1004.78,,,5752.12407,,,,,,,,,,,,,996.9957284,837.8703064,719.5771706,592.9,813.679845,,,,1061.4,,,,,,,,,,,,,,,6401.9442,6161.418447,,,
1821,32213.91051,,1283.772,,,,,231500,,,,,,,14757.7615,1914.01875,2060.021011,1566.561906,1774.46745,1198.4148,,,,,,,,,25790,,,,63277.2,,,,,,,,10608.82152,,,9783.7474,5772.60172,,,,,18566.83155,,5371.03581,325.066,,,,,,8580.1865,,38709,,,,,,,1157.78,469.812,655.545,432.945,715.247,1104.117,1311.24,,,14087.70281,,,,,,,,,,,,,588.0822476,1324.185363,502.1438159,705.1,600.203556,,,,2154.825,,,,,,,,,,,,,,,3524.7641,4200.201844,,,
1820,23076.29283,,1251.608,,,,,377100,,,,,,205001.36,12660.7032,1873.00832,1462.465379,1520.882311,1250.83904,477.465,,,,,,,,,14690,,,,74829.6,,,,,,,,2465.706,,,11260.58864,4422.867,,,,,23835.98356,,8354.5322,925.64004,,,,,,5612,,64585.794,,,,,,,1609.972,371.484,1247.841,568.242,799.163,1119.435,557.06,,,15635.95568,,,,,,,,,,,,,784.2533707,,923.3353435,536,671.240339,,,,1723.677,,,,,,,,,,,,,,,5151.7273,5222.747389,,,
1819,19576.50878,,1457.512,,,,,619600,,,,,,145197.564,8250.4464,711.1691,1690.761467,921.7189469,1657.21025,807.756,,,,,,,,,28280,,,,169642.2,,,,,,,,8450.6301,,,3554.80936,2185.2392,,,,,8235.19242,,7582.63248,1479.6612,,,,,,11354.283,,51670.65,,,,,,,1382.264,609.008,915.124,833.112,1198.726,279.165,590.73,,,12459.27556,,,,,,,,,,,,,457.8951283,1094.131398,701.9491814,701.4,689.767397,,,,1053.3175,,,,,,,,,,,,,,,3240.7936,4086.147071,,,
1818,,,560.116,,,,,1136700,,,,,,129999.0787,11492.3669,7549.22075,1456.678133,768.7774427,2949.53391,643.4816,,,,,,,,,21090,,,,92348.6,,,,,,,,4264.20436,,,3119.61741,13142.81782,,,,,7206.51491,,3314.8688,794.122,,,,,,9348.3766,,38796.998,,,,,,,794.248,816.238,387.353,720.981,1186.627,835.164,395.08,,,15190.52009,,,,,,,,,,,,,824.9358305,869.0563213,636.6919281,370.2,608.472644,,,,4611.439875,,,,,,,,,,,,,,,6769.4645,4109.690927,,,
1817,,,618.936,,,,,193300,,,,,,185536.5233,7623.3944,2783.9922,917.9907756,1221.911485,1259.24032,517.6545,,,,,,,,,23720,,,,105330.4,,,,,,,,6119.63908,,,9458.7759,5914.6076,,,,,6462.42651,,3765.52868,1181.14119,,,,,,16366.192,,63411.966,,,,,,,1364.48,782.034,437.117,468.288,1706.773,1193.287,885.64,,,18634.15316,,,,,,,,,,,,,790.2911278,1507.878136,926.4828933,661.5,510.007041,,,,1996.9509,,,,,,,,,,,,,,,3201.899,3704.703959,,,
1816,,,931.056,,,,,209900,,,,,,77150.736,5682.7396,1596.171,1659.536783,1989.620297,1375.46136,866.822,,,,,,,,,20470,,,,76334.4,,,,,,,,5788.88,,,5111.89359,4062.72763,,,,,8476.80792,,5479.27888,1879.0696,,,,,,5720.56458,,41861.242,,,,,,,1808.924,889.27,544.504,524.88,1948.716,270.988,392.63,,,7853.367472,,,,,,,,,,,,,601.4159154,872.5553025,646.671711,373.7,717.580713,,,,568.4035,,,,,,,,,,,,,,,3788.4163,3580.960981,,,
1815,,,1468.732,,,,,435600,,,,,,120098.3277,11221.3838,2685.3972,1034.401626,1709.513839,3459.9292,891.3892,,,,,,,,,31760,,,,94084.2,,,,,,,,4692.54723,,,5612.21283,3838.8885,,,,,10143.32552,,3999.099,441.525,,,,,,4471.263,,69048.668,,,,,,,543.816,1781.668,406.493,423.09,1410.477,449.661,832.09,,,7563.020118,,,,,,,,,,,,,1174.836363,1679.598619,551.2846919,426.1,756.247741,,,,1374.168,,,,,,,,,,,,,,,4828.9116,4398.455284,,,
1814,,,2119.764,,,,,497500,,,,,,160029.6459,10452.5216,2462.495,2041.265014,1821.054057,1376.5983,1795.2811,,,,,,,,,48130,,,,112320,,,,,,,,3413.12706,,,3669.9158,7451.416,,,,,5565.65796,,2303.3604,548.49776,,,,,,3309.28,,53208.016,,,,,,,530.244,725.118,411.974,413.262,950.16,1014.984,586.95,,,15307.58573,,,,,,,,,,,,,1835.980331,651.2412851,332.8111342,1113.9,913.852567,,,,926.65386,,,,,,,,,,,,,,,3373.808,5224.464449,,,
1813,,,1331.576,,,,,329000,,,,,,161970.8073,14045.5874,2528.96613,1083.958467,1313.661438,1323.31204,2020.8114,,,,,,,,,30940,,,,47934.6,,,,,,,,8423.84764,,,6559.1352,4003.695,,,,,14131.082,,3719.0729,1794.35102,,,,,,3792.054,,66668.145,,,,,,,301.392,418.846,567.994,774.765,1112.479,1000.665,966,,,11226.54835,,,,,,,,,,,,,1574.96576,1231.520307,508.7372734,1132.7,901.86142,,,,1120.65,,,,,,,,,,,,,,,4291.728,2347.193897,,,
1812,,,660.008,,,,,159000,,,,,,315258.7135,17394.5728,1150.21764,938.3904339,1261.140247,548.24616,684.573,,,,,,,,,19910,,,,123166.2,,,,,,,,3868.4214,,,4103.02152,3384.9876,,,,,9904.73572,,3714.66568,462.24,,,,,,4277.50469,,58736.25,,,,,,,149.136,343.06,350.552,1001.43,1075.96,809.819,248.92,,,10648.99518,,,,,,,,,,,,,537.6722961,1071.396981,1260.730052,574,533.432925,,,,548.948,,,,,,,,,,,,,,,6010.0719,5910.769533,,,
1811,,,1107.244,,,,,700300,,,,,,135569.03,14485.6651,926.0273,584.1210314,1579.304517,1097.95392,614.6946,,,,,,,,,24420,,,,60481.7,,,,,,,,3048.032,,,4248.73834,7111.41772,,,,,2335.6602,,3251.13925,526.676,,,,,,6306.6016,,55200.184,,,,,,,428.376,589.424,898.043,936.549,1483.774,881.081,832.86,,,8918.544841,,,,,,,,,,,,,498.7872658,976.0301125,1092.799051,460.5,868.565386,,,,766.5525,,,,,,,,,,,,,,,4759.48,3442.534225,,,
1810,,,863.872,,,,,1390400,,,,,,147572.5836,11969.8936,1328.34856,1596.642896,1757.881924,606.74388,942.2312,,,,,,,,,25780,,,,123617.2,,,,,,,,3063.65,,,4576.53,7765.57275,,,,,6131.468,,6381.1823,1616.684,,,,,,10500.732,,50174.799,,,,,,,1450.748,1064.404,482.415,942.489,808.043,969.141,731.78,,,20377.61163,,,,,,,,,,,,,392.7827965,858.01339,768.2669146,303.8,957.984873,,,,1170.405,,,,,,,,,,,,,,,3708.2304,3554.979448,,,
1809,,,1744.472,,,,,661400,,,,,,179195.6809,8082.3908,1424.56756,1648.316313,1265.597351,1201.15511,750.1008,,,,,,,,,21960,,,,38343.9,,,,,,,,4022.13,,,2270.11654,17588.27315,,,,,17279.14875,,1398.99966,1298.968,,,,,,4360.6336,,53205.256,,,,,,,1083.368,1028.33,557.786,832.275,507.233,419.543,1387.89,,,22430.14323,,,,,,,,,,,,,507.2752965,1568.32738,658.9814003,450.7,1214.247813,,,,477.414,,,,,,,,,,,,,,,4624.4328,4859.615283,,,
1808,,,1068.892,,,,,226700,,,,,,159794.3682,17493.4361,8797.971,1098.974051,413.5617563,1286.7929,983.088,,,,,,,,,15280,,,,49398.6,,,,,,,,5062.2356,,,5909.3292,10226.931,,,,,12010.09466,,3891.11688,1341.85375,,,,,,6118.07,,51561.492,,,,,,,703.508,1054.884,819.047,835.434,710.918,916.786,536.83,,,5840.152371,,,,,,,,,,,,,671.6519932,1726.190713,437.5407559,296.5,676.098654,,,,986.202,,,,,,,,,,,,,,,3832.614,5766.271974,,,
1807,,,1117.308,,,,,518200,,,,,,234748.2612,22183.4526,5130.26115,835.0945877,1287.597063,1711.6089,748.4456,,,,,,,,,29400,,,,93682,,,,,,,,5902.58844,,,5023.886,7985.1625,,,,,14355.6676,,1939.85309,3678.75606,,,,,,6013.194,,73360.892,,,,,,,907.296,1013.064,543.112,702.621,1332.592,1356.124,299.95,,,13029.48932,,,,,,,,,,,,,930.608588,1221.517343,377.501341,807.6,998.353602,,,,895.104,,,,,,,,,,,,,,,6570.96,4546.521816,,,
1806,,,1085.688,,,,,1155200,,,,,,173213.9013,7803.3024,1916.85288,1035.662222,1549.902367,758.28636,397.9905,,,,,,,,,47610,,,,50893.5,,,,,,,,3613.27095,,,6724.096,3391.232,,,,,17678.77597,,3703.70347,683.0628,,,,,,13680.675,,79516.612,,,,,,,708.812,732.122,369.953,560.196,1578.161,941.539,1405.32,,,27018.07328,,,,,,,,,,,,,719.232408,332.88156,213.6526918,781.7,1019.572485,,,,469.0035,,,,,,,,,,,,,,,3088.1992,4571.068018,,,
1805,,,1284.452,,,,,413800,,,,,,148817.859,17249.1165,1074.157,1398.26943,1689.198298,968.877,564.8356,,,,,,,,,27390,,,,72054.4,,,,,,,,6308.75336,,,5443.64744,5732.904,,,,,11019.385,,2072.1294,1062.91646,,,,,,5454.397,,79616.064,,,,,,,947.96,,358.585,694.008,1040.033,716.061,540.89,,,13965.52282,,,,,,,,,,,,,783.995489,1384.82034,466.3214429,803.8,1385.670106,,,,960.43185,,,,,,,,,,,,,,,4195.7343,4348.54049,,,
1804,,,874.412,,,,,468100,,,,,,252048.4747,6778.9638,1328.82624,2176.761287,2394.297918,2110.04082,755.411,,,,,,,,,27430,,,,66189.5,,,,,,,,6238.2992,,,4000.46143,1695.5745,,,,,12648.045,,5804.59473,752.10975,,,,,,14073.95916,,35055.105,,,,,,,723.528,452.778,550.797,681.669,2688.309,559.625,1186.85,,,11865.21877,,,,,,,,,,,,,321.317307,644.6867501,961.2477253,496.6,911.920482,,,,1269.7965,,,,,,,,,,,,,,,3980.2188,2476.470076,,,
1803,,,991.168,,,,,421600,,,,,,170889.0244,6135.7452,3280.27974,1621.575097,1206.679076,719.07022,769.4742,,,,,,,,,32810,,,,70006.1,,,,,,,,2800.54417,,,3613.2606,5373.54,,,,,5823.60078,,3652.77068,878.99175,,,,,,6693.5136,,49221.84,,,,,,,709.384,705.534,602.881,698.49,4367.11,731.009,471.94,,,12453.70955,,,,,,,,,,,,,534.6017673,986.8212054,411.0871109,312.2,1246.379555,,,,897.58053,,,,,,,,,,,,,,,5716.2652,3852.658012,,,
1802,,,749.632,,,,,367400,,,,,,182815.151,12900.0915,2220.55275,832.7773208,1755.215872,1816.56398,765.347,,,,,,,,,42900,,,,68730.4,,,,,,,,5860.0999,,,6188.37768,5455.9773,,,,,12978.22196,,1165.97855,1985.87025,,,,,,8372.7202,,55599.372,,,,,,,828.256,766.054,460.462,665.037,1256.224,674.584,832.65,,,9552.657379,,,,,,,,,,,,,911.1653171,827.763464,666.9767825,608.2,977.57226,,,,1255.818,,,,,,,,,,,,,,,7857.225,3842.319888,,,
1801,,,866.864,,,,,630400,,,,,,118752.5837,13980.0969,718.6788,1006.093308,1941.843494,1344.6734,602.769,,,,,,,,,17650,,,,50516.4,,,,,,,,9062.326,,,4423.2075,5389.8016,,,,,9673.9656,,1891.34676,2481.3652,,,,,,9265.3956,,58919.284,,,,,,,783.016,991.134,485.866,420.255,335.516,826.543,542.92,,,13560.25962,,,,,,,,,,,,,346.37275,517.8281975,509.2121911,894.9,795.904356,,,,1352.034,,,,,,,,,,,,,,,9184.8486,7278.102028,,,
1800,,,1758.004,,,,,126200,,,,,,182046.126,13755.4172,,1331.498216,2569.781399,,527.378,,,,,,,,,21690,,,,68537.7,,,,,,,,4034.856,,,4898.27001,8032.6947,,,,,4526.36356,,2140.05014,774.62,,,,,,8940.4496,,45871.591,,,,,,,435.864,1500.148,488.215,518.778,1293.89,803.899,807.1,,,12033.02935,,,,,,,,,,,,,,1441.766305,139.6468216,254.8,407.247456,,,,2049.33126,,,,,,,,,,,,,,,4807.2796,3825.693526,,,
1799,,,900.796,,,,,193700,,,,,,129215.9326,6657.2905,,972.4642498,927.1192169,,1018.8504,,,,,,,,,23210,,,,67933.8,,,,,,,,3224.4966,,,4830.905,5936.00325,,,,,11068.53696,,2616.62566,1043.0905,,,,,,5480.6647,,62641.88,,,,,,,555.568,1149.472,677.44,635.364,1484.181,552.484,1782.2,,,5629.867585,,,,,,,,,,,,,,2380.565745,505.8608359,488.5,538.011481,,,,2204.1344,,,,,,,,,,,,,,,6885.6692,3814.61042,,,
1798,,,1053.728,,,,,172200,,,,,,135298.2987,13099.257,,1339.507655,1685.195083,,589.4832,,,,,,,,,37790,,,,51989.4,,,,,,,,8362.30745,,,,5333.90247,,,,,16259.5419,,2553.04335,3399.06,,,,,,5999.1352,,47246.922,,,,,,,683.436,921.468,777.519,772.389,1038.886,1648.609,1061.13,,,23905.59334,,,,,,,,,,,,,,489.0222365,838.3364466,1099.8,673.618451,,,,1355.2,,,,,,,,,,,,,,,3709.8629,3121.043104,,,
1797,,,621.452,,,,,1135700,,,,,,154994.5073,12630.381,,1637.042945,1166.880582,,1073.9924,,,,,,,,,29330,,,,123715.8,,,,,,,,5234.329,,,,3398.29074,,,,,9244.22542,,2447.7321,1087.94,,,,,,14227.42225,,53951.56,,,,,,,1571.908,967.708,750.114,692.118,952.269,1573.425,491.68,,,10287.41058,,,,,,,,,,,,,,588.5428476,572.3050626,666.6,486.299468,,,,1302.72192,,,,,,,,,,,,,,,4153.5356,4763.611497,,,
1796,,,595.068,,,,,392200,,,,,,,9249.7699,,1277.474796,546.2915766,,405.35,,,,,,,,,24970,,,,75504,,,,,,,,3204.74667,,,,8173.1275,,,,,6583.75155,,8591.4719,1795.72688,,,,,,10855.73478,,66420.389,,,,,,,3514.94,527.646,881.02,519.534,852.628,1293.335,549.08,,,12368.38136,,,,,,,,,,,,,,1404.727994,224.0001333,580.2,542.611854,,,,1348.992,,,,,,,,,,,,,,,6992.0158,5455.912999,,,
1795,,,409.496,,,,,645900,,,,,,,16615.1144,,1215.766743,1253.524371,,630.7877,,,,,,,,,23970,,,,64342.2,,,,,,,,8252.82366,,,,3968.6724,,,,,10704.68334,,7366.20582,4712.02748,,,,,,10297.43989,,41756.454,,,,,,,1224.34,798.762,496.886,725.544,2399.339,824.249,1005.76,,,9571.130113,,,,,,,,,,,,,,1967.778182,714.3348854,690.8,1098.55219,,,,534.528,,,,,,,,,,,,,,,4565.1046,4997.84453,,,
1794,,,735.76,,,,,411600,,,,,,,6331.7836,,1392.892506,1253.29484,,684.9624,,,,,,,,,28390,,,,34858.2,,,,,,,,4429.4737,,,,3440.285,,,,,6828.64256,,4335.29024,838.622,,,,,,4134.48334,,37096.608,,,,,,,558.272,800.87,621.441,920.484,1481.813,202.723,481.88,,,18650.29255,,,,,,,,,,,,,,1571.421555,392.4392103,703.9,1382.988606,,,,3738.68,,,,,,,,,,,,,,,4359.814,4017.294724,,,
1793,,,1625.472,,,,,497600,,,,,,,10832.7854,,1319.036296,2281.741327,,337.734,,,,,,,,,12710,,,,,,,,,,,,8176.72799,,,,4691.92352,,,,,19602.44158,,2993.78849,539.6672,,,,,,16110.72755,,52558.151,,,,,,,605.384,874.174,671.292,871.857,625.855,347.171,1321.25,,,13859.06427,,,,,,,,,,,,,,1025.61355,363.2004084,12345.2,2426.346894,,,,2458.15104,,,,,,,,,,,,,,,3313.8204,3386.975906,,,
1792,,,1170.212,,,,,439500,,,,,,,12092.6624,,752.7295238,2074.188994,,820.6782,,,,,,,,,23560,,,,41545,,,,,,,,4824.375,,,,1954.39816,,,,,13563.21132,,7402.0331,1273.2307,,,,,,17077.09432,,76527.44,,,,,,,843.596,774.656,605.897,772.173,973.322,875.679,1854.44,,,9182.369221,,,,,,,,,,,,,,1165.308367,143.1798307,1443.6,944.936245,,,,609.8625,,,,,,,,,,,,,,,6909.973,7330.785853,,,
1791,27945.94883,,742.492,,,,,178700,,,,,,,4465.986,,,590.4052081,,1018.1325,,,,,,,,,21850,,,,60480.9,,,,,,,,5565.19595,,,,2365.14033,,,,,6536.27849,,1539.52645,854.14143,,,,,,14564.83628,,75823.525,,,,,,,1201.408,787.644,714.908,726.057,1820.141,1491.951,534.94,,,12680.90661,,,,,,,,,,,,,,1506.999684,681.0296199,748.7,898.945726,,,,3203.46,,,,,,,,,,,,,,,6498.4168,5175.977974,,,
1790,48132.02641,,1789.08,,,,,650800,,,,,,,13707.71,,,1015.428664,,912.8158,,,,,,,,,40160,,,,55436.4,,,,,,,,6663.52166,,,,4236.72943,,,,,9969.90828,,1886.65638,2773.6004,,,,,,15489.37793,,66983.636,,,,,,,742.82,688.976,519.883,684.963,1056.794,1051.947,1168.58,,,18014.20154,,,,,,,,,,,,,,857.4242599,855.7402856,1314.3,1424.625755,,,,1172.981875,,,,,,,,,,,,,,,4935.4256,6390.264449,,,
1789,30778.65111,,563.176,,,,,374800,,,,,,,7920.538,,,943.8931077,,567.615,,,,,,,,,39870,,,,38147,,,,,,,,3861.46535,,,,6089.07113,,,,,12217.702,,2293.49419,1570.50684,,,,,,9653.11872,,97893.681,,,,,,,373.568,565.046,428.156,773.739,835.608,948.199,1849.12,,,9386.190725,,,,,,,,,,,,,,745.5170344,338.2334436,607.8,1139.337155,,,,1032.05245,,,,,,,,,,,,,,,5528.628,4891.917502,,,
1788,26077.53798,,870.944,,,,,376500,,,,,,,15586.7072,,,1643.269298,,596.2866,,,,,,,,,49090,,,,53677.6,,,,,,,,6014.61182,,,,2228.15853,,,,,6252.42021,,3997.23624,491.31,,,,,,4886.0378,,53945.304,,,,,,,710.216,468.826,488.824,542.241,679.727,1023.05,1368.29,,,12462.58725,,,,,,,,,,,,,,887.3198208,482.9726168,418.2,515.222795,,,,2459.509325,,,,,,,,,,,,,,,4023.162,5396.866806,,,
1787,19859.13683,,1263.576,,,,,667200,,,,,,,17268.6624,,,2043.252373,,1327.5864,,,,,,,,,40050,,,,33532,,,,,,,,5331.09184,,,,3834.32802,,,,,23027.3025,,2335.5618,1014.12542,,,,,,12794.9625,,26323.224,,,,,,,1096.732,472.974,779.114,526.5,1140.34,1426.202,1105.02,,,9844.657099,,,,,,,,,,,,,,504.7241472,523.1741423,517.6,985.453771,,,,1310.78934,,,,,,,,,,,,,,,3921.086,5251.867448,,,
1786,,,930.376,,,,,943600,,,,,,,13725.8544,,1513.997877,1159.01209,,1601.844,,,,,,,,,28030,,,,82876.8,,,,,,,,3778.498,,,,2237.81376,,,,,5545.45825,,2961.71399,1745.6186,,,,,,11086.596,,39588.75,,,,,,,1296.672,553.52,489.549,846.558,1046.656,1065.045,698.88,,,8194.095799,,,,,,,,,,,,,,1066.071586,453.2509335,151.1,930.363923,,,,2244.50268,,,,,,,,,,,,,,,6401.44,4398.282834,,,
1785,,,1062.432,,,,,687200,,,,,,,,,974.8769423,2165.290362,,1088.7036,,,,,,,,,41090,,,,78293.6,,,,,,,,3638.33808,,,,4434.69928,,,,,4472.4787,,1942.30762,1230.59937,,,,,,7972.58943,,69520.582,,,,,,,1137.76,725.152,635.39,651.996,390.831,435.638,970.76,,,9071.807783,,,,,,,,,,,,,,1661.059363,486.3552875,277.9,701.956572,,,,2204.568,,,,,,,,,,,,,,,4647.0178,5157.864337,,,
1784,,,1186.328,,,,,203600,,,,,,,,,1085.88984,2092.686411,,325.18,,,,,,,,,41020,,,,113372.1,,,,,,,,4884.95445,,,,2997.00442,,,,,6167.0625,,2322.21375,904.788,,,,,,10964.16405,,84390.726,,,,,,,726.336,763.538,834.475,640.467,724.46,539.645,904.33,,,17474.99725,,,,,,,,,,,,,,1147.272918,395.1356101,764.8,1195.403443,,,,740.082,,,,,,,,,,,,,,,3824.4576,2785.162504,,,
1783,,,1126.964,,,,,523600,,,,,,,,,1457.69777,1825.989247,,603.7364,,,,,,,,,49520,,,,104076,,,,,,,,5017.93248,,,,2782.554,,,,,9577.3623,,2099.24195,116.3575,,,,,,21837.77638,,91880.262,,,,,,,1310.4,688.534,786.509,609.66,1782.771,1022.051,1224.65,,,11162.59466,,,,,,,,,,,,,,1550.109259,365.9217431,702.1,710.738343,,,,1259.809375,,,,,,,,,,,,,,,3504.895,3933.230396,,,
1782,,,1542.784,,,,,234500,,,,,,,,,1825.031788,1289.849164,,1218.4165,,,,,,,,,50970,,,,55540.8,,,,,,,,3821.0046,,,,4441.476,,,,,6666.81008,,,360.3312,,,,,,8526.144,,47889.45,,,,,,,1459.172,501.534,812.406,442.557,1380.655,1625.669,322,,,6280.262352,,,,,,,,,,,,,,1028.770838,635.3344683,869.4,1184.597647,,,,2103.79665,,,,,,,,,,,,,,,4194.0976,8221.193006,,,
1781,,,765.884,,,,,284700,,,,,,,,,1548.837432,1322.015392,,1652.3716,,,,,,,,,32910,,,,94168,,,,,,,,8180.92519,,,,328.7834,,,,,17586.54982,,,668.9565,,,,,,7059.34175,,54018.352,,,,,,,606.112,383.894,713.139,522.531,1218.965,1644.502,89.53,,,10058.52519,,,,,,,,,,,,,,973.2084375,322.7791443,806.1,1562.683217,,,,3219.496,,,,,,,,,,,,,,,6380.4068,7202.859726,,,
1780,,,1372.716,,,,,874800,,,,,,100376.7189,,,1140.733705,1993.046682,,925.896,,,,,,,,,48770,,,,109612.8,,,,,,,,6735.52504,,,,4044.69488,,,,,18059.82549,,,1387.375,,,,,,9108.8305,,44099.51,,,,,,,800.072,460.53,630.199,578.772,939.763,1002.959,363.65,,,8636.191495,,,,,,,,,,,,,,1154.791683,372.5630092,369.5,967.561509,,,,1736.7867,,,,,,,,,,,,,,,7125.1712,7260.648502,,,
1779,,,780.776,,,,,786900,,,,,,58894.54922,,,1635.210965,2341.507749,,1038.4296,,,,,,,,,32210,,,,94150.4,,,,,,,,4023.34114,,,,4488.445,,,,,,,,1537.599,,,,,,5105.41,,58836.76,,,,,,,717.912,447.814,528.873,601.668,776.482,917.489,796.88,,,16223.80883,,,,,,,,,,,,,,905.18625,307.8295554,566.1,1061.8854,,,,1551.0033,,,,,,,,,,,,,,,2893.0696,5522.620032,,,
1778,,,714.68,,,,,1175800,,,,,,167560.7461,,,1787.526262,1283.153621,,1705.2926,,,,,,,,,24160,,,,111273.5,,,,,,,,4272.19672,,,,1963.13208,,,,,,,,1020.68311,,,,,,11607.79354,,53466.168,,,,,,,809.536,319.294,382.481,444.204,477.855,1235.541,579.6,,,11315.32727,,,,,,,,,,,,,,696.44835,558.2714772,576.1,1034.482946,,,,888.86358,,,,,,,,,,,,,,,5757.6785,2822.690802,,,
1777,44322.77127,,738.616,,,,,840400,,,,,,78709.77828,,,1673.389945,1761.285416,,912.4533,,,,,,,,,26430,,,,39789.6,,,,,,,,5198.67,,,,2794.198,,,,,,,,1107.90615,,,,,,20270.0165,,43658.232,,,,,,,1106.924,310.658,396.082,740.313,582.343,959.891,1804.11,,,12742.4672,,,,,,,,,,,,,,1190.29187,673.1397781,632.2,232.266598,,,,1609.938,,,,,,,,,,,,,,,5723.2315,3335.762596,,,
1776,54952.49587,,1064.404,,,,,230500,,,,,,182021.3737,,,1158.737616,1800.521613,,1134.6888,,,,,,,,,28660,,,,99189.7,,,,,,,,6988.7466,,,,3425.26304,,,,,,,,921.3762,,,,,,9876.8845,,25069.678,,,,,,,852.488,454.002,825.717,1042.929,1178.413,245.273,1660.26,,,9899.976725,,,,,,,,,,,,,,1135.737283,286.2973089,1453.3,169.908238,,,,1196.62686,,,,,,,,,,,,,,,3675.5037,3716.654316,,,
1775,39388.52507,,868.972,,,,,165100,,,,,,125152.5541,,,1300.602887,1939.886677,,1132.175,,,,,,,,,30640,,,,32823.2,,,,,,,,2666.92371,,,,1908.3075,,,,,,,,779.61465,,,,,,12696.22396,,68516.448,,,,,,,1008.852,758.642,744.401,1004.103,781.736,300.588,1452.71,,,7039.521143,,,,,,,,,,,,,,517.1651125,439.9304121,716.2,1113.030311,,,,2656.7175,,,,,,,,,,,,,,,6314.249,3798.650926,,,
1774,33607.5921,,447.168,,,,,324500,,,,,,96062.99958,,,1526.546992,2072.318182,,659.6352,,,,,,,,,18420,,,,52571.2,,,,,,,,2568.847,,,,2023.896,,,,,,,,810.2506,,,,,,17370.3916,,25057.35,,,,,,,1485.328,1000.96,981.824,605.988,1414.177,581.973,1628.83,,,8332.610521,,,,,,,,,,,,,,732.5865675,387.99598,352.7,1294.152725,,,,533.85399,,,,,,,,,,,,,,,,3728.506302,,,
1773,,,1065.968,,,,,234200,,,,,,128362.3138,,,2093.254832,2326.881181,,1132.5496,,,,,,,,,20950,,,,58752,,,,,,,,4632.94351,,,,5731.1488,,,,,,,,735.58914,,,,,,18521.56606,,45266.438,,,,,,,2407.912,968.32,670.538,710.775,1619.342,697.82,428.19,,,7150.262796,,,,,,,,,,,,,,1659.428819,735.1693027,942.3,615.892611,,,,475.6464,,,,,,,,,,,,,,,,6643.377123,,,
1772,,,470.288,,,,,1300500,,,,,,102892.6161,,,1237.408987,1252.162058,,723.2328,,,,,,,,,23080,,,,94035.5,,,,,,,,4845.75908,,,,7676.9046,,,,,,,,723.294,,,,,,5342.647,,45115.88,,,,,,,1417.156,751.536,347.478,983.34,1167.128,880.045,301.49,,,9764.978517,,,,,,,,,,,,,,1325.056024,842.3410365,270.3,1129.919981,,,,3369.053125,,,,,,,,,,,,,,,,3297.2479,,,
1771,,,1004.768,,,,,352400,,,,,,104962.1219,,,1398.862619,1711.618929,,288.3982,,,,,,,,,18120,,,,151580,,,,,,,,7582.71108,,,,2498.0346,,,,,,,,972.543,,,,,,6342.00696,,67230.932,,,,,,,525.772,684.862,526.408,1044.495,608.132,1343.322,921.69,,,9185.034211,,,,,,,,,,,,,,727.9675911,675.7919512,529.9,1165.968156,,,,298.686,,,,,,,,,,,,,,,,2549.386919,,,
1770,,,1261.264,,,,,143500,,,,,,132004.3807,,,1046.682821,3374.658417,,331.2034,,,,,,,,,18870,,,,43997.9,,,,,,,,8781.77045,,,,3505.5328,,,,,,,,3087.78798,,,,,,15194.5856,,64848.96,,,,,,,995.488,540.974,568.545,380.943,1258.259,1144.891,969.64,,,6995.324733,,,,,,,,,,,,,,1163.787563,404.2059358,256.2,1143.211061,,,,707.0175,,,,,,,,,,,,,,,,3322.787857,,,
1769,,,1019.32,,,,,899300,,,,,,101341.6862,,,2180.185301,2401.319504,,640.283,,,,,,,,,41640,,,,42542,,,,,,,,3814.104,,,,4124.37284,,,,,,,,1291.6855,,,,,,20039.7888,,119429.662,,,,,,,1153.984,412.216,455.474,842.643,2471.23,582.639,1034.74,,,5384.203418,,,,,,,,,,,,,,1560.355575,927.7395844,1120.4,586.64115,,,,772.59375,,,,,,,,,,,,,,,,4009.679994,,,
1768,,,1181.568,,,,,378100,,,,,,219500.868,,,2309.501635,1887.579812,,812.48,,,,,,,,,38580,,,,137088,,,,,,,,5342.72941,,,,5456.262,,,,,,,,1387.23259,,,,,,8751.765,,95585.217,,,,,,,2397.668,516.494,,805.869,1574.017,657.453,1927.03,,,13694.89137,,,,,,,,,,,,,,1601.705963,451.8625582,611.1,651.344976,,,,927.27732,,,,,,,,,,,,,,,,6040.567793,,,
1767,,,1715.844,,,,,892700,,,,,,,,,1408.73155,1210.440184,,975.429,,,,,,,,,34460,,,,50933.2,,,,,,,,8551.60152,,,,3307.8816,,,,,,,,1626.99,,,,,,12238.80516,,47695.054,,,,,,,3392.116,893.656,613.64,666.414,755.873,1273.133,881.93,,,8659.085939,,,,,,,,,,,,,,942.883975,511.2869111,877.5,1143.450614,,,,1108.98132,,,,,,,,,,,,,,,,4070.026898,,,
1766,,,4126.58,,,,,482800,,,,,,,,,642.8804714,730.5468437,,1206.7327,,,,,,,,,33280,,,,46207.7,,,,,,,,4291.20575,,,,1617.616,,,,,,,,759.21356,,,,,,10881.96,,71207.862,,,,,,,3651.544,1121.388,652.993,652.914,831.723,1307.765,746.62,,,22965.88809,,,,,,,,,,,,,,895.9077545,1110.328748,625.7,688.018557,,,,1873.32,,,,,,,,,,,,,,,,4035.634387,,,
1765,,,628.388,,,,,627800,,,,,,,,,4482.405442,958.6415339,,1850.7456,,,,,,,,,60530,,,,58838,,,,,,,,8722.21168,,,,5951.42016,,,,,,,,937.98232,,,,,,11003.85,,51430.53,,,,,,,5334.68,1113.058,819.801,487.458,1641.468,835.312,1305.85,,,7439.653296,,,,,,,,,,,,,,1765.136722,814.7849305,899.1,585.180735,,,,1016.5575,,,,,,,,,,,,,,,,8449.646591,,,
1764,,,1922.496,,,,,310200,,,,,,,,,1947.577711,1305.133948,,5499.6072,,,,,,,,,9600,,,,22915.2,,,,,,,,7904.3247,,,,11696.56621,,,,,,,,1403.2395,,,,,,9039,,83897.1,,,,,,,3043.976,1100.172,802.343,599.427,479.187,1006.437,2063.53,,,24268.8164,,,,,,,,,,,,,,1294.530619,1077.114228,675,707.212845,,,,2131.2305,,,,,,,,,,,,,,,,5259.63902,,,
1763,,,289.204,,,,,496700,,,,,,,,,1224.747232,1195.645704,,1759.2561,,,,,,,,,28980,,,,46849.6,,,,,,,,2299.89528,,,,3387.0605,,,,,,,,445.8096,,,,,,4042.59779,,39784.48,,,,,,,2417.22,1201.696,740.399,830.817,824.138,1961.444,3465.14,,,4974.821399,,,,,,,,,,,,,,1039.446915,689.0154906,534.9,1218.26065,,,,159.78146,,,,,,,,,,,,,,,,3003.643043,,,
1762,,,393.856,,,,,293900,,,,,,,,,1154.088166,894.4228045,,356.089,,,,,,,,,29290,,,,125664,,,,,,,,3343.9548,,,,1352.79625,,,,,,,,457.968,,,,,,4321.88265,,55907.181,,,,,,,3137.576,1161.27,825.34,563.679,1689.457,1655.232,1782.06,,,10784.59957,,,,,,,,,,,,,,765.3657502,467.7947813,715.3,624.176633,,,,1144.57068,,,,,,,,,,,,,,,,6074.590526,,,
1761,,,798.116,,,,,318700,,,,,,,,,1304.71809,1352.609079,,502.4292,,,,,,,,,41390,,,,170640.2,,,,,,,,4362.36696,,,,2677.5,,,,,,,,298.9952,,,,,,16295.11716,,58114.422,,,,,,,998.036,883.966,1055.629,394.713,1317.089,1094.016,775.67,,,7413.905481,,,,,,,,,,,,,,323.2310913,516.6903313,1884,1528.244121,,,,461.736,,,,,,,,,,,,,,,,2789.192143,,,
1760,,,1521.5,,,,,940600,,,,,,,,,1313.951272,941.8995991,,293.2497,,,,,,,,,17490,,,,54183.6,,,,,,,,5320.50768,,,,3357.1575,,,,,,,,1009.344,,,,,,35108.4393,,63375.12,,,,,,,1068.808,794.648,1245.115,667.008,835.312,1683.278,1246,,,10597.72504,,,,,,,,,,,,,,1158.393839,256.6778247,567.8,839.778712,,,,1379.3175,,,,,,,,,,,,,,,,5219.312247,,,
1759,,,1854.496,,,,,1145100,,,,,,,,,2039.57365,2713.896232,,542.1086,,,,,,,,,29650,,,,76199.1,,,,,,,,4351.43634,,,,2463.604,,,,,,,,953.1692,,,,,,6066.29751,,64307.034,,,,,,,3473.496,907.324,1063.836,446.58,814.925,949.087,2152.78,,,11040.96274,,,,,,,,,,,,,,1756.178892,665.1817193,1071.5,508.632482,,,,613.8,,,,,,,,,,,,,,,,4881.963663,,,
1758,,,757.928,,,,,533300,,,,,,162543.9759,,,1876.258335,1588.185019,,507.065,,,,,,,,,19340,,,,85888.4,,,,,,,,5619.0563,,,,2692.35947,,,,,,,,798.87434,,,,,,7191.39456,,67391.012,,,,,,,1512.784,763.708,1438.052,398.709,806.304,777.851,597.87,,,9563.023873,,,,,,,,,,,,,,828.5020019,1005.414565,686,968.872209,,,,3041.029002,,,,,,,,,,,,,,,,3635.099068,,,
1757,,,2002.464,,,,,615700,,,,,,97833.00477,,,2453.608889,1033.238899,,779.7204,,,,,,,,,38570,,,,24368.8,,,,,,,,4714.347,,,,3419.2032,,,,,,,,495.9675,,,,,,14226.81732,,90513.28,,,,,,,994.188,639.574,728.596,1244.592,549.857,1625.114,460.53,,,5315.182391,,,,,,,,,,,,,,1397.891741,1150.231344,335.3,588.103701,,,,1638.9875,,,,,,,,,,,,,,,,5759.408418,,,
1756,,,338.572,,,,,717900,,,,,,41203.23392,,,1324.09454,1391.617043,,1145.737,,,,,,,,,16310,,,,54922.5,,,,,,,,5410.26738,,,,3333.6028,,,,,,,,2818.48129,,,,,,20000.086,,34364.898,,,,,,,580.216,529.618,274.253,1241.784,453.472,1380.729,534.17,,,5405.686153,,,,,,,,,,,,,,1731.250949,797.4823103,312,1968.081018,,,,787.847104,,,,,,,,,,,,,,,,4601.338792,,,
1755,,,250.852,,,,,324900,,,,,,134001.0398,,,1432.444227,1759.833345,,2253.745,,,,,,,,,24240,,,,40587.6,,,,,,,,5250.31674,,,,1737.00004,,,,,,,,788.7,,,,,,8168.14796,,42643.955,,,,,,,1035.476,608.974,243.281,475.686,338.957,436.23,1036.35,,,8404.597785,,,,,,,,,,,,,,1681.713927,658.7563676,1156.6,975.388208,,,,2066.481,,,,,,,,,,,,,,,,3907.464421,,,
1754,,,920.244,,,,,689900,,,,,,70618.34107,,,1430.611027,1383.227975,,688.8868,,,,,,,,,19330,,,,65321,,,,,,,,7502.51252,,,,7097.79672,,,,,,,,803.09536,,,,,,6836.37885,,43493.736,,,,,,,803.504,1007.352,410.147,556.416,792.725,369.741,3687.11,,,11378.99466,,,,,,,,,,,,,,1112.208133,514.2796129,888.8,971.436461,,,,460.42266,,,,,,,,,,,,,,,,3256.748365,,,
1753,,,1224.68,,,,,573100,,,,,,188764.9421,,,2232.814591,691.9359778,,797.2285,,,,,,,,,27420,,,,23701.6,,,,,,,,5276.0248,,,,4243.1368,,,,,,,,1778.29344,,,,,,6402.7208,,64226.442,,,,,,,,1083.784,510.4,570.942,1383.097,855.033,1187.97,,,7297.012715,,,,,,,,,,,,,,1222.53159,635.023213,1219.4,898.649561,,,,594.759,,,,,,,,,,,,,,,,4215.215171,,,
1752,,,787.032,,,,,429900,,,,,,222136.1998,,,3405.517874,1719.173554,,1310.8524,,,,,,,,,18890,,,,33260.5,,,,,,,,4090.2354,,,,4219.68844,,,,,,,,551.151,,,,,,17120.33218,,44913.112,,,,,,,,1024.216,542.271,741.933,1060.827,1009.952,1604.19,,,6595.656717,,,,,,,,,,,,,,1477.49472,658.6328239,1153.4,979.894973,,,,376.7745,,,,,,,,,,,,,,,,6112.570198,,,
1751,,,967.096,,,,,336600,,,,,,,,,1779.571628,1237.402753,,1239.2832,,,,,,,,,25010,,,,19074.9,,,,,,,,3040.16364,,,,5590.78037,,,,,,,,620.138,,,,,,20818.19626,,9658.206,,,,,,,,873.426,612.074,640.953,1193.213,503.755,1612.73,,,5043.277086,,,,,,,,,,,,,,1189.88064,746.5405536,507.5,912.618643,,,,1730.52,,,,,,,,,,,,,,,,5795.151041,,,
1750,,,1225.088,,,,,472800,,,,,,,,,1678.165264,1006.53001,,1456.7976,,,,,,,,,19430,,,,73306.2,,,,,,,,5338.58336,,,,4923.02577,,,,,,,,557.111,,,,,,8490.75926,,39608.415,,,,,,,,541.178,679.47,566.622,1371.812,543.382,646.8,,,7307.525759,,,,,,,,,,,,,,640.8953125,867.5462008,820.7,1181.049866,,,,794.553,,,,,,,,,,,,,,,,4586.577091,,,
1749,,,1355.852,,,,,167500,,,,,,,,,1939.128631,1676.024242,,543.0342,,,,,,,,,24400,,,,100081,,,,,,,,6011.55038,,,,6077.92572,,,,,,,,704.568,,,,,,12527.08688,,55790.295,,,,,,,,606.424,421.138,498.069,929.181,1036.333,719.6,,,8244.262391,,,,,,,,,,,,,,1405.764063,205.422603,402,682.470835,,,,987.156,,,,,,,,,,,,,,,,7446.168639,,,
1748,,,1072.088,,,,,423000,,,,,,,,,2983.661856,1557.355822,,711.36,,,,,,,,,29740,,,,90255.6,,,,,,,,3627.0669,,,,4130.27262,,,,,,,,461.125,,,,,,21122.59438,,39191.103,,,,,,,,674.866,613.089,514.323,1176.489,828.356,1147.79,,,6270.919844,,,,,,,,,,,,,,2112.908748,385.4953588,399.5,1066.46551,,,,712.23336,,,,,,,,,,,,,,,,8767.79116,,,
1747,,,870.808,,,,,779400,,,,,,,,,2528.117947,613.3376687,,464.2263,,,,,,,,,34550,,,,45229.9,,,,,,,,9932.48424,,,,4683.95,,,,,,,,1610.2002,,,,,,15386.02177,,67812.855,,,,,,,,787.032,717.286,383.535,658.267,627.853,704.06,,,7625.385963,,,,,,,,,,,,,,1387.26921,406.6238867,1096.2,485.450197,,,,389.8644,,,,,,,,,,,,,,,,4738.422369,,,
1746,,,1091.604,,,,,253000,,,,,,,,,2573.52376,1171.654451,,408.1511,,,,,,,,,15970,,,,68640,,,,,,,,1493.57286,,,,7210.08882,,,,,,,,848.3296,,,,,,20661.612,,48056.016,,,,,,,,833.714,407.044,319.383,2063.564,1008.398,428.26,,,5510.307593,,,,,,,,,,,,,,1452.873616,474.1550921,790.2,1805.731621,,,,651.78,,,,,,,,,,,,,,,,2859.275096,,,
1745,,,762.212,,,,,567400,,,,,,,,,1214.962127,1169.687436,,469.1238,,,,,,,,,17780,,,,25309.9,,,,,,,,5653.66485,,,,6046.203,,,,,,,,1581.45,,,,,,8671.1022,,60194.565,,,,,,,,847.314,476.354,704.943,1363.635,1468.197,724.85,,,6945.355442,,,,,,,,,,,,,,2157.176477,697.8269936,794.8,1000.564004,,,,932.229,,,,,,,,,,,,,,,,2530.173492,,,
1744,,,1264.052,,,,,813300,,,,,,,,,2013.467468,1500.487317,,828.6096,,,,,,,,,23930,,,,63927.6,,,,,,,,3777.095,,,,2712.2788,,,,,,,,1299.11307,,,,,,10347.88392,,56390.802,,,,,,,,817.904,532.44,863.325,837.458,1028.6,1237.04,,,4787.599493,,,,,,,,,,,,,,674.322536,566.141381,938.1,557.185924,,,,4589.3125,,,,,,,,,,,,,,,,3529.100602,,,
1743,,,891.888,,,,,175000,,,,,,,,,2273.408391,1484.396767,,859.1143,,,,,,,,,19890,,,,18900.2,,,,,,,,3056.542,,,,1745.535,,,,,,,,1696.74522,,,,,,16422.50883,,43691.076,,,,,,,,705.976,685.386,666.036,954.452,852.147,1161.23,,,5497.692346,,,,,,,,,,,,,,274.8355336,882.8355498,622.4,765.875516,,,,1532.58,,,,,,,,,,,,,,,,3733.029399,,,
1742,,,696.932,,,,,606400,,,,,,,,,2825.848493,1820.408028,,715.8465,,,,,,,,,12930,,,,63257,,,,,,,,3430.72835,,,,3117.42316,,,,,,,,651.75,,,,,,17833.8552,,65753.688,,,,,,,,655.928,664.129,599.211,811.854,1128.574,680.61,,,7568.063522,,,,,,,,,,,,,,1234.026589,640.6222287,939.9,694.047096,,,,779.94,,,,,,,,,,,,,,,,4054.609222,,,
1741,,,1144.032,,,,,515500,,,,,,,,,2173.052982,2502.549554,,414.2016,,,,,,,,,28290,,,,29852.7,,,,,,,,5792.73975,,,,4217.57941,,,,,,,,439.8645,,,,,,14764.51106,,86870.724,,,,,,,,534.446,462.376,629.91,614.533,631.072,880.04,,,10685.50384,,,,,,,,,,,,,,1005.111607,400.2507918,971.4,1040.776667,,,,924.525,,,,,,,,,,,,,,,,2946.433379,,,
1740,,,610.844,,,,,377100,,,,,,,,,1644.420605,1925.075629,,1021.896,,,,,,,,,33790,,,,28002.8,,,,,,,,4991.36064,,,,4456.23093,,,,,,,,918.9875,,,,,,10777.87467,,52660.8,,,,,,,,549.576,410.64,766.206,727.975,845.598,1197.91,,,8046.995924,,,,,,,,,,,,,,542.5244887,769.1449907,274.8,1370.474834,,,,1487.64,,,,,,,,,,,,,,,,2387.188434,,,
1739,,,1474.784,,,,,268400,,,,,,,,,1251.514181,991.3976229,,1039.8795,,,,,,,,,46920,,,,50672.6,,,,,,,,9157.60755,,,,5771.3985,,,,,,,,1472.06891,,,,,,15889.8672,,77941.894,,,,,,,,559.946,357.454,831.573,959.299,1690.197,505.47,,,7817.572343,,,,,,,,,,,,,,760.4551205,381.2192551,409.8,1034.685711,,,,896.66115,,,,,,,,,,,,,,,,6837.013654,,,
1738,,,468.18,,,,,690700,,,,,,,,,1334.114551,2134.116371,,1039.3112,,,,,,,,,36030,,,,63706.2,,,,,,,,6603.64771,,,,4086.37691,,,,,,,,857.31775,,,,,,12072.63694,,38235.89,,,,,,,,500.344,378.16,878.85,1110.518,683.686,627.62,,,6271.13089,,,,,,,,,,,,,,435.5850681,190.7362224,394.6,762.822875,,,,1415.6625,,,,,,,,,,,,,,,,4009.448592,,,
1737,,,1791.528,,,,,206100,,,,,,,,,978.0629891,1795.712831,,1783.0692,,,,,,,,,10170,,,,19471.8,,,,,,,,7201.11392,,,,6965.91606,,,,,,,,1365.99816,,,,,,15041.71604,,44994.187,,,,,,,,400.112,435.696,923.562,1369.555,1130.868,1586.13,,,7838.706311,,,,,,,,,,,,,,952.7782446,336.1982953,385,450.836351,,,,538.545,,,,,,,,,,,,,,,,6433.990156,,,
1736,,,1106.564,,,,,662800,,,,,,,,,1847.610935,2239.789031,,784.1506,,,,,,,,,33580,,,,,,,,,,,,8615.86775,,,,3068.6082,,,,,,,,1014.15788,,,,,,19091.45724,,25796.34,,,,,,,,816.068,616.221,714.231,1276.5,1580.418,1328.32,,,11874.53204,,,,,,,,,,,,,,1447.126011,1008.029384,689.7,1064.231078,,,,1679.1579,,,,,,,,,,,,,,,,7506.891382,,,
1735,,,855.168,,,,,163400,,,,,,,,,1430.038982,1926.201582,,542.084,,,,,,,,,31830,,,,,,,,,,,,6911.67324,,,,4220.8764,,,,,,,,1458.7296,,,,,,18610.01907,,37731.96,,,,,,,,1179.834,233.102,680.751,1258.259,766.011,884.31,,,10849.46436,,,,,,,,,,,,,,1380.733806,416.6458699,593.8,761.4396,,,,2199.89385,,,,,,,,,,,,,,,,7050.63915,,,
1734,,,933.504,,,,,185300,,,,,,,,,2062.707395,1188.337697,,701.5368,,,,,,,,,26390,,,,,,,,,,,,7175.3424,,,,12010.29321,,,,,,,,363.082,,,,,,12267.67786,,75350.99,,,,,,,,1463.088,216.282,532.17,604.987,796.758,893.2,,,7741.046659,,,,,,,,,,,,,,1082.73354,386.0639409,855.4,321.661404,,,,2954.1715,,,,,,,,,,,,,,,,6142.335224,,,
1733,,,1109.488,,,,,497900,,,,,,,,,1949.667163,1589.777882,,747.215,,,,,,,,,43870,,,,,,,,,,,,4583.20478,,,,1200.68758,,,,,,,,100.61025,,,,,,12729.8111,,54607.957,,,,,,,,1550.672,535.021,726.624,706.922,1462.462,451.01,,,9719.814578,,,,,,,,,,,,,,878.34254,264.4129029,741.4,527.064106,,,,1005.35787,,,,,,,,,,,,,,,,5551.802181,,,
1732,,,1824.508,,,,,849400,,,,,,,,,1524.534284,1923.248427,,665.6835,,,,,,,,,45450,,,,,,,,,,,,3818.76908,,,,3068.75502,,,,,,,,1581.18725,,,,,,14626.7604,,21565.95,,,,,,,,1951.09,613.64,869.346,953.712,2114.735,745.36,,,15908.61098,,,,,,,,,,,,,,602.46664,493.6449213,664.5,889.099866,,,,1081.32858,,,,,,,,,,,,,,,,3263.516482,,,
1731,,,539.648,,,,,405500,,,,,,,,,1891.33296,1550.164592,,1031.4256,,,,,,,,,27980,,,,,,,,,,,,2129.1008,,,,5877.5766,,,,,,,,338.7025,,,,,,5185.684,,44580.808,,,,,,,,928.744,497.669,682.911,1061.641,1177.562,852.95,,,9967.267368,,,,,,,,,,,,,,991.8888,603.1104018,675.3,1228.490822,,,,904.185,,,,,,,,,,,,,,,,6429.153886,,,
1730,,,552.228,,,,,329600,,,,,,,,,1687.630295,1098.834891,,820.8034,,,,,,,,,30190,,,,,,,,,,,,4009.6728,,,,3039.1674,,,,,,,,533.60762,,,,,,8415.128,,85583.736,,,,,,,,670.004,448.224,491.643,1703.036,539.867,962.78,,,7642.720171,,,,,,,,,,,,,,616.7239875,179.975327,563.6,350.049061,,,,3144.09087,,,,,,,,,,,,,,,,5131.703748,,,
1729,,,323.204,,,,,340600,,,,,,,,,1126.860222,1253.647889,,629.918,,,,,,,,,37160,,,,,,,,,,,,3128.2174,,,,2436.87868,,,,,,,,620.16304,,,,,,8418.498,,37898.112,,,,,,,,911.71,476.702,989.037,1347.133,954.452,852.39,,,4625.669495,,,,,,,,,,,,,,858.2672925,410.4454869,804.6,673.587523,,,,3998.862,,,,,,,,,,,,,,,,6059.556158,,,
1728,,,870.196,,,,,769000,,,,,,,,,2115.407101,795.7269711,,1161.2412,,,,,,,,,27240,,,,,,,,,,,,9757.676,,,,2731.8048,,,,,,,,2335.6953,,,,,,16200.7475,,51979.54,,,,,,,,644.164,895.201,808.515,1030.376,1179.967,670.6,,,8502.028747,,,,,,,,,,,,,,950.893805,956.5146147,531.4,878.949556,,,,2319.57,,,,,,,,,,,,,,,,2535.224777,,,
1727,,,1034.688,,,,,760900,,,,,,,,,1884.593537,1072.991363,,997.936,,,,,,,,,14630,,,,,,,,,,,,4489.03575,,,,3846.3432,,,,,,,,1079.085,,,,,,7033.42053,,58458.042,,,,,,,,410.414,1085.354,329.805,845.894,383.912,562.87,,,8926.512884,,,,,,,,,,,,,,555.59639,590.1439342,746.8,953.124779,,,,434.94813,,,,,,,,,,,,,,,,3317.232688,,,
1726,,,546.176,,,,,114600,,,,,,,,,1102.668242,2179.645567,,493.0884,,,,,,,,,27740,,,,,,,,,,,,13216.60446,,,,2335.10373,,,,,,,,1956.52311,,,,,,5219.49308,,36230.06,,,,,,,,444.686,627.531,198.099,513.634,602.397,429.17,,,6932.434152,,,,,,,,,,,,,,1405.003645,593.014008,608.9,1164.641939,,,,1150.41681,,,,,,,,,,,,,,,,4797.910299,,,
1725,,,682.72,,,,,618200,,,,,,,,,1171.343645,4255.182506,,891.7016,,,,,,,,,22000,,,,,,,,,,,,9478.77392,,,,4876.06965,,,,,,,,1993.31944,,,,,,12298.18206,,38358.733,,,,,,,,434.112,664.709,300.726,281.348,973.137,571.97,,,7970.754619,,,,,,,,,,,,,,993.2774267,1159.036761,118.4,1004.570467,,,,1629.39,,,,,,,,,,,,,,,,4898.646922,,,
1724,,,577.66,,,,,1149200,,,,,,,,,1639.730722,2442.655297,,467.415,,,,,,,,,13680,,,,,,,,,,,,6136.07248,,,,2893.75757,,,,,,,,2448.017,,,,,,6936.2822,,46844.376,,,,,,,,455.294,928.145,470.853,883.634,855.218,530.25,,,13659.12482,,,,,,,,,,,,,,417.6358869,358.966378,624.6,244.436975,,,,2716.1442,,,,,,,,,,,,,,,,4495.441557,,,
1723,,,2235.636,,,,,296000,,,,,,,,,2612.558512,2996.237299,,899.745,,,,,,,,,10580,,,,,,,,,,,,3944.0115,,,,1536.86357,,,,,,,,963.55023,,,,,,,,60601.228,,,,,,,,602.752,508.428,494.1,740.296,1846.3,789.25,,,7568.183112,,,,,,,,,,,,,,801.6577561,550.3611567,1142,509.524273,,,,462.9345,,,,,,,,,,,,,,,,2541.497747,,,
1722,,,1542.24,,,,,168800,,,,,,,,,1919.404201,1388.419359,,663.2792,,,,,,,,,16060,,,,,,,,,,,,2656.1538,,,,4260.82293,,,,,,,,555.30375,,,,,,,,34876.05,,,,,,,,595.136,849.758,491.238,483.257,1640.58,707.28,,,5164.549432,,,,,,,,,,,,,,1077.467322,358.0326908,1169.7,799.742107,,,,1262.52,,,,,,,,,,,,,,,,3515.881381,,,
1721,,,662.592,,,,,199000,,,,,,,,,1109.057089,1631.318927,,593.055,,,,,,,,,22090,,,,,,,,,,,,5991.463,,,,3421.236,,,,,,,,634.52769,,,,,,,,54019.318,,,,,,,,637.636,837.404,574.695,1002.626,1117.585,605.92,,,7235.315808,,,,,,,,,,,,,,1289.823414,865.7755209,752.9,741.243533,,,,837.1986,,,,,,,,,,,,,,,,5648.897709,,,
1720,,,768.536,,,,,335200,,,,,,,,,1509.10322,949.8555377,,1420.29,,,,,,,,,24520,,,,,,,,,,,,6053.57424,,,,2307.93774,,,,,,,,728.14,,,,,,,,49979.184,,,,,,,,1181.16,560.048,824.607,1557.293,665.889,599.83,,,6615.768288,,,,,,,,,,,,,,469.5861125,639.6268118,862.1,460.866461,,,,1621.2,,,,,,,,,,,,,,,,9321.919578,,,
1719,,,694.756,,,,,387500,,,,,,,,,1511.713612,1359.0864,,558.096,,,,,,,,,31070,,,,,,,,,,,,2570.4872,,,,1579.732,,,,,,,,717.10326,,,,,,,,83312.44,,,,,,,,1302.336,335.733,737.586,1281.162,665.112,783.79,,,6395.359409,,,,,,,,,,,,,,490.683699,751.8911297,1357.1,641.160619,,,,3330.512,,,,,,,,,,,,,,,,6205.919148,,,
1718,,,590.512,,,,,146000,,,,,,,,,1398.366308,1546.00515,,1053.3544,,,,,,,,,29540,,,,,,,,,,,,7011.07561,,,,1226.5008,,,,,,,,637.57547,,,,,,,,70755.843,,,,,,,,762.382,407.943,486.513,632.256,1195.692,388.57,,,5764.399094,,,,,,,,,,,,,,791.3734147,448.2945541,819.4,996.566039,,,,463.968,,,,,,,,,,,,,,,,4290.729922,,,
1717,,,903.244,,,,,1277000,,,,,,,,,2053.050804,2262.437192,,947.3072,,,,,,,,,25620,,,,,,,,,,,,5884.22875,,,,2685.41,,,,,,,,439.7987,,,,,,,,35025.55,,,,,,,,596.53,501.613,646.056,606.171,1421.244,564.9,,,10470.76339,,,,,,,,,,,,,,1222.329998,299.5494101,269.1,657.921067,,,,754.758,,,,,,,,,,,,,,,,10624.68074,,,
1716,,,442.204,,,,,659100,,,,,,,,,1851.154117,2912.023949,,765.5604,,,,,,,,,23920,,,,,,,,,,,,13094.50265,,,,7029.20995,,,,,,,,1102.09774,,,,,,,,67882.752,,,,,,,,678.98,799.472,834.84,970.103,925.962,596.19,,,11006.74121,,,,,,,,,,,,,,1224.672125,476.0478789,1642.9,1120.446712,,,,1177.34256,,,,,,,,,,,,,,,,6320.646606,,,
1715,,,1029.248,,,,,617900,,,,,,,,,2598.527788,2187.17035,,978.558,,,,,,,,,33990,,,,,,,,,,,,9504.9251,,,,,,,,,,,,1063.668,,,,,,,,59764.419,,,,,,,,649.06,1018.364,598.995,945.091,1480.888,642.95,,,6000.811548,,,,,,,,,,,,,,1286.79903,575.0975338,1306.8,1260.440649,,,,546.9624,,,,,,,,,,,,,,,,4474.531194,,,
1714,,,844.56,,,,,364300,,,,,,,,,2861.16243,1884.608705,,333.1428,,,,,,,,,19460,,,,,,,,,,,,5148.95704,,,,,,,,,,,,1292.44812,,,,,,,,65663.62,,,,,,,,606.186,555.64,624.186,646.982,1247.455,448.49,,,10186.35747,,,,,,,,,,,,,,339.2451,627.2709057,756.2,779.679937,,,,796.31856,,,,,,,,,,,,,,,,5023.080358,,,
1713,,,833.272,,,,,1008200,,,,,,,,,2060.806198,591.013697,,1895.136,,,,,,,,,10570,,,,,,,,,,,,3607.1728,,,,,,,,,,,,2067.3024,,,,,,,,51158.256,,,,,,,,488.478,423.632,448.605,1149.072,1574.979,1533.56,,,9716.097501,,,,,,,,,,,,,,1268.368,459.5843146,381.4,1177.037419,,,,727.2,,,,,,,,,,,,,,,,5113.143518,,,
1712,,,907.188,,,,,384300,,,,,,,,,2272.12668,1325.530203,,2035.362,,,,,,,,,22550,,,,,,,,,,,,4110.736,,,,,,,,,,,,1573.2465,,,,,,,,76436.751,,,,,,,,182.784,678.658,606.501,2852.848,1694.711,598.15,,,8977.418235,,,,,,,,,,,,,,336.24,691.8730627,488.4,695.06299,,,,11161.33668,,,,,,,,,,,,,,,,6149.975815,,,
1711,,,768.06,,,,,865000,,,,,,,,,1566.753604,1414.832345,,801.9426,,,,,,,,,6650,,,,,,,,,,,,8365.75228,,,,,,,,,,,,1518.31863,,,,,,,,49590.944,,,,,,,,,499.641,1214.892,2387.351,785.584,1457.12,,,10880.72194,,,,,,,,,,,,,,1521.183725,755.5970114,451.2,623.312142,,,,1402.272,,,,,,,,,,,,,,,,9201.888026,,,
1710,,,1494.232,,,,,508900,,,,,,,,,876.3755527,1592.339615,,616.665,,,,,,,,,25810,,,,,,,,,,,,4565.85104,,,,,,,,,,,,1562.10912,,,,,,,,73093.862,,,,,,,,449.004,588.033,1405.836,1208.679,923.779,1629.53,,,7261.621539,,,,,,,,,,,,,,518.08825,811.8874954,657.7,782.627478,,,,1984.554,,,,,,,,,,,,,,,,5927.831979,,,
1709,,,981.24,,,,,587500,,,,,,,,,1224.577866,1256.953573,,1546.473,,,,,,,,,11010,,,,,,,,,,,,4304.69886,,,,,,,,,,,,1435.392,,,,,,,,61122.546,,,,,,,,676.872,748.055,1223.208,925.074,1210.122,1422.54,,,6092.17399,,,,,,,,,,,,,,539.75405,629.5867722,406.4,857.772607,,,,495.072,,,,,,,,,,,,,,,,7941.501393,,,
1708,,,665.108,,,,,792100,,,,,,,,,1478.83581,1929.48074,,1307.8098,,,,,,,,,20430,,,,,,,,,,,,6580.3248,,,,,,,,,,,,662.54832,,,,,,,,58850.445,,,,,,,,599.794,893.954,1221.615,1184.444,608.983,2081.17,,,7313.924839,,,,,,,,,,,,,,610.408275,833.2597278,516.2,531.172936,,,,997.5636,,,,,,,,,,,,,,,,5343.641392,,,
1707,,,494.7,,,,,458300,,,,,,,,,1829.843763,1972.680747,,713.328,,,,,,,,,23210,,,,,,,,,,,,2448.4752,,,,,,,,,,,,1726.065,,,,,,,,68769.816,,,,,,,,788.902,761.627,1071.711,879.675,638.361,550.76,,,5648.739167,,,,,,,,,,,,,,702.568009,306.2337587,1199.9,532.754626,,,,533.24313,,,,,,,,,,,,,,,,1849.673022,,,
1706,,,760.648,,,,,586500,,,,,,,,,2025.557233,1178.06089,,424.1328,,,,,,,,,11500,,,,,,,,,,,,7093.99,,,,,,,,,,,,1265.803,,,,,,,,26736.626,,,,,,,,1140.36,817.365,985.419,1179.227,837.606,551.04,,,8709.040872,,,,,,,,,,,,,,1075.575015,517.7890364,697.3,1064.242704,,,,2195.2845,,,,,,,,,,,,,,,,5310.715399,,,
1705,,,758.472,,,,,788200,,,,,,,,,1437.052487,1688.975617,,653.838,,,,,,,,,16350,,,,,,,,,,,,3764.08944,,,,,,,,,,,,820.3125,,,,,,,,58772.36,,,,,,,,1060.188,963.032,793.233,1503.828,931.401,781.48,,,7860.175383,,,,,,,,,,,,,,643.4603446,441.9023488,557.5,1224.360127,,,,21588.402,,,,,,,,,,,,,,,,3664.977373,,,
1704,,,1037.136,,,,,578600,,,,,,,,,1882.943908,1790.418661,,997.3656,,,,,,,,,26140,,,,,,,,,,,,4719.855,,,,,,,,,,,,1677.06397,,,,,,,,77077.623,,,,,,,,929.764,1011.984,774.63,1213.378,828.985,1441.02,,,10024.76794,,,,,,,,,,,,,,660.8890743,316.0959069,531.7,582.929977,,,,1108.87587,,,,,,,,,,,,,,,,3935.036574,,,
1703,,,844.56,,,,,399500,,,,,,,,,2299.995659,3338.351889,,556.5636,,,,,,,,,16330,,,,,,,,,,,,5137.58684,,,,,,,,,,,,1995.33009,,,,,,,,67271.55,,,,,,,,922.182,711.863,749.223,1171.679,1378.953,852.88,,,8684.676919,,,,,,,,,,,,,,722.4899748,520.1040673,436.4,908.328833,,,,1806.872255,,,,,,,,,,,,,,,,7518.088495,,,
1702,,,668.508,,,,,473900,,,,,,,,,1280.118564,8028.003728,,776.6688,,,,,,,,,,,,,,,,,,,,,6718.91272,,,,,,,,,,,,1270.78546,,,,,,,,30132.024,,,,,,,,928.37,517.969,930.96,1235.8,1787.359,597.1,,,11646.10687,,,,,,,,,,,,,,1336.492578,453.7782893,569.3,852.001808,,,,4075.27575,,,,,,,,,,,,,,,,4478.650063,,,
1701,,,1138.048,,,,,301400,,,,,,,,,2028.28254,3468.230641,,1371.0252,,,,,,,,,,,,,,,,,,,,,5692.871,,,,,,,,,,,,1876.4438,,,,,,,,56968.424,,,,,,,,1048.356,551.899,1207.494,1174.565,1099.27,848.47,,,10244.04607,,,,,,,,,,,,,,786.5395661,861.2349684,672.9,1180.220719,,,,2812.968,,,,,,,,,,,,,,,,5969.780715,,,
1700,,,839.868,,,,,726900,,,,,,,,,1600.555136,1200.539269,,954.1848,,,,,,,,,,,,,,,,,,,,,7520.47145,,,,,,,,,,,,1622.9904,,,,,,,,46949.21,,,,,,,,1082.05,666.971,1194.615,1038.664,779.738,1421.49,,,9720.66206,,,,,,,,,,,,,,749.3878115,256.5673143,1186.3,1197.321981,,,,640.359,,,,,,,,,,,,,,,,5129.818678,,,
1699,,,639.064,,,,,740900,,,,,,,,,1365.808852,1334.353322,,870.1676,,,,,,,,,,,,,,,,,,,,,6189.18195,,,,,,,,,,,,1623.72761,,,,,,,,59225.966,,,,,,,,905.25,486.794,1225.368,885.336,1011.802,1487.5,,,12934.83113,,,,,,,,,,,,,,471.9797883,504.0763869,560.7,1063.745856,,,,1530.912,,,,,,,,,,,,,,,,4211.710141,,,
1698,,,1504.432,,,,,505200,,,,,,,,,1110.223316,954.0627992,,1070.2312,,,,,,,,,,,,,,,,,,,,,4017.3958,,,,,,,,,,,,1751.22848,,,,,,,,55288.964,,,,,,,,887.128,310.648,1027.647,749.805,2038.256,1343.51,,,13190.21957,,,,,,,,,,,,,,1181.018059,1035.977341,647.3,648.420291,,,,276.39,,,,,,,,,,,,,,,,4896.14919,,,
1697,,,1357.96,,,,,241400,,,,,,,,,932.3115114,1373.6332,,1377.3188,,,,,,,,,,,,,,,,,,,,,6762.66678,,,,,,,,,,,,777.1315,,,,,,,,29723.82,,,,,,,,872.27,487.983,482.463,618.751,1526.768,943.18,,,6294.35855,,,,,,,,,,,,,,1055.63667,393.8001823,461.7,831.882545,,,,1136.048,,,,,,,,,,,,,,,,6388.27664,,,
1696,,,1597.048,,,,,447800,,,,,,,,,844.9004449,1147.842578,,717.377,,,,,,,,,,,,,,,,,,,,,10877.9538,,,,,,,,,,,,1508.3745,,,,,,,,34092.9,,,,,,,,1010.14,898.971,449.172,569.171,1496.539,1918.7,,,6558.104505,,,,,,,,,,,,,,511.0368014,705.6965564,975.5,890.919058,,,,1650.015,,,,,,,,,,,,,,,,8613.623464,,,
1695,,,1726.996,,,,,750100,,,,,,,,,1272.82381,1643.084234,,2259.1552,,,,,,,,,,,,,,,,,,,,,6419.55458,,,,,,,,,,,,777.638,,,,,,,,82492.283,,,,,,,,930.818,1005.285,714.447,554.519,1199.725,1270.01,,,8746.036314,,,,,,,,,,,,,,1242.135906,587.8022448,1111.2,478.003196,,,,759.129,,,,,,,,,,,,,,,,8683.797558,,,
1694,,,1490.628,,,,,886300,,,,,,,,,1271.274055,1516.474008,,964.3635,,,,,,,,,,,,,,,,,,,,,6441.42507,,,,,,,,,,,,605.8484,,,,,,,,75146.566,,,,,,,,679.218,642.234,618.678,936.581,759.869,165.13,,,9270.086461,,,,,,,,,,,,,,1253.88926,822.9893544,1721.2,458.77168,,,,755.085,,,,,,,,,,,,,,,,2546.025482,,,
1693,,,1050.328,,,,,555500,,,,,,,,,1824.977655,1397.171369,,484.5,,,,,,,,,,,,,,,,,,,,,7138.40072,,,,,,,,,,,,1739.71,,,,,,,,56800.064,,,,,,,,425.068,555.234,637.956,1280.274,786.213,430.43,,,6104.795902,,,,,,,,,,,,,,454.0612356,712.5307298,722.8,766.877238,,,,1117.398,,,,,,,,,,,,,,,,5919.339827,,,
1692,,,922.216,,,,,266300,,,,,,,,,963.6976712,2507.871857,,696.1755,,,,,,,,,,,,,,,,,,,,,5374.99452,,,,,,,,,,,,2027.865,,,,,,,,78745.744,,,,,,,,409.598,753.71,818.235,1357.345,676.841,976.22,,,16353.30704,,,,,,,,,,,,,,1468.335133,831.3842858,572.9,485.560008,,,,1214.1,,,,,,,,,,,,,,,,4685.084801,,,
1691,,,930.648,,,,,1088100,,,,,,,,,1149.509818,2023.749478,,544.9738,,,,,,,,,,,,,,,,,,,,,5362.73568,,,,,,,,,,,,1075.109,,,,,,,,75473.166,,,,,,,,529.958,856.631,831.438,1354.311,534.613,680.82,,,21245.83094,,,,,,,,,,,,,,977.9139216,717.353585,657,406.145105,,,,1403.67,,,,,,,,,,,,,,,,5684.344787,,,
1690,,,520.472,,,,,331600,,,,,,,,,1363.473769,1942.09364,,369.6888,,,,,,,,,,,,,,,,,,,,,4133.43864,,,,,,,,,,,,336.126,,,,,,,,73594.825,,,,,,,,980.22,724.42,312.336,878.787,1135.604,714.63,,,9842.054615,,,,,,,,,,,,,,1273.308725,205.8481351,1506.1,315.652619,,,,585.75,,,,,,,,,,,,,,,,6477.035118,,,
1689,,,713.184,,,,,538000,,,,,,,,,1081.507221,1119.833897,,937.8263,,,,,,,,,,,,,,,,,,,,,6994.14318,,,,,,,,,,,,575.28108,,,,,,,,37481.168,,,,,,,,1210.842,941.978,293.49,430.162,1148.147,1224.37,,,11939.40299,,,,,,,,,,,,,,3702.731254,429.4855264,532.1,508.39406,,,,8990.943,,,,,,,,,,,,,,,,6162.60569,,,
1688,,,695.912,,,,,719300,,,,,,,,,947.9313656,866.042693,,1561.4144,,,,,,,,,,,,,,,,,,,,,4577.66046,,,,,,,,,,,,2155.9012,,,,,,,,75126.418,,,,,,,,1250.35,1380.487,662.904,385.873,753.505,2138.71,,,9446.093983,,,,,,,,,,,,,,1964.112637,314.0853763,627.5,527.148158,,,,453.50327,,,,,,,,,,,,,,,,3555.139966,,,
1687,,,995.656,,,,,326400,,,,,,,,,1344.536193,1790.646854,,2451.391,,,,,,,,,,,,,,,,,,,,,5034.98125,,,,,,,,,,,,1101.552,,,,,,,,43340.878,,,,,,,,1432.148,942.877,590.733,575.646,1460.612,1023.82,,,7904.950529,,,,,,,,,,,,,,1491.572182,557.9505424,647.1,689.824624,,,,1007.13725,,,,,,,,,,,,,,,,3961.398085,,,
1686,,,771.664,,,,,412300,,,,,,,,,2039.167979,1215.172023,,1305.0818,,,,,,,,,,,,,,,,,,,,,2940.43164,,,,,,,,,,,,852.016,,,,,,,,69705.87,,,,,,,,1667.734,610.189,496.179,741.887,1001.035,1103.83,,,8607.736638,,,,,,,,,,,,,,1315.446568,807.9403805,436.2,704.698575,,,,1803.08844,,,,,,,,,,,,,,,,3675.079511,,,
1685,,,688.772,,,,,760600,,,,,,,,,1295.077659,699.5949242,,774.4522,,,,,,,,,,,,,,,,,,,,,3741.003,,,,,,,,,,,,,,,,,,,,61169.949,,,,,,,,1254.634,414.207,465.129,799.348,807.34,1055.25,,,10018.33971,,,,,,,,,,,,,,487.91015,601.8564563,646.4,460.522499,,,,1239.65725,,,,,,,,,,,,,,,,3929.034024,,,
1684,,,1096.092,,,,,235800,,,,,,,,,1238.449105,515.7665382,,2073.6709,,,,,,,,,,,,,,,,,,,,,3557.11611,,,,,,,,,,,,988.80483,,,,,,,,61903.465,,,,,,,,730.66,285.969,610.173,779.072,1205.534,1206.59,,,6242.778217,,,,,,,,,,,,,,745.7077079,587.1232814,2464.9,301.11332,,,,2601.90882,,,,,,,,,,,,,,,,4827.93991,,,
1683,,,966.144,,,,,505200,,,,,,,,,1062.9029,959.4174893,,1007.4993,,,,,,,,,,,,,,,,,,,,,3697.42716,,,,,,,,,,,,2433.55766,,,,,,,,76401.745,,,,,,,,430.644,176.146,707.67,677.174,844.34,736.26,,,7313.408062,,,,,,,,,,,,,,933.0632945,472.7642011,543.9,654.443816,,,,1213.81275,,,,,,,,,,,,,,,,4530.580556,,,
1682,,,517.752,,,,,362800,,,,,,,,,605.0152668,1313.98834,,629.7828,,,,,,,,,,,,,,,,,,,,,2612.48428,,,,,,,,,,,,453.54652,,,,,,,,35835.426,,,,,,,,343.06,289.942,409.104,489.103,465.386,534.59,,,15127.33678,,,,,,,,,,,,,,826.6131416,270.0665254,452.6,670.226224,,,,1042.512,,,,,,,,,,,,,,,,4990.955645,,,
1681,,,553.86,,,,,583400,,,,,,,,,1625.92592,874.0048958,,873.6885,,,,,,,,,,,,,,,,,,,,,3009.98176,,,,,,,,,,,,1224.7872,,,,,,,,40379.605,,,,,,,,619.922,607.144,247.887,480.112,486.698,1204.7,,,6601.855114,,,,,,,,,,,,,,1207.940469,211.32913,870.4,1144.290888,,,,1834.5636,,,,,,,,,,,,,,,,4140.922102,,,
1680,,,755.14,,,,,331500,,,,,,,,,1511.563276,791.2424737,,443.0475,,,,,,,,,,,,,,,,,,,,,3585.4968,,,,,,,,,,,,2048.4699,,,,,,,,47607.47,,,,,,,,566.202,683.965,574.317,578.347,668.109,1898.82,,,4106.761721,,,,,,,,,,,,,,1106.406289,630.4851641,669.2,789.908105,,,,2067.552,,,,,,,,,,,,,,,,2267.724557,,,
1679,,,838.984,,,,,574400,,,,,,,,,1263.866417,1324.586812,,2055.876,,,,,,,,,,,,,,,,,,,,,3635.556,,,,,,,,,,,,3512.5272,,,,,,,,62535.252,,,,,,,,593.674,845.495,785.754,1076.108,921.337,1280.3,,,7813.241139,,,,,,,,,,,,,,1108.845826,670.8255262,155,448.866431,,,,404.94204,,,,,,,,,,,,,,,,2469.721657,,,
1678,,,1218.424,,,,,361400,,,,,,,,,1789.793302,1634.823824,,868.3558,,,,,,,,,,,,,,,,,,,,,4294.36572,,,,,,,,,,,,291.56,,,,,,,,58807.182,,,,,,,,1002.694,776.127,265.599,1366.299,809.301,690.48,,,7350.242514,,,,,,,,,,,,,,365.8363543,742.7728307,393.3,898.548358,,,,765.648,,,,,,,,,,,,,,,,4626.806828,,,
1677,,,1626.152,,,,,951200,,,,,,,,,1600.426031,1342.143367,,214.7544,,,,,,,,,,,,,,,,,,,,,4930.92386,,,,,,,,,,,,1234.2078,,,,,,,,39977.956,,,,,,,,1368.092,897.115,429.381,1339.918,1370.517,829.29,,,14301.23246,,,,,,,,,,,,,,851.5630907,726.166961,358,96.727428,,,,1819.29888,,,,,,,,,,,,,,,,3670.998458,,,
1676,,,1441.668,,,,,464300,,,,,,,,,602.1901482,931.4644192,,184.977,,,,,,,,,,,,,,,,,,,,,7912.01148,,,,,,,,,,,,1930.36105,,,,,,,,72628.71,,,,,,,,1017.62,862.17,1032.21,1406.074,1125.133,520.59,,,10848.55101,,,,,,,,,,,,,,622.9143571,553.1491065,485.3,994.723939,,,,901.206,,,,,,,,,,,,,,,,6296.986079,,,
1675,,,1089.428,,,,,671600,,,,,,,,,1038.570576,946.8184805,,321.2748,,,,,,,,,,,,,,,,,,,,,7163.52698,,,,,,,,,,,,1587.476,,,,,,,,40114.024,,,,,,,,721.684,747.098,757.134,1313.759,884.226,824.53,,,12822.13739,,,,,,,,,,,,,,1060.158276,481.8250732,634.7,744.938657,,,,3208.86828,,,,,,,,,,,,,,,,7138.101382,,,
1674,,,1587.324,,,,,419600,,,,,,,,,1673.4601,1606.708299,,1391.4838,,,,,,,,,,,,,,,,,,,,,3550.4325,,,,,,,,,,,,801.57852,,,,,,,,107008.512,,,,,,,,505.07,903.408,879.471,1965.514,1668.33,1010.24,,,9350.027479,,,,,,,,,,,,,,1433.551833,854.1475013,1676.8,302.977209,,,,7035.18444,,,,,,,,,,,,,,,,5901.948385,,,
1673,,,1745.016,,,,,1039500,,,,,,,,,757.5387735,1062.245099,,1215.9294,,,,,,,,,,,,,,,,,,,,,4486.6604,,,,,,,,,,,,668.459,,,,,,,,118426.08,,,,,,,,439.348,1135.988,553.419,2113.218,1194.101,302.54,,,10462.7416,,,,,,,,,,,,,,2344.603135,1803.622138,684.7,1128.684713,,,,2183.259,,,,,,,,,,,,,,,,4844.737443,,,
1672,,,380.528,,,,,132700,,,,,,,,,1267.938815,1167.445476,,1598.3125,,,,,,,,,,,,,,,,,,,,,6727.04978,,,,,,,,,,,,991.539,,,,,,,,49036,,,,,,,,591.498,824.673,375.246,1145.89,837.125,302.61,,,6915.00454,,,,,,,,,,,,,,1437.85228,682.6704155,353.3,1268.61682,,,,1779.552,,,,,,,,,,,,,,,,5330.705955,,,
1671,,,950.368,,,,,453500,,,,,,,,,1840.434925,748.4137147,,756.4401,,,,,,,,,,,,,,,,,,,,,8348.22,,,,,,,,,,,,1947.708,,,,,,,,61590.32,,,,,,,,933.912,458.229,585.252,761.83,872.312,428.54,,,9143.204814,,,,,,,,,,,,,,605.0333774,339.1712996,709.4,810.225767,,,,1722.4425,,,,,,,,,,,,,,,,2079.253024,,,
1670,,,744.464,,,,,305000,,,,,,,,,1493.724359,937.0599028,,513.6098,,,,,,,,,,,,,,,,,,,,,3675.0294,,,,,,,,,,,,1081.06709,,,,,,,,51646.408,,,,,,,,,583.132,909.495,625.337,1596.55,440.3,,,8435.798525,,,,,,,,,,,,,,870.53692,314.7403032,1412.8,405.554956,,,,996.78,,,,,,,,,,,,,,,,2045.169617,,,
1669,,,529.992,,,,,551500,,,,,,,,,1198.615768,911.6813219,,345.1648,,,,,,,,,,,,,,,,,,,,,8059.0448,,,,,,,,,,,,740.24328,,,,,,,,66265.668,,,,,,,,344.658,624.283,888.84,631.775,1914.491,573.23,,,5624.370682,,,,,,,,,,,,,,528.535744,125.8313027,663.1,578.912932,,,,1427.09,,,,,,,,,,,,,,,,5742.539075,,,
1668,,,714.952,,,,,216500,,,,,,,,,734.1657235,766.843434,,778.005,,,,,,,,,,,,,,,,,,,,,4812.90183,,,,,,,,,,,,983.35152,,,,,,,,66626.952,,,,,,,,727.634,461.709,624.375,1365.226,1125.725,672.28,,,6516.848763,,,,,,,,,,,,,,1422.081366,577.6317133,269,558.1846,,,,2239.425,,,,,,,,,,,,,,,,4907.079807,,,
1667,,,712.708,,,,,640600,,,,,,,,,1257.298575,806.3009121,,651.6072,,,,,,,,,,,,,,,,,,,,,5040.9428,,,,,,,,,,,,1481.0348,,,,,,,,63612.48,,,,,,,,797.402,617.845,595.782,1222.073,1221.407,248.08,,,10130.82321,,,,,,,,,,,,,,629.607257,318.6404956,358.3,1489.698443,,,,405.816,,,,,,,,,,,,,,,,8976.152546,,,
1666,,,820.556,,,,,546900,,,,,,,,,1661.987237,1138.084689,,1062.1945,,,,,,,,,,,,,,,,,,,,,5069.1691,,,,,,,,,,,,1725.26727,,,,,,,,26830.65,,,,,,,,,606.622,799.632,1421.836,917.97,755.16,,,7491.584419,,,,,,,,,,,,,,721.7500928,1015.465696,201.2,588.729383,,,,304.28652,,,,,,,,,,,,,,,,5178.074139,,,
1665,,,581.264,,,,,660700,,,,,,,,,1232.373275,1335.816213,,938.9952,,,,,,,,,,,,,,,,,,,,,6736.57488,,,,,,,,,,,,1291.79853,,,,,,,,59732.058,,,,,,,,,673.438,794.475,1674.065,1474.487,902.58,,,5631.989236,,,,,,,,,,,,,,821.7922878,642.7459996,318.4,562.245214,,,,417.027,,,,,,,,,,,,,,,,6897.108996,,,
1664,,,811.104,,,,,339400,,,,,,,,,566.0393662,1429.859752,,1920.138,,,,,,,,,,,,,,,,,,,,,5270.0362,,,,,,,,,,,,1156.6624,,,,,,,,50445.969,,,,,,,,,735.585,906.687,1595.921,2200.205,952.14,,,10525.51156,,,,,,,,,,,,,,1208.338501,291.6510969,268.1,435.200412,,,,443.33622,,,,,,,,,,,,,,,,3581.645392,,,
1663,,,555.764,,,,,840400,,,,,,,,,968.4543593,1868.134016,,1103.778,,,,,,,,,,,,,,,,,,,,,8347.99482,,,,,,,,,,,,5808.58057,,,,,,,,53328.858,,,,,,,,,877.221,1016.523,1429.902,2283.011,869.4,,,9064.389135,,,,,,,,,,,,,,419.896015,263.154816,788.8,1079.57724,,,,696.0958,,,,,,,,,,,,,,,,7022.179057,,,
1662,,,845.308,,,,,1896900,,,,,,,,,2382.511812,915.1475315,,624.65,,,,,,,,,,,,,,,,,,,,,5417.4258,,,,,,,,,,,,2598.38761,,,,,,,,54181.56,,,,,,,,,764.15,879.66,1858.843,1160.838,1112.37,,,14269.29544,,,,,,,,,,,,,,874.6403543,342.6574578,410.7,730.772057,,,,1199.54,,,,,,,,,,,,,,,,6422.952991,,,
1661,,,1253.036,,,,,228000,,,,,,,,,3031.688126,1604.484509,,1382.1056,,,,,,,,,,,,,,,,,,,,,4002.61957,,,,,,,,,,,,1953.84042,,,,,,,,72899.397,,,,,,,,,675.671,795.096,1849.001,886.335,391.79,,,8700.558889,,,,,,,,,,,,,,184.8737856,392.1105811,517.4,467.868145,,,,1716.20652,,,,,,,,,,,,,,,,4897.662973,,,
1660,,,4308.82,,,,,180900,,,,,,,,,1843.214937,2072.287331,,972.6822,,,,,,,,,,,,,,,,,,,,,7902.28242,,,,,,,,,,,,1955.41871,,,,,,,,62448.174,,,,,,,,,684.168,869.157,1309.43,989.972,917.49,,,18789.38166,,,,,,,,,,,,,,536.9907732,156.2740522,434.6,829.000344,,,,1278.054,,,,,,,,,,,,,,,,7256.123155,,,
1659,,,1722.984,,,,,396500,,,,,,,,,2381.439205,2085.293989,,994.2263,,,,,,,,,,,,,,,,,,,,,10038.54214,,,,,,,,,,,,1046.7662,,,,,,,,52416.885,,,,,,,,,758.002,959.013,1404.557,1591.592,491.19,,,7052.949914,,,,,,,,,,,,,,1290.501775,118.7946116,1228.1,929.896456,,,,436.67622,,,,,,,,,,,,,,,,5164.626413,,,
1658,,,1201.424,,,,,593400,,,,,,,,,1668.755398,1653.347506,,3793.5909,,,,,,,,,,,,,,,,,,,,,5759.7819,,,,,,,,,,,,501.5385,,,,,,,,51176.196,,,,,,,,984.844,552.885,672.003,925.481,1111.887,969.08,,,17489.012,,,,,,,,,,,,,,1008.673308,668.3586225,1214.2,838.229841,,,,701.631,,,,,,,,,,,,,,,,4876.638238,,,
1657,,,652.664,,,,,158900,,,,,,,,,579.0733924,1330.412075,,2100.2968,,,,,,,,,,,,,,,,,,,,,5763.53541,,,,,,,,,,,,2687.4282,,,,,,,,66950.217,,,,,,,,2189.702,850.657,500.688,705.997,2223.552,830.9,,,11482.77771,,,,,,,,,,,,,,1696.83259,691.1646214,1542.9,1326.33379,,,,1084.97727,,,,,,,,,,,,,,,,2109.958254,,,
1656,,,575.008,,,,,955100,,,,,,,,,1297.442408,2535.049265,,1065.2148,,,,,,,,,,,,,,,,,,,,,4534.43874,,,,,,,,,,,,1712.41852,,,,,,,,77332.854,,,,,,,,932.246,1229.281,624.996,652.199,2160.948,346.64,,,10021.50517,,,,,,,,,,,,,,570.171888,583.9332467,560.5,542.21497,,,,2641.8,,,,,,,,,,,,,,,,3459.230855,,,
1655,,,957.032,,,,,350000,,,,,,,,,2317.30456,2274.758484,,1793.2402,,,,,,,,,,,,,,,,,,,,,5713.0321,,,,,,,,,,,,1161.6006,,,,,,,,71802.964,,,,,,,,819.366,1029.877,661.257,823.028,1280.459,498.61,,,11821.46732,,,,,,,,,,,,,,1020.545856,687.3425281,620,722.244864,,,,906.5925,,,,,,,,,,,,,,,,2839.501916,,,
1654,,,1801.66,,,,,244800,,,,,,,,,4828.378991,1202.82405,,2592.0093,,,,,,,,,,,,,,,,,,,,,4604.70144,,,,,,,,,,,,1486.198,,,,,,,,37690.56,,,,,,,,893.928,577.651,516.348,666.703,1181.077,841.82,,,8441.886255,,,,,,,,,,,,,,856.6224288,580.9324215,440.4,900.192427,,,,982.13022,,,,,,,,,,,,,,,,2817.919763,,,
1653,,,948.532,,,,,595200,,,,,,,,,933.5152035,2042.94783,,855.118,,,,,,,,,,,,,,,,,,,,,3140.08673,,,,,,,,,,,,530.706,,,,,,,,61465.338,,,,,,,,1159.468,239.946,482.652,415.399,1278.535,511.35,,,17045.62098,,,,,,,,,,,,,,974.0146992,869.6444506,670.3,774.977784,,,,1139.07978,,,,,,,,,,,,,,,,4823.539929,,,
1652,,,1523.54,,,,,258700,,,,,,,,,670.6440737,433.7000136,,645.1431,,,,,,,,,,,,,,,,,,,,,,,,,,,,,,,,,1643.39875,,,,,,,,96075.6,,,,,,,,1377.884,105.183,459.243,430.902,1490.693,1568.56,,,4908.405584,,,,,,,,,,,,,,1667.292294,725.4896079,866,739.429021,,,,492.84,,,,,,,,,,,,,,,,8372.448739,,,
1651,,,999.124,,,,,181400,,,,,,,,,575.6995663,1222.828542,,4424.4812,,,,,,,,,,,,,,,,,,,,,,,,,,,,,,,,,1207.3065,,,,,,,,44023.38,,,,,,,,1341.878,162.545,646.218,1167.757,2214.746,1495.62,,,5726.634148,,,,,,,,,,,,,,1595.313034,642.1786702,841.1,990.120099,,,,922.62978,,,,,,,,,,,,,,,,7027.285298,,,
1650,,,864.756,,,,,733600,,,,,,,,,4115.481177,1401.496036,,1008.7564,,,,,,,,,,,,,,,,,,,,,,,,,,,,,,,,,1265.65964,,,,,,,,81753.408,,,,,,,,1029.86,435.29,417.771,1322.824,788.174,1743.56,,,11695.08451,,,,,,,,,,,,,,1136.88288,467.9765904,379.1,515.744756,,,,1127.98422,,,,,,,,,,,,,,,,1777.130471,,,
1649,,,1555.84,,,,,427500,,,,,,,,,2458.327375,1470.280571,,1242.1512,,,,,,,,,,,,,,,,,,,,,,,,,,,,,,,,,929.92623,,,,,,,,58572.72,,,,,,,,762.858,714.27,472.986,1434.157,1771.264,1064.14,,,10093.47865,,,,,,,,,,,,,,652.3731093,681.6829808,612,1001.491444,,,,1158.84,,,,,,,,,,,,,,,,6933.960625,,,
1648,,,982.94,,,,,891200,,,,,,,,,998.147206,2253.889601,,995.0526,,,,,,,,,,,,,,,,,,,,,,,,,,,,,,,,,948.56575,,,,,,,,57684,,,,,,,,853.978,820.758,736.803,1220.889,2734.559,1401.05,,,6550.401104,,,,,,,,,,,,,,1300.912213,420.8205634,632.5,896.500271,,,,773.892,,,,,,,,,,,,,,,,3735.870578,,,
1647,,,1329.944,,,,,470100,,,,,,,,,1671.4664,2111.571903,,748.1385,,,,,,,,,,,,,,,,,,,,,,,,,,,,,,,,,967.66164,,,,,,,,47093.696,,,,,,,,1132.812,520.579,462.186,1362.932,1614.347,630.07,,,6711.642398,,,,,,,,,,,,,,1485.519776,442.4244557,689.3,932.46353,,,,1591.74,,,,,,,,,,,,,,,,11331.46935,,,
1646,,,1340.144,,,,,308100,,,,,,,,,1822.085246,940.8832567,,1625.8452,,,,,,,,,,,,,,,,,,,,,,,,,,,,,,,,,851.59612,,,,,,,,40400.397,,,,,,,,1403.146,527.075,533.385,1230.472,846.671,783.23,,,8143.778173,,,,,,,,,,,,,,780.2264888,392.3905996,332.6,1096.641419,,,,2525.472,,,,,,,,,,,,,,,,6414.83519,,,
1645,,,1478.796,,,,,988600,,,,,,,,,1922.863614,831.3438208,,4167.9624,,,,,,,,,,,,,,,,,,,,,,,,,,,,,,,,,1877.309,,,,,,,,45753.831,,,,,,,,1300.568,776.533,811.08,704.739,1364.227,808.22,,,6100.285682,,,,,,,,,,,,,,803.0061424,401.8658021,137.1,1139.923632,,,,2154.72978,,,,,,,,,,,,,,,,4674.905731,,,
1644,,,4522,,,,,356600,,,,,,,,,1421.137813,1118.652003,,3172.527,,,,,,,,,,,,,,,,,,,,,,,,,,,,,,,,,153.7112,,,,,,,,50107.731,,,,,,,,962.54,745.445,1049.085,869.722,929.144,1090.04,,,9782.350899,,,,,,,,,,,,,,575.343384,827.2209349,1224.4,464.508704,,,,1539.792,,,,,,,,,,,,,,,,6358.034791,,,
1643,,,845.92,,,,,485900,,,,,,,,,2511.893287,1455.909075,,1235.4036,,,,,,,,,,,,,,,,,,,,,,,,,,,,,,,,,1106.322,,,,,,,,39394.124,,,,,,,,684.114,548.448,1055.97,1757.389,1409.034,2678.83,,,11879.93732,,,,,,,,,,,,,,2569.256461,758.8557713,869,341.865081,,,,1579.6558,,,,,,,,,,,,,,,,7297.454591,,,
1642,,,2113.644,,,,,557300,,,,,,,,,1379.336299,2025.550196,,1366.9621,,,,,,,,,,,,,,,,,,,,,,,,,,,,,,,,,1287.078,,,,,,,,63009.144,,,,,,,,559.028,307.719,1070.199,1288.599,1935.211,1614.34,,,13647.76914,,,,,,,,,,,,,,1686.501367,800.7779865,799.1,868.519385,,,,2554.4025,,,,,,,,,,,,,,,,3099.74872,,,
1641,,,1237.26,,,,,646200,,,,,,,,,980.3226211,997.022275,,1598.868,,,,,,,,,,,,,,,,,,,,,,,,,,,,,,,,,1089.15271,,,,,,,,42298.725,,,,,,,,505.648,250.125,625.023,713.693,598.253,954.59,,,9702.499814,,,,,,,,,,,,,,981.68729,609.1659103,263,779.98725,,,,2400.24438,,,,,,,,,,,,,,,,4211.543345,,,
1640,,,771.188,,,,,419500,,,,,,,,,1765.646903,3355.956853,,1240.1114,,,,,,,,,,,,,,,,,,,,,,,,,,,,,,,,,1527.4518,,,,,,,,65934.675,,,,,,,,441.15,555.408,596.808,372.886,312.65,1165.08,,,8785.539811,,,,,,,,,,,,,,842.3769439,461.4864976,1356,283.544239,,,,1005.21,,,,,,,,,,,,,,,,5445.702814,,,
1639,,,2585.36,,,,,52100,,,,,,,,,2617.302785,2539.231489,,1549.1412,,,,,,,,,,,,,,,,,,,,,,,,,,,,,,,,,339.9584,,,,,,,,43701.15,,,,,,,,329.12,501.671,397.359,345.099,565.767,349.23,,,3527.271907,,,,,,,,,,,,,,845.1535656,187.1616382,789.9,517.732659,,,,2683.845,,,,,,,,,,,,,,,,4519.568234,,,
1638,,,1329.06,,,,,454700,,,,,,,,,3986.371254,1032.267056,,479.1688,,,,,,,,,,,,,,,,,,,,,,,,,,,,,,,,,812.864,,,,,,,,37772.785,,,,,,,,318.274,516.113,464.319,416.028,740.962,995.75,,,7242.686302,,,,,,,,,,,,,,612.5837388,731.9158992,617.3,998.681275,,,,3862.33875,,,,,,,,,,,,,,,,6975.325509,,,
1637,,,865.164,,,,,834600,,,,,,,,,2312.856144,1948.823148,,530.8121,,,,,,,,,,,,,,,,,,,,,,,,,,,,,,,,,1421.15404,,,,,,,,89403.162,,,,,,,,280.092,560.367,771.768,407.259,411.514,939.47,,,4242.641299,,,,,,,,,,,,,,1302.626998,536.5351335,688,329.955933,,,,1554.54,,,,,,,,,,,,,,,,5733.815031,,,
1636,,,830.212,,,,,706900,,,,,,,,,966.8243246,1139.813366,,999.2334,,,,,,,,,,,,,,,,,,,,,,,,,,,,,,,,,686.82266,,,,,,,,40943.565,,,,,,,,438.26,583.19,662.526,651.866,573.796,888.79,,,20478.4274,,,,,,,,,,,,,,827.9847041,958.5987343,740.3,748.70407,,,,758.33028,,,,,,,,,,,,,,,,5004.394042,,,
1635,,,2083.18,,,,,148700,,,,,,,,,938.4667025,603.2336959,,1323.274,,,,,,,,,,,,,,,,,,,,,,,,,,,,,,,,,664.8642,,,,,,,,12582.15,,,,,,,,626.28,511.647,627.561,1419.764,802.715,865.62,,,5140.412098,,,,,,,,,,,,,,854.5606298,643.3721219,573,1338.849606,,,,1162.458,,,,,,,,,,,,,,,,5741.146875,,,
1634,,,764.864,,,,,371200,,,,,,,,,453.8661714,1242.711747,,1285.3432,,,,,,,,,,,,,,,,,,,,,,,,,,,,,,,,,2386.176,,,,,,,,72421.02,,,,,,,,842.282,401.215,335.475,1391.385,425.093,914.06,,,7246.152429,,,,,,,,,,,,,,876.34419,325.681668,766.6,826.584122,,,,2046.8928,,,,,,,,,,,,,,,,2480.686724,,,
1633,,,768.74,,,,,565500,,,,,,,,,1439.143828,1839.356887,,1095.536,,,,,,,,,,,,,,,,,,,,,,,,,,,,,,,,,1515.43305,,,,,,,,48371.323,,,,,,,,892.806,408.175,363.906,867.724,259.74,545.16,,,6258.476224,,,,,,,,,,,,,,558.190125,484.5693701,297,709.50543,,,,452.808,,,,,,,,,,,,,,,,5530.722806,,,
1632,,,1387.676,,,,,551100,,,,,,,,,1929.952573,1381.659803,,954.6495,,,,,,,,,,,,,,,,,,,,,,,,,,,,,,,,,677.293,,,,,,,,40447.11,,,,,,,,797.64,447.354,661.122,712.287,525.918,613.48,,,7907.429039,,,,,,,,,,,,,,2156.171948,512.1051083,436.6,205.869701,,,,1636.35372,,,,,,,,,,,,,,,,4005.552638,,,
1631,,,984.844,,,,,200300,,,,,,,,,1128.583401,1354.64276,,967.9665,,,,,,,,,,,,,,,,,,,,,,,,,,,,,,,,,848.65,,,,,,,,48825.803,,,,,,,,847.314,789.206,768.123,667.739,383.505,631.47,,,9749.969104,,,,,,,,,,,,,,1268.756703,599.6662118,726.7,456.766463,,,,1403.872,,,,,,,,,,,,,,,,4373.912058,,,
1630,,,1695.58,,,,,319700,,,,,,,,,640.9509181,1299.596058,,800.569,,,,,,,,,,,,,,,,,,,,,,,,,,,,,,,,,1657.018,,,,,,,,44457.689,,,,,,,,986.476,784.102,703.458,829.281,471.787,716.66,,,7381.470776,,,,,,,,,,,,,,495.454548,407.4701595,551,871.902782,,,,1073.6292,,,,,,,,,,,,,,,,5152.129404,,,
1629,,,1979.208,,,,,524200,,,,,,,,,889.9743185,997.8446692,,574.7166,,,,,,,,,,,,,,,,,,,,,,,,,,,,,,,,,3607.12346,,,,,,,,48841.65,,,,,,,,1148.316,774.648,694.035,948.014,1049.542,289.87,,,6530.506136,,,,,,,,,,,,,,1463.551331,482.4769906,632.5,561.029089,,,,1736.676,,,,,,,,,,,,,,,,2724.094402,,,
1628,,,2193.952,,,,,337000,,,,,,,,,1027.675446,1661.470359,,,,,,,,,,,,,,,,,,,,,,,,,,,,,,,,,,,856.84284,,,,,,,,53534.156,,,,,,,,1278.944,588.497,650.457,1120.508,1525.806,313.74,,,6451.40982,,,,,,,,,,,,,,1213.388786,709.7702015,350,642.658782,,,,1585.056,,,,,,,,,,,,,,,,3255.272172,,,
1627,,,1084.668,,,,,376200,,,,,,,,,1649.782782,1500.230057,,,,,,,,,,,,,,,,,,,,,,,,,,,,,,,,,,,1860.73251,,,,,,,,29783.16,,,,,,,,569.466,406.493,812.403,1363.857,1193.324,1331.61,,,7391.910811,,,,,,,,,,,,,,1890.457806,491.1253164,571.9,353.444935,,,,1651.005,,,,,,,,,,,,,,,,4621.98092,,,
1626,,,1391.756,,,,,344300,,,,,,,,,1635.538954,1372.038426,,1225.4072,,,,,,,,,,,,,,,,,,,,,,,,,,,,,,,,,977.85909,,,,,,,,56850.365,,,,,,,,673.03,818.438,898.29,933.066,905.094,1098.86,,,8443.229477,,,,,,,,,,,,,,2540.348026,382.4423259,837.3,1008.992058,,,,2025.09828,,,,,,,,,,,,,,,,5476.989395,,,
1625,,,1117.92,,,,,544100,,,,,,,,,1255.976694,1073.173429,,621.233,,,,,,,,,,,,,,,,,,,,,,,,,,,,,,,,,1089.088,,,,,,,,75918.722,,,,,,,,900.762,585.046,900.342,1152.735,887.001,997.36,,,6183.570333,,,,,,,,,,,,,,555.3104256,610.3165528,546.6,475.204848,,,,1696.32,,,,,,,,,,,,,,,,6789.461464,,,
1624,,,845.58,,,,,403000,,,,,,,,,821.1387875,889.3191672,,456.4736,,,,,,,,,,,,,,,,,,,,,,,,,,,,,,,,,523.88937,,,,,,,,50829.264,,,,,,,,1087.83,685.763,646.083,1059.199,914.825,6163.15,,,6569.021361,,,,,,,,,,,,,,1404.772902,811.4031122,274.5,522.17222,,,,1204.5981,,,,,,,,,,,,,,,,8391.307863,,,
1623,,,2002.6,,,,,595700,,,,,,,,,347.3967654,922.7184536,,752.5968,,,,,,,,,,,,,,,,,,,,,,,,,,,,,,,,,1226.69526,,,,,,,,50739.15,,,,,,,,1086.912,961.408,635.067,1782.031,1289.339,2685.62,,,7590.701047,,,,,,,,,,,,,,833.868536,299.999384,602.8,373.941964,,,,929.328,,,,,,,,,,,,,,,,3651.112378,,,
1622,,,490.824,,,,,624200,,,,,,,,,549.7241624,1645.689996,,777.669,,,,,,,,,,,,,,,,,,,,,,,,,,,,,,,,,1074.9216,,,,,,,,87490.459,,,,,,,,891.65,572.895,786.186,1357.456,1200.613,799.19,,,6403.496176,,,,,,,,,,,,,,765.6403254,659.2988003,702.6,875.993246,,,,2190.92496,,,,,,,,,,,,,,,,3780.964133,,,
1621,,,941.528,,,,,299800,,,,,,,,,1814.186238,1095.149111,,1153.6861,,,,,,,,,,,,,,,,,,,,,,,,,,,,,,,,,997.31604,,,,,,,,58283.748,,,,,,,,856.46,517.389,827.766,839.493,1067.265,3390.94,,,7028.493143,,,,,,,,,,,,,,333.7137108,1008.187903,375.6,602.081193,,,,777.17448,,,,,,,,,,,,,,,,7730.207119,,,
1620,,,861.628,,,,,298200,,,,,,,,,5242.555777,2486.798796,,1210.1554,,,,,,,,,,,,,,,,,,,,,,,,,,,,,,,,,771.48813,,,,,,,,28896.004,,,,,,,,966.28,620.629,808.758,,1435.156,25435.9,,,,,,,,,,,,,,,,,716.190378,921.2161906,562.1,554.32362,,,,1975.848,,,,,,,,,,,,,,,,3916.122898,,,
1619,,,1504.704,,,,,469400,,,,,,,,,1656.067435,1340.078085,,806.526,,,,,,,,,,,,,,,,,,,,,,,,,,,,,,,,,1379.975,,,,,,,,48681.455,,,,,,,,1423.342,702.467,564.786,,2046.803,2208.08,,,,,,,,,,,,,,,,,916.5976728,402.7775137,349.1,846.056795,,,,2270.741984,,,,,,,,,,,,,,,,6025.601228,,,
1618,,,766.7,,,,,312200,,,,,,,,,1699.146896,1010.863337,,760.6797,,,,,,,,,,,,,,,,,,,,,,,,,,,,,,,,,1062.9828,,,,,,,,64057.254,,,,,,,,1569.1,469.771,498.069,,1578.79,2531.34,,,,,,,,,,,,,,,,,827.5480425,493.0532927,503.3,1144.415785,,,,1205.36,,,,,,,,,,,,,,,,5180.770009,,,
1617,,,1243.312,,,,,765800,,,,,,,,,5327.608651,991.5680058,,2415.5901,,,,,,,,,,,,,,,,,,,,,,,,,,,,,,,,,3663.86562,,,,,,,,54307.669,,,,,,,,1157.802,720.447,715.77,,544.566,5352.97,,,,,,,,,,,,,,,,,428.608125,322.637811,388.8,535.475862,,,,2122.68,,,,,,,,,,,,,,,,4359.545065,,,
1616,,,1020.408,,,,,570000,,,,,,,,,7946.537196,944.5851219,,1876.3,,,,,,,,,,,,,,,,,,,,,,,,,,,,,,,,,397.5178,,,,,,,,53421.87,,,,,,,,931.702,560.483,835.056,,559.107,2525.18,,,,,,,,,,,,,,,,,1263.777225,635.3802716,206.2,424.383036,,,,460.469125,,,,,,,,,,,,,,,,2737.956946,,,
1615,,,673.472,,,,,304300,,,,,,,,,1321.840357,2216.764957,,1586.8336,,,,,,,,,,,,,,,,,,,,,,,,,,,,,,,,,409.05678,,,,,,,,65671.578,,,,,,,,485.928,382.945,671.463,,311.133,1011.5,,,,,,,,,,,,,,,,,308.2898,1191.136281,1285.4,946.165692,,,,397.8975,,,,,,,,,,,,,,,,8253.116463,,,
1614,,,515.168,,,,,207500,,,,,,,,,767.4395373,1207.812986,,685.2608,,,,,,,,,,,,,,,,,,,,,,,,,,,,,,,,,849.282,,,,,,,,85277.445,,,,,,,,489.838,408.494,553.041,,846.412,1011.08,,,,,,,,,,,,,,,,,2093.47905,1245.807731,1035.8,397.874268,,,,2016.24885,,,,,,,,,,,,,,,,3831.426968,,,
1613,,,874.684,,,,,588200,,,,,,,,,570.4977187,2214.461927,,470.9672,,,,,,,,,,,,,,,,,,,,,,,,,,,,,,,,,1331.25525,,,,,,,,54402.291,,,,,,,,896.308,335.414,855.873,,2679.614,296.45,,,,,,,,,,,,,,,,,730.271225,599.2651714,1321.4,183.256805,,,,1990.45,,,,,,,,,,,,,,,,3579.404074,,,
1612,,,672.044,,,,,518500,,,,,,,,,1366.476225,1711.103172,,802.1976,,,,,,,,,,,,,,,,,,,,,,,,,,,,,,,,,798.228,,,,,,,,97014,,,,,,,,938.162,851.759,1263.411,,2878.97,1015.63,,,,,,,,,,,,,,,,,675.3701225,630.455425,854.9,471.470886,,,,2194.5,,,,,,,,,,,,,,,,5902.573349,,,
1611,,,997.628,,,,,1389000,,,,,,,,,2304.701098,1335.609256,,1136.3242,,,,,,,,,,,,,,,,,,,,,,,,,,,,,,,,,843.75258,,,,,,,,49610.862,,,,,,,,812.362,1177.197,1082.592,,1024.493,1909.74,,,,,,,,,,,,,,,,,502.2663,552.6536664,692.8,1163.908252,,,,5468.124,,,,,,,,,,,,,,,,4328.624529,,,
1610,,,695.3,,,,,389100,,,,,,,,,825.9519855,814.4934949,,948.1152,,,,,,,,,,,,,,,,,,,,,,,,,,,,,,,,,976.64017,,,,,,,,43549.971,,,,,,,,1096.67,889.865,869.94,,837.236,620.9,,,,,,,,,,,,,,,,,349.319475,231.5246613,1102.7,905.003621,,,,2648.87553,,,,,,,,,,,,,,,,4333.981527,,,
1609,,,1784.592,,,,,227100,,,,,,,,,4233.37933,953.5138116,,1126.699,,,,,,,,,,,,,,,,,,,,,,,,,,,,,,,,,1137.519,,,,,,,,47256.03,,,,,,,,767.958,1125.258,876.285,,874.236,412.72,,,,,,,,,,,,,,,,,644.7920888,498.0533663,1146.7,787.805304,,,,755.87358,,,,,,,,,,,,,,,,5075.790595,,,
1608,,,2473.432,,,,,350100,,,,,,,,,4058.170401,1082.343677,,659.4509,,,,,,,,,,,,,,,,,,,,,,,,,,,,,,,,,493.14974,,,,,,,,64697.85,,,,,,,,503.166,780.477,843.723,,332.593,839.79,,,,,,,,,,,,,,,,,2103.384839,780.6739213,809.1,1551.391004,,,,815.4775,,,,,,,,,,,,,,,,4186.62352,,,
1607,,,2440.86,,,,,287200,,,,,,,,,887.7520264,1292.269246,,844.668,,,,,,,,,,,,,,,,,,,,,,,,,,,,,,,,,593.2035,,,,,,,,38492.685,,,,,,,,495.55,380.074,858.573,,427.165,696.36,,,,,,,,,,,,,,,,,997.2788056,385.6588745,843.4,863.6732,,,,749.501835,,,,,,,,,,,,,,,,2881.107046,,,
1606,,,869.856,,,,,700300,,,,,,,,,1339.116964,1750.906337,,762.7692,,,,,,,,,,,,,,,,,,,,,,,,,,,,,,,,,990.02983,,,,,,,,160983.072,,,,,,,,644.946,772.676,701.514,,1299.625,1507.45,,,,,,,,,,,,,,,,,2532.437796,250.3435205,477,603.563318,,,,937.41558,,,,,,,,,,,,,,,,3328.212173,,,
1605,,,972.74,,,,,290700,,,,,,,,,2253.257387,1311.694713,,579.7748,,,,,,,,,,,,,,,,,,,,,,,,,,,,,,,,,426.6286,,,,,,,,67125.592,,,,,,,,1094.256,696.145,377.568,,855.477,1568.49,,,,,,,,,,,,,,,,,928.1671533,315.9024841,581.5,620.466986,,,,1332.73,,,,,,,,,,,,,,,,1911.824355,,,
1604,,,901.884,,,,,726100,,,,,,,,,759.508273,1320.162961,,384.79,,,,,,,,,,,,,,,,,,,,,,,,,,,,,,,,,697.98575,,,,,,,,39553.56,,,,,,,,787.168,884.21,827.415,,650.497,1058.12,,,,,,,,,,,,,,,,,1233.097448,1023.194334,803.2,1243.35232,,,,310.26816,,,,,,,,,,,,,,,,3784.972417,,,
1603,,,1166.132,,,,,554300,,,,,,,,,260.1972765,1283.813236,,506.548,,,,,,,,,,,,,,,,,,,,,,,,,,,,,,,,,1313.272,,,,,,,,66882.16,,,,,,,,842.316,421.805,944.622,,1080.178,678.86,,,,,,,,,,,,,,,,,1985.558062,627.593372,1107.3,1110.935514,,,,654.192,,,,,,,,,,,,,,,,6572.903751,,,
1602,,,865.368,,,,,523000,,,,,,,,,880.2027875,1048.818996,,1125.0427,,,,,,,,,,,,,,,,,,,,,,,,,,,,,,,,,703.618,,,,,,,,57343.83,,,,,,,,923.1,522,909.09,,1848.964,1161.86,,,,,,,,,,,,,,,,,1249.309455,1561.036318,1459.9,928.291152,,,,350.427,,,,,,,,,,,,,,,,6843.205439,,,
1601,,,989.876,,,,,646300,,,,,,,,,903.7462652,1378.718461,,252.7305,,,,,,,,,,,,,,,,,,,,,,,,,,,,,,,,,1334.25822,,,,,,,,61468.512,,,,,,,,1167.628,1242.563,934.74,,958.966,703.22,,,,,,,,,,,,,,,,,2077.028208,1400.429317,642.6,618.360599,,,,693.92169,,,,,,,,,,,,,,,,5640.302148,,,
1600,,,992.528,,,,,869000,,,,,,,,,2028.183353,1256.725806,,565.5336,,,,,,,,,,,,,,,,,,,,,,,,,,,,,,,,,2085.49758,,,,,,,,59856.35,,,,,,,,1124.958,1054.643,725.139,,439.782,331.94,,,,,,,,,,,,,,,,,972.5669184,507.2537886,435.9,1037.675808,,,,2205.28308,,,,,,,,,,,,,,,,5119.861179,,,
1599,,,1598.748,,,,,234700,,,,,,,,,2414.147375,1203.721117,,1617.2198,,,,,,,,,,,,,,,,,,,,,,,,,,,,,,,,,1023.56317,,,,,,,,36885.1,,,,,,,,866.116,660.301,664.2,,763.273,205.87,,,,,,,,,,,,,,,,,1018.893269,582.5208144,1803.7,491.852323,,,,1226.09025,,,,,,,,,,,,,,,,4668.021302,,,
1598,,,1069.096,,,,,175200,,,,,,,,,1331.501222,2305.679468,,1774.3424,,,,,,,,,,,,,,,,,,,,,,,,,,,,,,,,,1054.117,,,,,,,,33791.025,,,,,,,,750.38,348.145,738.018,,780.552,1231.23,,,,,,,,,,,,,,,,,629.251392,461.8593131,1274.9,536.805038,,,,1306.536,,,,,,,,,,,,,,,,3244.290473,,,
1597,,,1254.056,,,,,339000,,,,,,,,,996.6377781,2624.466209,,757.538,,,,,,,,,,,,,,,,,,,,,,,,,,,,,,,,,743.56626,,,,,,,,36500.448,,,,,,,,703.222,509.298,738.18,,1129.684,1530.2,,,,,,,,,,,,,,,,,836.07108,278.9876987,516.9,802.293251,,,,2106.17181,,,,,,,,,,,,,,,,2480.769072,,,
1596,,,1108.536,,,,,299200,,,,,,,,,707.5567021,1402.946897,,673.1315,,,,,,,,,,,,,,,,,,,,,,,,,,,,,,,,,1758.82007,,,,,,,,67931.88,,,,,,,,754.324,709.05,949.644,,1493.061,1018.71,,,,,,,,,,,,,,,,,296.8470651,507.8407361,789,1557.959952,,,,2420.9838,,,,,,,,,,,,,,,,4489.164155,,,
1595,,,2078.42,,,,,309900,,,,,,,,,975.1631607,5998.968321,,492.6146,,,,,,,,,,,,,,,,,,,,,,,,,,,,,,,,,1648.48631,,,,,,,,41406.555,,,,,,,,738.004,791.207,1235.547,,1550.929,632.03,,,,,,,,,,,,,,,,,1095.42955,852.1728097,893.1,1777.571965,,,,771.635,,,,,,,,,,,,,,,,5180.023925,,,
1594,,,1190.748,,,,,452000,,,,,,,,,1358.354668,2765.051324,,516.9878,,,,,,,,,,,,,,,,,,,,,,,,,,,,,,,,,1896.30376,,,,,,,,142240.602,,,,,,,,554.472,938.991,1090.962,,776.371,646.87,,,,,,,,,,,,,,,,,1377.135875,1719.323253,748.7,1062.926641,,,,2010.12825,,,,,,,,,,,,,,,,5142.433226,,,
1593,,,1211.08,,,,,768900,,,,,,,,,1645.71354,1391.780776,,1330.8672,,,,,,,,,,,,,,,,,,,,,,,,,,,,,,,,,1777.44168,,,,,,,,79617.651,,,,,,,,615.604,501.816,750.411,,926.036,577.57,,,,,,,,,,,,,,,,,1303.628623,438.4143413,675,533.230666,,,,5483.4,,,,,,,,,,,,,,,,6362.281819,,,
1592,,,1347.012,,,,,461600,,,,,,,,,1396.016705,1995.708638,,923.9424,,,,,,,,,,,,,,,,,,,,,,,,,,,,,,,,,,,,,,,,,41985.419,,,,,,,,695.232,260.797,802.17,,1308.579,833.28,,,,,,,,,,,,,,,,,625.884903,564.2059752,1119.9,558.941436,,,,896.22,,,,,,,,,,,,,,,,2776.537648,,,
1591,,,2349.468,,,,,132400,,,,,,,,,1838.55286,2156.89605,,1021.1152,,,,,,,,,,,,,,,,,,,,,,,,,,,,,,,,,,,,,,,,,41770.208,,,,,,,,636.548,220.313,715.932,,1063.824,1017.52,,,,,,,,,,,,,,,,,1257.482996,287.991171,1060.7,436.439173,,,,2975.8755,,,,,,,,,,,,,,,,4783.116713,,,
1590,,,1153.144,,,,,747600,,,,,,,,,4073.160375,1291.217878,,655.8351,,,,,,,,,,,,,,,,,,,,,,,,,,,,,,,,,,,,,,,,,96866.984,,,,,,,,618.528,735.469,530.739,,1279.053,1136.94,,,,,,,,,,,,,,,,,832.675725,248.6481053,538.2,743.461893,,,,3449.628,,,,,,,,,,,,,,,,6265.14637,,,
1589,,,670.412,,,,,404000,,,,,,,,,834.009223,759.9686218,,585.9212,,,,,,,,,,,,,,,,,,,,,,,,,,,,,,,,,,,,,,,,,63695.832,,,,,,,,642.702,795.267,595.296,,593.628,1564.5,,,,,,,,,,,,,,,,,1117.221599,336.8919961,583,728.740614,,,,318.6927,,,,,,,,,,,,,,,,7095.83288,,,
1588,,,994.568,,,,,257400,,,,,,,,,850.5798493,710.108445,,2085.7848,,,,,,,,,,,,,,,,,,,,,,,,,,,,,,,,,,,,,,,,,47603.721,,,,,,,,774.86,408.378,567.864,,1276.833,6043.8,,,,,,,,,,,,,,,,,515.7472852,693.0227755,676.2,921.512321,,,,680.3919,,,,,,,,,,,,,,,,2683.054255,,,
1587,,,657.016,,,,,929500,,,,,,,,,1170.01402,1176.03231,,1143.8568,,,,,,,,,,,,,,,,,,,,,,,,,,,,,,,,,,,,,,,,,90901.888,,,,,,,,1077.392,610.682,669.492,,2379.951,2087.96,,,,,,,,,,,,,,,,,598.5241612,305.5299181,208.2,982.525926,,,,1282.8819,,,,,,,,,,,,,,,,6844.504692,,,
1586,,,3199.944,,,,,279800,,,,,,,,,1917.458611,1138.312269,,464.7698,,,,,,,,,,,,,,,,,,,,,,,,,,,,,,,,,,,,,,,,,47573.614,,,,,,,,1061.718,632.171,509.733,,1511.413,1077.23,,,,,,,,,,,,,,,,,768.7345498,593.7287724,799.7,580.883872,,,,1686.8789,,,,,,,,,,,,,,,,3774.036471,,,
1585,,,3023.756,,,,,418500,,,,,,,,,1171.679057,1218.211295,,563.27,,,,,,,,,,,,,,,,,,,,,,,,,,,,,,,,,,,,,,,,,128908.077,,,,,,,,687.038,587.946,587.277,,535.797,895.51,,,,,,,,,,,,,,,,,1108.619732,540.8109867,379.1,723.556572,,,,669.18,,,,,,,,,,,,,,,,5419.929046,,,
1584,,,1864.968,,,,,345700,,,,,,,,,643.5911257,3251.791513,,359.744,,,,,,,,,,,,,,,,,,,,,,,,,,,,,,,,,,,,,,,,,67922.68,,,,,,,,520.132,636.637,754.893,,218.485,1831.62,,,,,,,,,,,,,,,,,411.4137972,472.7455991,291.7,1060.737368,,,,1577.56844,,,,,,,,,,,,,,,,8426.060044,,,
1583,,,583.576,,,,,282000,,,,,,,,,948.6100602,2005.137923,,1146.4392,,,,,,,,,,,,,,,,,,,,,,,,,,,,,,,,,,,,,,,,,40477.815,,,,,,,,577.456,568.371,1019.817,,693.01,1510.88,,,,,,,,,,,,,,,,,324.8537208,350.2428959,924.2,674.741496,,,,1100.202,,,,,,,,,,,,,,,,8476.587141,,,
1582,,,866.66,,,,,387000,,,,,,,,,1116.687297,1667.811905,,1012.0656,,,,,,,,,,,,,,,,,,,,,,,,,,,,,,,,,,,,,,,,,49701.16,,,,,,,,557.056,883.659,941.22,,839.974,331.17,,,,,,,,,,,,,,,,,1396.540412,525.1527248,643.9,673.205484,,,,489.6,,,,,,,,,,,,,,,,4213.924692,,,
1581,,,733.788,,,,,264900,,,,,,,,,573.7442292,1108.205423,,2204.016,,,,,,,,,,,,,,,,,,,,,,,,,,,,,,,,,,,,,,,,,59811.224,,,,,,,,588.88,827.95,653.643,,1732.636,1128.4,,,,,,,,,,,,,,,,,401.5791603,841.5556122,509.8,362.810052,,,,412.5,,,,,,,,,,,,,,,,4554.220824,,,
1580,,,944.044,,,,,405100,,,,,,,,,402.5361573,1752.324654,,1975.9704,,,,,,,,,,,,,,,,,,,,,,,,,,,,,,,,,,,,,,,,,43707.015,,,,,,,,749.122,1004.212,768.933,,927.553,675.36,,,,,,,,,,,,,,,,,846.975802,571.4756888,814.6,338.078485,,,,255,,,,,,,,,,,,,,,,8473.15981,,,
1579,,,445.74,,,,,468800,,,,,,,,,560.5172776,2067.270586,,1739.9556,,,,,,,,,,,,,,,,,,,,,,,,,,,,,,,,,,,,,,,,,43257.204,,,,,,,,1020.714,832.822,583.335,,841.269,405.16,,,,,,,,,,,,,,,,,1896.473403,720.8829679,672.8,953.931248,,,,2134.08,,,,,,,,,,,,,,,,5707.479268,,,
1578,,,630.088,,,,,441700,,,,,,,,,1028.250386,1553.214289,,1658.43,,,,,,,,,,,,,,,,,,,,,,,,,,,,,,,,,,,,,,,,,70846.302,,,,,,,,845.172,547.259,500.688,,1506.492,1133.16,,,,,,,,,,,,,,,,,3433.697482,1129.504264,477.7,342.888001,,,,981.5,,,,,,,,,,,,,,,,5327.041109,,,
1577,,,2964.392,,,,,512200,,,,,,,,,1742.408145,877.7390032,,2123.6772,,,,,,,,,,,,,,,,,,,,,,,,,,,,,,,,,,,,,,,,,37856.62,,,,,,,,607.41,636.086,759.618,,929.514,426.16,,,,,,,,,,,,,,,,,1582.686265,385.6682153,345.8,972.974098,,,,1113,,,,,,,,,,,,,,,,5959.755504,,,
1576,,,2377.076,,,,,380400,,,,,,,,,3046.402543,3069.599715,,1063.6751,,,,,,,,,,,,,,,,,,,,,,,,,,,,,,,,,,,,,,,,,60971.482,,,,,,,,441.864,667.58,912.492,,867.206,532,,,,,,,,,,,,,,,,,657.9191579,753.7830641,839.7,1298.102901,,,,2639.29,,,,,,,,,,,,,,,,2152.322611,,,
1575,,,1913.792,,,,,1175800,,,,,,,,,487.0990087,1446.886003,,884.6386,,,,,,,,,,,,,,,,,,,,,,,,,,,,,,,,,,,,,,,,,49852.5,,,,,,,,313.956,594.297,901.368,,950.641,1074.29,,,,,,,,,,,,,,,,,1235.120156,564.8609099,645.2,776.038264,,,,3566.077075,,,,,,,,,,,,,,,,4329.47597,,,
1574,,,1908.216,,,,,150600,,,,,,,,,1959.220211,1932.451609,,390.1284,,,,,,,,,,,,,,,,,,,,,,,,,,,,,,,,,,,,,,,,,59594.656,,,,,,,,272.102,442.337,567.243,,534.724,1088.5,,,,,,,,,,,,,,,,,666.7768015,744.6289622,936.3,691.838713,,,,688.2975,,,,,,,,,,,,,,,,2691.544065,,,
1573,,,1931.132,,,,,691400,,,,,,,,,3960.830402,1125.642888,,610.5078,,,,,,,,,,,,,,,,,,,,,,,,,,,,,,,,,,,,,,,,,53157.117,,,,,,,,341.598,517.998,497.448,,396.566,258.93,,,,,,,,,,,,,,,,,596.4060547,501.2695329,357.5,883.998653,,,,621.332775,,,,,,,,,,,,,,,,5383.671387,,,
1572,,,1194.352,,,,,537900,,,,,,,,,2797.45144,1407.441095,,725.868,,,,,,,,,,,,,,,,,,,,,,,,,,,,,,,,,,,,,,,,,65950.499,,,,,,,,469.472,396.053,589.653,,398.009,319.55,,,,,,,,,,,,,,,,,1130.332252,564.4800276,409,386.958712,,,,597.372975,,,,,,,,,,,,,,,,5412.262866,,,
1571,,,1175.448,,,,,319100,,,,,,,,,3350.336239,1674.066813,,766.661,,,,,,,,,,,,,,,,,,,,,,,,,,,,,,,,,,,,,,,,,46078.292,,,,,,,,631.55,216.63,904.662,,1123.801,753.97,,,,,,,,,,,,,,,,,1665.748755,591.4422891,620.3,713.99486,,,,743.780475,,,,,,,,,,,,,,,,4690.001602,,,
1570,,,762.552,,,,,643300,,,,,,,,,1612.258551,2254.455457,,922.777,,,,,,,,,,,,,,,,,,,,,,,,,,,,,,,,,,,,,,,,,36790.018,,,,,,,,613.326,512.343,801.9,,1037.221,570.15,,,,,,,,,,,,,,,,,435.1977566,747.4950571,552.8,939.587175,,,,2448.21,,,,,,,,,,,,,,,,3952.27824,,,
1569,,,1484.644,,,,,432000,,,,,,,,,757.3304196,922.9725766,,1111.9226,,,,,,,,,,,,,,,,,,,,,,,,,,,,,,,,,,,,,,,,,40667.22,,,,,,,,530.672,842.653,372.762,,823.583,352.66,,,,,,,,,,,,,,,,,731.6465241,378.2936889,328.5,744.342199,,,,1298.1774,,,,,,,,,,,,,,,,4648.524495,,,
1568,,,1332.664,,,,,479300,,,,,,,,,793.8582913,864.5537052,,1180.0066,,,,,,,,,,,,,,,,,,,,,,,,,,,,,,,,,,,,,,,,,62645.238,,,,,,,,515.882,682.051,442.152,,594.553,275.45,,,,,,,,,,,,,,,,,1004.112274,663.0576312,647.4,332.199206,,,,902.84805,,,,,,,,,,,,,,,,5972.002496,,,
1567,,,1049.852,,,,,541500,,,,,,,,,470.0672109,4708.965267,,808.8256,,,,,,,,,,,,,,,,,,,,,,,,,,,,,,,,,,,,,,,,,57448.48,,,,,,,,426.02,490.477,435.348,,946.941,655.9,,,,,,,,,,,,,,,,,1241.077908,707.8737071,665.3,317.109904,,,,2149.6761,,,,,,,,,,,,,,,,7094.972176,,,
1566,,,339.184,,,,,283800,,,,,,,,,670.6403883,978.4942661,,981.2325,,,,,,,,,,,,,,,,,,,,,,,,,,,,,,,,,,,,,,,,,77616.49,,,,,,,,387.43,325.09,444.879,,698.486,2284.52,,,,,,,,,,,,,,,,,329.130888,431.4948683,681,502.49255,,,,1281.296,,,,,,,,,,,,,,,,8678.316386,,,
1565,,,895.492,,,,,462100,,,,,,,,,837.7683015,1343.365695,,196.0372,,,,,,,,,,,,,,,,,,,,,,,,,,,,,,,,,,,,,,,,,68792.678,,,,,,,,529.108,484.126,656.451,,630.221,1207.15,,,,,,,,,,,,,,,,,261.2926656,205.7954513,556.4,769.868576,,,,999.35,,,,,,,,,,,,,,,,3121.000573,,,
1564,,,1257.728,,,,,168500,,,,,,,,,487.0128687,1561.887194,,893.4588,,,,,,,,,,,,,,,,,,,,,,,,,,,,,,,,,,,,,,,,,108387.063,,,,,,,,555.56,760.409,339.687,,534.206,392.84,,,,,,,,,,,,,,,,,1400.028166,461.7631813,486.2,962.609969,,,,617.9775,,,,,,,,,,,,,,,,32323.95992,,,
1563,,,772.412,,,,,275300,,,,,,,,,857.9040266,387.6721681,,379.854,,,,,,,,,,,,,,,,,,,,,,,,,,,,,,,,,,,,,,,,,57224.736,,,,,,,,730.864,543.373,260.28,,1267.213,724.01,,,,,,,,,,,,,,,,,615.140052,869.7058038,830.4,694.903335,,,,588.749475,,,,,,,,,,,,,,,,4076.719718,,,
1562,,,571.064,,,,,351500,,,,,,,,,374.8214053,469.2702136,,1005.469,,,,,,,,,,,,,,,,,,,,,,,,,,,,,,,,,,,,,,,,,39980.325,,,,,,,,1001.402,545.374,222.831,,605.32,363.44,,,,,,,,,,,,,,,,,1193.875687,444.1768197,652.6,1134.834994,,,,1054.7685,,,,,,,,,,,,,,,,2946.907751,,,
1561,,,1134.988,,,,,201200,,,,,,,,,1289.556141,3565.484751,,1072.23,,,,,,,,,,,,,,,,,,,,,,,,,,,,,,,,,,,,,,,,,44187.945,,,,,,,,1000.552,488.708,251.721,,494.579,297.36,,,,,,,,,,,,,,,,,750.1195332,768.8973752,670.1,1166.072451,,,,1210.673025,,,,,,,,,,,,,,,,3887.08493,,,
1560,,,1542.716,,,,,806300,,,,,,,,,975.2206408,1484.99659,,1024.7704,,,,,,,,,,,,,,,,,,,,,,,,,,,,,,,,,,,,,,,,,29587.407,,,,,,,,755.548,559.41,408.645,,1537.35,416.85,,,,,,,,,,,,,,,,,985.2259554,340.3758757,716.8,901.544986,,,,1971.2475,,,,,,,,,,,,,,,,4803.973503,,,
1559,,,1942.08,,,,,265200,,,,,,,,,1665.057758,1468.901709,,812.3973,,,,,,,,,,,,,,,,,,,,,,,,,,,,,,,,,,,,,,,,,32128.079,,,,,,,,735.25,571.039,449.847,,2678.541,701.89,,,,,,,,,,,,,,,,,1105.111901,641.9539501,161.1,658.782795,,,,2733.2025,,,,,,,,,,,,,,,,4830.977546,,,
1558,,,665.72,,,,,353100,,,,,,,,,3347.192499,731.9658411,,521.31,,,,,,,,,,,,,,,,,,,,,,,,,,,,,,,,,,,,,,,,,47742.296,,,,,,,,751.162,516.635,608.877,,1176.933,389.2,,,,,,,,,,,,,,,,,812.4557499,864.828986,535.9,790.797534,,,,803.29965,,,,,,,,,,,,,,,,6262.341675,,,
1557,,,1066.716,,,,,763600,,,,,,,,,1668.726459,1390.259908,,1235.937,,,,,,,,,,,,,,,,,,,,,,,,,,,,,,,,,,,,,,,,,127120.908,,,,,,,,618.154,847.38,639.414,,484.996,286.72,,,,,,,,,,,,,,,,,401.7477204,760.5845425,447.5,580.298551,,,,404.982045,,,,,,,,,,,,,,,,3227.090635,,,
1556,,,1309.544,,,,,304500,,,,,,,,,2973.986945,1312.278979,,802.444,,,,,,,,,,,,,,,,,,,,,,,,,,,,,,,,,,,,,,,,,88587.858,,,,,,,,525.232,845.611,629.1,,1336.033,787.08,,,,,,,,,,,,,,,,,241.9374096,577.1327113,503.3,763.469735,,,,1570.154625,,,,,,,,,,,,,,,,4293.473536,,,
1555,,,1263.712,,,,,216000,,,,,,,,,2182.859974,1536.570116,,1914.5632,,,,,,,,,,,,,,,,,,,,,,,,,,,,,,,,,,,,,,,,,66406.428,,,,,,,,566.984,679.441,341.739,,898.804,602.7,,,,,,,,,,,,,,,,,257.3722836,895.9853528,1152.9,1082.587542,,,,2714.138,,,,,,,,,,,,,,,,7027.919837,,,
1554,,,1024.352,,,,,466100,,,,,,,,,1040.795487,2992.948664,,1790.7065,,,,,,,,,,,,,,,,,,,,,,,,,,,,,,,,,,,,,,,,,100013.2,,,,,,,,577.762,767.659,366.066,,1669.847,1658.93,,,,,,,,,,,,,,,,,792.8776044,477.4032195,193.4,570.689827,,,,513.864,,,,,,,,,,,,,,,,3291.467099,,,
1553,,,596.156,,,,,437800,,,,,,,,,707.6262401,1891.619923,,649.326,,,,,,,,,,,,,,,,,,,,,,,,,,,,,,,,,,,,,,,,,66034.679,,,,,,,,487.9,438.712,475.146,,2201.389,1875.37,,,,,,,,,,,,,,,,,1093.223425,584.0609796,588.1,1761.689405,,,,617.8,,,,,,,,,,,,,,,,1848.443883,,,
1552,,,655.656,,,,,237700,,,,,,,,,1662.512881,1278.839884,,826.9966,,,,,,,,,,,,,,,,,,,,,,,,,,,,,,,,,,,,,,,,,73352.727,,,,,,,,453.288,408.668,554.58,,1103.192,1056.16,,,,,,,,,,,,,,,,,471.5640633,780.9517057,333,500.985882,,,,1057.16,,,,,,,,,,,,,,,,2436.972999,,,
1551,,,880.6,,,,,411700,,,,,,,,,1652.080734,2697.95871,,835.6796,,,,,,,,,,,,,,,,,,,,,,,,,,,,,,,,,,,,,,,,,45468.654,,,,,,,,374.68,501.236,740.421,,,843.64,,,,,,,,,,,,,,,,,716.496669,327.3362031,212.3,681.907235,,,,1641.4,,,,,,,,,,,,,,,,5371.313553,,,
1550,,,2047.072,,,,,97800,,,,,,,,,2892.703024,886.392472,,456.2565,,,,,,,,,,,,,,,,,,,,,,,,,,,,,,,,,,,,,,,,,60718.896,,,,,,,,177.31,704.236,1054.998,,887.778,953.96,,,,,,,,,,,,,,,,,850.4889085,501.3277999,321.5,1417.69184,,,,809.0104,,,,,,,,,,,,,,,,3650.853124,,,
1549,,,1423.784,,,,,558400,,,,,,,,,1585.835634,1685.983374,,1101.205,,,,,,,,,,,,,,,,,,,,,,,,,,,,,,,,,,,,,,,,,53173.7,,,,,,,,46.682,609.928,926.208,,842.083,559.79,,,,,,,,,,,,,,,,,235.86395,746.8131962,433.2,581.555822,,,,2495.681636,,,,,,,,,,,,,,,,6324.515832,,,
1548,,,1604.868,,,,,470200,,,,,,,,,1295.583139,1639.157848,,1881.0745,,,,,,,,,,,,,,,,,,,,,,,,,,,,,,,,,,,,,,,,,53421.456,,,,,,,,,289.681,535.032,,958.078,608.58,,,,,,,,,,,,,,,,,1651.87085,511.2969238,533.8,431.594861,,,,2401.905177,,,,,,,,,,,,,,,,6896.561311,,,
1547,,,822.936,,,,,1308200,,,,,,,,,1791.01954,1341.867075,,1619.9512,,,,,,,,,,,,,,,,,,,,,,,,,,,,,,,,,,,,,,,,,37081.083,,,,,,,,865.062,477.746,338.067,,808.228,1076.6,,,,,,,,,,,,,,,,,915.969299,427.5276332,328.2,642.907447,,,,1706.4,,,,,,,,,,,,,,,,8520.364722,,,
1546,,,1765.008,,,,,503400,,,,,,,,,2047.419785,1178.76213,,1016.5791,,,,,,,,,,,,,,,,,,,,,,,,,,,,,,,,,,,,,,,,,64021.65,,,,,,,,840.582,645.221,284.121,,1180.041,1284.71,,,,,,,,,,,,,,,,,504.071575,707.6374917,597.3,768.836705,,,,776.56605,,,,,,,,,,,,,,,,3198.422553,,,
1545,,,2047.344,,,,,537400,,,,,,,,,1806.967236,1603.967657,,2325.0744,,,,,,,,,,,,,,,,,,,,,,,,,,,,,,,,,,,,,,,,,36940.737,,,,,,,,879.58,702.844,287.064,,466.348,605.85,,,,,,,,,,,,,,,,,888.2874669,698.8064178,579.3,557.454701,,,,703.3607,,,,,,,,,,,,,,,,3585.64498,,,
1544,,,659.668,,,,,220600,,,,,,,,,2217.812499,533.2277446,,1939.0104,,,,,,,,,,,,,,,,,,,,,,,,,,,,,,,,,,,,,,,,,86368.887,,,,,,,,645.32,542.909,298.728,,258.963,532.14,,,,,,,,,,,,,,,,,1450.781539,698.1837071,459.8,988.993209,,,,697.798926,,,,,,,,,,,,,,,,3000.18625,,,
1543,,,1826.072,,,,,338800,,,,,,,,,960.2390996,1057.929757,,1309.6622,,,,,,,,,,,,,,,,,,,,,,,,,,,,,,,,,,,,,,,,,22169.7,,,,,,,,815.388,665.434,222.453,,403.485,826.07,,,,,,,,,,,,,,,,,1027.175877,652.6435327,596.4,140.825616,,,,1206.039375,,,,,,,,,,,,,,,,5685.798352,,,
1542,,,1770.856,,,,,484100,,,,,,,,,1167.728145,573.6782688,,1736.019,,,,,,,,,,,,,,,,,,,,,,,,,,,,,,,,,,,,,,,,,51665.176,,,,,,,,1259.122,689.997,306.747,,943.167,610.12,,,,,,,,,,,,,,,,,1466.061679,457.1252505,604.1,600.312427,,,,1919.295,,,,,,,,,,,,,,,,8530.271154,,,
1541,,,2145.876,,,,,582500,,,,,,,,,1432.56444,1971.738411,,1402.5078,,,,,,,,,,,,,,,,,,,,,,,,,,,,,,,,,,,,,,,,,53958.874,,,,,,,,1258.986,566.921,537.192,,998.223,578.34,,,,,,,,,,,,,,,,,638.383005,493.9570874,1052.1,723.562709,,,,825.66135,,,,,,,,,,,,,,,,5504.850719,,,
1540,,,1072.292,,,,,405900,,,,,,,,,3135.582963,2041.103346,,1104.138,,,,,,,,,,,,,,,,,,,,,,,,,,,,,,,,,,,,,,,,,66457.902,,,,,,,,884.51,545.925,599.94,,693.417,604.8,,,,,,,,,,,,,,,,,1979.523746,543.1943373,671.2,1245.08417,,,,1510.0425,,,,,,,,,,,,,,,,3183.635918,,,
1539,,,788.664,,,,,531600,,,,,,,,,1751.265542,3746.251384,,1485.7048,,,,,,,,,,,,,,,,,,,,,,,,,,,,,,,,,,,,,,,,,49755.44,,,,,,,,699.788,756.378,430.785,,987.049,956.62,,,,,,,,,,,,,,,,,1605.581419,570.3735366,558.9,1124.585704,,,,237.896,,,,,,,,,,,,,,,,3205.084604,,,
1538,,,607.512,,,,,167900,,,,,,,,,769.5075903,3618.595696,,439.056,,,,,,,,,,,,,,,,,,,,,,,,,,,,,,,,,,,,,,,,,61410.966,,,,,,,,985.422,1000.442,700.38,,950.789,1693.79,,,,,,,,,,,,,,,,,2152.525443,1031.461174,265.2,945.212474,,,,2294.784,,,,,,,,,,,,,,,,3387.884969,,,
1537,,,762.688,,,,,267400,,,,,,,,,651.6668643,4434.475365,,254.4444,,,,,,,,,,,,,,,,,,,,,,,,,,,,,,,,,,,,,,,,,55569.932,,,,,,,,674.39,825.92,1106.919,,1191.807,1508.92,,,,,,,,,,,,,,,,,1173.240218,525.1438879,719.5,975.475721,,,,868.317975,,,,,,,,,,,,,,,,2859.966612,,,
1536,,,2021.3,,,,,342100,,,,,,,,,810.9839475,896.0304447,,738.541,,,,,,,,,,,,,,,,,,,,,,,,,,,,,,,,,,,,,,,,,50846.56,,,,,,,,781.694,814.958,691.578,,2263.808,1138.76,,,,,,,,,,,,,,,,,976.6158336,662.2364516,643.4,1087.078525,,,,1773.565875,,,,,,,,,,,,,,,,3012.52277,,,
1535,,,1282.412,,,,,300400,,,,,,,,,1357.827543,1556.485057,,1845.85,,,,,,,,,,,,,,,,,,,,,,,,,,,,,,,,,,,,,,,,,49904.02,,,,,,,,674.798,714.85,755.19,,1304.25,1320.55,,,,,,,,,,,,,,,,,1590.368691,814.5025555,318.1,1103.277664,,,,1654.629525,,,,,,,,,,,,,,,,7433.259889,,,
1534,,,610.98,,,,,295300,,,,,,,,,955.2791545,4601.545287,,938.08,,,,,,,,,,,,,,,,,,,,,,,,,,,,,,,,,,,,,,,,,66058.346,,,,,,,,569.67,699.77,771.174,,1300.92,916.44,,,,,,,,,,,,,,,,,2715.997935,921.4012293,786,1098.286796,,,,315.76635,,,,,,,,,,,,,,,,6712.090343,,,
1533,,,839.324,,,,,488300,,,,,,,,,2524.218502,6443.286194,,744.1995,,,,,,,,,,,,,,,,,,,,,,,,,,,,,,,,,,,,,,,,,58284.392,,,,,,,,696.218,748.287,771.066,,1137.306,209.3,,,,,,,,,,,,,,,,,782.637359,361.164118,357.8,598.702027,,,,2883.276,,,,,,,,,,,,,,,,2887.458292,,,
1532,,,1649.952,,,,,303700,,,,,,,,,1979.378459,3334.048737,,1277.6418,,,,,,,,,,,,,,,,,,,,,,,,,,,,,,,,,,,,,,,,,63358.1,,,,,,,,1039.414,564.195,630.477,,1518.48,389.97,,,,,,,,,,,,,,,,,676.4873997,720.6405798,451.6,594.698846,,,,820.854,,,,,,,,,,,,,,,,6149.838972,,,
1531,,,716.108,,,,,260500,,,,,,,,,681.0120215,963.3279953,,2204.4222,,,,,,,,,,,,,,,,,,,,,,,,,,,,,,,,,,,,,,,,,38798.608,,,,,,,,1415.25,520.579,795.69,,1839.825,1062.67,,,,,,,,,,,,,,,,,717.3948047,1302.983329,402.9,712.81748,,,,1610.209125,,,,,,,,,,,,,,,,6393.848003,,,
1530,,,613.904,,,,,761100,,,,,,,,,778.5296654,884.8525793,,1404.72,,,,,,,,,,,,,,,,,,,,,,,,,,,,,,,,,,,,,,,,,52473.902,,,,,,,,1466.658,707.919,899.964,,860.99,495.6,,,,,,,,,,,,,,,,,621.1074748,1092.200631,407.4,1732.712991,,,,1740.41,,,,,,,,,,,,,,,,5639.619134,,,
1529,,,533.052,,,,,374800,,,,,,,,,2788.029303,4301.570609,,450.0154,,,,,,,,,,,,,,,,,,,,,,,,,,,,,,,,,,,,,,,,,47820.496,,,,,,,,1082.322,912.05,614.844,,778.406,895.23,,,,,,,,,,,,,,,,,478.6239456,911.0778904,148.7,346.123161,,,,1685.544,,,,,,,,,,,,,,,,8498.311105,,,
1528,,,3268.352,,,,,849200,,,,,,,,,1170.895634,1906.629051,,610.4149,,,,,,,,,,,,,,,,,,,,,,,,,,,,,,,,,,,,,,,,,85721.322,,,,,,,,801.414,744.024,546.237,,439.708,1062.95,,,,,,,,,,,,,,,,,437.8202136,1244.346327,742.7,803.895334,,,,1381.8,,,,,,,,,,,,,,,,6683.902159,,,
1527,,,473.756,,,,,289000,,,,,,,,,1344.943195,1306.265987,,737.8335,,,,,,,,,,,,,,,,,,,,,,,,,,,,,,,,,,,,,,,,,63060.48,,,,,,,,634.236,566.341,472.581,,739.963,1242.15,,,,,,,,,,,,,,,,,945.0446376,603.4654497,240.3,667.824668,,,,1073.6,,,,,,,,,,,,,,,,2134.96796,,,
1526,,,1220.464,,,,,330700,,,,,,,,,1281.258279,1290.972554,,705.8535,,,,,,,,,,,,,,,,,,,,,,,,,,,,,,,,,,,,,,,,,25763.22,,,,,,,,704.684,519.042,578.448,,1822.694,2902.83,,,,,,,,,,,,,,,,,595.6836984,731.6182176,696.8,1182.838774,,,,2407.596,,,,,,,,,,,,,,,,4386.905225,,,
1525,,,1415.42,,,,,130200,,,,,,,,,1001.49612,1969.999764,,826.1136,,,,,,,,,,,,,,,,,,,,,,,,,,,,,,,,,,,,,,,,,90487.566,,,,,,,,830.348,617.787,747.711,,2495.613,1306.62,,,,,,,,,,,,,,,,,248.0229528,788.1591755,279.6,638.146773,,,,6098.9808,,,,,,,,,,,,,,,,6074.932497,,,
1524,,,1276.904,,,,,494500,,,,,,,,,730.3968929,1189.815603,,585.8094,,,,,,,,,,,,,,,,,,,,,,,,,,,,,,,,,,,,,,,,,50442.588,,,,,,,,934.592,500.859,800.172,,2329.113,497.21,,,,,,,,,,,,,,,,,1272.058507,829.2722057,933.1,953.137288,,,,461.865,,,,,,,,,,,,,,,,3577.505136,,,
1523,,,747.456,,,,,771300,,,,,,,,,1024.840534,2697.85977,,576.4647,,,,,,,,,,,,,,,,,,,,,,,,,,,,,,,,,,,,,,,,,63875.83,,,,,,,,1099.56,426.619,743.175,,2075.404,1026.41,,,,,,,,,,,,,,,,,514.3121568,1541.918199,302.3,619.144591,,,,459.61,,,,,,,,,,,,,,,,4037.910409,,,
1522,,,645.184,,,,,1047900,,,,,,,,,3406.607632,2772.823659,,1243.9708,,,,,,,,,,,,,,,,,,,,,,,,,,,,,,,,,,,,,,,,,39604.091,,,,,,,,1078.14,573.765,710.91,,743.922,1221.43,,,,,,,,,,,,,,,,,1479.508733,578.6250974,491.7,731.081818,,,,1076.9306,,,,,,,,,,,,,,,,4269.719088,,,
1521,,,818.448,,,,,471100,,,,,,,,,1765.915591,1525.212133,,609.945,,,,,,,,,,,,,,,,,,,,,,,,,,,,,,,,,,,,,,,,,31868.248,,,,,,,,1035.912,526.814,491.238,,219.743,586.53,,,,,,,,,,,,,,,,,657.296175,615.1638375,932.4,651.862691,,,,1231.4025,,,,,,,,,,,,,,,,5242.594155,,,
1520,,,1281.596,,,,,187400,,,,,,,,,1091.657927,834.0154272,,959.5174,,,,,,,,,,,,,,,,,,,,,,,,,,,,,,,,,,,,,,,,,69289.064,,,,,,,,912.764,382.829,409.914,,408.554,555.66,,,,,,,,,,,,,,,,,925.00394,351.0117073,645.7,1514.502507,,,,306.99,,,,,,,,,,,,,,,,9537.221754,,,
1519,,,769.284,,,,,532000,,,,,,,,,2292.614079,779.7916976,,1313.4282,,,,,,,,,,,,,,,,,,,,,,,,,,,,,,,,,,,,,,,,,47831.973,,,,,,,,755.31,301.455,832.734,,814.592,246.68,,,,,,,,,,,,,,,,,1144.997778,304.013421,358.3,652.77588,,,,522.98865,,,,,,,,,,,,,,,,3368.548408,,,
1518,,,1866.056,,,,,357900,,,,,,,,,1340.7894,1517.518497,,687.9438,,,,,,,,,,,,,,,,,,,,,,,,,,,,,,,,,,,,,,,,,91914.808,,,,,,,,671.738,164.807,889.434,,743.811,232.96,,,,,,,,,,,,,,,,,413.94965,558.2462315,619.1,252.082456,,,,868.725,,,,,,,,,,,,,,,,3111.172457,,,
1517,,,1048.084,,,,,589200,,,,,,,,,2075.532186,2213.716282,,1217.846,,,,,,,,,,,,,,,,,,,,,,,,,,,,,,,,,,,,,,,,,36021.956,,,,,,,,613.156,294.06,480.708,,951.455,528.57,,,,,,,,,,,,,,,,,916.7942425,1168.028917,1159.9,849.537166,,,,1698.08675,,,,,,,,,,,,,,,,8246.595929,,,
1516,,,1202.648,,,,,204000,,,,,,,,,1576.100819,2321.52073,,2920.4766,,,,,,,,,,,,,,,,,,,,,,,,,,,,,,,,,,,,,,,,,31891.294,,,,,,,,452.404,395.618,520.452,,1652.975,960.47,,,,,,,,,,,,,,,,,986.422525,1596.589709,387.3,1018.922368,,,,2050.67,,,,,,,,,,,,,,,,7964.829669,,,
1515,,,1234.2,,,,,318200,,,,,,,,,2380.315864,1456.759242,,1064.4354,,,,,,,,,,,,,,,,,,,,,,,,,,,,,,,,,,,,,,,,,56967.642,,,,,,,,484.704,380.886,451.629,,503.755,1057,,,,,,,,,,,,,,,,,938.3999,809.5362388,742.8,609.61787,,,,1342.497,,,,,,,,,,,,,,,,5532.493573,,,
1514,,,600.304,,,,,280400,,,,,,,,,2674.563648,2526.577335,,2000.9748,,,,,,,,,,,,,,,,,,,,,,,,,,,,,,,,,,,,,,,,,34488.96,,,,,,,,704.752,316.042,359.181,,487.549,538.23,,,,,,,,,,,,,,,,,549.4215507,1006.288863,1038.5,1342.265956,,,,1415.67,,,,,,,,,,,,,,,,4815.221941,,,
1513,,,1112.344,,,,,518300,,,,,,,,,2365.622754,1271.363047,,1036.2976,,,,,,,,,,,,,,,,,,,,,,,,,,,,,,,,,,,,,,,,,160070.639,,,,,,,,817.53,356.99,327.51,,863.913,529.13,,,,,,,,,,,,,,,,,1725.975234,993.9320617,734.6,1706.548204,,,,412.695,,,,,,,,,,,,,,,,5989.817096,,,
1512,,,2317.372,,,,,604400,,,,,,,,,1116.373198,1221.461557,,811.6769,,,,,,,,,,,,,,,,,,,,,,,,,,,,,,,,,,,,,,,,,101181.416,,,,,,,,762.688,500.917,278.235,,995.411,613.34,,,,,,,,,,,,,,,,,1548.788819,548.3046301,640.8,1129.00157,,,,502.809525,,,,,,,,,,,,,,,,1360.481555,,,
1511,,,1696.804,,,,,213600,,,,,,,,,1486.206174,3750.422231,,825.7529,,,,,,,,,,,,,,,,,,,,,,,,,,,,,,,,,,,,,,,,,37654.082,,,,,,,,605.472,512.691,218.511,,1205.09,683.06,,,,,,,,,,,,,,,,,1044.26959,429.370112,186.2,480.517831,,,,468.68625,,,,,,,,,,,,,,,,5963.279295,,,
1510,,,705.568,,,,,322400,,,,,,,,,872.4697447,2898.680046,,556.7936,,,,,,,,,,,,,,,,,,,,,,,,,,,,,,,,,,,,,,,,,34223.54,,,,,,,,635.664,424.299,439.371,,1275.834,960.82,,,,,,,,,,,,,,,,,447.6883838,953.7998806,347.4,1280.961948,,,,328.72635,,,,,,,,,,,,,,,,7824.629491,,,
1509,,,587.248,,,,,503600,,,,,,,,,1525.292104,1519.540994,,252.9372,,,,,,,,,,,,,,,,,,,,,,,,,,,,,,,,,,,,,,,,,73818.96,,,,,,,,613.87,391.036,427.221,,1170.236,1509.9,,,,,,,,,,,,,,,,,583.4722378,1055.739524,261.8,1235.182192,,,,960.76125,,,,,,,,,,,,,,,,3965.360927,,,
1508,,,1008.372,,,,,549000,,,,,,,,,748.6200777,1764.041582,,97.8522,,,,,,,,,,,,,,,,,,,,,,,,,,,,,,,,,,,,,,,,,54493.21,,,,,,,,753.066,520.115,246.267,,1347.762,408.52,,,,,,,,,,,,,,,,,3002.069822,720.6662559,376.3,679.133708,,,,636.0525,,,,,,,,,,,,,,,,3483.455653,,,
1507,,,932.892,,,,,274400,,,,,,,,,2640.607436,1300.121712,,179.6046,,,,,,,,,,,,,,,,,,,,,,,,,,,,,,,,,,,,,,,,,66333.357,,,,,,,,886.38,677.933,702.837,,764.013,893.76,,,,,,,,,,,,,,,,,765.27582,1642.777994,840.4,1404.203848,,,,1203.33843,,,,,,,,,,,,,,,,6062.986292,,,
1506,,,865.844,,,,,230200,,,,,,,,,2471.325699,1668.623849,,668.3215,,,,,,,,,,,,,,,,,,,,,,,,,,,,,,,,,,,,,,,,,113511.164,,,,,,,,877.37,656.647,619.245,,530.58,470.19,,,,,,,,,,,,,,,,,795.1791109,313.9480197,317.7,782.023934,,,,2920.55625,,,,,,,,,,,,,,,,5058.456863,,,
1505,,,1751.952,,,,,634000,,,,,,,,,886.8788968,1517.745467,,1195.2864,,,,,,,,,,,,,,,,,,,,,,,,,,,,,,,,,,,,,,,,,72481.878,,,,,,,,916.13,489.694,554.094,,1155.473,963.06,,,,,,,,,,,,,,,,,701.6209835,726.8053462,236.6,670.479498,,,,1951.82865,,,,,,,,,,,,,,,,1597.787509,,,
1504,,,845.24,,,,,180300,,,,,,,,,1172.042573,1081.248131,,,,,,,,,,,,,,,,,,,,,,,,,,,,,,,,,,,,,,,,,,,79386.294,,,,,,,,938.06,375.463,476.847,,918.081,1130.22,,,,,,,,,,,,,,,,,1082.744106,404.1173304,626.8,1071.583714,,,,1078.8795,,,,,,,,,,,,,,,,1702.403119,,,
1503,,,1116.764,,,,,213700,,,,,,,,,6269.507536,1654.176289,,832.0184,,,,,,,,,,,,,,,,,,,,,,,,,,,,,,,,,,,,,,,,,70471.264,,,,,,,,885.496,504.02,756.594,,888.185,438.76,,,,,,,,,,,,,,,,,1091.826495,317.762338,389,419.21279,,,,1236.3175,,,,,,,,,,,,,,,,4653.899998,,,
1502,,,770.576,,,,,431000,,,,,,,,,2513.53284,1675.396207,,285.872,,,,,,,,,,,,,,,,,,,,,,,,,,,,,,,,,,,,,,,,,56864.004,,,,,,,,841.636,792.976,590.49,,972.397,712.81,,,,,,,,,,,,,,,,,307.4249808,1195.685231,339.4,582.843122,,,,719.96,,,,,,,,,,,,,,,,7493.554737,,,
1501,,,661.232,,,,,673300,,,,,,,,,1645.288392,1131.808387,,1117.656,,,,,,,,,,,,,,,,,,,,,,,,,,,,,,,,,,,,,,,,,69206.195,,,,,,,,735.522,953.955,336.555,,1206.348,393.54,,,,,,,,,,,,,,,,,480.4509427,1365.057136,794,249.11231,,,,397.905,,,,,,,,,,,,,,,,4866.046378,,,
1500,,,876.52,,,,,385900,,,,,,,,,1529.369393,1660.701497,,989.422,,,,,,,,,,,,,,,,,,,,,,,,,,,,,,,,,,,,,,,,,46387.458,,,,,,,,662.592,859.067,550.773,,1250.23,413.35,,,,,,,,,,,,,,,,,947.1092782,1341.793216,453.6,330.630884,,,,988.76625,,,,,,,,,,,,,,,,3997.062308,,,
1499,,,3000.024,,,,,466400,,,,,,,,,2861.734937,1397.310969,,1725.6218,,,,,,,,,,,,,,,,,,,,,,,,,,,,,,,,,,,,,,,,,45584.988,,,,,,,,545.462,643.365,373.275,,1199.133,671.09,,,,,,,,,,,,,,,,,952.2666725,522.4032342,529.2,738.826995,,,,4137.3141,,,,,,,,,,,,,,,,2802.667706,,,
1498,,,1665.252,,,,,195300,,,,,,,,,1475.254044,1241.20104,,10823.974,,,,,,,,,,,,,,,,,,,,,,,,,,,,,,,,,,,,,,,,,63309.11,,,,,,,,386.036,497.292,319.383,,1050.985,474.88,,,,,,,,,,,,,,,,,764.3652016,719.4399253,556.5,332.658338,,,,1250.295,,,,,,,,,,,,,,,,6283.731208,,,
1497,,,595.68,,,,,436800,,,,,,,,,1207.778355,1280.408862,,2605.6954,,,,,,,,,,,,,,,,,,,,,,,,,,,,,,,,,,,,,,,,,73623.115,,,,,,,,305.048,760.67,624.483,,1065.156,307.93,,,,,,,,,,,,,,,,,1186.53412,695.796768,643.9,1322.500664,,,,5912.47975,,,,,,,,,,,,,,,,7799.07109,,,
1496,,,593.436,,,,,283300,,,,,,,,,717.0820287,1970.114422,,,,,,,,,,,,,,,,,,,,,,,,,,,,,,,,,,,,,,,,,,,46881.36,,,,,,,,324.53,1069.694,636.525,,653.346,724.43,,,,,,,,,,,,,,,,,857.7569648,1220.524831,747.8,493.019862,,,,3111.67,,,,,,,,,,,,,,,,5039.201373,,,
1495,,,721.072,,,,,333500,,,,,,,,,778.5231431,1931.79689,,660.782,,,,,,,,,,,,,,,,,,,,,,,,,,,,,,,,,,,,,,,,,7485.672,,,,,,,,587.044,942.587,888.705,,224.886,756.28,,,,,,,,,,,,,,,,,918.5062227,652.3585799,864,413.653607,,,,155.07305,,,,,,,,,,,,,,,,4157.706384,,,
1494,,,916.912,,,,,644300,,,,,,,,,972.3625139,1245.284777,,559.654,,,,,,,,,,,,,,,,,,,,,,,,,,,,,,,,,,,,,,,,,47494.08,,,,,,,,991.304,542.822,1213.326,,193.88,994.28,,,,,,,,,,,,,,,,,1397.823544,595.3872666,1451.9,874.834867,,,,687.657075,,,,,,,,,,,,,,,,4110.447791,,,
1493,,,407.592,,,,,327100,,,,,,,,,1042.886501,1536.705979,,746.9432,,,,,,,,,,,,,,,,,,,,,,,,,,,,,,,,,,,,,,,,,69757.068,,,,,,,,1000.144,440.858,888.462,,375.846,1230.88,,,,,,,,,,,,,,,,,394.1765716,741.5798838,281.6,947.233233,,,,1363.69,,,,,,,,,,,,,,,,5311.593321,,,
1492,,,930.988,,,,,452600,,,,,,,,,731.6973814,829.0156803,,1280.7634,,,,,,,,,,,,,,,,,,,,,,,,,,,,,,,,,,,,,,,,,58355.577,,,,,,,,834.938,344.578,719.982,,625.781,926.94,,,,,,,,,,,,,,,,,428.4938555,637.3189817,500.8,799.586407,,,,278.472,,,,,,,,,,,,,,,,5840.766083,,,
1491,,,2004.708,,,,,663700,,,,,,,,,1640.488279,1206.965526,,473.3782,,,,,,,,,,,,,,,,,,,,,,,,,,,,,,,,,,,,,,,,,61181.541,,,,,,,,,449.848,645.624,,1427.534,502.67,,,,,,,,,,,,,,,,,522.2508404,569.2332687,406.6,831.306913,,,,325.6,,,,,,,,,,,,,,,,3989.627288,,,
1490,,,1058.42,,,,,585600,,,,,,,,,5994.79002,1631.848675,,927.7356,,,,,,,,,,,,,,,,,,,,,,,,,,,,,,,,,,,,,,,,,44953.776,,,,,,,,468.996,976.285,540.405,,652.014,837.13,,,,,,,,,,,,,,,,,2021.735727,923.316169,454,329.971111,,,,691.2,,,,,,,,,,,,,,,,3508.812733,,,
1489,,,666.672,,,,,164600,,,,,,,,,4392.131567,820.3236288,,1308.572,,,,,,,,,,,,,,,,,,,,,,,,,,,,,,,,,,,,,,,,,20695.653,,,,,,,,548.862,871.798,454.95,,402.819,568.26,,,,,,,,,,,,,,,,,569.6506824,1648.570184,206.3,1005.89298,,,,639.6,,,,,,,,,,,,,,,,4631.927094,,,
1488,,,883.66,,,,,351700,,,,,,,,,1109.323053,1409.13171,,1018.077,,,,,,,,,,,,,,,,,,,,,,,,,,,,,,,,,,,,,,,,,72912.576,,,,,,,,525.504,729.176,592.866,,826.432,524.93,,,,,,,,,,,,,,,,,551.9254512,1102.726517,508.6,830.766248,,,,217.2,,,,,,,,,,,,,,,,6409.5483,,,
1487,,,857.004,,,,,501800,,,,,,,,,2291.237677,1648.556206,,691.362,,,,,,,,,,,,,,,,,,,,,,,,,,,,,,,,,,,,,,,,,70030.032,,,,,,,,549.338,797.384,732.321,,846.671,1095.29,,,,,,,,,,,,,,,,,1521.204773,998.5733885,840.8,870.047404,,,,1524.48,,,,,,,,,,,,,,,,6511.97095,,,
1486,,,457.912,,,,,226400,,,,,,,,,1823.306354,955.6452151,,1298.4444,,,,,,,,,,,,,,,,,,,,,,,,,,,,,,,,,,,,,,,,,49935.231,,,,,,,,701.794,935.801,974.376,,728.9,772.45,,,,,,,,,,,,,,,,,651.490224,784.8583583,1410.8,826.552189,,,,980.097975,,,,,,,,,,,,,,,,5607.028919,,,
1485,,,698.836,,,,,348400,,,,,,,,,1476.732413,714.1061172,,656.137,,,,,,,,,,,,,,,,,,,,,,,,,,,,,,,,,,,,,,,,,85206.904,,,,,,,,811.818,630.199,911.871,,694.749,1151.5,,,,,,,,,,,,,,,,,761.6319984,464.442679,956.5,1369.217366,,,,959.2425,,,,,,,,,,,,,,,,8218.953654,,,
1484,,,1056.516,,,,,479200,,,,,,,,,691.9695871,837.328163,,1607.2233,,,,,,,,,,,,,,,,,,,,,,,,,,,,,,,,,,,,,,,,,52186.379,,,,,,,,812.192,459.36,416.448,,830.724,777.98,,,,,,,,,,,,,,,,,1554.360084,718.0492749,711.9,585.181791,,,,1684.121625,,,,,,,,,,,,,,,,3692.019914,,,
1483,,,970.496,,,,,446800,,,,,,,,,652.5201682,561.7196603,,1879.4377,,,,,,,,,,,,,,,,,,,,,,,,,,,,,,,,,,,,,,,,,53361.495,,,,,,,,941.29,658.561,300.402,,1133.939,812.14,,,,,,,,,,,,,,,,,1257.820901,482.0958206,1497.4,1313.988683,,,,886.3425,,,,,,,,,,,,,,,,3682.588786,,,
1482,,,2083.656,,,,,660900,,,,,,,,,1390.605865,787.0201357,,710.427,,,,,,,,,,,,,,,,,,,,,,,,,,,,,,,,,,,,,,,,,89814.816,,,,,,,,1170.824,1105.074,541.917,,1019.091,1033.06,,,,,,,,,,,,,,,,,1875.419364,1124.101723,360.5,507.48251,,,,1314.5085,,,,,,,,,,,,,,,,2459.479722,,,
1481,,,2714.424,,,,,330900,,,,,,,,,1877.673059,1842.800023,,527.9169,,,,,,,,,,,,,,,,,,,,,,,,,,,,,,,,,,,,,,,,,46716.864,,,,,,,,1209.856,754,662.391,,455.581,492.66,,,,,,,,,,,,,,,,,1378.769472,689.8664649,925.4,507.945159,,,,430.78635,,,,,,,,,,,,,,,,12059.40424,,,
1480,,,1317.568,,,,,268100,,,,,,,,,1372.533816,1385.71784,,751.113,,,,,,,,,,,,,,,,,,,,,,,,,,,,,,,,,,,,,,,,,55154.736,,,,,,,,794.546,300.904,933.984,,736.67,509.04,,,,,,,,,,,,,,,,,1307.584512,1188.178064,973.7,521.088317,,,,6676.182,,,,,,,,,,,,,,,,6148.334806,,,
1479,,,1052.096,,,,,233400,,,,,,,,,758.0030078,891.5304042,,1108.6848,,,,,,,,,,,,,,,,,,,,,,,,,,,,,,,,,,,,,,,,,54469.428,,,,,,,,477.054,209.09,795.42,,1530.949,1075.83,,,,,,,,,,,,,,,,,1265.623844,521.4187337,474.5,533.627084,,,,561.735,,,,,,,,,,,,,,,,4748.90633,,,
1478,,,2396.456,,,,,255700,,,,,,,,,2535.511205,792.0029943,,880.369,,,,,,,,,,,,,,,,,,,,,,,,,,,,,,,,,,,,,,,,,64249.58,,,,,,,,552.976,313.258,610.443,,1194.36,915.04,,,,,,,,,,,,,,,,,659.171503,1341.81812,1472.7,565.796002,,,,1072.845,,,,,,,,,,,,,,,,3430.163719,,,
1477,,,823.684,,,,,489000,,,,,,,,,2658.951155,1922.860849,,752.0492,,,,,,,,,,,,,,,,,,,,,,,,,,,,,,,,,,,,,,,,,107514.696,,,,,,,,593.266,444.686,606.717,,444.111,705.81,,,,,,,,,,,,,,,,,1925.195389,646.3153227,868.9,1006.541759,,,,506.0475,,,,,,,,,,,,,,,,4682.255445,,,
1476,,,2058.632,,,,,617800,,,,,,,,,1422.30366,2122.135393,,514.3324,,,,,,,,,,,,,,,,,,,,,,,,,,,,,,,,,,,,,,,,,66456.384,,,,,,,,660.008,490.071,534.492,,392.792,799.54,,,,,,,,,,,,,,,,,4372.703819,360.3484452,969.5,390.337931,,,,414.85365,,,,,,,,,,,,,,,,2627.395997,,,
1475,,,748.612,,,,,798300,,,,,,,,,1548.183035,1327.054926,,1118.0891,,,,,,,,,,,,,,,,,,,,,,,,,,,,,,,,,,,,,,,,,79951.91,,,,,,,,716.142,507.413,673.974,,888.111,560.49,,,,,,,,,,,,,,,,,939.5098211,709.2370815,790.2,353.405746,,,,761.93865,,,,,,,,,,,,,,,,2685.571277,,,
1474,,,939.964,,,,,548100,,,,,,,,,1212.125433,1245.680839,,1644.678,,,,,,,,,,,,,,,,,,,,,,,,,,,,,,,,,,,,,,,,,63965.369,,,,,,,,865.606,693.738,419.256,,1393.272,932.68,,,,,,,,,,,,,,,,,1178.194282,1329.165304,529.1,983.653771,,,,2103.296625,,,,,,,,,,,,,,,,981.7799638,,,
1473,,,1723.052,,,,,212000,,,,,,,,,750.3451489,957.6516398,,2215.532,,,,,,,,,,,,,,,,,,,,,,,,,,,,,,,,,,,,,,,,,57354.732,,,,,,,,913.716,634.433,178.2,,1065.933,776.79,,,,,,,,,,,,,,,,,1310.190176,825.5015562,430.6,1963.755284,,,,2280.00825,,,,,,,,,,,,,,,,1568.506549,,,
1472,,,1338.716,,,,,529800,,,,,,,,,843.2511107,1294.643784,,3111.4188,,,,,,,,,,,,,,,,,,,,,,,,,,,,,,,,,,,,,,,,,50631.648,,,,,,,,858.534,431.665,326.889,,1160.098,282.8,,,,,,,,,,,,,,,,,436.6556837,451.0028261,585.3,293.524572,,,,599.81195,,,,,,,,,,,,,,,,9800.162306,,,
1471,,,829.872,,,,,330700,,,,,,,,,913.1653466,1557.47512,,1142.532,,,,,,,,,,,,,,,,,,,,,,,,,,,,,,,,,,,,,,,,,66301.318,,,,,,,,702.542,279.531,437.319,,1192.88,611.31,,,,,,,,,,,,,,,,,3852.952015,384.9345459,737,666.027584,,,,588.885,,,,,,,,,,,,,,,,2518.897877,,,
1470,,,1628.532,,,,,630600,,,,,,,,,647.857896,1838.578,,682.3008,,,,,,,,,,,,,,,,,,,,,,,,,,,,,,,,,,,,,,,,,53381.16,,,,,,,,689.384,379.697,702.567,,509.786,1208.97,,,,,,,,,,,,,,,,,3672.147534,337.7372177,409,1740.266213,,,,612.81805,,,,,,,,,,,,,,,,2787.671075,,,
1469,,,462.4,,,,,176700,,,,,,,,,2074.266701,1863.969796,,2677.6641,,,,,,,,,,,,,,,,,,,,,,,,,,,,,,,,,,,,,,,,,73607.406,,,,,,,,670.378,670.683,733.212,,390.609,869.47,,,,,,,,,,,,,,,,,2009.807638,1458.561232,409.5,1150.930877,,,,1382.5725,,,,,,,,,,,,,,,,4278.813283,,,
1468,,,699.856,,,,,342600,,,,,,,,,753.2687423,1022.412957,,1659.9804,,,,,,,,,,,,,,,,,,,,,,,,,,,,,,,,,,,,,,,,,63957.94,,,,,,,,560.184,599.546,448.011,,292.929,1720.88,,,,,,,,,,,,,,,,,4349.525376,801.8641022,556.5,288.381514,,,,892.25,,,,,,,,,,,,,,,,4794.894296,,,
1467,,,483.752,,,,,169700,,,,,,,,,2479.064477,1282.216099,,1580.8422,,,,,,,,,,,,,,,,,,,,,,,,,,,,,,,,,,,,,,,,,58365.168,,,,,,,,597.448,653.37,475.146,,521.996,938.7,,,,,,,,,,,,,,,,,1186.945314,1243.115778,509.9,439.104299,,,,981.475,,,,,,,,,,,,,,,,3905.956194,,,
1466,,,470.288,,,,,629700,,,,,,,,,998.2863835,2128.270542,,1267.7655,,,,,,,,,,,,,,,,,,,,,,,,,,,,,,,,,,,,,,,,,33733.709,,,,,,,,629.782,625.327,790.263,,796.647,276.57,,,,,,,,,,,,,,,,,815.9772775,749.8815782,1411.8,1166.066372,,,,1384.0255,,,,,,,,,,,,,,,,6266.451662,,,
1465,,,631.108,,,,,135000,,,,,,,,,1248.653502,1282.988657,,438.6243,,,,,,,,,,,,,,,,,,,,,,,,,,,,,,,,,,,,,,,,,20961.28,,,,,,,,746.776,344.665,623.943,,903.133,481.46,,,,,,,,,,,,,,,,,1091.07222,369.4972434,670.6,724.519903,,,,2143.275,,,,,,,,,,,,,,,,3082.963972,,,
1464,,,901.748,,,,,974900,,,,,,,,,1409.487789,1037.534818,,1607.472,,,,,,,,,,,,,,,,,,,,,,,,,,,,,,,,,,,,,,,,,47979.771,,,,,,,,843.744,352.93,439.29,,851.925,856.31,,,,,,,,,,,,,,,,,829.5006528,464.6754444,771.5,319.804921,,,,1089.57705,,,,,,,,,,,,,,,,7110.429104,,,
1463,,,710.668,,,,,172800,,,,,,,,,1458.054749,2848.829783,,3134.2503,,,,,,,,,,,,,,,,,,,,,,,,,,,,,,,,,,,,,,,,,35687.444,,,,,,,,1049.376,654.095,806.652,,812.002,274.26,,,,,,,,,,,,,,,,,945.6369615,521.9569199,1361.1,198.986813,,,,1423.31295,,,,,,,,,,,,,,,,7670.370338,,,
1462,,,1203.056,,,,,601900,,,,,,,,,1604.101503,1815.883167,,240.302,,,,,,,,,,,,,,,,,,,,,,,,,,,,,,,,,,,,,,,,,44490.418,,,,,,,,1195.032,858.574,1428.705,,797.794,1195.6,,,,,,,,,,,,,,,,,1000.011821,766.2258244,526.3,200.595802,,,,1132.83,,,,,,,,,,,,,,,,3533.187532,,,
1461,,,622.404,,,,,148200,,,,,,,,,777.2580773,725.3074264,,562.0615,,,,,,,,,,,,,,,,,,,,,,,,,,,,,,,,,,,,,,,,,47513.4,,,,,,,,1054.612,876.67,1082.43,,748.584,649.67,,,,,,,,,,,,,,,,,3599.455583,511.8477961,775.6,530.439318,,,,1126.68,,,,,,,,,,,,,,,,5033.40752,,,
1460,,,902.632,,,,,583100,,,,,,,,,652.9182549,1194.42021,,799.4105,,,,,,,,,,,,,,,,,,,,,,,,,,,,,,,,,,,,,,,,,54443.576,,,,,,,,824.432,729.785,845.181,,1091.611,708.96,,,,,,,,,,,,,,,,,3725.350433,927.4933891,346.4,414.525274,,,,1453.86,,,,,,,,,,,,,,,,4312.633999,,,
1459,,,1582.836,,,,,443100,,,,,,,,,1341.591342,1718.361666,,978.9795,,,,,,,,,,,,,,,,,,,,,,,,,,,,,,,,,,,,,,,,,60788.103,,,,,,,,700.876,358.324,1158.678,,1312.76,1397.06,,,,,,,,,,,,,,,,,435.0049211,1119.623477,546.7,1051.735132,,,,671.39058,,,,,,,,,,,,,,,,4002.924142,,,
1458,,,1371.628,,,,,360100,,,,,,,,,937.3096704,1235.025657,,791.008,,,,,,,,,,,,,,,,,,,,,,,,,,,,,,,,,,,,,,,,,74727.713,,,,,,,,692.546,593.311,689.58,,1105.56,544.25,,,,,,,,,,,,,,,,,843.3442455,1241.55347,917.2,350.150223,,,,1243.32705,,,,,,,,,,,,,,,,9078.922234,,,
1457,,,1319.676,,,,,1099500,,,,,,,,,648.0456338,1784.080397,,790.286,,,,,,,,,,,,,,,,,,,,,,,,,,,,,,,,,,,,,,,,,37867.43,,,,,,,,674.254,576.926,789.804,,870.869,470.68,,,,,,,,,,,,,,,,,1236.585523,203.4966654,1046.4,1214.179998,,,,1851.8306,,,,,,,,,,,,,,,,3708.501078,,,
1456,,,1810.976,,,,,222900,,,,,,,,,832.1572573,1311.179298,,1288.9635,,,,,,,,,,,,,,,,,,,,,,,,,,,,,,,,,,,,,,,,,50858.612,,,,,,,,660.382,814.639,1706.805,,731.86,576.31,,,,,,,,,,,,,,,,,1735.193096,740.9462027,848.5,449.674965,,,,575.64,,,,,,,,,,,,,,,,3362.705047,,,
1455,,,1444.66,,,,,645000,,,,,,,,,677.6503215,1122.414419,,760.5148,,,,,,,,,,,,,,,,,,,,,,,,,,,,,,,,,,,,,,,,,55502.703,,,,,,,,644.3,599.169,2419.983,,1388.166,877.24,,,,,,,,,,,,,,,,,1221.740358,534.664935,486.2,897.294364,,,,1224.5306,,,,,,,,,,,,,,,,8240.283709,,,
1454,,,863.396,,,,,200400,,,,,,,,,648.5809782,693.9683272,,1027.2555,,,,,,,,,,,,,,,,,,,,,,,,,,,,,,,,,,,,,,,,,44662.32,,,,,,,,666.264,341.388,885.276,,1506.825,1243.76,,,,,,,,,,,,,,,,,696.3130251,1944.333951,940.6,661.249344,,,,819.5998,,,,,,,,,,,,,,,,7738.15226,,,
1453,,,1154.164,,,,,434500,,,,,,,,,727.7197299,923.7479869,,1118.25,,,,,,,,,,,,,,,,,,,,,,,,,,,,,,,,,,,,,,,,,59268.24,,,,,,,,867.748,250.212,728.325,,547.415,1587.95,,,,,,,,,,,,,,,,,842.1486234,472.4014803,839,285.372235,,,,1081.911636,,,,,,,,,,,,,,,,2135.427589,,,
1452,,,897.192,,,,,311800,,,,,,,,,696.7528382,1311.615854,,1526.211,,,,,,,,,,,,,,,,,,,,,,,,,,,,,,,,,,,,,,,,,48477.744,,,,,,,,1065.288,371.577,192.456,,891.626,818.86,,,,,,,,,,,,,,,,,2083.909436,653.2383334,702.4,321.222788,,,,1595.958,,,,,,,,,,,,,,,,4545.950232,,,
1451,,,544.612,,,,,405900,,,,,,,,,1383.899984,926.084503,,1272.8508,,,,,,,,,,,,,,,,,,,,,,,,,,,,,,,,,,,,,,,,,41272.902,,,,,,,,1125.434,143.84,187.596,,1220.852,350.98,,,,,,,,,,,,,,,,,1790.332136,408.9075301,962.2,631.133806,,,,1053.1885,,,,,,,,,,,,,,,,3779.177136,,,
1450,,,576.912,,,,,556400,,,,,,,,,1655.938512,1220.585587,,120.704,,,,,,,,,,,,,,,,,,,,,,,,,,,,,,,,,,,,,,,,,39768.334,,,,,,,,780.164,279.154,686.502,,932.585,373.45,,,,,,,,,,,,,,,,,583.2135473,361.3389001,1009,340.717568,,,,2667.5298,,,,,,,,,,,,,,,,6237.932307,,,
1449,,,807.5,,,,,201300,,,,,,,,,3954.564048,1395.437998,,66.6528,,,,,,,,,,,,,,,,,,,,,,,,,,,,,,,,,,,,,,,,,59068.784,,,,,,,,471.75,475.629,688.176,,745.661,991.97,,,,,,,,,,,,,,,,,528.296529,652.4291567,1168.8,319.085033,,,,1814.9144,,,,,,,,,,,,,,,,3875.622066,,,
1448,,,1053.116,,,,,769800,,,,,,,,,1648.146593,1526.105125,,157.9357,,,,,,,,,,,,,,,,,,,,,,,,,,,,,,,,,,,,,,,,,68788.17,,,,,,,,366.486,562.745,553.797,,933.584,497.7,,,,,,,,,,,,,,,,,734.6448511,713.9317488,466.9,366.305333,,,,666.1122,,,,,,,,,,,,,,,,4896.795595,,,
1447,,,1260.108,,,,,484600,,,,,,,,,1606.36201,1528.087299,,,,,,,,,,,,,,,,,,,,,,,,,,,,,,,,,,,,,,,,,,,76329.456,,,,,,,,354.382,571.126,731.322,,1355.199,511,,,,,,,,,,,,,,,,,625.6734937,485.1861102,400.8,399.793424,,,,566.357636,,,,,,,,,,,,,,,,2449.383862,,,
1446,,,479.06,,,,,475200,,,,,,,,,879.8051613,1600.705845,,,,,,,,,,,,,,,,,,,,,,,,,,,,,,,,,,,,,,,,,,,63963.046,,,,,,,,349.758,568.023,896.697,,805.046,544.32,,,,,,,,,,,,,,,,,1290.029681,362.2744615,905.5,658.960864,,,,1399.5956,,,,,,,,,,,,,,,,6220.859144,,,
1445,,,1006.604,,,,,211900,,,,,,,,,1345.195279,1826.474233,,,,,,,,,,,,,,,,,,,,,,,,,,,,,,,,,,,,,,,,,,,69876.944,,,,,,,,369.036,448.659,973.458,,536.611,795.41,,,,,,,,,,,,,,,,,746.3178907,1071.842536,738.6,998.627978,,,,358.0122,,,,,,,,,,,,,,,,1857.528843,,,
1444,,,1619.148,,,,,393600,,,,,,,,,2354.00723,2708.325145,,,,,,,,,,,,,,,,,,,,,,,,,,,,,,,,,,,,,,,,,,,80044.416,,,,,,,,461.448,365.661,648.297,,1898.877,739.62,,,,,,,,,,,,,,,,,2097.791988,1250.390702,479.8,1242.423699,,,,1473.9513,,,,,,,,,,,,,,,,2099.000604,,,
1443,,,1346.264,,,,,380900,,,,,,,,,893.6352954,1206.267837,,562.6179,,,,,,,,,,,,,,,,,,,,,,,,,,,,,,,,,,,,,,,,,,,,,,,,,609.654,525.103,454.302,,2415.212,1360.73,,,,,,,,,,,,,,,,,1501.304447,737.7921482,914,399.246784,,,,854.93408,,,,,,,,,,,,,,,,3437.50752,,,
1442,,,998.648,,,,,404600,,,,,,,,,1216.267557,1227.042882,,1065.5652,,,,,,,,,,,,,,,,,,,,,,,,,,,,,,,,,,,,,,,,,53022.222,,,,,,,,753.712,420.5,720.765,,1100.935,1181.67,,,,,,,,,,,,,,,,,634.1042588,381.3800768,389.4,456.295381,,,,564.72416,,,,,,,,,,,,,,,,7186.091545,,,
1441,,,1012.656,,,,,92600,,,,,,,,,2746.120631,1568.368922,,1328.2522,,,,,,,,,,,,,,,,,,,,,,,,,,,,,,,,,,,,,,,,,31153.707,,,,,,,,684.25,492.536,614.115,,754.985,742.49,,,,,,,,,,,,,,,,,2956.27057,950.3567291,724.4,900.952277,,,,1246.206562,,,,,,,,,,,,,,,,5961.563718,,,
1440,,,541.28,,,,,435500,,,,,,,,,1656.233917,2613.017472,,581.4144,,,,,,,,,,,,,,,,,,,,,,,,,,,,,,,,,,,,,,,,,31831.08,,,,,,,,610.232,805.852,347.22,,818.403,774.06,,,,,,,,,,,,,,,,,1395.360388,1151.015447,664.5,904.592735,,,,171.05088,,,,,,,,,,,,,,,,5036.285683,,,
1439,,,1018.844,,,,,562100,,,,,,,,,927.4643417,949.3510637,,612.9032,,,,,,,,,,,,,,,,,,,,,,,,,,,,,,,,,,,,,,,,,70266.196,,,,,,,,596.054,618.976,384.237,,1383.948,712.32,,,,,,,,,,,,,,,,,874.8472005,513.4404283,676.7,609.927152,,,,1265.264,,,,,,,,,,,,,,,,4173.185355,,,
1438,,,642.668,,,,,214400,,,,,,,,,1011.990438,1412.947679,,1077.6409,,,,,,,,,,,,,,,,,,,,,,,,,,,,,,,,,,,,,,,,,94045.896,,,,,,,,564.468,388.281,401.085,,1362.636,798.49,,,,,,,,,,,,,,,,,1217.967251,703.4459676,1256,1212.51759,,,,889.04816,,,,,,,,,,,,,,,,1853.584616,,,
1437,,,1353.132,,,,,461400,,,,,,,,,1380.714583,2198.653498,,1155.7984,,,,,,,,,,,,,,,,,,,,,,,,,,,,,,,,,,,,,,,,,41244.336,,,,,,,,533.222,306.965,649.728,,1054.056,981.19,,,,,,,,,,,,,,,,,1114.307773,405.8187201,647.3,1162.302127,,,,1004.2032,,,,,,,,,,,,,,,,4348.706797,,,
1436,,,1193.4,,,,,216300,,,,,,,,,8817.90933,838.7410431,,1460.48,,,,,,,,,,,,,,,,,,,,,,,,,,,,,,,,,,,,,,,,,26861.769,,,,,,,,565.114,290.58,720.252,,738.853,360.22,,,,,,,,,,,,,,,,,1314.556131,843.1811076,271.5,896.762564,,,,608.9267184,,,,,,,,,,,,,,,,4260.035998,,,
1435,,,1013.54,,,,,700100,,,,,,,,,3698.362537,605.975238,,474.266,,,,,,,,,,,,,,,,,,,,,,,,,,,,,,,,,,,,,,,,,30844.656,,,,,,,,690.234,281.329,555.741,,1366.373,1909.46,,,,,,,,,,,,,,,,,1665.287445,451.1528299,619.4,1647.288039,,,,2035.45784,,,,,,,,,,,,,,,,4770.274839,,,
1434,,,1017.552,,,,,508400,,,,,,,,,1945.624123,7608.551311,,1739.353,,,,,,,,,,,,,,,,,,,,,,,,,,,,,,,,,,,,,,,,,44214.625,,,,,,,,688.704,376.362,726.651,,2120.396,755.86,,,,,,,,,,,,,,,,,1469.706975,583.9604616,429.2,716.135306,,,,2007.1688,,,,,,,,,,,,,,,,3983.750281,,,
1433,,,3179.816,,,,,1103900,,,,,,,,,2311.960977,2087.001763,,1340.6344,,,,,,,,,,,,,,,,,,,,,,,,,,,,,,,,,,,,,,,,,83302.09,,,,,,,,530.332,569.531,774.549,,1119.694,303.38,,,,,,,,,,,,,,,,,1152.872518,668.4259996,735.6,651.7529,,,,1192.1416,,,,,,,,,,,,,,,,10665.43575,,,
1432,,,1371.832,,,,,325600,,,,,,,,,804.7303766,1136.030319,,515.4855,,,,,,,,,,,,,,,,,,,,,,,,,,,,,,,,,,,,,,,,,56328.426,,,,,,,,613.666,874.843,762.615,,513.116,407.4,,,,,,,,,,,,,,,,,361.3639975,999.433679,262.7,1094.677248,,,,2315.885,,,,,,,,,,,,,,,,4708.275302,,,
1431,,,762.688,,,,,354900,,,,,,,,,1057.022101,2787.263161,,494.1957,,,,,,,,,,,,,,,,,,,,,,,,,,,,,,,,,,,,,,,,,80268.16,,,,,,,,919.122,828.907,787.023,,763.421,570.36,,,,,,,,,,,,,,,,,509.5537525,1548.331753,804.7,2017.25199,,,,4639.20548,,,,,,,,,,,,,,,,2682.867533,,,
1430,,,849.32,,,,,483700,,,,,,,,,3898.20286,1933.513141,,430.1892,,,,,,,,,,,,,,,,,,,,,,,,,,,,,,,,,,,,,,,,,73568.95,,,,,,,,667.114,604.766,804.843,,712.25,774.34,,,,,,,,,,,,,,,,,976.7799,873.3269877,708.6,848.737144,,,,1917.74791,,,,,,,,,,,,,,,,6207.526688,,,
1429,,,1680.416,,,,,167100,,,,,,,,,6789.742299,584.4191817,,386.2336,,,,,,,,,,,,,,,,,,,,,,,,,,,,,,,,,,,,,,,,,55152.689,,,,,,,,319.702,661.142,688.608,,463.129,1011.36,,,,,,,,,,,,,,,,,1483.079265,322.2173591,497.1,1080.157277,,,,596.210472,,,,,,,,,,,,,,,,2557.560227,,,
1428,,,676.26,,,,,170800,,,,,,,,,2867.779539,1133.938186,,234.6448,,,,,,,,,,,,,,,,,,,,,,,,,,,,,,,,,,,,,,,,,39932.692,,,,,,,,357.272,1131.174,668.115,,445.739,1137.57,,,,,,,,,,,,,,,,,1219.031773,1007.438179,799.4,1069.134948,,,,673.5066,,,,,,,,,,,,,,,,7780.607645,,,
1427,,,1138.116,,,,,93300,,,,,,,,,1288.980655,763.899144,,1075.32,,,,,,,,,,,,,,,,,,,,,,,,,,,,,,,,,,,,,,,,,128759.75,,,,,,,,476.952,986.87,540.486,,680.652,605.5,,,,,,,,,,,,,,,,,1441.378855,494.5748728,645.9,414.423797,,,,751.1478,,,,,,,,,,,,,,,,3503.037163,,,
1426,,,1301.928,,,,,821300,,,,,,,,,1413.645161,1098.712727,,560.4264,,,,,,,,,,,,,,,,,,,,,,,,,,,,,,,,,,,,,,,,,37266.624,,,,,,,,461.006,793.875,328.887,,1215.524,1458.45,,,,,,,,,,,,,,,,,1085.648967,944.909759,674.1,740.193597,,,,592.18874,,,,,,,,,,,,,,,,4152.585536,,,
1425,,,867.612,,,,,534400,,,,,,,,,2568.288467,1047.856919,,747.3363,,,,,,,,,,,,,,,,,,,,,,,,,,,,,,,,,,,,,,,,,45721.608,,,,,,,,316.71,590.005,533.142,,1452.657,1067.71,,,,,,,,,,,,,,,,,1154.277927,457.8330808,1000.8,958.206292,,,,464.750364,,,,,,,,,,,,,,,,5576.367887,,,
1424,,,956.284,,,,,933500,,,,,,,,,1963.463863,1526.845579,,1182.4137,,,,,,,,,,,,,,,,,,,,,,,,,,,,,,,,,,,,,,,,,52774.052,,,,,,,,340.374,372.563,818.775,,857.882,177.31,,,,,,,,,,,,,,,,,1093.924506,1399.873271,1252.2,869.049394,,,,963.9422,,,,,,,,,,,,,,,,3945.539401,,,
1423,,,494.224,,,,,545700,,,,,,,,,1795.607903,961.7071617,,1394.3567,,,,,,,,,,,,,,,,,,,,,,,,,,,,,,,,,,,,,,,,,61549.84,,,,,,,,550.698,457.794,856.44,,834.165,543.27,,,,,,,,,,,,,,,,,521.0816116,663.8738976,777,1200.256754,,,,715.6136,,,,,,,,,,,,,,,,8764.036497,,,
1422,,,689.112,,,,,516800,,,,,,,,,1421.390535,1723.34026,,1058.8705,,,,,,,,,,,,,,,,,,,,,,,,,,,,,,,,,,,,,,,,,63015.929,,,,,,,,1152.464,779.984,796.446,,564.805,980.98,,,,,,,,,,,,,,,,,1905.656711,784.1593643,1026.1,924.536573,,,,4691.7832,,,,,,,,,,,,,,,,4008.486259,,,
1421,,,1255.484,,,,,239300,,,,,,,,,1231.598002,2210.331141,,1393.968,,,,,,,,,,,,,,,,,,,,,,,,,,,,,,,,,,,,,,,,,44045.667,,,,,,,,888.25,616.221,736.128,,485.551,1296.82,,,,,,,,,,,,,,,,,916.2672776,974.199026,520.6,626.770219,,,,931.632,,,,,,,,,,,,,,,,11506.21425,,,
1420,,,810.628,,,,,701300,,,,,,,,,997.7162229,3100.480322,,3974.762,,,,,,,,,,,,,,,,,,,,,,,,,,,,,,,,,,,,,,,,,56541.475,,,,,,,,870.978,832.3,591.759,,976.282,944.3,,,,,,,,,,,,,,,,,2086.25008,675.4849511,1234.2,940.798084,,,,3449.68,,,,,,,,,,,,,,,,3685.146884,,,
1419,,,806.004,,,,,635900,,,,,,,,,1038.866833,1516.515657,,973.1124,,,,,,,,,,,,,,,,,,,,,,,,,,,,,,,,,,,,,,,,,43917.948,,,,,,,,796.042,820.439,475.605,,1339.289,801.64,,,,,,,,,,,,,,,,,347.1241466,524.6598029,993.6,1200.679607,,,,1669.408,,,,,,,,,,,,,,,,7678.868273,,,
1418,,,1134.852,,,,,444900,,,,,,,,,775.0865198,1331.142161,,1193.4054,,,,,,,,,,,,,,,,,,,,,,,,,,,,,,,,,,,,,,,,,46574.862,,,,,,,,719.882,286.897,512.622,,978.613,341.88,,,,,,,,,,,,,,,,,747.4028285,928.4916979,596.3,1432.470309,,,,476.45728,,,,,,,,,,,,,,,,3003.462969,,,
1417,,,1207.204,,,,,205300,,,,,,,,,884.5880228,1839.189882,,,,,,,,,,,,,,,,,,,,,,,,,,,,,,,,,,,,,,,,,,,92399.372,,,,,,,,837.522,515.359,796.581,,698.301,790.09,,,,,,,,,,,,,,,,,1562.601841,496.3789124,355.7,593.965898,,,,517.088,,,,,,,,,,,,,,,,3516.128677,,,
1416,,,1477.436,,,,,546700,,,,,,,,,775.1332556,1340.13299,,,,,,,,,,,,,,,,,,,,,,,,,,,,,,,,,,,,,,,,,,,67244.617,,,,,,,,1112.48,775.199,1102.383,,545.528,1175.09,,,,,,,,,,,,,,,,,591.510669,925.6212435,767.9,1049.36131,,,,295.152,,,,,,,,,,,,,,,,6495.005046,,,
1415,,,978.384,,,,,513000,,,,,,,,,1002.066098,1740.06044,,,,,,,,,,,,,,,,,,,,,,,,,,,,,,,,,,,,,,,,,,,53187.868,,,,,,,,1209.72,502.425,594.459,,368.261,593.95,,,,,,,,,,,,,,,,,1240.256424,667.495719,470.8,828.24605,,,,1897.23456,,,,,,,,,,,,,,,,2810.367154,,,
1414,,,1362.652,,,,,302100,,,,,,,,,1094.570563,1159.156703,,,,,,,,,,,,,,,,,,,,,,,,,,,,,,,,,,,,,,,,,,,33218.9,,,,,,,,1362.822,372.824,540.054,,366.411,1492.12,,,,,,,,,,,,,,,,,1713.7905,1185.472757,541.1,983.818657,,,,1073.83744,,,,,,,,,,,,,,,,9896.935754,,,
1413,,,1739.984,,,,,524500,,,,,,,,,1155.370153,577.0989759,,1374.2112,,,,,,,,,,,,,,,,,,,,,,,,,,,,,,,,,,,,,,,,,30084.805,,,,,,,,1120.504,333.384,534.924,,542.938,1308.44,,,,,,,,,,,,,,,,,1522.86974,1009.21876,460.8,586.356256,,,,511.784,,,,,,,,,,,,,,,,2649.571701,,,
1412,,,642.464,,,,,900800,,,,,,,,,1025.360961,1694.714137,,670.8292,,,,,,,,,,,,,,,,,,,,,,,,,,,,,,,,,,,,,,,,,81196.992,,,,,,,,787.882,408.407,405.459,,596.107,1032.99,,,,,,,,,,,,,,,,,1823.384219,780.793667,721,608.476264,,,,477.984,,,,,,,,,,,,,,,,4064.070104,,,
1411,,,957.848,,,,,740200,,,,,,,,,5024.441235,1583.69013,,410.4672,,,,,,,,,,,,,,,,,,,,,,,,,,,,,,,,,,,,,,,,,63964.656,,,,,,,,649.026,652.239,422.415,,961.852,928.48,,,,,,,,,,,,,,,,,1650.598284,529.1090568,663.9,1414.071461,,,,512.512,,,,,,,,,,,,,,,,5518.060946,,,
1410,,,1995.596,,,,,99600,,,,,,,,,1795.203949,1693.14137,,458.6582,,,,,,,,,,,,,,,,,,,,,,,,,,,,,,,,,,,,,,,,,69821.008,,,,,,,,908.48,720.679,342.036,,809.338,538.51,,,,,,,,,,,,,,,,,621.8494567,1123.341157,645.8,414.962402,,,,6647.6592,,,,,,,,,,,,,,,,3089.847066,,,
1409,,,1564.34,,,,,566900,,,,,,,,,1090.580707,2218.606912,,837.3787,,,,,,,,,,,,,,,,,,,,,,,,,,,,,,,,,,,,,,,,,53989.74,,,,,,,,1174.496,813.131,444.663,,810.744,734.16,,,,,,,,,,,,,,,,,1147.424147,876.1833949,360.6,788.395456,,,,1146.492672,,,,,,,,,,,,,,,,7563.527098,,,
1408,,,1089.972,,,,,479200,,,,,,,,,1160.948383,4124.803971,,759.24,,,,,,,,,,,,,,,,,,,,,,,,,,,,,,,,,,,,,,,,,68508.72,,,,,,,,1192.55,615.38,551.178,,1738.63,857.29,,,,,,,,,,,,,,,,,3083.112723,904.8773021,453.5,897.838122,,,,426.504,,,,,,,,,,,,,,,,5191.875406,,,
1407,,,1773.916,,,,,746800,,,,,,,,,1731.816449,1720.474691,,2287.923,,,,,,,,,,,,,,,,,,,,,,,,,,,,,,,,,,,,,,,,,82224.126,,,,,,,,1105.646,620.136,486.243,,1864.43,552.37,,,,,,,,,,,,,,,,,2822.82653,1180.867279,1060.4,930.046811,,,,783.64,,,,,,,,,,,,,,,,4009.64966,,,
1406,,,2042.176,,,,,305300,,,,,,,,,1323.461363,1113.854849,,1456.2702,,,,,,,,,,,,,,,,,,,,,,,,,,,,,,,,,,,,,,,,,44243.536,,,,,,,,837.182,677.933,635.526,,1631.663,757.47,,,,,,,,,,,,,,,,,1054.991081,1051.903597,799.1,460.860681,,,,373.152,,,,,,,,,,,,,,,,5481.540422,,,
1405,,,1543.532,,,,,365300,,,,,,,,,1290.707067,885.2402047,,333.7731,,,,,,,,,,,,,,,,,,,,,,,,,,,,,,,,,,,,,,,,,48463.668,,,,,,,,643.008,574.171,700.407,,1236.244,460.39,,,,,,,,,,,,,,,,,702.3359635,877.5127434,576.2,764.675499,,,,2711.28,,,,,,,,,,,,,,,,3757.37138,,,
1404,,,1092.148,,,,,636400,,,,,,,,,1291.452182,936.1011998,,1390.488,,,,,,,,,,,,,,,,,,,,,,,,,,,,,,,,,,,,,,,,,51360.265,,,,,,,,584.528,811.797,715.878,,1065.045,719.25,,,,,,,,,,,,,,,,,362.4152447,1303.657438,617.3,1307.865808,,,,1244.41434,,,,,,,,,,,,,,,,2012.128737,,,
1403,,,1415.692,,,,,317000,,,,,,,,,1422.17449,1270.469045,,1106.3396,,,,,,,,,,,,,,,,,,,,,,,,,,,,,,,,,,,,,,,,,43331.816,,,,,,,,609.246,658.735,665.199,,1044.621,606.41,,,,,,,,,,,,,,,,,1784.629732,679.394883,2556.8,596.271094,,,,627.2916,,,,,,,,,,,,,,,,3966.428208,,,
1402,,,660.484,,,,,690000,,,,,,,,,725.1706468,607.1846412,,1031.998,,,,,,,,,,,,,,,,,,,,,,,,,,,,,,,,,,,,,,,,,44639.688,,,,,,,,831.742,522.522,401.49,,1694.156,415.17,,,,,,,,,,,,,,,,,1158.969589,548.0654548,1677,466.231965,,,,662.480728,,,,,,,,,,,,,,,,2462.748833,,,
1401,,,718.624,,,,,127900,,,,,,,,,1074.810296,1880.531946,,779.34,,,,,,,,,,,,,,,,,,,,,,,,,,,,,,,,,,,,,,,,,42849.736,,,,,,,,1110.678,465.392,538.785,,969.4,361.76,,,,,,,,,,,,,,,,,1031.950423,518.4421123,488.8,1074.635942,,,,1112.241,,,,,,,,,,,,,,,,6412.162189,,,
1400,,,807.024,,,,,223600,,,,,,,,,1419.556979,2520.584335,,1117.4742,,,,,,,,,,,,,,,,,,,,,,,,,,,,,,,,,,,,,,,,,65496.042,,,,,,,,1135.906,557.09,863.379,,354.201,662.41,,,,,,,,,,,,,,,,,1070.983378,991.6473782,985.2,958.819245,,,,1434.7476,,,,,,,,,,,,,,,,5577.205564,,,
1399,,,1042.304,,,,,,,,,,,,,,1175.807439,3233.129977,,641.5086,,,,,,,,,,,,,,,,,,,,,,,,,,,,,,,,,,,,,,,,,54703.016,,,,,,,,897.804,956.333,922.023,,597.18,512.96,,,,,,,,,,,,,,,,,473.641439,806.9331139,575.6,1193.66922,,,,805.376,,,,,,,,,,,,,,,,2318.075152,,,
1398,,,1402.84,,,,,,,,,,,,,,2692.473301,2556.155353,,643.8988,,,,,,,,,,,,,,,,,,,,,,,,,,,,,,,,,,,,,,,,,52950.876,,,,,,,,710.804,828.385,862.839,,1497.205,680.33,,,,,,,,,,,,,,,,,1762.801017,1027.183292,1268.2,510.538811,,,,564.928,,,,,,,,,,,,,,,,6678.915279,,,
1397,,,639.132,,,,,,,,,,,,,,1571.969025,2720.356539,,546.1565,,,,,,,,,,,,,,,,,,,,,,,,,,,,,,,,,,,,,,,,,58671.574,,,,,,,,706.078,686.343,889.596,,1314.055,1211,,,,,,,,,,,,,,,,,1587.394236,376.3276835,549,167.443322,,,,1241.136,,,,,,,,,,,,,,,,4045.744667,,,
1396,,,977.976,,,,,,,,,,,,,,2734.433597,1465.906612,,1238.515,,,,,,,,,,,,,,,,,,,,,,,,,,,,,,,,,,,,,,,,,55237.168,,,,,,,,660.348,733.236,862.839,,1148.85,873.81,,,,,,,,,,,,,,,,,829.4419034,509.914518,874.7,513.603757,,,,1069.6192,,,,,,,,,,,,,,,,7755.904427,,,
1395,,,524.076,,,,,,,,,,,,,,2248.041066,1435.135591,,1801.3575,,,,,,,,,,,,,,,,,,,,,,,,,,,,,,,,,,,,,,,,,81030.84,,,,,,,,686.63,707.716,774.414,,826.358,756.21,,,,,,,,,,,,,,,,,1290.98974,890.0556431,491.9,255.348506,,,,1043.094,,,,,,,,,,,,,,,,3719.289928,,,
1394,,,641.852,,,,,,,,,,,,,,1921.246312,1722.53399,,1134.4008,,,,,,,,,,,,,,,,,,,,,,,,,,,,,,,,,,,,,,,,,53866.161,,,,,,,,822.596,949.808,706.914,,833.462,249.9,,,,,,,,,,,,,,,,,1095.713678,689.5892466,1079,145.690598,,,,1678.0608,,,,,,,,,,,,,,,,3970.540686,,,
1393,,,1033.464,,,,,,,,,,,,,,3044.622441,1351.337879,,587.1508,,,,,,,,,,,,,,,,,,,,,,,,,,,,,,,,,,,,,,,,,36333.054,,,,,,,,958.188,893.693,910.494,,904.835,416.71,,,,,,,,,,,,,,,,,1202.674943,588.3683509,565,533.295662,,,,1309.932,,,,,,,,,,,,,,,,4809.496711,,,
1392,,,1398.352,,,,,,,,,,,,,,1653.391508,5860.181129,,226.0161,,,,,,,,,,,,,,,,,,,,,,,,,,,,,,,,,,,,,,,,,38151.48,,,,,,,,815.864,709.427,481.653,,642.653,1223.53,,,,,,,,,,,,,,,,,1254.713558,589.8645314,735.9,584.414347,,,,983.0808,,,,,,,,,,,,,,,,5381.535943,,,
1391,,,648.312,,,,,,,,,,,,,,1006.612099,2114.07172,,2662.212,,,,,,,,,,,,,,,,,,,,,,,,,,,,,,,,,,,,,,,,,64829.64,,,,,,,,607.852,749.128,336.933,,947.052,659.19,,,,,,,,,,,,,,,,,717.2035581,686.2550114,715.7,887.983594,,,,1299.73896,,,,,,,,,,,,,,,,9491.01605,,,
1390,,,1667.972,,,,,,,,,,,,,,3014.548016,1474.353235,,4445.5585,,,,,,,,,,,,,,,,,,,,,,,,,,,,,,,,,,,,,,,,,58131.81,,,,,,,,462.672,983.477,295.218,,732.859,1101.38,,,,,,,,,,,,,,,,,673.3364164,349.7472886,496.9,1177.250301,,,,1633.4136,,,,,,,,,,,,,,,,3032.177503,,,
1389,,,2955.96,,,,,,,,,,,,,,1518.123918,1486.115081,,1612.56,,,,,,,,,,,,,,,,,,,,,,,,,,,,,,,,,,,,,,,,,58106.142,,,,,,,,,970.456,323.73,,853.997,707.14,,,,,,,,,,,,,,,,,724.6568125,730.934513,619.6,223.861944,,,,,,,,,,,,,,,,,,,,7239.427769,,,
1388,,,723.928,,,,,,,,,,,,,,571.9419432,1141.735038,,623.328,,,,,,,,,,,,,,,,,,,,,,,,,,,,,,,,,,,,,,,,,75848.388,,,,,,,,427.142,551.29,465.939,,1700.483,427.49,,,,,,,,,,,,,,,,,963.5296355,639.9902028,512.6,480.272872,,,,2746.224,,,,,,,,,,,,,,,,4316.332042,,,
1387,,,421.6,,,,,,,,,,,,,,1375.78481,1441.090089,,799.1124,,,,,,,,,,,,,,,,,,,,,,,,,,,,,,,,,,,,,,,,,38784.808,,,,,,,,499.494,559.497,736.29,,1397.564,491.82,,,,,,,,,,,,,,,,,755.2669465,522.3420408,347.4,2314.900035,,,,6870.04864,,,,,,,,,,,,,,,,3180.385548,,,
1386,,,1604.8,,,,,,,,,,,,,,1595.00546,1255.241072,,1391.9625,,,,,,,,,,,,,,,,,,,,,,,,,,,,,,,,,,,,,,,,,82716.004,,,,,,,,700.57,710.268,746.064,,1140.858,826.91,,,,,,,,,,,,,,,,,764.2804232,643.5168267,811.5,735.438651,,,,4074.096,,,,,,,,,,,,,,,,6368.694907,,,
1385,,,1547.952,,,,,,,,,,,,,,1347.46944,422.778472,,1424.2128,,,,,,,,,,,,,,,,,,,,,,,,,,,,,,,,,,,,,,,,,90716.301,,,,,,,,896.92,759.423,640.089,,1374.883,1006.74,,,,,,,,,,,,,,,,,1793.303311,1295.786636,1166.9,400.642722,,,,846.768,,,,,,,,,,,,,,,,6798.485428,,,
1384,,,1971.456,,,,,,,,,,,,,,6097.473289,1126.419978,,713.6938,,,,,,,,,,,,,,,,,,,,,,,,,,,,,,,,,,,,,,,,,42243.41,,,,,,,,959.48,764.411,769.095,,1571.205,1504.51,,,,,,,,,,,,,,,,,822.6651768,1034.801929,826.7,1103.86242,,,,907.712,,,,,,,,,,,,,,,,3111.468429,,,
1383,,,761.532,,,,,,,,,,,,,,3206.88317,1852.275441,,334.1336,,,,,,,,,,,,,,,,,,,,,,,,,,,,,,,,,,,,,,,,,77673.645,,,,,,,,731.612,668.711,903.528,,2268.063,661.99,,,,,,,,,,,,,,,,,620.9934902,702.8787788,1276.3,1625.156581,,,,1684.8,,,,,,,,,,,,,,,,3017.108234,,,
1382,,,845.784,,,,,,,,,,,,,,1434.57482,2012.040049,,,,,,,,,,,,,,,,,,,,,,,,,,,,,,,,,,,,,,,,,,,70968.8,,,,,,,,631.414,758.901,471.285,,1857.511,654.15,,,,,,,,,,,,,,,,,1086.524935,768.1617222,1537.8,921.076912,,,,3567.564,,,,,,,,,,,,,,,,3507.510498,,,
1381,,,1377.612,,,,,,,,,,,,,,1234.103912,1400.442476,,2584.8036,,,,,,,,,,,,,,,,,,,,,,,,,,,,,,,,,,,,,,,,,41538,,,,,,,,556.58,661.374,328.266,,1240.24,808.71,,,,,,,,,,,,,,,,,1305.110434,634.7822975,914.5,667.442301,,,,1103.7546,,,,,,,,,,,,,,,,3615.065728,,,
1380,,,551.616,,,,,,,,,,,,,,1959.737552,638.8850913,,1492.1774,,,,,,,,,,,,,,,,,,,,,,,,,,,,,,,,,,,,,,,,,31551.768,,,,,,,,606.594,642.437,706.158,,769.267,1489.25,,,,,,,,,,,,,,,,,1113.764955,1286.420734,457.8,886.492497,,,,,,,,,,,,,,,,,,,,4879.048864,,,
1379,,,842.044,,,,,,,,,,,,,,1637.079703,776.0582047,,3145.754,,,,,,,,,,,,,,,,,,,,,,,,,,,,,,,,,,,,,,,,,34379.664,,,,,,,,649.91,895.984,647.595,,1218.336,1441.37,,,,,,,,,,,,,,,,,762.0959619,287.7487541,546.2,850.908292,,,,1236.9084,,,,,,,,,,,,,,,,5663.444956,,,
1378,,,911.744,,,,,,,,,,,,,,2278.875995,1019.009834,,1524.9267,,,,,,,,,,,,,,,,,,,,,,,,,,,,,,,,,,,,,,,,,37253.192,,,,,,,,660.858,672.8,436.86,,908.498,790.65,,,,,,,,,,,,,,,,,890.0076133,191.0831659,584.8,209.061266,,,,3127.28,,,,,,,,,,,,,,,,1960.696324,,,
1377,,,854.148,,,,,,,,,,,,,,940.0942624,780.4500445,,757.12,,,,,,,,,,,,,,,,,,,,,,,,,,,,,,,,,,,,,,,,,63143.855,,,,,,,,599.93,461.767,268.731,,867.724,607.18,,,,,,,,,,,,,,,,,462.347136,382.3216723,567.8,159.495821,,,,2203.968,,,,,,,,,,,,,,,,5437.601646,,,
1376,,,415.82,,,,,,,,,,,,,,542.8241781,1463.87813,,1075.284,,,,,,,,,,,,,,,,,,,,,,,,,,,,,,,,,,,,,,,,,92153.295,,,,,,,,370.634,434.913,260.712,,950.937,297.57,,,,,,,,,,,,,,,,,575.8728072,232.5856253,1151.7,603.919769,,,,983.0912,,,,,,,,,,,,,,,,6287.08453,,,
1375,,,888.896,,,,,,,,,,,,,,7988.783973,2147.720898,,563.6232,,,,,,,,,,,,,,,,,,,,,,,,,,,,,,,,,,,,,,,,,40048.612,,,,,,,,240.244,428.939,277.128,,520.701,503.02,,,,,,,,,,,,,,,,,477.2658208,520.2225024,1160.8,711.048459,,,,279.6768,,,,,,,,,,,,,,,,3625.557044,,,
1374,,,1023.876,,,,,,,,,,,,,,2395.718568,1433.32248,,1659.1085,,,,,,,,,,,,,,,,,,,,,,,,,,,,,,,,,,,,,,,,,84024.336,,,,,,,,295.256,319.551,431.838,,,560.07,,,,,,,,,,,,,,,,,1170.671109,697.8250858,1100.1,814.359709,,,,1205.8592,,,,,,,,,,,,,,,,7558.415077,,,
1373,,,883.524,,,,,,,,,,,,,,1384.540824,1237.722405,,865.4016,,,,,,,,,,,,,,,,,,,,,,,,,,,,,,,,,,,,,,,,,106876.745,,,,,,,,424.388,386.048,321.003,,403.781,633.57,,,,,,,,,,,,,,,,,936.5180731,716.557445,1116.9,511.090641,,,,873.6,,,,,,,,,,,,,,,,4910.615243,,,
1372,,,573.24,,,,,,,,,,,,,,1154.536422,1132.939078,,307.5699,,,,,,,,,,,,,,,,,,,,,,,,,,,,,,,,,,,,,,,,,30394.845,,,,,,,,467.126,777.606,665.334,,811.373,565.53,,,,,,,,,,,,,,,,,508.8263746,671.0029421,916.2,596.913319,,,,1103.856,,,,,,,,,,,,,,,,2678.799784,,,
1371,,,1346.468,,,,,,,,,,,,,,672.5117446,1780.0709,,878.4778,,,,,,,,,,,,,,,,,,,,,,,,,,,,,,,,,,,,,,,,,97817.804,,,,,,,,527.884,719.316,876.852,,1004.439,582.4,,,,,,,,,,,,,,,,,601.0763674,372.2774227,2016.3,718.594708,,,,1540.032,,,,,,,,,,,,,,,,5455.750871,,,
1370,,,1222.028,,,,,,,,,,,,,,881.3082106,1881.889045,,1872.4116,,,,,,,,,,,,,,,,,,,,,,,,,,,,,,,,,,,,,,,,,36541.825,,,,,,,,540.906,335.646,552.798,,735.449,616.84,,,,,,,,,,,,,,,,,1744.699608,1049.715936,612.3,833.360935,,,,3636.36,,,,,,,,,,,,,,,,6652.548499,,,
1369,,,800.768,,,,,,,,,,,,,,2065.683878,1712.718864,,681.5226,,,,,,,,,,,,,,,,,,,,,,,,,,,,,,,,,,,,,,,,,83230.238,,,,,,,,526.898,432.999,602.829,,501.757,724.64,,,,,,,,,,,,,,,,,595.2580174,369.4809626,400.9,729.839438,,,,1315.301,,,,,,,,,,,,,,,,4309.401892,,,
1368,,,903.108,,,,,,,,,,,,,,4394.676362,932.532419,,2706.9471,,,,,,,,,,,,,,,,,,,,,,,,,,,,,,,,,,,,,,,,,41814.736,,,,,,,,555.56,382.829,447.633,,704.48,1039.92,,,,,,,,,,,,,,,,,537.1599328,782.8659523,544.4,742.245813,,,,2249.0676,,,,,,,,,,,,,,,,5332.355368,,,
1367,,,2169.744,,,,,,,,,,,,,,2555.481035,981.9565532,,1855.65,,,,,,,,,,,,,,,,,,,,,,,,,,,,,,,,,,,,,,,,,44799.216,,,,,,,,591.634,505.006,378.297,,776.038,686.56,,,,,,,,,,,,,,,,,704.3271,666.7877515,888.4,669.845704,,,,1084.395,,,,,,,,,,,,,,,,6293.10141,,,
1366,,,1319.2,,,,,,,,,,,,,,2041.282353,1415.966823,,1450.6032,,,,,,,,,,,,,,,,,,,,,,,,,,,,,,,,,,,,,,,,,77243.936,,,,,,,,600.78,559.091,495.369,,825.692,510.16,,,,,,,,,,,,,,,,,1107.610824,538.0444055,218.9,897.14097,,,,408.941,,,,,,,,,,,,,,,,2899.267236,,,
1365,,,1395.564,,,,,,,,,,,,,,2086.323745,1332.773444,,636.3843,,,,,,,,,,,,,,,,,,,,,,,,,,,,,,,,,,,,,,,,,56831.229,,,,,,,,832.728,613.727,935.28,,549.746,825.86,,,,,,,,,,,,,,,,,1846.017327,371.7462506,1346.7,1127.310213,,,,1041.612,,,,,,,,,,,,,,,,6020.44195,,,
1364,,,1267.588,,,,,,,,,,,,,,848.3028585,1462.664331,,732.1935,,,,,,,,,,,,,,,,,,,,,,,,,,,,,,,,,,,,,,,,,64008.149,,,,,,,,1112.99,625.327,609.12,,817.996,1056.86,,,,,,,,,,,,,,,,,2329.76039,575.1458815,828.3,694.209129,,,,2097.355,,,,,,,,,,,,,,,,2200.839703,,,
1363,,,801.584,,,,,,,,,,,,,,1478.36439,1294.714716,,886.1248,,,,,,,,,,,,,,,,,,,,,,,,,,,,,,,,,,,,,,,,,55394.35,,,,,,,,939.556,753.681,501.633,,804.491,915.04,,,,,,,,,,,,,,,,,2052.416858,677.3566156,349.3,866.369363,,,,1028.9032,,,,,,,,,,,,,,,,3076.196124,,,
1362,,,928.744,,,,,,,,,,,,,,3831.987165,1601.746026,,642.7026,,,,,,,,,,,,,,,,,,,,,,,,,,,,,,,,,,,,,,,,,89633.76,,,,,,,,538.356,473.976,374.76,,909.349,1163.12,,,,,,,,,,,,,,,,,1326.952383,454.0389703,775.3,834.329694,,,,707.09912,,,,,,,,,,,,,,,,2853.66782,,,
1361,,,1043.596,,,,,,,,,,,,,,1458.58905,1547.20554,,215.496,,,,,,,,,,,,,,,,,,,,,,,,,,,,,,,,,,,,,,,,,39222.935,,,,,,,,392.258,591.368,653.94,,739.852,1128.47,,,,,,,,,,,,,,,,,1701.73532,524.7073931,1726.5,1316.572873,,,,1630.98,,,,,,,,,,,,,,,,3243.795995,,,
1360,,,994.432,,,,,,,,,,,,,,1119.326519,1616.431656,,330.9239,,,,,,,,,,,,,,,,,,,,,,,,,,,,,,,,,,,,,,,,,59474.412,,,,,,,,276.216,399.649,618.651,,556.776,1220.8,,,,,,,,,,,,,,,,,597.1582175,359.177943,525.4,1070.87789,,,,998.3584,,,,,,,,,,,,,,,,4465.409177,,,
1359,,,2020.824,,,,,,,,,,,,,,1238.141149,461.0488717,,1353.235,,,,,,,,,,,,,,,,,,,,,,,,,,,,,,,,,,,,,,,,,44763.888,,,,,,,,298.826,444.889,462.78,,1025.233,1120.07,,,,,,,,,,,,,,,,,1610.625688,368.9608356,1320.7,562.751414,,,,265.1376,,,,,,,,,,,,,,,,3851.922337,,,
1358,,,977.568,,,,,,,,,,,,,,2072.474856,1031.401279,,2254.561,,,,,,,,,,,,,,,,,,,,,,,,,,,,,,,,,,,,,,,,,65477.481,,,,,,,,630.802,801.386,654.237,,1609.019,1231.16,,,,,,,,,,,,,,,,,2024.599538,728.53968,806.6,1845.039889,,,,1694.27232,,,,,,,,,,,,,,,,3099.090412,,,
1357,,,460.836,,,,,,,,,,,,,,3917.752163,1452.831771,,1118.9536,,,,,,,,,,,,,,,,,,,,,,,,,,,,,,,,,,,,,,,,,40817.364,,,,,,,,1027.548,1036.547,827.955,,1060.383,1082.2,,,,,,,,,,,,,,,,,2725.983413,815.0962636,593.4,865.28898,,,,1310.4416,,,,,,,,,,,,,,,,4369.190381,,,
1356,,,742.356,,,,,,,,,,,,,,1988.143267,1184.613544,,853.6176,,,,,,,,,,,,,,,,,,,,,,,,,,,,,,,,,,,,,,,,,87522.958,,,,,,,,1082.118,677.556,880.47,,735.449,1389.29,,,,,,,,,,,,,,,,,1869.586685,723.4370214,1027.8,378.213452,,,,,,,,,,,,,,,,,,,,8482.04412,,,
1355,,,968.32,,,,,,,,,,,,,,1226.42973,1101.426019,,1143.6316,,,,,,,,,,,,,,,,,,,,,,,,,,,,,,,,,,,,,,,,,68392.8,,,,,,,,756.84,360.76,964.035,,814.851,1459.85,,,,,,,,,,,,,,,,,619.6993836,884.9576386,1112.8,560.598316,,,,,,,,,,,,,,,,,,,,6849.23581,,,
1354,,,927.724,,,,,,,,,,,,,,1244.550599,780.8111433,,876.4526,,,,,,,,,,,,,,,,,,,,,,,,,,,,,,,,,,,,,,,,,66532.56,,,,,,,,550.596,604.969,1052.757,,1476.448,1014.58,,,,,,,,,,,,,,,,,507.3610211,1453.721065,1707.4,866.688616,,,,,,,,,,,,,,,,,,,,3318.571991,,,
1353,,,1511.232,,,,,,,,,,,,,,1129.262738,1997.760379,,751.6104,,,,,,,,,,,,,,,,,,,,,,,,,,,,,,,,,,,,,,,,,39667.824,,,,,,,,488.41,407.653,929.367,,1895.14,565.81,,,,,,,,,,,,,,,,,848.9241669,717.4278657,552.1,879.309096,,,,,,,,,,,,,,,,,,,,2702.591594,,,
1352,,,1337.696,,,,,,,,,,,,,,729.7554834,1478.051695,,3934.77,,,,,,,,,,,,,,,,,,,,,,,,,,,,,,,,,,,,,,,,,41688.558,,,,,,,,541.45,694.231,878.31,,918.081,556.01,,,,,,,,,,,,,,,,,451.9388674,978.2828756,1458.3,800.517045,,,,,,,,,,,,,,,,,,,,5254.019832,,,
1351,,,751.196,,,,,,,,,,,,,,2856.351489,1111.0542,,2339.133,,,,,,,,,,,,,,,,,,,,,,,,,,,,,,,,,,,,,,,,,68264.644,,,,,,,,762.45,365.371,800.442,,1917.266,475.02,,,,,,,,,,,,,,,,,1746.509205,849.3485407,894,656.410594,,,,,,,,,,,,,,,,,,,,3024.616222,,,
1350,,,1360.68,,,,,,,,,,,,,,5397.723901,849.7233043,,2294.6346,,,,,,,,,,,,,,,,,,,,,,,,,,,,,,,,,,,,,,,,,109429.86,,,,,,,,833.918,335.472,871.938,,1091.389,390.74,,,,,,,,,,,,,,,,,1187.743604,490.3625977,765.4,944.829507,,,,,,,,,,,,,,,,,,,,2131.081844,,,
1349,,,1187.348,,,,,,,,,,,,,,804.6261459,1577.002209,,1012.8447,,,,,,,,,,,,,,,,,,,,,,,,,,,,,,,,,,,,,,,,,35738.918,,,,,,,,661.946,836.476,738.45,,1755.391,570.29,,,,,,,,,,,,,,,,,1271.570104,706.5581855,730.9,741.150081,,,,,,,,,,,,,,,,,,,,3641.51142,,,
1348,,,621.656,,,,,,,,,,,,,,1472.605349,2558.590504,,1078.7712,,,,,,,,,,,,,,,,,,,,,,,,,,,,,,,,,,,,,,,,,69344.195,,,,,,,,565.896,551.435,773.739,,1283.863,512.61,,,,,,,,,,,,,,,,,1209.884252,621.5290633,1267.5,1748.75538,,,,,,,,,,,,,,,,,,,,10450.48268,,,
1347,,,603.296,,,,,,,,,,,,,,1644.529068,1592.394511,,1075.7319,,,,,,,,,,,,,,,,,,,,,,,,,,,,,,,,,,,,,,,,,59923.556,,,,,,,,437.716,570.894,570.159,,847.855,632.52,,,,,,,,,,,,,,,,,882.5635268,1049.351688,803.1,1936.60618,,,,,,,,,,,,,,,,,,,,6699.864626,,,
1346,,,864.892,,,,,,,,,,,,,,1357.405131,2873.831875,,799.456,,,,,,,,,,,,,,,,,,,,,,,,,,,,,,,,,,,,,,,,,114745.206,,,,,,,,424.116,792.541,821.502,,966.033,650.3,,,,,,,,,,,,,,,,,1303.231651,671.0197058,957.5,623.559828,,,,,,,,,,,,,,,,,,,,3943.195333,,,
1345,,,881.688,,,,,,,,,,,,,,954.3897844,2147.109432,,470.0268,,,,,,,,,,,,,,,,,,,,,,,,,,,,,,,,,,,,,,,,,40072.9,,,,,,,,438.566,1509.943,697.491,,1091.093,1187.97,,,,,,,,,,,,,,,,,1623.043216,1525.366039,1275.8,998.160615,,,,,,,,,,,,,,,,,,,,4661.185822,,,
1344,,,1327.36,,,,,,,,,,,,,,1638.694638,3230.701341,,716.7325,,,,,,,,,,,,,,,,,,,,,,,,,,,,,,,,,,,,,,,,,48551.62,,,,,,,,469.166,1669.675,702.351,,1060.235,601.93,,,,,,,,,,,,,,,,,455.2036425,1689.556207,851.2,1073.495664,,,,,,,,,,,,,,,,,,,,6967.433578,,,
1343,,,1042.032,,,,,,,,,,,,,,1745.075618,2016.445936,,1072.0024,,,,,,,,,,,,,,,,,,,,,,,,,,,,,,,,,,,,,,,,,102174.556,,,,,,,,636.854,1234.791,448.308,,1320.641,496.3,,,,,,,,,,,,,,,,,982.8003556,547.8364391,814.9,519.630544,,,,,,,,,,,,,,,,,,,,5496.715382,,,
1342,,,2593.248,,,,,,,,,,,,,,701.7943432,933.2901427,,897.3284,,,,,,,,,,,,,,,,,,,,,,,,,,,,,,,,,,,,,,,,,60481.26,,,,,,,,977.364,885.399,991.467,,1048.802,895.02,,,,,,,,,,,,,,,,,896.0475062,1375.679255,435.9,989.672409,,,,,,,,,,,,,,,,,,,,3001.540663,,,
1341,,,975.732,,,,,,,,,,,,,,1165.187568,1333.082381,,1691.734,,,,,,,,,,,,,,,,,,,,,,,,,,,,,,,,,,,,,,,,,61814.961,,,,,,,,1088.782,796.166,835.839,,553.076,1016.47,,,,,,,,,,,,,,,,,939.3403684,184.1820184,859.6,812.412499,,,,,,,,,,,,,,,,,,,,3105.66,,,
1340,,,729.232,,,,,,,,,,,,,,1193.354141,1580.131511,,976.1571,,,,,,,,,,,,,,,,,,,,,,,,,,,,,,,,,,,,,,,,,68449.794,,,,,,,,825.588,555.756,841.131,,1431.493,1231.3,,,,,,,,,,,,,,,,,1720.441717,1070.542,723.9,855.726741,,,,,,,,,,,,,,,,,,,,10346.34613,,,
1339,,,439.416,,,,,,,,,,,,,,904.5036667,1688.477269,,301.328,,,,,,,,,,,,,,,,,,,,,,,,,,,,,,,,,,,,,,,,,70647.26,,,,,,,,815.116,449.094,970.407,,1518.924,1329.93,,,,,,,,,,,,,,,,,320.2662173,1049.483538,1276.7,1514.254757,,,,,,,,,,,,,,,,,,,,3972.532678,,,
1338,,,583.372,,,,,,,,,,,,,,970.5847231,2026.358362,,219.7811,,,,,,,,,,,,,,,,,,,,,,,,,,,,,,,,,,,,,,,,,50802.354,,,,,,,,882.436,621.847,527.877,,956.82,2207.94,,,,,,,,,,,,,,,,,627.1203015,530.4850542,1263.2,958.908406,,,,,,,,,,,,,,,,,,,,2713.958214,,,
1337,,,1219.852,,,,,,,,,,,,,,1087.313826,2635.9471,,,,,,,,,,,,,,,,,,,,,,,,,,,,,,,,,,,,,,,,,,,62217.714,,,,,,,,745.348,721.201,371.574,,2183.999,518.7,,,,,,,,,,,,,,,,,188.6301428,1456.289802,738.1,1020.082097,,,,,,,,,,,,,,,,,,,,4829.917997,,,
1336,,,868.496,,,,,,,,,,,,,,860.0563001,1388.53113,,,,,,,,,,,,,,,,,,,,,,,,,,,,,,,,,,,,,,,,,,,116711.936,,,,,,,,609.144,1124.678,300.51,,1048.358,951.02,,,,,,,,,,,,,,,,,587.53989,678.2417881,949,972.225983,,,,,,,,,,,,,,,,,,,,3966.121688,,,
1335,,,1840.828,,,,,,,,,,,,,,1946.97973,1270.642429,,1733.0352,,,,,,,,,,,,,,,,,,,,,,,,,,,,,,,,,,,,,,,,,41600.928,,,,,,,,703.154,1258.397,542.808,,1250.23,1183.35,,,,,,,,,,,,,,,,,901.3817075,2305.883152,594,507.672855,,,,,,,,,,,,,,,,,,,,6633.652851,,,
1334,,,504.492,,,,,,,,,,,,,,1612.731149,1367.684849,,2096.0856,,,,,,,,,,,,,,,,,,,,,,,,,,,,,,,,,,,,,,,,,36350.856,,,,,,,,936.7,527.713,313.47,,1392.421,652.12,,,,,,,,,,,,,,,,,1460.178308,648.6978544,819.9,1223.644604,,,,,,,,,,,,,,,,,,,,11060.60596,,,
1333,,,998.104,,,,,,,,,,,,,,1208.845377,1535.33243,,,,,,,,,,,,,,,,,,,,,,,,,,,,,,,,,,,,,,,,,,,123221.672,,,,,,,,841.874,553.291,342.441,,735.523,726.88,,,,,,,,,,,,,,,,,674.480235,1356.986256,577.7,440.862621,,,,,,,,,,,,,,,,,,,,4192.564212,,,
1332,,,1254.804,,,,,,,,,,,,,,651.3680116,1226.106105,,703.1871,,,,,,,,,,,,,,,,,,,,,,,,,,,,,,,,,,,,,,,,,35074.494,,,,,,,,676.328,711.051,475.875,,983.978,1326.92,,,,,,,,,,,,,,,,,2398.592938,1137.789223,312.7,1058.60221,,,,572.832,,,,,,,,,,,,,,,,4100.550126,,,
1331,,,663.884,,,,,,,,,,,,,,2284.047615,1483.404682,,332.9365,,,,,,,,,,,,,,,,,,,,,,,,,,,,,,,,,,,,,,,,,79672.46,,,,,,,,551.956,904.51,999.189,,949.309,877.45,,,,,,,,,,,,,,,,,647.3024709,744.0053755,356,1025.937262,,,,751.179,,,,,,,,,,,,,,,,2655.672985,,,
1330,,,700.536,,,,,,,,,,,,,,1718.353706,1103.517192,,513.4044,,,,,,,,,,,,,,,,,,,,,,,,,,,,,,,,,,,,,,,,,54152.442,,,,,,,,614.04,757.219,1007.613,,879.416,1068.55,,,,,,,,,,,,,,,,,1801.205926,703.1088296,493.4,871.660722,,,,1093.4196,,,,,,,,,,,,,,,,3877.219842,,,
1329,,,1618.808,,,,,,,,,,,,,,1024.094615,979.6773541,,719.5749,,,,,,,,,,,,,,,,,,,,,,,,,,,,,,,,,,,,,,,,,161462.829,,,,,,,,741.54,526.669,846.801,,824.878,1788.92,,,,,,,,,,,,,,,,,555.3298748,1151.559001,876.7,708.430671,,,,390.7956,,,,,,,,,,,,,,,,4755.343483,,,
1328,,,1374.008,,,,,,,,,,,,,,1538.553112,1381.365353,,376.0069,,,,,,,,,,,,,,,,,,,,,,,,,,,,,,,,,,,,,,,,,72086.025,,,,,,,,722.296,523.363,862.866,,710.585,1301.93,,,,,,,,,,,,,,,,,285.3417984,1806.882359,642,1419.433635,,,,994.3648,,,,,,,,,,,,,,,,7377.960391,,,
1327,,,1595.688,,,,,,,,,,,,,,1486.170393,915.4216356,,1309.3103,,,,,,,,,,,,,,,,,,,,,,,,,,,,,,,,,,,,,,,,,67262.373,,,,,,,,443.53,390.079,774.252,,480.926,1512.56,,,,,,,,,,,,,,,,,1340.986522,166.8455615,618.6,822.29545,,,,417.4456,,,,,,,,,,,,,,,,5529.193392,,,
1326,,,1697.484,,,,,,,,,,,,,,970.8622289,773.9239661,,1725.3184,,,,,,,,,,,,,,,,,,,,,,,,,,,,,,,,,,,,,,,,,37320.582,,,,,,,,330.956,342.142,606.744,,486.217,870.73,,,,,,,,,,,,,,,,,858.7069747,521.4829846,613.2,1113.576658,,,,813.1448,,,,,,,,,,,,,,,,11100.84012,,,
1325,,,477.836,,,,,,,,,,,,,,1107.760739,825.9088871,,932.4346,,,,,,,,,,,,,,,,,,,,,,,,,,,,,,,,,,,,,,,,,76986.52,,,,,,,,400.01,392.109,537.084,,597.809,281.82,,,,,,,,,,,,,,,,,613.7630485,388.0075274,420.7,774.817004,,,,849.3888,,,,,,,,,,,,,,,,5661.504771,,,
1324,,,504.356,,,,,,,,,,,,,,1639.810606,1430.19966,,881.3052,,,,,,,,,,,,,,,,,,,,,,,,,,,,,,,,,,,,,,,,,58361.028,,,,,,,,415.752,328.802,719.766,,1505.086,643.09,,,,,,,,,,,,,,,,,707.5738949,1468.283271,1623.7,192.729766,,,,1226.966,,,,,,,,,,,,,,,,4810.965329,,,
1323,,,1333.208,,,,,,,,,,,,,,417.5080068,1534.650455,,991.458,,,,,,,,,,,,,,,,,,,,,,,,,,,,,,,,,,,,,,,,,143038.587,,,,,,,,540.124,299.773,689.742,,1503.976,664.3,,,,,,,,,,,,,,,,,361.2550525,476.5478572,1066,904.298976,,,,878.12816,,,,,,,,,,,,,,,,3290.340208,,,
1322,,,719.168,,,,,,,,,,,,,,587.5171429,1893.035024,,2253.22,,,,,,,,,,,,,,,,,,,,,,,,,,,,,,,,,,,,,,,,,49889.645,,,,,,,,874.412,365.284,627.075,,,835.52,,,,,,,,,,,,,,,,,915.1273025,434.7707973,496.4,643.556023,,,,452.93976,,,,,,,,,,,,,,,,6387.782013,,,
1321,,,586.568,,,,,,,,,,,,,,1121.217042,1261.61673,,1050.4332,,,,,,,,,,,,,,,,,,,,,,,,,,,,,,,,,,,,,,,,,73101.36,,,,,,,,1049.614,442.192,797.85,,1184.74,451.15,,,,,,,,,,,,,,,,,1328.229503,988.8188426,432.3,1340.67394,,,,792.48,,,,,,,,,,,,,,,,1929.094814,,,
1320,,,778.94,,,,,,,,,,,,,,1035.757748,608.6846883,,386.5312,,,,,,,,,,,,,,,,,,,,,,,,,,,,,,,,,,,,,,,,,91057.851,,,,,,,,710.328,598.966,996.381,,2128.758,878.71,,,,,,,,,,,,,,,,,1627.853196,747.8173916,528.9,821.400964,,,,1211.392,,,,,,,,,,,,,,,,3779.010626,,,
1319,,,904.876,,,,,,,,,,,,,,1985.106355,1006.482853,,341.6403,,,,,,,,,,,,,,,,,,,,,,,,,,,,,,,,,,,,,,,,,52132.03,,,,,,,,530.23,505.209,576.342,,730.232,746.55,,,,,,,,,,,,,,,,,477.6415952,1048.875873,520.4,755.458172,,,,372.32,,,,,,,,,,,,,,,,3975.635472,,,
1318,,,1010.684,,,,,,,,,,,,,,3118.852744,1358.521585,,609.3133,,,,,,,,,,,,,,,,,,,,,,,,,,,,,,,,,,,,,,,,,43198.922,,,,,,,,519.758,381.756,519.696,,665.778,1023.82,,,,,,,,,,,,,,,,,1290.942384,550.393675,312.8,568.554941,,,,1055.496,,,,,,,,,,,,,,,,3284.727187,,,
1317,,,1376.252,,,,,,,,,,,,,,1409.093478,1883.973327,,984.798,,,,,,,,,,,,,,,,,,,,,,,,,,,,,,,,,,,,,,,,,56406.12,,,,,,,,493.272,1046.581,739.422,,1062.788,1319.08,,,,,,,,,,,,,,,,,2385.113157,535.9072886,671.2,605.142136,,,,1716.4576,,,,,,,,,,,,,,,,3448.054621,,,
1316,,,1087.66,,,,,,,,,,,,,,1272.814595,791.845162,,1067.9724,,,,,,,,,,,,,,,,,,,,,,,,,,,,,,,,,,,,,,,,,45127.035,,,,,,,,458.388,1384.17,809.595,,1969.584,942.34,,,,,,,,,,,,,,,,,790.9054447,1235.053723,1342.6,401.057356,,,,685.464,,,,,,,,,,,,,,,,10122.50289,,,
1315,,,2082.636,,,,,,,,,,,,,,650.354583,1034.961724,,849.274,,,,,,,,,,,,,,,,,,,,,,,,,,,,,,,,,,,,,,,,,67953.408,,,,,,,,464.95,1092.894,682.803,,1210.344,443.1,,,,,,,,,,,,,,,,,1669.86109,776.970494,1031.2,1071.901853,,,,456.144,,,,,,,,,,,,,,,,7000.282918,,,
1314,,,787.644,,,,,,,,,,,,,,838.496716,906.6322066,,1239.5196,,,,,,,,,,,,,,,,,,,,,,,,,,,,,,,,,,,,,,,,,52563.51,,,,,,,,502.316,732.627,600.453,,1112.442,640.78,,,,,,,,,,,,,,,,,616.46709,310.9201468,1126.3,805.320019,,,,1147.536,,,,,,,,,,,,,,,,2605.438859,,,
1313,,,1280.712,,,,,,,,,,,,,,1503.547775,4498.955022,,5369.4858,,,,,,,,,,,,,,,,,,,,,,,,,,,,,,,,,,,,,,,,,80996.8,,,,,,,,554.846,547.723,617.706,,2875.825,913.36,,,,,,,,,,,,,,,,,733.94233,945.3607416,708.9,896.028292,,,,1078.48,,,,,,,,,,,,,,,,4765.982614,,,
1312,,,1493.688,,,,,,,,,,,,,,1302.421344,1649.100422,,6929.3682,,,,,,,,,,,,,,,,,,,,,,,,,,,,,,,,,,,,,,,,,46944.38,,,,,,,,472.872,556.249,456.867,,2314.165,606.13,,,,,,,,,,,,,,,,,793.6139775,1309.925756,877,1473.086637,,,,405.6,,,,,,,,,,,,,,,,8120.844257,,,
1311,,,2258.824,,,,,,,,,,,,,,813.4184016,677.6190878,,2669.8425,,,,,,,,,,,,,,,,,,,,,,,,,,,,,,,,,,,,,,,,,52489.68,,,,,,,,408.068,505.238,163.647,,1107.78,610.54,,,,,,,,,,,,,,,,,1429.644507,843.5176244,823.5,699.094774,,,,760.656,,,,,,,,,,,,,,,,1719.52424,,,
1310,,,1086.164,,,,,,,,,,,,,,771.1726467,600.134568,,2245.6296,,,,,,,,,,,,,,,,,,,,,,,,,,,,,,,,,,,,,,,,,37749.348,,,,,,,,466.718,735.846,203.04,,1424.241,844.06,,,,,,,,,,,,,,,,,651.647503,998.990163,587.5,748.807088,,,,1004.0576,,,,,,,,,,,,,,,,3313.341726,,,
1309,,,531.624,,,,,,,,,,,,,,973.8288799,1514.232833,,561.8024,,,,,,,,,,,,,,,,,,,,,,,,,,,,,,,,,,,,,,,,,31306.68,,,,,,,,648.72,860.082,457.407,,1175.379,962.85,,,,,,,,,,,,,,,,,314.7001114,319.2532725,666.6,201.620318,,,,924.5184,,,,,,,,,,,,,,,,5144.222316,,,
1308,,,613.564,,,,,,,,,,,,,,937.7981635,10058.21619,,1851.8777,,,,,,,,,,,,,,,,,,,,,,,,,,,,,,,,,,,,,,,,,70775.232,,,,,,,,834.326,522.551,686.961,,1183.408,1561.14,,,,,,,,,,,,,,,,,686.9137382,1858.015108,356,980.751126,,,,1476.76256,,,,,,,,,,,,,,,,4738.35725,,,
1307,,,1181.908,,,,,,,,,,,,,,1084.337703,5072.495652,,1643.6784,,,,,,,,,,,,,,,,,,,,,,,,,,,,,,,,,,,,,,,,,103790.72,,,,,,,,786.896,586.902,721.251,,1673.806,2370.48,,,,,,,,,,,,,,,,,2017.76526,595.4428817,422,513.272622,,,,781.456,,,,,,,,,,,,,,,,2081.212522,,,
1306,,,1244.876,,,,,,,,,,,,,,732.3920616,1310.737072,,2392.3836,,,,,,,,,,,,,,,,,,,,,,,,,,,,,,,,,,,,,,,,,109530.738,,,,,,,,802.944,786.48,795.879,,1447.847,2142.98,,,,,,,,,,,,,,,,,539.7018408,498.4465938,593.2,278.151506,,,,531.7312,,,,,,,,,,,,,,,,5502.63012,,,
1305,,,1478.524,,,,,,,,,,,,,,984.8082745,1826.347097,,1681.89,,,,,,,,,,,,,,,,,,,,,,,,,,,,,,,,,,,,,,,,,77089.721,,,,,,,,880.6,839.927,781.461,,1232.988,919.38,,,,,,,,,,,,,,,,,1291.926953,1369.095552,540.3,522.378968,,,,617.42096,,,,,,,,,,,,,,,,3696.718505,,,
1304,,,3727.896,,,,,,,,,,,,,,1514.496165,1284.74498,,1252.236,,,,,,,,,,,,,,,,,,,,,,,,,,,,,,,,,,,,,,,,,89405.968,,,,,,,,904.604,588.323,943.137,,1054.463,809.97,,,,,,,,,,,,,,,,,390.756705,724.1451907,669.2,1090.297851,,,,482.0816,,,,,,,,,,,,,,,,3528.963806,,,
1303,,,2719.524,,,,,,,,,,,,,,878.4913503,1466.248329,,730.296,,,,,,,,,,,,,,,,,,,,,,,,,,,,,,,,,,,,,,,,,47063.152,,,,,,,,903.346,700.698,996.84,,797.757,1138.2,,,,,,,,,,,,,,,,,653.445001,780.4366625,831.8,1096.866856,,,,1124.9316,,,,,,,,,,,,,,,,5443.196094,,,
1302,,,896.308,,,,,,,,,,,,,,517.6339689,2706.482923,,740.8826,,,,,,,,,,,,,,,,,,,,,,,,,,,,,,,,,,,,,,,,,46961.975,,,,,,,,865.096,400.954,977.346,,1066.081,539.49,,,,,,,,,,,,,,,,,955.220856,572.9851963,781.6,2133.434057,,,,650.3406,,,,,,,,,,,,,,,,7929.774278,,,
1301,,,1001.164,,,,,,,,,,,,,,793.9708961,933.3656148,,1362.1322,,,,,,,,,,,,,,,,,,,,,,,,,,,,,,,,,,,,,,,,,56119.31,,,,,,,,799.306,151.96,903.825,,530.654,840.56,,,,,,,,,,,,,,,,,1434.586421,631.9974698,1556.2,1750.763549,,,,1253.0544,,,,,,,,,,,,,,,,6819.968335,,,
1300,,,893.656,,,,,,,,,,,,,,1577.921131,1245.735901,,914.55,,,,,,,,,,,,,,,,,,,,,,,,,,,,,,,,,,,,,,,,,56828.4,,,,,,,,877.234,603.2,652.374,,669.034,1349.39,,,,,,,,,,,,,,,,,765.5322877,216.6823891,859.7,2377.812633,,,,788.8608,,,,,,,,,,,,,,,,4686.015948,,,
1299,,,884.544,,,,,,,,,,,,,,1229.009602,1598.485356,,758.862,,,,,,,,,,,,,,,,,,,,,,,,,,,,,,,,,,,,,,,,,59906.812,,,,,,,,814.266,770.675,693.063,,523.069,587.58,,,,,,,,,,,,,,,,,626.7111645,1202.991087,525.6,392.474856,,,,283.972,,,,,,,,,,,,,,,,6985.655538,,,
1298,,,577.796,,,,,,,,,,,,,,1326.472184,1513.281841,,904.2088,,,,,,,,,,,,,,,,,,,,,,,,,,,,,,,,,,,,,,,,,45991.26,,,,,,,,769.488,941.543,852.552,,693.824,707.28,,,,,,,,,,,,,,,,,1188.907582,839.2341519,802.3,969.160471,,,,,,,,,,,,,,,,,,,,5419.454723,,,
1297,,,526.116,,,,,,,,,,,,,,649.777983,875.4927209,,530.595,,,,,,,,,,,,,,,,,,,,,,,,,,,,,,,,,,,,,,,,,54171.693,,,,,,,,844.492,997.31,965.466,,1178.857,937.72,,,,,,,,,,,,,,,,,880.1130672,368.4148742,1348.1,478.731322,,,,,,,,,,,,,,,,,,,,5002.603387,,,
1296,,,1666.068,,,,,,,,,,,,,,760.4906029,653.5651849,,800.9364,,,,,,,,,,,,,,,,,,,,,,,,,,,,,,,,,,,,,,,,,85880.988,,,,,,,,799.068,1025.295,1154.655,,1254.115,1080.66,,,,,,,,,,,,,,,,,569.8565552,574.1051239,1753.7,433.0281,,,,,,,,,,,,,,,,,,,,3262.584818,,,
1295,,,1436.024,,,,,,,,,,,,,,1739.339361,1209.917568,,1469.571,,,,,,,,,,,,,,,,,,,,,,,,,,,,,,,,,,,,,,,,,49844.22,,,,,,,,703.664,1258.629,1757.538,,979.094,3456.39,,,,,,,,,,,,,,,,,1456.549204,1484.715298,1495.8,769.577223,,,,,,,,,,,,,,,,,,,,2886.749783,,,
1294,,,1095.616,,,,,,,,,,,,,,1342.558023,1140.530157,,1032.678,,,,,,,,,,,,,,,,,,,,,,,,,,,,,,,,,,,,,,,,,36236.431,,,,,,,,575.518,1023.236,1141.533,,437.155,941.5,,,,,,,,,,,,,,,,,1522.594377,565.4802042,1446.6,809.129131,,,,,,,,,,,,,,,,,,,,5328.917677,,,
1293,,,667.76,,,,,,,,,,,,,,978.6519338,2351.278295,,518.2136,,,,,,,,,,,,,,,,,,,,,,,,,,,,,,,,,,,,,,,,,76993.696,,,,,,,,438.124,600.387,647.649,,602.027,1302.7,,,,,,,,,,,,,,,,,1745.292823,932.8383915,669.7,717.069433,,,,,,,,,,,,,,,,,,,,7085.19098,,,
1292,,,546.176,,,,,,,,,,,,,,991.5467406,2297.264853,,543.555,,,,,,,,,,,,,,,,,,,,,,,,,,,,,,,,,,,,,,,,,51454.128,,,,,,,,308.074,976.285,982.206,,979.427,1077.37,,,,,,,,,,,,,,,,,1324.14934,1088.827618,405,168.39918,,,,,,,,,,,,,,,,,,,,5189.294253,,,
1291,,,683.604,,,,,,,,,,,,,,1225.576112,2226.529493,,777.8094,,,,,,,,,,,,,,,,,,,,,,,,,,,,,,,,,,,,,,,,,56020.18,,,,,,,,,910.107,747.9,,1035.297,1244.11,,,,,,,,,,,,,,,,,1814.893823,1644.703135,808.1,276.927988,,,,,,,,,,,,,,,,,,,,4006.695096,,,
1290,,,578.476,,,,,,,,,,,,,,871.792916,917.6706823,,1382.5721,,,,,,,,,,,,,,,,,,,,,,,,,,,,,,,,,,,,,,,,,39112.834,,,,,,,,595.408,410.611,818.667,,1272.097,876.05,,,,,,,,,,,,,,,,,1381.428423,2149.449495,902.8,891.484272,,,,,,,,,,,,,,,,,,,,4102.513606,,,
1289,,,968.184,,,,,,,,,,,,,,939.1996988,1303.304328,,1259.7739,,,,,,,,,,,,,,,,,,,,,,,,,,,,,,,,,,,,,,,,,81725.624,,,,,,,,422.688,281.677,783.459,,1920.929,796.81,,,,,,,,,,,,,,,,,903.3763942,696.1622581,1013.2,868.514554,,,,,,,,,,,,,,,,,,,,3728.02071,,,
1288,,,1166.676,,,,,,,,,,,,,,758.0325162,1028.198295,,790.8706,,,,,,,,,,,,,,,,,,,,,,,,,,,,,,,,,,,,,,,,,52563.28,,,,,,,,345.644,242.411,859.761,,1807.709,544.18,,,,,,,,,,,,,,,,,902.2406122,998.3610687,625.1,1342.607354,,,,,,,,,,,,,,,,,,,,3483.368154,,,
1287,,,747.524,,,,,,,,,,,,,,1033.381749,787.0521657,,816.582,,,,,,,,,,,,,,,,,,,,,,,,,,,,,,,,,,,,,,,,,92154.629,,,,,,,,391.714,455.909,726.165,,1364.19,877.87,,,,,,,,,,,,,,,,,1610.960237,1474.174947,766.3,980.116057,,,,,,,,,,,,,,,,,,,,3747.869547,,,
1286,,,709.376,,,,,,,,,,,,,,1387.804316,1863.882149,,1282.671,,,,,,,,,,,,,,,,,,,,,,,,,,,,,,,,,,,,,,,,,58218.888,,,,,,,,398.888,766.586,709.317,,1587.337,894.46,,,,,,,,,,,,,,,,,896.694396,1051.692003,1164.5,1323.712966,,,,,,,,,,,,,,,,,,,,5504.090148,,,
1285,,,1228.896,,,,,,,,,,,,,,1773.25438,1188.802204,,1431.976,,,,,,,,,,,,,,,,,,,,,,,,,,,,,,,,,,,,,,,,,49437.741,,,,,,,,395.658,598.792,673.785,,2214.154,1119.93,,,,,,,,,,,,,,,,,339.604824,665.8483647,533.6,481.44,,,,,,,,,,,,,,,,,,,,5757.42717,,,
1284,,,765.204,,,,,,,,,,,,,,1037.423045,1275.286866,,3025.7951,,,,,,,,,,,,,,,,,,,,,,,,,,,,,,,,,,,,,,,,,91749.944,,,,,,,,481.542,356.062,626.94,,2499.646,1807.05,,,,,,,,,,,,,,,,,875.925648,721.0170598,620.3,964.614545,,,,,,,,,,,,,,,,,,,,2655.282714,,,
1283,,,845.24,,,,,,,,,,,,,,1030.563311,727.0648232,,1649.9071,,,,,,,,,,,,,,,,,,,,,,,,,,,,,,,,,,,,,,,,,39257.665,,,,,,,,665.72,453.85,548.694,,1755.946,2409.05,,,,,,,,,,,,,,,,,821.6097248,383.6170695,1236.5,990.788143,,,,,,,,,,,,,,,,,,,,7419.927831,,,
1282,,,654.568,,,,,,,,,,,,,,1083.12891,2555.053063,,483.6755,,,,,,,,,,,,,,,,,,,,,,,,,,,,,,,,,,,,,,,,,36879.12,,,,,,,,819.162,558.511,927.909,,982.905,609.42,,,,,,,,,,,,,,,,,1098.714072,1305.48874,755,606.213605,,,,,,,,,,,,,,,,,,,,3702.654848,,,
1281,,,805.12,,,,,,,,,,,,,,1382.11532,1518.522078,,1418.1432,,,,,,,,,,,,,,,,,,,,,,,,,,,,,,,,,,,,,,,,,35019.432,,,,,,,,864.96,796.166,920.403,,1391.718,498.96,,,,,,,,,,,,,,,,,852.9495,910.0411226,743.4,202.185995,,,,,,,,,,,,,,,,,,,,6144.652725,,,
1280,,,488.784,,,,,,,,,,,,,,1383.375962,1284.88995,,723.0085,,,,,,,,,,,,,,,,,,,,,,,,,,,,,,,,,,,,,,,,,69377.269,,,,,,,,823.548,671.466,764.802,,2163.575,313.81,,,,,,,,,,,,,,,,,1731.99519,597.2619774,879.4,331.166496,,,,,,,,,,,,,,,,,,,,5037.376103,,,
1279,,,738.208,,,,,,,,,,,,,,1596.751075,1490.034566,,1088.3724,,,,,,,,,,,,,,,,,,,,,,,,,,,,,,,,,,,,,,,,,80196.745,,,,,,,,693.6,469.017,890.703,,1232.84,1297.66,,,,,,,,,,,,,,,,,1495.744694,432.8933295,437.9,727.309241,,,,,,,,,,,,,,,,,,,,6471.704197,,,
1278,,,1001.98,,,,,,,,,,,,,,1293.713867,1435.669717,,2484.4196,,,,,,,,,,,,,,,,,,,,,,,,,,,,,,,,,,,,,,,,,79144.104,,,,,,,,583.542,579.681,921.483,,1377.473,1132.67,,,,,,,,,,,,,,,,,1231.289631,898.0701772,301.4,1400.772279,,,,,,,,,,,,,,,,,,,,6197.879205,,,
1277,,,966.552,,,,,,,,,,,,,,592.1706619,,,817.7009,,,,,,,,,,,,,,,,,,,,,,,,,,,,,,,,,,,,,,,,,59888.481,,,,,,,,581.91,920.605,779.058,,808.191,745.78,,,,,,,,,,,,,,,,,332.77002,1062.670743,459.6,811.595189,,,,,,,,,,,,,,,,,,,,3569.986834,,,
1276,,,949.416,,,,,,,,,,,,,,1577.263983,,,906.54,,,,,,,,,,,,,,,,,,,,,,,,,,,,,,,,,,,,,,,,,64076.666,,,,,,,,725.628,764.556,713.934,,1248.417,866.6,,,,,,,,,,,,,,,,,1312.927866,944.9452396,794.3,1123.998175,,,,,,,,,,,,,,,,,,,,4606.507776,,,
1275,,,974.78,,,,,,,,,,,,,,2733.518192,,,1384.1468,,,,,,,,,,,,,,,,,,,,,,,,,,,,,,,,,,,,,,,,,71799.1,,,,,,,,876.078,553.465,514.917,,1033.632,508.55,,,,,,,,,,,,,,,,,1185.149661,416.923773,1012.6,1010.578108,,,,,,,,,,,,,,,,,,,,3248.132075,,,
1274,,,1200.2,,,,,,,,,,,,,,1270.894887,,,1095.5224,,,,,,,,,,,,,,,,,,,,,,,,,,,,,,,,,,,,,,,,,59592.54,,,,,,,,786.93,334.776,441.963,,1007.695,780.36,,,,,,,,,,,,,,,,,985.7996622,1774.058735,494.1,376.268261,,,,,,,,,,,,,,,,,,,,4077.802171,,,
1273,,,727.124,,,,,,,,,,,,,,1592.377234,,,1326.2,,,,,,,,,,,,,,,,,,,,,,,,,,,,,,,,,,,,,,,,,56137.802,,,,,,,,754.97,631.62,539.649,,1907.276,1540.63,,,,,,,,,,,,,,,,,489.2464831,768.2591855,424.6,871.082419,,,,,,,,,,,,,,,,,,,,4748.303176,,,
1272,,,850.612,,,,,,,,,,,,,,3639.183634,1308.560301,,778.005,,,,,,,,,,,,,,,,,,,,,,,,,,,,,,,,,,,,,,,,,37572.064,,,,,,,,908.786,841.986,732.807,,1145.113,2534.56,,,,,,,,,,,,,,,,,917.9541616,863.1002233,633.9,1470.920953,,,,,,,,,,,,,,,,,,,,11289.05544,,,
1271,,,774.52,,,,,,,,,,,,,,2828.748012,1969.906845,,785.0843,,,,,,,,,,,,,,,,,,,,,,,,,,,,,,,,,,,,,,,,,100972.507,,,,,,,,1137.198,899.087,879.228,,256.04,675.78,,,,,,,,,,,,,,,,,1051.219266,1215.683174,1943.5,1268.316296,,,,,,,,,,,,,,,,,,,,3502.373264,,,
1270,,,889.168,,,,,,,,,,,,,,1009.614801,704.5721407,,465.83,,,,,,,,,,,,,,,,,,,,,,,,,,,,,,,,,,,,,,,,,61887.342,,,,,,,,1284.792,584.611,722.439,,380.027,1221.29,,,,,,,,,,,,,,,,,1153.035111,1740.992429,1200.6,665.410877,,,,,,,,,,,,,,,,,,,,2786.792299,,,
1269,,,1049.716,,,,,,,,,,,,,,3497.032239,1715.57201,,5179.9419,,,,,,,,,,,,,,,,,,,,,,,,,,,,,,,,,,,,,,,,,35717.459,,,,,,,,1210.944,733.642,838.404,,825.914,829.15,,,,,,,,,,,,,,,,,308.7071344,635.7485668,1274.6,742.396822,,,,,,,,,,,,,,,,,,,,4624.422495,,,
1268,,,1493.96,,,,,,,,,,,,,,5382.522902,1500.709251,,7006.6262,,,,,,,,,,,,,,,,,,,,,,,,,,,,,,,,,,,,,,,,,52728.374,,,,,,,,978.52,913.935,873.72,,870.499,373.31,,,,,,,,,,,,,,,,,1399.890773,710.5987681,1104.7,475.393896,,,,,,,,,,,,,,,,,,,,7203.308881,,,
1267,,,1696.94,,,,,,,,,,,,,,1439.229547,1293.623945,,647.9341,,,,,,,,,,,,,,,,,,,,,,,,,,,,,,,,,,,,,,,,,41523.878,,,,,,,,962.744,890.909,648.594,,793.354,661.99,,,,,,,,,,,,,,,,,2341.364864,2180.129234,903.7,650.985843,,,,,,,,,,,,,,,,,,,,3982.445095,,,
1266,,,1924.672,,,,,,,,,,,,,,2309.737121,582.4698309,,1148.805,,,,,,,,,,,,,,,,,,,,,,,,,,,,,,,,,,,,,,,,,62626.24,,,,,,,,798.762,790.714,585.252,,897.435,1316.7,,,,,,,,,,,,,,,,,2434.323073,1334.287367,1738.3,1254.042592,,,,,,,,,,,,,,,,,,,,6436.645426,,,
1265,,,1018.912,,,,,,,,,,,,,,7365.391972,747.6290246,,1161.068,,,,,,,,,,,,,,,,,,,,,,,,,,,,,,,,,,,,,,,,,39666.352,,,,,,,,508.164,540.618,592.002,,1422.909,903.42,,,,,,,,,,,,,,,,,1396.56818,619.9729388,1160.8,657.62481,,,,,,,,,,,,,,,,,,,,4169.932308,,,
1264,,,683.536,,,,,,,,,,,,,,4111.24706,1283.427063,,238.95,,,,,,,,,,,,,,,,,,,,,,,,,,,,,,,,,,,,,,,,,74949.732,,,,,,,,356.83,577.854,577.125,,1118.251,1720.32,,,,,,,,,,,,,,,,,868.8297883,650.0484382,937.5,655.675385,,,,,,,,,,,,,,,,,,,,6074.707614,,,
1263,,,706.384,,,,,,,,,,,,,,2899.747508,1469.931504,,461.1672,,,,,,,,,,,,,,,,,,,,,,,,,,,,,,,,,,,,,,,,,44585.937,,,,,,,,418.778,983.013,487.62,,1222.702,822.29,,,,,,,,,,,,,,,,,842.8235477,494.7643806,484.3,396.744353,,,,,,,,,,,,,,,,,,,,2560.837058,,,
1262,,,1708.976,,,,,,,,,,,,,,2098.654546,1569.515686,,1463.075,,,,,,,,,,,,,,,,,,,,,,,,,,,,,,,,,,,,,,,,,48806.069,,,,,,,,567.052,619.382,392.229,,1016.686,675.22,,,,,,,,,,,,,,,,,1071.751609,657.9067971,553,492.135928,,,,,,,,,,,,,,,,,,,,2673.734011,,,
1261,,,1785.816,,,,,,,,,,,,,,1119.372214,1044.633197,,816.213,,,,,,,,,,,,,,,,,,,,,,,,,,,,,,,,,,,,,,,,,34277.176,,,,,,,,634.508,539.922,406.647,,958.115,1369.34,,,,,,,,,,,,,,,,,675.5034513,1031.338409,1126.9,356.342149,,,,,,,,,,,,,,,,,,,,4171.94407,,,
1260,,,754.596,,,,,,,,,,,,,,1250.10155,784.8373975,,1405.778,,,,,,,,,,,,,,,,,,,,,,,,,,,,,,,,,,,,,,,,,42135.448,,,,,,,,600.61,629.329,591.003,,1822.176,1981.56,,,,,,,,,,,,,,,,,1473.693183,971.6488618,898.1,485.751815,,,,,,,,,,,,,,,,,,,,5437.28023,,,
1259,,,502.86,,,,,,,,,,,,,,1540.791055,1146.40209,,1435.9194,,,,,,,,,,,,,,,,,,,,,,,,,,,,,,,,,,,,,,,,,44627.36,,,,,,,,656.2,608.681,791.775,,1983.089,1431.08,,,,,,,,,,,,,,,,,1388.977465,303.7725195,637.6,1350.199081,,,,,,,,,,,,,,,,,,,,6855.07462,,,
1258,,,733.176,,,,,,,,,,,,,,4126.605184,1919.9534,,531.582,,,,,,,,,,,,,,,,,,,,,,,,,,,,,,,,,,,,,,,,,47646.57,,,,,,,,938.638,491.144,890.379,,2180.743,877.8,,,,,,,,,,,,,,,,,1286.735546,557.8708235,1253.7,784.971789,,,,,,,,,,,,,,,,,,,,3840.114761,,,
1257,,,1820.428,,,,,,,,,,,,,,1529.643959,1965.145329,,794.178,,,,,,,,,,,,,,,,,,,,,,,,,,,,,,,,,,,,,,,,,28623.132,,,,,,,,1124.992,370.591,850.932,,1469.381,,,,,,,,,,,,,,,,,,1125.092563,920.5330276,1056.1,1009.730532,,,,,,,,,,,,,,,,,,,,3340.227609,,,
1256,,,1143.896,,,,,,,,,,,,,,2222.723964,857.3411214,,996.2154,,,,,,,,,,,,,,,,,,,,,,,,,,,,,,,,,,,,,,,,,57553.452,,,,,,,,931.804,385.062,645.354,,727.605,,,,,,,,,,,,,,,,,,467.0892694,1070.424027,573.9,1347.138108,,,,,,,,,,,,,,,,,,,,4400.94581,,,
1255,,,1010.616,,,,,,,,,,,,,,857.1283255,735.2325876,,2216.5501,,,,,,,,,,,,,,,,,,,,,,,,,,,,,,,,,,,,,,,,,69013.041,,,,,,,,643.382,469.278,652.023,,976.097,,,,,,,,,,,,,,,,,,1640.63215,264.8357532,555.4,736.023512,,,,,,,,,,,,,,,,,,,,3050.80051,,,
1254,,,735.42,,,,,,,,,,,,,,786.8713432,830.1267353,,1245.8274,,,,,,,,,,,,,,,,,,,,,,,,,,,,,,,,,,,,,,,,,50486.15,,,,,,,,536.078,545.316,709.965,,1257.334,,,,,,,,,,,,,,,,,,926.7406218,1488.564061,624.5,1434.407991,,,,,,,,,,,,,,,,,,,,11135.41013,,,
1253,,,363.868,,,,,,,,,,,,,,512.9793735,644.8493336,,809.784,,,,,,,,,,,,,,,,,,,,,,,,,,,,,,,,,,,,,,,,,51872.728,,,,,,,,519.894,638.348,680.697,,1195.026,,,,,,,,,,,,,,,,,,709.2874089,1124.706112,1513.6,759.843955,,,,,,,,,,,,,,,,,,,,4606.446209,,,
1252,,,1181.296,,,,,,,,,,,,,,1304.162014,1213.296096,,437.0611,,,,,,,,,,,,,,,,,,,,,,,,,,,,,,,,,,,,,,,,,45301.444,,,,,,,,553.52,642.147,581.823,,1515.224,,,,,,,,,,,,,,,,,,1130.858603,587.3288774,674.8,925.258085,,,,,,,,,,,,,,,,,,,,4210.187455,,,
1251,,,1462.476,,,,,,,,,,,,,,477.6351964,6828.166127,,1264.0738,,,,,,,,,,,,,,,,,,,,,,,,,,,,,,,,,,,,,,,,,49901.03,,,,,,,,626.79,602.475,274.671,,1246.974,,,,,,,,,,,,,,,,,,1173.168391,654.2753024,2278.9,330.046157,,,,,,,,,,,,,,,,,,,,4132.940916,,,
1250,,,1198.364,,,,,,,,,,,,,,2026.069307,2171.215993,,1387.76,,,,,,,,,,,,,,,,,,,,,,,,,,,,,,,,,,,,,,,,,37223.476,,,,,,,,648.754,579.623,387.666,,795.907,,,,,,,,,,,,,,,,,,873.0510726,542.3041354,461.7,347.293004,,,,,,,,,,,,,,,,,,,,5562.154915,,,
1249,,,682.312,,,,,,,,,,,,,,1101.005958,970.6857967,,1273.137,,,,,,,,,,,,,,,,,,,,,,,,,,,,,,,,,,,,,,,,,48265.822,,,,,,,,556.648,576.114,731.7,,601.62,,,,,,,,,,,,,,,,,,2223.337269,305.9283655,949.9,910.5514,,,,,,,,,,,,,,,,,,,,2544.534208,,,
1248,,,1200.948,,,,,,,,,,,,,,888.3754646,1242.23172,,580.844,,,,,,,,,,,,,,,,,,,,,,,,,,,,,,,,,,,,,,,,,77129.856,,,,,,,,398.65,530.99,836.514,,1878.712,,,,,,,,,,,,,,,,,,1504.471986,449.935201,426.6,571.20872,,,,,,,,,,,,,,,,,,,,4127.471456,,,
1247,,,349.044,,,,,,,,,,,,,,729.4691966,3305.579465,,1358.346,,,,,,,,,,,,,,,,,,,,,,,,,,,,,,,,,,,,,,,,,55401.342,,,,,,,,472.124,447.528,775.629,,1496.761,,,,,,,,,,,,,,,,,,1584.093397,400.6758671,301.4,834.768058,,,,,,,,,,,,,,,,,,,,4362.138963,,,
1246,,,355.776,,,,,,,,,,,,,,585.6151534,1097.133645,,854.502,,,,,,,,,,,,,,,,,,,,,,,,,,,,,,,,,,,,,,,,,39539.553,,,,,,,,582.828,397.59,759.132,,1079.068,,,,,,,,,,,,,,,,,,1616.195307,888.4422852,448,516.096414,,,,,,,,,,,,,,,,,,,,5431.849242,,,
1245,,,488.308,,,,,,,,,,,,,,1114.207592,773.7807672,,588.9742,,,,,,,,,,,,,,,,,,,,,,,,,,,,,,,,,,,,,,,,,38090.254,,,,,,,,451.35,603.113,661.986,,1577.162,,,,,,,,,,,,,,,,,,916.6094784,714.1337755,665.1,402.792723,,,,,,,,,,,,,,,,,,,,9745.806174,,,
1244,,,1049.852,,,,,,,,,,,,,,895.0320393,371.2106163,,633.6,,,,,,,,,,,,,,,,,,,,,,,,,,,,,,,,,,,,,,,,,41206.248,,,,,,,,481.474,635.506,852.687,,1012.061,,,,,,,,,,,,,,,,,,1247.735301,739.0639846,1261.6,263.528316,,,,,,,,,,,,,,,,,,,,12628.92627,,,
1243,,,1112.616,,,,,,,,,,,,,,1143.318068,626.5455146,,999.8296,,,,,,,,,,,,,,,,,,,,,,,,,,,,,,,,,,,,,,,,,63514.5,,,,,,,,3194.232,917.966,653.157,,737.151,,,,,,,,,,,,,,,,,,731.9337519,820.4003533,287.9,540.264427,,,,,,,,,,,,,,,,,,,,4362.464529,,,
1242,,,1081.88,,,,,,,,,,,,,,2068.375131,1491.767416,,1187.6465,,,,,,,,,,,,,,,,,,,,,,,,,,,,,,,,,,,,,,,,,49285.918,,,,,,,,10614.46,1060.472,695.304,,705.923,,,,,,,,,,,,,,,,,,897.8067498,1542.337092,1390.4,854.373998,,,,,,,,,,,,,,,,,,,,3095.800809,,,
1241,,,1455.404,,,,,,,,,,,,,,1814.239606,1258.914529,,799.7157,,,,,,,,,,,,,,,,,,,,,,,,,,,,,,,,,,,,,,,,,85669.25,,,,,,,,4883.08,1010.36,692.496,,1471.675,,,,,,,,,,,,,,,,,,464.1692355,669.1997734,566.8,843.304941,,,,,,,,,,,,,,,,,,,,6179.121078,,,
1240,,,1210.4,,,,,,,,,,,,,,1720.045031,708.6862516,,1449.4592,,,,,,,,,,,,,,,,,,,,,,,,,,,,,,,,,,,,,,,,,32230.314,,,,,,,,517.208,794.223,903.609,,1718.28,,,,,,,,,,,,,,,,,,1378.738397,1152.183985,1029.4,920.807858,,,,,,,,,,,,,,,,,,,,5656.650909,,,
1239,,,1356.056,,,,,,,,,,,,,,934.7357868,1646.74536,,972.328,,,,,,,,,,,,,,,,,,,,,,,,,,,,,,,,,,,,,,,,,84151.503,,,,,,,,525.946,528.612,1435.293,,1044.214,,,,,,,,,,,,,,,,,,1002.154484,633.689741,1237.4,1767.65453,,,,,,,,,,,,,,,,,,,,5397.819827,,,
1238,,,657.968,,,,,,,,,,,,,,2445.547239,1672.686961,,596.6121,,,,,,,,,,,,,,,,,,,,,,,,,,,,,,,,,,,,,,,,,44863.754,,,,,,,,611.082,804.025,1410.48,,693.75,,,,,,,,,,,,,,,,,,1891.353512,680.6472011,750.4,1736.586512,,,,,,,,,,,,,,,,,,,,2894.700279,,,
1237,,,939.148,,,,,,,,,,,,,,1509.001918,1863.938578,,1094.55,,,,,,,,,,,,,,,,,,,,,,,,,,,,,,,,,,,,,,,,,28718.467,,,,,,,,807.636,875.336,1188.27,,928.922,,,,,,,,,,,,,,,,,,868.7664701,533.984822,725.3,599.919218,,,,,,,,,,,,,,,,,,,,4307.149019,,,
1236,,,1373.056,,,,,,,,,,,,,,2024.390404,1288.091526,,1607.3044,,,,,,,,,,,,,,,,,,,,,,,,,,,,,,,,,,,,,,,,,44667.84,,,,,,,,898.926,608.275,653.427,,1082.102,,,,,,,,,,,,,,,,,,10430.92363,1110.53132,1573.3,554.839925,,,,,,,,,,,,,,,,,,,,4712.307396,,,
1235,,,2318.052,,,,,,,,,,,,,,2955.813233,1443.808448,,653.133,,,,,,,,,,,,,,,,,,,,,,,,,,,,,,,,,,,,,,,,,76963.934,,,,,,,,1004.292,518.491,610.794,,836.496,,,,,,,,,,,,,,,,,,294.9873258,1174.896268,1493.2,503.178004,,,,,,,,,,,,,,,,,,,,6731.124745,,,
1234,,,1421.676,,,,,,,,,,,,,,2562.450563,1424.129399,,509.3456,,,,,,,,,,,,,,,,,,,,,,,,,,,,,,,,,,,,,,,,,48098.244,,,,,,,,830.586,637.159,401.112,,909.497,,,,,,,,,,,,,,,,,,3543.24256,770.5338483,902,406.347292,,,,,,,,,,,,,,,,,,,,6661.469445,,,
1233,,,826.812,,,,,,,,,,,,,,1096.845278,608.0589436,,589.0576,,,,,,,,,,,,,,,,,,,,,,,,,,,,,,,,,,,,,,,,,47260.469,,,,,,,,712.13,770.559,444.906,,1371.109,,,,,,,,,,,,,,,,,,659.8307292,1438.425579,557,448.87812,,,,,,,,,,,,,,,,,,,,2745.822253,,,
1232,,,1151.172,,,,,,,,,,,,,,1219.086118,1259.423813,,379.2084,,,,,,,,,,,,,,,,,,,,,,,,,,,,,,,,,,,,,,,,,59183.278,,,,,,,,785.876,667.812,679.158,,1533.391,,,,,,,,,,,,,,,,,,1020.635728,762.5732701,740.7,708.189837,,,,,,,,,,,,,,,,,,,,2581.460799,,,
1231,,,677.892,,,,,,,,,,,,,,896.3064743,995.0025198,,826.7132,,,,,,,,,,,,,,,,,,,,,,,,,,,,,,,,,,,,,,,,,43003.675,,,,,,,,864.654,911.702,651.942,,716.764,,,,,,,,,,,,,,,,,,2195.915871,896.462524,933,959.066496,,,,,,,,,,,,,,,,,,,,2998.113999,,,
1230,,,1193.944,,,,,,,,,,,,,,821.0987678,794.3711781,,1356.3364,,,,,,,,,,,,,,,,,,,,,,,,,,,,,,,,,,,,,,,,,29411.296,,,,,,,,845.07,682.544,724.41,,1070.336,,,,,,,,,,,,,,,,,,1143.328979,743.9215738,1094.9,779.035401,,,,,,,,,,,,,,,,,,,,5517.837595,,,
1229,,,1666.884,,,,,,,,,,,,,,1455.787832,932.4544623,,1128.87,,,,,,,,,,,,,,,,,,,,,,,,,,,,,,,,,,,,,,,,,56387.007,,,,,,,,753.644,358.266,978.642,,678.876,,,,,,,,,,,,,,,,,,556.0051325,532.4759783,608.8,894.435345,,,,,,,,,,,,,,,,,,,,4051.456049,,,
1228,,,1285.404,,,,,,,,,,,,,,2172.838585,696.428064,,819.9702,,,,,,,,,,,,,,,,,,,,,,,,,,,,,,,,,,,,,,,,,78844.414,,,,,,,,709.784,171.854,631.26,,686.572,,,,,,,,,,,,,,,,,,1275.82963,908.7101587,450.3,429.748155,,,,,,,,,,,,,,,,,,,,7667.015417,,,
1227,,,1862.656,,,,,,,,,,,,,,1378.007012,709.1157206,,392.2512,,,,,,,,,,,,,,,,,,,,,,,,,,,,,,,,,,,,,,,,,19913.4,,,,,,,,601.732,492.188,431.892,,597.254,,,,,,,,,,,,,,,,,,641.995455,348.9846789,632,387.099767,,,,,,,,,,,,,,,,,,,,6259.8707,,,
1226,,,1345.72,,,,,,,,,,,,,,1197.179861,1121.655746,,217.1085,,,,,,,,,,,,,,,,,,,,,,,,,,,,,,,,,,,,,,,,,77550.342,,,,,,,,571.132,532.063,547.992,,491.286,,,,,,,,,,,,,,,,,,2474.296726,807.0992861,489.6,603.597945,,,,,,,,,,,,,,,,,,,,5241.761751,,,
1225,,,4760.816,,,,,,,,,,,,,,1622.867576,919.6143091,,558.9974,,,,,,,,,,,,,,,,,,,,,,,,,,,,,,,,,,,,,,,,,38601.36,,,,,,,,650.964,504.165,555.984,,867.613,,,,,,,,,,,,,,,,,,655.8523238,1072.631687,548.9,865.494809,,,,,,,,,,,,,,,,,,,,3449.832152,,,
1224,,,2877.692,,,,,,,,,,,,,,1955.473522,605.9512718,,1353.7984,,,,,,,,,,,,,,,,,,,,,,,,,,,,,,,,,,,,,,,,,54005.104,,,,,,,,800.122,378.044,628.371,,1028.193,,,,,,,,,,,,,,,,,,992.8498944,2690.724384,873.6,507.203591,,,,,,,,,,,,,,,,,,,,4690.600198,,,
1223,,,1094.664,,,,,,,,,,,,,,677.2243548,449.3645658,,985.026,,,,,,,,,,,,,,,,,,,,,,,,,,,,,,,,,,,,,,,,,53577.534,,,,,,,,907.494,613.872,681.696,,519.147,,,,,,,,,,,,,,,,,,1367.667996,681.4009538,1357.8,298.042701,,,,,,,,,,,,,,,,,,,,5411.196128,,,
1222,,,1470.908,,,,,,,,,,,,,,1786.476203,739.0093665,,726.9345,,,,,,,,,,,,,,,,,,,,,,,,,,,,,,,,,,,,,,,,,47299.707,,,,,,,,869.176,1104.61,650.916,,643.726,,,,,,,,,,,,,,,,,,2633.01514,615.099001,2497.2,1143.031309,,,,,,,,,,,,,,,,,,,,3436.589001,,,
1221,,,1177.42,,,,,,,,,,,,,,1309.108364,1726.557383,,941.94,,,,,,,,,,,,,,,,,,,,,,,,,,,,,,,,,,,,,,,,,38808.36,,,,,,,,727.6,1081.787,599.616,,1080.215,,,,,,,,,,,,,,,,,,1690.144531,1384.850977,768.6,1850.464925,,,,,,,,,,,,,,,,,,,,5743.613416,,,
1220,,,910.86,,,,,,,,,,,,,,1290.805647,903.2112607,,1794.81,,,,,,,,,,,,,,,,,,,,,,,,,,,,,,,,,,,,,,,,,39426.048,,,,,,,,708.424,857.066,361.152,,2133.013,,,,,,,,,,,,,,,,,,338.324565,1109.982061,1025.6,848.248893,,,,,,,,,,,,,,,,,,,,5289.289496,,,
1219,,,795.464,,,,,,,,,,,,,,5066.617766,2318.331514,,,,,,,,,,,,,,,,,,,,,,,,,,,,,,,,,,,,,,,,,,,47638.129,,,,,,,,787.372,578.898,660.609,,1448.513,,,,,,,,,,,,,,,,,,1956.125783,528.1925049,1486,668.796532,,,,,,,,,,,,,,,,,,,,3975.954717,,,
1218,,,835.244,,,,,,,,,,,,,,2330.883333,2254.867159,,,,,,,,,,,,,,,,,,,,,,,,,,,,,,,,,,,,,,,,,,,155016.504,,,,,,,,1000.416,469.22,933.876,,773.004,,,,,,,,,,,,,,,,,,1026.962,636.9537146,1149.8,536.377803,,,,,,,,,,,,,,,,,,,,5209.108759,,,
1217,,,830.484,,,,,,,,,,,,,,1000.220635,589.5371399,,2177.1076,,,,,,,,,,,,,,,,,,,,,,,,,,,,,,,,,,,,,,,,,30758.82,,,,,,,,1152.77,291.595,802.872,,717.097,,,,,,,,,,,,,,,,,,1643.382,1135.49469,694.3,716.571655,,,,,,,,,,,,,,,,,,,,4112.55547,,,
1216,,,769.08,,,,,,,,,,,,,,1463.419424,1556.37216,,778.635,,,,,,,,,,,,,,,,,,,,,,,,,,,,,,,,,,,,,,,,,38299.508,,,,,,,,891.888,393.124,909.684,,746.216,,,,,,,,,,,,,,,,,,622.406704,599.1086738,982.5,936.195611,,,,,,,,,,,,,,,,,,,,6289.290542,,,
1215,,,966.416,,,,,,,,,,,,,,1882.679128,640.5128656,,694.26,,,,,,,,,,,,,,,,,,,,,,,,,,,,,,,,,,,,,,,,,59588.17,,,,,,,,551.106,642.205,1016.955,,1068.19,,,,,,,,,,,,,,,,,,1695.786624,489.406669,1188.2,915.529074,,,,,,,,,,,,,,,,,,,,3139.915655,,,
1214,,,676.532,,,,,,,,,,,,,,1925.698718,683.0803106,,624.3224,,,,,,,,,,,,,,,,,,,,,,,,,,,,,,,,,,,,,,,,,67258.762,,,,,,,,365.976,940.354,952.722,,1241.128,,,,,,,,,,,,,,,,,,493.5950586,511.5914906,1070.1,544.237129,,,,,,,,,,,,,,,,,,,,4234.860191,,,
1213,,,1777.316,,,,,,,,,,,,,,2281.142727,1040.674703,,924.4756,,,,,,,,,,,,,,,,,,,,,,,,,,,,,,,,,,,,,,,,,50479.02,,,,,,,,397.8,663.404,875.772,,952.639,,,,,,,,,,,,,,,,,,776.9021072,277.8515551,290.3,515.794014,,,,,,,,,,,,,,,,,,,,5358.68089,,,
1212,,,500.14,,,,,,,,,,,,,,1797.934369,1912.768662,,3648.6784,,,,,,,,,,,,,,,,,,,,,,,,,,,,,,,,,,,,,,,,,59058.204,,,,,,,,504.152,509.53,902.367,,969.659,,,,,,,,,,,,,,,,,,1850.994951,527.3774667,1114.1,530.663638,,,,,,,,,,,,,,,,,,,,6840.887356,,,
1211,,,751.944,,,,,,,,,,,,,,1956.719242,1080.350672,,4025.3174,,,,,,,,,,,,,,,,,,,,,,,,,,,,,,,,,,,,,,,,,65688,,,,,,,,621.282,,822.339,,665.297,,,,,,,,,,,,,,,,,,2593.0705,1436.61746,601.2,900.906588,,,,,,,,,,,,,,,,,,,,4018.943456,,,
1210,,,1392.504,,,,,,,,,,,,,,1426.732479,570.7364832,,1182.2354,,,,,,,,,,,,,,,,,,,,,,,,,,,,,,,,,,,,,,,,,39154.878,,,,,,,,680.476,906.395,433.35,,587.782,,,,,,,,,,,,,,,,,,1207.213467,1563.357069,663.3,543.991071,,,,,,,,,,,,,,,,,,,,5348.832596,,,
1209,,,1154.232,,,,,,,,,,,,,,2188.979932,1251.590762,,345.8285,,,,,,,,,,,,,,,,,,,,,,,,,,,,,,,,,,,,,,,,,47462.8,,,,,,,,679.524,606.129,399.195,,1018.314,,,,,,,,,,,,,,,,,,477.0736458,365.4925548,977.5,743.461573,,,,,,,,,,,,,,,,,,,,3551.875579,,,
1208,,,268.464,,,,,,,,,,,,,,1554.622718,2245.373363,,596.9028,,,,,,,,,,,,,,,,,,,,,,,,,,,,,,,,,,,,,,,,,52941.791,,,,,,,,,552.247,717.201,,962.814,,,,,,,,,,,,,,,,,,1007.405738,587.073237,1088.5,590.937049,,,,,,,,,,,,,,,,,,,,5191.893644,,,
1207,,,287.3,,,,,,,,,,,,,,1247.037857,1192.779379,,1188.9024,,,,,,,,,,,,,,,,,,,,,,,,,,,,,,,,,,,,,,,,,46270.25,,,,,,,,974.406,766.789,940.248,,1725.828,,,,,,,,,,,,,,,,,,800.0038541,1186.787227,1129.2,360.266825,,,,,,,,,,,,,,,,,,,,4977.892186,,,
1206,,,773.976,,,,,,,,,,,,,,2197.599993,770.6736161,,723.7646,,,,,,,,,,,,,,,,,,,,,,,,,,,,,,,,,,,,,,,,,62925.102,,,,,,,,1104.15,930.175,690.552,,3822.1,,,,,,,,,,,,,,,,,,953.171299,753.9645917,543.1,1140.832466,,,,,,,,,,,,,,,,,,,,3222.602271,,,
1205,,,1333.344,,,,,,,,,,,,,,2220.501026,1397.750275,,423.738,,,,,,,,,,,,,,,,,,,,,,,,,,,,,,,,,,,,,,,,,64497.29,,,,,,,,1145.392,614.22,593.136,,2239.166,,,,,,,,,,,,,,,,,,2029.569459,990.5786763,1391.8,596.284489,,,,,,,,,,,,,,,,,,,,4041.193638,,,
1204,,,403.648,,,,,,,,,,,,,,1121.545699,1941.39418,,832.1898,,,,,,,,,,,,,,,,,,,,,,,,,,,,,,,,,,,,,,,,,38235.545,,,,,,,,1058.216,539.168,605.907,,1046.36,,,,,,,,,,,,,,,,,,359.1947962,720.7413925,1514.5,826.349583,,,,,,,,,,,,,,,,,,,,7431.454565,,,
1203,,,780.844,,,,,,,,,,,,,,851.5237348,1085.142955,,3281.175,,,,,,,,,,,,,,,,,,,,,,,,,,,,,,,,,,,,,,,,,41992.595,,,,,,,,934.49,748.171,381.645,,1071.446,,,,,,,,,,,,,,,,,,3336.8751,941.0837753,945.5,1582.145632,,,,,,,,,,,,,,,,,,,,6345.749893,,,
1202,,,1702.312,,,,,,,,,,,,,,1320.761719,777.2216343,,3785.9252,,,,,,,,,,,,,,,,,,,,,,,,,,,,,,,,,,,,,,,,,60463.872,,,,,,,,1082.288,650.151,361.881,,1292.595,,,,,,,,,,,,,,,,,,642.1569109,589.8001017,714,1622.316391,,,,,,,,,,,,,,,,,,,,5278.029528,,,
1201,,,1555.84,,,,,,,,,,,,,,2629.161338,1033.731614,,1425.5892,,,,,,,,,,,,,,,,,,,,,,,,,,,,,,,,,,,,,,,,,58072.976,,,,,,,,1114.01,319.783,800.469,,1106.189,,,,,,,,,,,,,,,,,,1518.624281,730.1510593,897,1335.843299,,,,,,,,,,,,,,,,,,,,3142.900564,,,
1200,,,1493.552,,,,,,,,,,,,,,2246.821418,1170.186074,,1595.7656,,,,,,,,,,,,,,,,,,,,,,,,,,,,,,,,,,,,,,,,,47035.736,,,,,,,,829.6,363.979,591.462,,1026.676,,,,,,,,,,,,,,,,,,340.0342889,575.7763462,1906.1,901.508897,,,,,,,,,,,,,,,,,,,,4646.42339,,,
1199,,,916.164,,,,,,,,,,,,,,2026.104325,1094.999304,,1482,,,,,,,,,,,,,,,,,,,,,,,,,,,,,,,,,,,,,,,,,36484.463,,,,,,,,693.6,550.536,803.412,,474.636,,,,,,,,,,,,,,,,,,1650.214953,772.0694147,1222.9,784.051402,,,,,,,,,,,,,,,,,,,,4674.008471,,,
1198,,,1284.724,,,,,,,,,,,,,,1169.06172,1710.32168,,2116.341,,,,,,,,,,,,,,,,,,,,,,,,,,,,,,,,,,,,,,,,,59383.516,,,,,,,,718.862,577.738,948.996,,559.44,,,,,,,,,,,,,,,,,,2532.872879,396.6560086,541.2,782.34887,,,,,,,,,,,,,,,,,,,,2109.235362,,,
1197,,,1267.18,,,,,,,,,,,,,,1751.816244,1490.08377,,696.2956,,,,,,,,,,,,,,,,,,,,,,,,,,,,,,,,,,,,,,,,,17601.164,,,,,,,,865.708,498.626,880.713,,1947.754,,,,,,,,,,,,,,,,,,732.0922126,1009.607196,687.3,612.149412,,,,,,,,,,,,,,,,,,,,2027.668538,,,
1196,,,2428.212,,,,,,,,,,,,,,993.7328472,753.3608329,,373.369,,,,,,,,,,,,,,,,,,,,,,,,,,,,,,,,,,,,,,,,,47063.497,,,,,,,,978.792,500.946,806.949,,2272.281,,,,,,,,,,,,,,,,,,1646.340534,972.9635167,781.2,763.785911,,,,,,,,,,,,,,,,,,,,4510.509543,,,
1195,,,1515.788,,,,,,,,,,,,,,1054.518374,631.2864378,,1429.4447,,,,,,,,,,,,,,,,,,,,,,,,,,,,,,,,,,,,,,,,,40629.96,,,,,,,,968.524,456.895,595.917,,1283.086,,,,,,,,,,,,,,,,,,1552.926414,761.447837,558,1676.629631,,,,,,,,,,,,,,,,,,,,4403.11385,,,
1194,,,1004.7,,,,,,,,,,,,,,1438.303209,1424.866069,,1033.8203,,,,,,,,,,,,,,,,,,,,,,,,,,,,,,,,,,,,,,,,,30500.392,,,,,,,,902.394,408.291,775.71,,1045.657,,,,,,,,,,,,,,,,,,1043.388278,1013.341607,1141.2,843.445951,,,,,,,,,,,,,,,,,,,,5197.565303,,,
1193,,,653.616,,,,,,,,,,,,,,1616.733458,666.9931016,,706.0746,,,,,,,,,,,,,,,,,,,,,,,,,,,,,,,,,,,,,,,,,46139.357,,,,,,,,772.004,340.373,966.519,,2149.552,,,,,,,,,,,,,,,,,,1330.310093,264.9913139,641.5,709.497828,,,,,,,,,,,,,,,,,,,,2544.579132,,,
1192,,,960.024,,,,,,,,,,,,,,2182.138409,1593.843315,,1120.354,,,,,,,,,,,,,,,,,,,,,,,,,,,,,,,,,,,,,,,,,86812.074,,,,,,,,753.202,636.492,1266.111,,1547.71,,,,,,,,,,,,,,,,,,1440.392928,317.4862512,946.3,848.900348,,,,,,,,,,,,,,,,,,,,5124.85898,,,
1191,,,568.548,,,,,,,,,,,,,,1714.864033,1950.727122,,756.7896,,,,,,,,,,,,,,,,,,,,,,,,,,,,,,,,,,,,,,,,,34060.24,,,,,,,,782.068,788.307,833.517,,503.829,,,,,,,,,,,,,,,,,,1236.651574,611.6863666,911.5,881.64742,,,,,,,,,,,,,,,,,,,,5035.299778,,,
1190,,,349.724,,,,,,,,,,,,,,717.5241576,833.4936598,,1452.2232,,,,,,,,,,,,,,,,,,,,,,,,,,,,,,,,,,,,,,,,,42590.25,,,,,,,,752.454,988.175,587.682,,322.788,,,,,,,,,,,,,,,,,,1610.461023,346.0007505,564.2,1223.604471,,,,,,,,,,,,,,,,,,,,5195.928341,,,
1189,,,1328.244,,,,,,,,,,,,,,1402.930103,664.4609966,,956.6288,,,,,,,,,,,,,,,,,,,,,,,,,,,,,,,,,,,,,,,,,50230.735,,,,,,,,634.576,850.657,248.886,,737.632,,,,,,,,,,,,,,,,,,655.1798567,474.4225259,768.1,1015.008383,,,,,,,,,,,,,,,,,,,,2918.983907,,,
1188,,,458.592,,,,,,,,,,,,,,751.34874,860.065136,,904.5806,,,,,,,,,,,,,,,,,,,,,,,,,,,,,,,,,,,,,,,,,32309.043,,,,,,,,671.398,906.047,479.277,,1069.078,,,,,,,,,,,,,,,,,,295.3777769,598.3242166,738.2,960.840151,,,,,,,,,,,,,,,,,,,,3723.435463,,,
1187,,,1700.34,,,,,,,,,,,,,,968.0116798,1212.915281,,879.5375,,,,,,,,,,,,,,,,,,,,,,,,,,,,,,,,,,,,,,,,,53041.22,,,,,,,,746.674,729.35,559.17,,1137.972,,,,,,,,,,,,,,,,,,978.7003053,758.9628854,676,813.651344,,,,,,,,,,,,,,,,,,,,5544.201631,,,
1186,,,821.916,,,,,,,,,,,,,,1370.93827,877.1644545,,639.272,,,,,,,,,,,,,,,,,,,,,,,,,,,,,,,,,,,,,,,,,58691.952,,,,,,,,689.384,584.582,606.69,,974.062,,,,,,,,,,,,,,,,,,731.161422,803.207455,737.6,1217.377237,,,,,,,,,,,,,,,,,,,,6580.841118,,,
1185,,,1581.204,,,,,,,,,,,,,,1173.360558,519.8270568,,5179.882,,,,,,,,,,,,,,,,,,,,,,,,,,,,,,,,,,,,,,,,,84475.964,,,,,,,,800.122,1130.594,657.423,,616.827,,,,,,,,,,,,,,,,,,730.3677236,474.7612076,1068.5,1144.049719,,,,,,,,,,,,,,,,,,,,3051.491933,,,
1184,,,1296.148,,,,,,,,,,,,,,437.521966,1935.232785,,1875.7872,,,,,,,,,,,,,,,,,,,,,,,,,,,,,,,,,,,,,,,,,52507.413,,,,,,,,1013.166,1516.265,837.135,,735.819,,,,,,,,,,,,,,,,,,1943.116618,415.3039303,788.2,971.296421,,,,,,,,,,,,,,,,,,,,4225.454,,,
1183,,,610.164,,,,,,,,,,,,,,205.1624919,1572.236666,,1381.0944,,,,,,,,,,,,,,,,,,,,,,,,,,,,,,,,,,,,,,,,,18277.686,,,,,,,,1098.778,948.938,1095.498,,981.092,,,,,,,,,,,,,,,,,,850.184064,597.1007475,576.8,1715.35967,,,,,,,,,,,,,,,,,,,,3471.225361,,,
1182,,,1137.232,,,,,,,,,,,,,,899.9287661,1122.698232,,770.9536,,,,,,,,,,,,,,,,,,,,,,,,,,,,,,,,,,,,,,,,,56003.85,,,,,,,,1161.066,642.031,868.077,,1197.505,,,,,,,,,,,,,,,,,,798.1956432,1647.203517,410.9,952.023484,,,,,,,,,,,,,,,,,,,,7906.187638,,,
1181,,,2553.876,,,,,,,,,,,,,,2862.140507,568.8053884,,1157.156,,,,,,,,,,,,,,,,,,,,,,,,,,,,,,,,,,,,,,,,,34812.317,,,,,,,,1048.424,478.413,628.263,,2315.867,,,,,,,,,,,,,,,,,,1433.149325,1119.796041,444.2,718.717461,,,,,,,,,,,,,,,,,,,,7444.577408,,,
1180,,,785.944,,,,,,,,,,,,,,910.6223081,455.0951242,,662.764,,,,,,,,,,,,,,,,,,,,,,,,,,,,,,,,,,,,,,,,,42782.185,,,,,,,,726.648,259.956,637.227,,1511.524,,,,,,,,,,,,,,,,,,643.2287808,841.3437822,804.4,1165.208264,,,,,,,,,,,,,,,,,,,,4862.413617,,,
1179,,,952.952,,,,,,,,,,,,,,1403.238839,653.5155828,,669.5694,,,,,,,,,,,,,,,,,,,,,,,,,,,,,,,,,,,,,,,,,39639.58,,,,,,,,545.224,495.349,950.103,,589.558,,,,,,,,,,,,,,,,,,728.1310656,1161.54567,771.2,118.408798,,,,,,,,,,,,,,,,,,,,3569.182007,,,
1178,,,677.28,,,,,,,,,,,,,,1421.566923,698.4789907,,584.1082,,,,,,,,,,,,,,,,,,,,,,,,,,,,,,,,,,,,,,,,,46929.085,,,,,,,,471.002,749.215,783.999,,664.261,,,,,,,,,,,,,,,,,,376.7341749,487.3414869,957.7,366.59645,,,,,,,,,,,,,,,,,,,,7072.148787,,,
1177,,,1094.868,,,,,,,,,,,,,,1320.485173,868.9036207,,858.4063,,,,,,,,,,,,,,,,,,,,,,,,,,,,,,,,,,,,,,,,,39879.355,,,,,,,,477.054,1041.303,448.389,,720.279,,,,,,,,,,,,,,,,,,1147.512096,858.8737346,1331.6,603.834995,,,,,,,,,,,,,,,,,,,,3243.706489,,,
1176,,,1063.724,,,,,,,,,,,,,,1076.435884,738.2697969,,1116.3823,,,,,,,,,,,,,,,,,,,,,,,,,,,,,,,,,,,,,,,,,43865.324,,,,,,,,509.762,938.527,287.604,,1075.257,,,,,,,,,,,,,,,,,,934.570224,568.9496969,1025.4,987.341953,,,,,,,,,,,,,,,,,,,,4779.726286,,,
1175,,,1214.616,,,,,,,,,,,,,,951.3321949,486.8706218,,625.9552,,,,,,,,,,,,,,,,,,,,,,,,,,,,,,,,,,,,,,,,,65510.394,,,,,,,,464.576,517.592,374.544,,1221,,,,,,,,,,,,,,,,,,1153.855368,301.0891144,752.9,1197.334051,,,,,,,,,,,,,,,,,,,,4318.129682,,,
1174,,,1707.82,,,,,,,,,,,,,,2009.7,1327.395406,,377.928,,,,,,,,,,,,,,,,,,,,,,,,,,,,,,,,,,,,,,,,,60738.216,,,,,,,,431.018,364.994,435.348,,897.62,,,,,,,,,,,,,,,,,,554.945904,616.5950669,1199.2,766.013103,,,,,,,,,,,,,,,,,,,,5281.389438,,,
1173,,,771.188,,,,,,,,,,,,,,1447.666731,2485.31477,,218.1409,,,,,,,,,,,,,,,,,,,,,,,,,,,,,,,,,,,,,,,,,37951.656,,,,,,,,540.702,466.378,1018.089,,1306.84,,,,,,,,,,,,,,,,,,1288.571158,851.2916844,983.4,737.882711,,,,,,,,,,,,,,,,,,,,5620.156602,,,
1172,,,682.584,,,,,,,,,,,,,,1134.856514,683.2106351,,,,,,,,,,,,,,,,,,,,,,,,,,,,,,,,,,,,,,,,,,,30806.269,,,,,,,,629.68,875.771,1243.35,,1006.696,,,,,,,,,,,,,,,,,,2266.340635,626.2100396,532,605.631474,,,,,,,,,,,,,,,,,,,,4542.870712,,,
1171,,,1604.324,,,,,,,,,,,,,,3344.027742,499.0463694,,1655.2824,,,,,,,,,,,,,,,,,,,,,,,,,,,,,,,,,,,,,,,,,61568.976,,,,,,,,587.826,874.785,1250.073,,725.052,,,,,,,,,,,,,,,,,,424.2334512,430.7585128,694.5,416.849749,,,,,,,,,,,,,,,,,,,,2144.726171,,,
1170,,,1936.164,,,,,,,,,,,,,,728.3096294,938.6788725,,2082.9521,,,,,,,,,,,,,,,,,,,,,,,,,,,,,,,,,,,,,,,,,96219.81,,,,,,,,585.684,1054.904,1041.525,,919.265,,,,,,,,,,,,,,,,,,930.0997464,629.0485696,955,231.602482,,,,,,,,,,,,,,,,,,,,4234.564218,,,
1169,,,907.46,,,,,,,,,,,,,,2178.759887,995.9782835,,4144.2565,,,,,,,,,,,,,,,,,,,,,,,,,,,,,,,,,,,,,,,,,71696.75,,,,,,,,686.154,1377.993,847.611,,874.014,,,,,,,,,,,,,,,,,,858.1170528,1092.015263,1673.7,889.153898,,,,,,,,,,,,,,,,,,,,7842.983846,,,
1168,,,1425.076,,,,,,,,,,,,,,1269.363027,645.1445174,,4827.634,,,,,,,,,,,,,,,,,,,,,,,,,,,,,,,,,,,,,,,,,42334.375,,,,,,,,818.584,1022.105,824.121,,580.456,,,,,,,,,,,,,,,,,,733.2398976,1180.103914,599.5,777.819846,,,,,,,,,,,,,,,,,,,,6676.716281,,,
1167,,,1158.244,,,,,,,,,,,,,,2159.354473,1315.296868,,3923.7816,,,,,,,,,,,,,,,,,,,,,,,,,,,,,,,,,,,,,,,,,42561.408,,,,,,,,847.178,559.555,709.371,,653.864,,,,,,,,,,,,,,,,,,203.1815064,917.7262312,762.6,913.133689,,,,,,,,,,,,,,,,,,,,3327.867542,,,
1166,,,342.176,,,,,,,,,,,,,,1873.848774,1994.678934,,654.8225,,,,,,,,,,,,,,,,,,,,,,,,,,,,,,,,,,,,,,,,,42223.584,,,,,,,,832.32,722.912,658.935,,1727.863,,,,,,,,,,,,,,,,,,726.0471343,630.2956868,1684.2,443.054879,,,,,,,,,,,,,,,,,,,,5720.254865,,,
1165,,,1364.624,,,,,,,,,,,,,,2304.178686,1526.63334,,367.2948,,,,,,,,,,,,,,,,,,,,,,,,,,,,,,,,,,,,,,,,,63954.398,,,,,,,,877.71,612.973,848.718,,1638.952,,,,,,,,,,,,,,,,,,1486.579329,661.3500842,875.8,1043.82192,,,,,,,,,,,,,,,,,,,,5016.071582,,,
1164,,,853.74,,,,,,,,,,,,,,946.9996342,790.1265495,,1040.3808,,,,,,,,,,,,,,,,,,,,,,,,,,,,,,,,,,,,,,,,,43443.09,,,,,,,,874.956,479.428,850.77,,682.724,,,,,,,,,,,,,,,,,,1059.022499,845.9796484,468.6,613.638937,,,,,,,,,,,,,,,,,,,,2348.831274,,,
1163,,,939.08,,,,,,,,,,,,,,716.6205115,1320.381179,,1411.613,,,,,,,,,,,,,,,,,,,,,,,,,,,,,,,,,,,,,,,,,45739.41,,,,,,,,860.54,464.058,592.461,,656.195,,,,,,,,,,,,,,,,,,863.9260517,901.4931808,206.6,315.39277,,,,,,,,,,,,,,,,,,,,5261.883918,,,
1162,,,799.136,,,,,,,,,,,,,,855.2330934,,,2278.1373,,,,,,,,,,,,,,,,,,,,,,,,,,,,,,,,,,,,,,,,,58794.003,,,,,,,,749.428,369.634,349.65,,882.376,,,,,,,,,,,,,,,,,,1136.886861,944.9186657,302.8,269.471288,,,,,,,,,,,,,,,,,,,,7415.357704,,,
1161,,,869.38,,,,,,,,,,,,,,947.095195,719.1170102,,2788.527,,,,,,,,,,,,,,,,,,,,,,,,,,,,,,,,,,,,,,,,,35377.381,,,,,,,,675.036,568.342,274.05,,1185.665,,,,,,,,,,,,,,,,,,589.7209813,547.7309306,1082.9,628.466578,,,,,,,,,,,,,,,,,,,,2084.901217,,,
1160,,,1737.264,,,,,,,,,,,,,,2736.747165,1538.637971,,1577.0384,,,,,,,,,,,,,,,,,,,,,,,,,,,,,,,,,,,,,,,,,66817.3,,,,,,,,725.084,669.03,403.299,,776.371,,,,,,,,,,,,,,,,,,1089.407637,716.1245043,920.7,1386.319943,,,,,,,,,,,,,,,,,,,,3317.892204,,,
1159,,,1560.056,,,,,,,,,,,,,,1338.525487,2636.397437,,622.831,,,,,,,,,,,,,,,,,,,,,,,,,,,,,,,,,,,,,,,,,95473.092,,,,,,,,770.814,585.539,551.961,,620.527,,,,,,,,,,,,,,,,,,675.6213838,294.0205599,1119,567.865919,,,,,,,,,,,,,,,,,,,,3375.468958,,,
1158,,,1311.38,,,,,,,,,,,,,,1194.240985,482.4725476,,921.1671,,,,,,,,,,,,,,,,,,,,,,,,,,,,,,,,,,,,,,,,,48766.739,,,,,,,,679.66,309.894,778.302,,648.462,,,,,,,,,,,,,,,,,,1526.157119,348.3325289,744.9,917.945453,,,,,,,,,,,,,,,,,,,,3381.265763,,,
1157,,,1101.464,,,,,,,,,,,,,,1352.783108,1042.297472,,805.9869,,,,,,,,,,,,,,,,,,,,,,,,,,,,,,,,,,,,,,,,,67746.523,,,,,,,,544.68,461.767,651.753,,955.303,,,,,,,,,,,,,,,,,,1211.880509,501.2842188,1287.4,619.783413,,,,,,,,,,,,,,,,,,,,7876.113931,,,
1156,,,681.972,,,,,,,,,,,,,,988.9380495,1311.642917,,898.5228,,,,,,,,,,,,,,,,,,,,,,,,,,,,,,,,,,,,,,,,,38643.312,,,,,,,,430.066,540.937,548.586,,1602.544,,,,,,,,,,,,,,,,,,561.773632,391.5791316,1017.8,458.499875,,,,,,,,,,,,,,,,,,,,6273.790198,,,
1155,,,1089.224,,,,,,,,,,,,,,848.3633152,778.3468754,,2335.0104,,,,,,,,,,,,,,,,,,,,,,,,,,,,,,,,,,,,,,,,,47279.421,,,,,,,,382.092,442.569,686.583,,1066.34,,,,,,,,,,,,,,,,,,5137.240486,1035.931223,1236.4,590.527858,,,,,,,,,,,,,,,,,,,,5429.810349,,,
1154,,,1274.66,,,,,,,,,,,,,,860.5722999,944.9227777,,1880.282,,,,,,,,,,,,,,,,,,,,,,,,,,,,,,,,,,,,,,,,,61608.26,,,,,,,,378.08,503.063,573.291,,503.459,,,,,,,,,,,,,,,,,,259.1083315,719.9680272,1068.4,490.056519,,,,,,,,,,,,,,,,,,,,2935.903093,,,
1153,,,1208.224,,,,,,,,,,,,,,1238.425857,498.7882483,,1361.2467,,,,,,,,,,,,,,,,,,,,,,,,,,,,,,,,,,,,,,,,,54474.12,,,,,,,,410.958,1035.271,417.393,,498.612,,,,,,,,,,,,,,,,,,768.0416563,612.2484835,558.3,270.544996,,,,,,,,,,,,,,,,,,,,3621.45646,,,
1152,,,1590.452,,,,,,,,,,,,,,1582.166198,1517.497682,,,,,,,,,,,,,,,,,,,,,,,,,,,,,,,,,,,,,,,,,,,27912.064,,,,,,,,441.966,1175.863,317.007,,336.219,,,,,,,,,,,,,,,,,,747.8980435,626.385697,1196.9,547.380268,,,,,,,,,,,,,,,,,,,,10331.29457,,,
1151,,,790.024,,,,,,,,,,,,,,1197.555556,1252.12366,,717.9342,,,,,,,,,,,,,,,,,,,,,,,,,,,,,,,,,,,,,,,,,53320.808,,,,,,,,465.392,941.514,191.538,,331.52,,,,,,,,,,,,,,,,,,836.7086765,597.5643229,985.4,661.241287,,,,,,,,,,,,,,,,,,,,5967.543724,,,
1150,,,1315.528,,,,,,,,,,,,,,1048.305182,1903.781641,,568.3375,,,,,,,,,,,,,,,,,,,,,,,,,,,,,,,,,,,,,,,,,43917.12,,,,,,,,527.204,829.342,248.238,,995.115,,,,,,,,,,,,,,,,,,1525.257925,332.5337055,542.8,1325.17199,,,,,,,,,,,,,,,,,,,,8199.647233,,,
1149,,,565.692,,,,,,,,,,,,,,2011.896518,1170.121046,,662.5822,,,,,,,,,,,,,,,,,,,,,,,,,,,,,,,,,,,,,,,,,48578.415,,,,,,,,569.602,407.508,334.638,,1119.842,,,,,,,,,,,,,,,,,,1587.776918,404.9395014,999.5,1101.227929,,,,,,,,,,,,,,,,,,,,10940.02351,,,
1148,,,465.256,,,,,,,,,,,,,,1302.132387,923.0368648,,921.5406,,,,,,,,,,,,,,,,,,,,,,,,,,,,,,,,,,,,,,,,,35226.846,,,,,,,,513.264,336.951,479.925,,526.029,,,,,,,,,,,,,,,,,,559.324638,375.2974299,808.3,750.878467,,,,,,,,,,,,,,,,,,,,,,,
1147,,,785.808,,,,,,,,,,,,,,1325.018237,1943.373357,,1402.4091,,,,,,,,,,,,,,,,,,,,,,,,,,,,,,,,,,,,,,,,,27199.662,,,,,,,,491.13,406.957,770.337,,742.294,,,,,,,,,,,,,,,,,,290.3683033,1641.762373,797.5,884.653928,,,,,,,,,,,,,,,,,,,,4860.2448,,,
1146,,,546.244,,,,,,,,,,,,,,921.9381407,1077.849399,,1221.4272,,,,,,,,,,,,,,,,,,,,,,,,,,,,,,,,,,,,,,,,,38172.456,,,,,,,,461.244,307.98,1259.955,,699.781,,,,,,,,,,,,,,,,,,963.3474856,377.859789,637.3,638.213762,,,,,,,,,,,,,,,,,,,,2632.48164,,,
1145,,,338.98,,,,,,,,,,,,,,1051.708972,1218.815833,,1440.036,,,,,,,,,,,,,,,,,,,,,,,,,,,,,,,,,,,,,,,,,177565.313,,,,,,,,479.298,305.225,876.852,,617.16,,,,,,,,,,,,,,,,,,664.3835264,381.5163944,1131.4,306.525013,,,,,,,,,,,,,,,,,,,,5373.192092,,,
1144,,,484.364,,,,,,,,,,,,,,869.729576,765.2963269,,746.86,,,,,,,,,,,,,,,,,,,,,,,,,,,,,,,,,,,,,,,,,105433.472,,,,,,,,568.922,730.162,613.521,,490.102,,,,,,,,,,,,,,,,,,1395.701146,1244.943945,969.7,401.15078,,,,,,,,,,,,,,,,,,,,7785.029158,,,
1143,,,658.648,,,,,,,,,,,,,,452.3790329,1351.8229,,534.48,,,,,,,,,,,,,,,,,,,,,,,,,,,,,,,,,,,,,,,,,43662.556,,,,,,,,650.556,528.032,752.382,,655.307,,,,,,,,,,,,,,,,,,1992.338063,677.964441,1178.2,253.647672,,,,,,,,,,,,,,,,,,,,5833.993175,,,
1142,,,397.528,,,,,,,,,,,,,,767.8926179,1609.685094,,,,,,,,,,,,,,,,,,,,,,,,,,,,,,,,,,,,,,,,,,,14755.167,,,,,,,,646.918,548.738,813.618,,1028.452,,,,,,,,,,,,,,,,,,1381.11074,650.9010657,1018.4,828.625171,,,,,,,,,,,,,,,,,,,,7395.132701,,,
1141,,,1418.208,,,,,,,,,,,,,,736.8279294,798.6868906,,,,,,,,,,,,,,,,,,,,,,,,,,,,,,,,,,,,,,,,,,,47083.691,,,,,,,,775.744,1239.895,719.118,,966.07,,,,,,,,,,,,,,,,,,1053.847595,1156.015931,1277.3,750.613396,,,,,,,,,,,,,,,,,,,,2182.819579,,,
1140,,,828.036,,,,,,,,,,,,,,1201.142948,951.4386867,,,,,,,,,,,,,,,,,,,,,,,,,,,,,,,,,,,,,,,,,,,61529.6,,,,,,,,821.678,1299.026,934.443,,809.93,,,,,,,,,,,,,,,,,,766.6300688,700.4655404,1062.2,519.737456,,,,,,,,,,,,,,,,,,,,5942.423311,,,
1139,,,1854.088,,,,,,,,,,,,,,801.7161557,2344.702562,,,,,,,,,,,,,,,,,,,,,,,,,,,,,,,,,,,,,,,,,,,63163.773,,,,,,,,753.1,626.661,884.061,,703.962,,,,,,,,,,,,,,,,,,1462.60027,621.6447281,724.9,189.641488,,,,,,,,,,,,,,,,,,,,5767.438727,,,
1138,,,2158.728,,,,,,,,,,,,,,395.8553719,2675.579654,,3545.532,,,,,,,,,,,,,,,,,,,,,,,,,,,,,,,,,,,,,,,,,27879.496,,,,,,,,690.744,509.356,731.052,,710.437,,,,,,,,,,,,,,,,,,692.5869486,1193.338639,672.4,278.183666,,,,,,,,,,,,,,,,,,,,3360.797567,,,
1137,,,637.228,,,,,,,,,,,,,,2037.652271,1290.513098,,1587.2977,,,,,,,,,,,,,,,,,,,,,,,,,,,,,,,,,,,,,,,,,37524.96,,,,,,,,634.27,486.214,564.948,,1002.589,,,,,,,,,,,,,,,,,,919.6293604,506.0580453,507.8,427.561676,,,,,,,,,,,,,,,,,,,,4858.284476,,,
1136,,,1204.348,,,,,,,,,,,,,,1370.483118,1014.597443,,1734.4404,,,,,,,,,,,,,,,,,,,,,,,,,,,,,,,,,,,,,,,,,25213.888,,,,,,,,641.036,520.608,538.218,,1705.33,,,,,,,,,,,,,,,,,,1237.137182,906.3334571,1036.1,433.72363,,,,,,,,,,,,,,,,,,,,4630.640146,,,
1135,,,1032.648,,,,,,,,,,,,,,769.8324493,1414.83041,,1409.625,,,,,,,,,,,,,,,,,,,,,,,,,,,,,,,,,,,,,,,,,50146.164,,,,,,,,809.234,517.766,719.55,,1107.928,,,,,,,,,,,,,,,,,,1064.573011,546.8278815,771.8,432.240195,,,,,,,,,,,,,,,,,,,,4919.517231,,,
1134,,,321.844,,,,,,,,,,,,,,582.4775213,1766.899546,,2670.726,,,,,,,,,,,,,,,,,,,,,,,,,,,,,,,,,,,,,,,,,88294.815,,,,,,,,849.286,533.397,905.688,,600.843,,,,,,,,,,,,,,,,,,11548.17903,1261.955996,1179.4,299.098159,,,,,,,,,,,,,,,,,,,,5171.452628,,,
1133,,,1541.968,,,,,,,,,,,,,,781.3751501,2056.711734,,1135.6568,,,,,,,,,,,,,,,,,,,,,,,,,,,,,,,,,,,,,,,,,58316.868,,,,,,,,704.174,603.432,824.526,,611.425,,,,,,,,,,,,,,,,,,2109.736442,727.3089878,1528.9,478.277888,,,,,,,,,,,,,,,,,,,,5165.969676,,,
1132,,,1167.832,,,,,,,,,,,,,,1078.836803,937.2721075,,1493.8119,,,,,,,,,,,,,,,,,,,,,,,,,,,,,,,,,,,,,,,,,44855.52,,,,,,,,449.378,582.436,502.038,,947.903,,,,,,,,,,,,,,,,,,2003.30701,1205.940236,1411.5,466.470417,,,,,,,,,,,,,,,,,,,,4652.596012,,,
1131,,,481.44,,,,,,,,,,,,,,692.8096014,1770.982435,,,,,,,,,,,,,,,,,,,,,,,,,,,,,,,,,,,,,,,,,,,57645.406,,,,,,,,494.054,575.128,705.078,,2399.857,,,,,,,,,,,,,,,,,,710.4175442,555.2945101,1061.7,73.875642,,,,,,,,,,,,,,,,,,,,5537.056882,,,
1130,,,857.616,,,,,,,,,,,,,,539.0427839,1263.965037,,1252.7324,,,,,,,,,,,,,,,,,,,,,,,,,,,,,,,,,,,,,,,,,48057.35,,,,,,,,757.35,447.267,700.218,,2710.176,,,,,,,,,,,,,,,,,,716.7885046,616.0702316,878.3,554.568987,,,,,,,,,,,,,,,,,,,,2910.669873,,,
1129,,,1145.188,,,,,,,,,,,,,,1367.257021,573.6209901,,1565.1342,,,,,,,,,,,,,,,,,,,,,,,,,,,,,,,,,,,,,,,,,29684.076,,,,,,,,821.066,486.62,705.51,,1937.69,,,,,,,,,,,,,,,,,,1917.476802,375.2426008,875.2,911.63089,,,,,,,,,,,,,,,,,,,,7624.091771,,,
1128,,,998.376,,,,,,,,,,,,,,736.6367976,988.7693705,,1226.7519,,,,,,,,,,,,,,,,,,,,,,,,,,,,,,,,,,,,,,,,,45074.94,,,,,,,,814.572,940.325,740.124,,1704.738,,,,,,,,,,,,,,,,,,1274.915136,671.9353687,870.2,1142.754733,,,,,,,,,,,,,,,,,,,,10055.85542,,,
1127,,,692.58,,,,,,,,,,,,,,1355.449442,1192.79822,,1313.564,,,,,,,,,,,,,,,,,,,,,,,,,,,,,,,,,,,,,,,,,42437.461,,,,,,,,856.46,1111.454,1107.243,,1255.077,,,,,,,,,,,,,,,,,,1114.236069,403.1852471,704.8,546.809246,,,,,,,,,,,,,,,,,,,,8636.957567,,,
1126,,,1228.692,,,,,,,,,,,,,,1160.709359,1527.389796,,1359.9486,,,,,,,,,,,,,,,,,,,,,,,,,,,,,,,,,,,,,,,,,41488.228,,,,,,,,701.76,1036.344,1244.781,,874.199,,,,,,,,,,,,,,,,,,1265.867147,441.2816638,1125,333.613952,,,,,,,,,,,,,,,,,,,,6746.243878,,,
1125,,,1130.636,,,,,,,,,,,,,,838.2170503,2076.699328,,1224.7536,,,,,,,,,,,,,,,,,,,,,,,,,,,,,,,,,,,,,,,,,59030.972,,,,,,,,430.576,395.415,1029.564,,712.509,,,,,,,,,,,,,,,,,,752.358223,344.5273497,495.6,423.748297,,,,,,,,,,,,,,,,,,,,3197.738933,,,
1124,,,722.5,,,,,,,,,,,,,,877.846676,819.9420704,,1092.1104,,,,,,,,,,,,,,,,,,,,,,,,,,,,,,,,,,,,,,,,,36914.448,,,,,,,,372.028,361.224,748.656,,845.968,,,,,,,,,,,,,,,,,,995.0871437,1931.023627,1606.2,680.059843,,,,,,,,,,,,,,,,,,,,6528.823526,,,
1123,,,1455.88,,,,,,,,,,,,,,638.0905883,2796.925785,,910.7347,,,,,,,,,,,,,,,,,,,,,,,,,,,,,,,,,,,,,,,,,55157.312,,,,,,,,512.856,481.603,580.878,,1298.071,,,,,,,,,,,,,,,,,,1017.976684,1718.482254,697.1,805.828615,,,,,,,,,,,,,,,,,,,,3894.201706,,,
1122,,,949.756,,,,,,,,,,,,,,1891.358563,1491.600543,,803.3337,,,,,,,,,,,,,,,,,,,,,,,,,,,,,,,,,,,,,,,,,42998.04,,,,,,,,645.286,658.416,615.843,,1698.67,,,,,,,,,,,,,,,,,,1914.036574,1105.999345,1687.6,419.69902,,,,,,,,,,,,,,,,,,,,4230.655075,,,
1121,,,893.588,,,,,,,,,,,,,,1015.436828,1480.205857,,2278.5202,,,,,,,,,,,,,,,,,,,,,,,,,,,,,,,,,,,,,,,,,46550.528,,,,,,,,717.502,560.28,731.241,,1330.076,,,,,,,,,,,,,,,,,,514.8418085,798.8997933,1034.4,272.084743,,,,,,,,,,,,,,,,,,,,5521.21351,,,
1120,,,1076.984,,,,,,,,,,,,,,1321.172213,1176.646918,,1647.3744,,,,,,,,,,,,,,,,,,,,,,,,,,,,,,,,,,,,,,,,,36748.02,,,,,,,,633.964,644.119,891.486,,1021.422,,,,,,,,,,,,,,,,,,2197.111409,1232.562977,942,537.639459,,,,,,,,,,,,,,,,,,,,7189.313107,,,
1119,,,1266.908,,,,,,,,,,,,,,921.1780349,1360.66298,,1088.055,,,,,,,,,,,,,,,,,,,,,,,,,,,,,,,,,,,,,,,,,40767.04,,,,,,,,376.108,560.048,822.69,,647.611,,,,,,,,,,,,,,,,,,845.6806875,629.4404939,983.4,713.590488,,,,,,,,,,,,,,,,,,,,5111.027746,,,
1118,,,1523.132,,,,,,,,,,,,,,1656.43457,1201.137292,,400.842,,,,,,,,,,,,,,,,,,,,,,,,,,,,,,,,,,,,,,,,,70875.098,,,,,,,,211.82,383.206,672.084,,331.039,,,,,,,,,,,,,,,,,,660.8848125,953.0166353,382.6,766.046995,,,,,,,,,,,,,,,,,,,,2992.373293,,,
1117,,,2030.072,,,,,,,,,,,,,,1454.836815,963.4607754,,1033.3863,,,,,,,,,,,,,,,,,,,,,,,,,,,,,,,,,,,,,,,,,67597.782,,,,,,,,,380.683,534.357,,578.68,,,,,,,,,,,,,,,,,,534.472917,1387.142384,594.2,562.959804,,,,,,,,,,,,,,,,,,,,4840.500603,,,
1116,,,1196.596,,,,,,,,,,,,,,717.7045901,762.5332699,,1061.1874,,,,,,,,,,,,,,,,,,,,,,,,,,,,,,,,,,,,,,,,,117836.452,,,,,,,,717.026,506.253,558.9,,989.787,,,,,,,,,,,,,,,,,,1090.919289,685.0138327,749.7,1054.99172,,,,,,,,,,,,,,,,,,,,3478.690418,,,
1115,,,1381.692,,,,,,,,,,,,,,866.6755412,825.122094,,2221.0848,,,,,,,,,,,,,,,,,,,,,,,,,,,,,,,,,,,,,,,,,60347.055,,,,,,,,1055.088,349.044,765.315,,1233.284,,,,,,,,,,,,,,,,,,1098.775993,531.3876004,1395.6,988.575945,,,,,,,,,,,,,,,,,,,,6850.760896,,,
1114,,,2289.084,,,,,,,,,,,,,,1245.376394,1363.034903,,635.0967,,,,,,,,,,,,,,,,,,,,,,,,,,,,,,,,,,,,,,,,,78095.856,,,,,,,,1167.22,705.222,906.147,,2096.383,,,,,,,,,,,,,,,,,,920.3185611,967.2984005,1089.6,408.760862,,,,,,,,,,,,,,,,,,,,8309.517602,,,
1113,,,1152.26,,,,,,,,,,,,,,1474.119563,698.1711711,,383.6064,,,,,,,,,,,,,,,,,,,,,,,,,,,,,,,,,,,,,,,,,69534.267,,,,,,,,1079.432,724.971,913.356,,1532.096,,,,,,,,,,,,,,,,,,1837.713941,1053.485231,344.1,1113.606057,,,,,,,,,,,,,,,,,,,,3687.525404,,,
1112,,,2414,,,,,,,,,,,,,,1517.26013,5256.044947,,535.8114,,,,,,,,,,,,,,,,,,,,,,,,,,,,,,,,,,,,,,,,,27212.312,,,,,,,,912.73,598.328,821.34,,726.236,,,,,,,,,,,,,,,,,,1421.026095,661.8429609,889.3,1145.094091,,,,,,,,,,,,,,,,,,,,2948.155346,,,
1111,,,1532.04,,,,,,,,,,,,,,1005.245009,1707.112924,,324.9072,,,,,,,,,,,,,,,,,,,,,,,,,,,,,,,,,,,,,,,,,79276.032,,,,,,,,769.726,482.734,712.53,,1165.759,,,,,,,,,,,,,,,,,,563.0726094,720.9889972,749.1,720.854468,,,,,,,,,,,,,,,,,,,,3739.928135,,,
1110,,,2007.768,,,,,,,,,,,,,,885.4159188,749.7124455,,175.2774,,,,,,,,,,,,,,,,,,,,,,,,,,,,,,,,,,,,,,,,,32254.464,,,,,,,,585.48,573.243,653.805,,1014.318,,,,,,,,,,,,,,,,,,790.4994618,999.0111898,792,217.085779,,,,,,,,,,,,,,,,,,,,6687.441345,,,
1109,,,733.856,,,,,,,,,,,,,,889.8207299,1103.952895,,,,,,,,,,,,,,,,,,,,,,,,,,,,,,,,,,,,,,,,,,,49613.76,,,,,,,,367.574,938.498,659.664,,1002.589,,,,,,,,,,,,,,,,,,744.5641107,460.355571,474.7,361.972071,,,,,,,,,,,,,,,,,,,,3840.50962,,,
1108,,,995.248,,,,,,,,,,,,,,773.8783745,346.7893726,,2527.8285,,,,,,,,,,,,,,,,,,,,,,,,,,,,,,,,,,,,,,,,,76682.644,,,,,,,,332.758,577.187,634.23,,637.991,,,,,,,,,,,,,,,,,,527.5947511,1033.542678,666.3,760.816984,,,,,,,,,,,,,,,,,,,,2463.293182,,,
1107,,,911.472,,,,,,,,,,,,,,584.874139,813.2589528,,1476.9382,,,,,,,,,,,,,,,,,,,,,,,,,,,,,,,,,,,,,,,,,92560.717,,,,,,,,331.806,575.128,606.528,,532.43,,,,,,,,,,,,,,,,,,739.784615,683.9177231,631.7,675.951098,,,,,,,,,,,,,,,,,,,,3898.567787,,,
1106,,,573.716,,,,,,,,,,,,,,645.922185,2140.54112,,672.8183,,,,,,,,,,,,,,,,,,,,,,,,,,,,,,,,,,,,,,,,,43652.16,,,,,,,,305.83,492.507,765.747,,1143.966,,,,,,,,,,,,,,,,,,1554.272765,515.7517063,1047.6,428.164912,,,,,,,,,,,,,,,,,,,,3421.549455,,,
1105,,,913.58,,,,,,,,,,,,,,1628.006479,595.075452,,961.1644,,,,,,,,,,,,,,,,,,,,,,,,,,,,,,,,,,,,,,,,,43478.441,,,,,,,,398.514,407.885,950.913,,909.534,,,,,,,,,,,,,,,,,,819.2115252,1146.533413,764.3,335.209471,,,,,,,,,,,,,,,,,,,,4394.37855,,,
1104,,,455.192,,,,,,,,,,,,,,1243.720132,425.6607791,,1297.3939,,,,,,,,,,,,,,,,,,,,,,,,,,,,,,,,,,,,,,,,,57243.55,,,,,,,,586.806,477.804,824.148,,1397.12,,,,,,,,,,,,,,,,,,564.408802,595.5716281,618.8,1050.974963,,,,,,,,,,,,,,,,,,,,5894.061562,,,
1103,,,1297.712,,,,,,,,,,,,,,1180.466701,591.1041399,,6272.508,,,,,,,,,,,,,,,,,,,,,,,,,,,,,,,,,,,,,,,,,35024.124,,,,,,,,737.324,969.789,733.293,,799.866,,,,,,,,,,,,,,,,,,541.5106092,1183.669653,1065.3,758.193465,,,,,,,,,,,,,,,,,,,,3462.398582,,,
1102,,,1162.596,,,,,,,,,,,,,,1367.866383,747.2949357,,6051.971,,,,,,,,,,,,,,,,,,,,,,,,,,,,,,,,,,,,,,,,,61366.668,,,,,,,,637.194,1000.645,644.787,,812.15,,,,,,,,,,,,,,,,,,1091.345556,536.9385587,1356.9,663.923472,,,,,,,,,,,,,,,,,,,,6792.213226,,,
1101,,,667.42,,,,,,,,,,,,,,1194.678132,799.4063204,,488.05,,,,,,,,,,,,,,,,,,,,,,,,,,,,,,,,,,,,,,,,,51407.898,,,,,,,,451.18,644.525,585.198,,1244.643,,,,,,,,,,,,,,,,,,15578.65458,521.7575948,2444.7,409.470367,,,,,,,,,,,,,,,,,,,,2716.119504,,,
1100,,,636.616,,,,,,,,,,,,,,686.7927086,1364.677161,,716.0544,,,,,,,,,,,,,,,,,,,,,,,,,,,,,,,,,,,,,,,,,75217.935,,,,,,,,536.724,331.615,766.287,,482.406,,,,,,,,,,,,,,,,,,934.7784767,976.4788868,661.4,278.385043,,,,,,,,,,,,,,,,,,,,3353.751034,,,
1099,,,561.272,,,,,,,,,,,,,,667.7381425,1795.464646,,1270.0164,,,,,,,,,,,,,,,,,,,,,,,,,,,,,,,,,,,,,,,,,46413.678,,,,,,,,600.542,443.671,675.054,,453.546,,,,,,,,,,,,,,,,,,821.4745084,1379.369413,596.6,565.680551,,,,,,,,,,,,,,,,,,,,6861.998833,,,
1098,,,881.552,,,,,,,,,,,,,,1348.83892,617.9088717,,795.4062,,,,,,,,,,,,,,,,,,,,,,,,,,,,,,,,,,,,,,,,,166135.164,,,,,,,,465.018,540.56,504.036,,793.28,,,,,,,,,,,,,,,,,,891.1587575,886.7886148,1015.6,752.831232,,,,,,,,,,,,,,,,,,,,3171.758774,,,
1097,,,828.172,,,,,,,,,,,,,,1372.872553,597.0436886,,957.9889,,,,,,,,,,,,,,,,,,,,,,,,,,,,,,,,,,,,,,,,,59753.793,,,,,,,,425.544,262.972,529.929,,850.778,,,,,,,,,,,,,,,,,,2477.840085,681.3634913,1893.8,430.207605,,,,,,,,,,,,,,,,,,,,7609.200174,,,
1096,,,1284.384,,,,,,,,,,,,,,1948.130488,368.5057369,,1482.216,,,,,,,,,,,,,,,,,,,,,,,,,,,,,,,,,,,,,,,,,44835.924,,,,,,,,505.682,233.16,415.611,,901.727,,,,,,,,,,,,,,,,,,830.3419102,435.4636948,639.2,1987.17077,,,,,,,,,,,,,,,,,,,,4746.827342,,,
1095,,,1517.148,,,,,,,,,,,,,,1139.083423,1382.063257,,1087.122,,,,,,,,,,,,,,,,,,,,,,,,,,,,,,,,,,,,,,,,,119708.376,,,,,,,,529.278,408.262,571.374,,759.314,,,,,,,,,,,,,,,,,,1379.982874,1331.588554,1374.4,378.684537,,,,,,,,,,,,,,,,,,,,6273.504271,,,
1094,,,928.064,,,,,,,,,,,,,,597.0366603,988.6773766,,1301.3924,,,,,,,,,,,,,,,,,,,,,,,,,,,,,,,,,,,,,,,,,63860.075,,,,,,,,471.954,511.937,876.663,,907.721,,,,,,,,,,,,,,,,,,361.740358,310.5918541,1028.8,565.819153,,,,,,,,,,,,,,,,,,,,5148.982103,,,
1093,,,889.236,,,,,,,,,,,,,,1127.263525,643.8261296,,1022.1724,,,,,,,,,,,,,,,,,,,,,,,,,,,,,,,,,,,,,,,,,124566.344,,,,,,,,411.638,343.505,813.915,,1828.244,,,,,,,,,,,,,,,,,,431.5523688,493.3986184,517.5,1118.475036,,,,,,,,,,,,,,,,,,,,2927.022032,,,
1092,,,1029.384,,,,,,,,,,,,,,1324.919172,1160.397875,,1077.9518,,,,,,,,,,,,,,,,,,,,,,,,,,,,,,,,,,,,,,,,,65680.824,,,,,,,,497.488,404.956,846.153,,1597.734,,,,,,,,,,,,,,,,,,885.0539573,1438.755021,1040.8,466.13188,,,,,,,,,,,,,,,,,,,,5828.326637,,,
1091,,,945.132,,,,,,,,,,,,,,2763.774086,1002.403416,,553.6375,,,,,,,,,,,,,,,,,,,,,,,,,,,,,,,,,,,,,,,,,50603.312,,,,,,,,692.546,547.897,809.298,,1072.445,,,,,,,,,,,,,,,,,,576.637548,1744.532842,587,1216.74616,,,,,,,,,,,,,,,,,,,,6494.323382,,,
1090,,,829.328,,,,,,,,,,,,,,1128.205036,961.8138013,,835.3408,,,,,,,,,,,,,,,,,,,,,,,,,,,,,,,,,,,,,,,,,38939.345,,,,,,,,819.4,743.125,698.409,,984.57,,,,,,,,,,,,,,,,,,305.817972,644.8197499,615.8,791.135326,,,,,,,,,,,,,,,,,,,,4717.733626,,,
1089,,,677.28,,,,,,,,,,,,,,2085.016649,468.6798715,,1033.956,,,,,,,,,,,,,,,,,,,,,,,,,,,,,,,,,,,,,,,,,45154.428,,,,,,,,927.588,654.124,513.999,,1217.522,,,,,,,,,,,,,,,,,,869.746176,970.8040407,989.2,791.309187,,,,,,,,,,,,,,,,,,,,3194.723862,,,
1088,,,873.664,,,,,,,,,,,,,,3672.776722,514.9760599,,890.496,,,,,,,,,,,,,,,,,,,,,,,,,,,,,,,,,,,,,,,,,36598.98,,,,,,,,802.298,528.351,514.107,,1848.964,,,,,,,,,,,,,,,,,,900.155776,991.6620985,566.6,374.275345,,,,,,,,,,,,,,,,,,,,2841.761093,,,
1087,,,1344.972,,,,,,,,,,,,,,719.156567,884.6253106,,8843.835,,,,,,,,,,,,,,,,,,,,,,,,,,,,,,,,,,,,,,,,,57425.94,,,,,,,,,853.731,693.792,,1942.574,,,,,,,,,,,,,,,,,,729.998464,890.316325,620.4,925.692269,,,,,,,,,,,,,,,,,,,,3831.944653,,,
1086,,,1196.12,,,,,,,,,,,,,,1034.019838,1278.86026,,7379.9154,,,,,,,,,,,,,,,,,,,,,,,,,,,,,,,,,,,,,,,,,,,,,,,,,609.79,1127.694,450.954,,1413.585,,,,,,,,,,,,,,,,,,1210.795448,443.4607308,1489.8,454.764455,,,,,,,,,,,,,,,,,,,,2833.9795,,,
1085,,,619.48,,,,,,,,,,,,,,612.6842222,1222.274297,,2244.4323,,,,,,,,,,,,,,,,,,,,,,,,,,,,,,,,,,,,,,,,,14379.807,,,,,,,,697.816,412.641,475.983,,923.779,,,,,,,,,,,,,,,,,,916.3413958,867.6553485,570.3,401.832815,,,,,,,,,,,,,,,,,,,,4942.641722,,,
1084,,,651.372,,,,,,,,,,,,,,1018.397088,974.4733924,,689.4018,,,,,,,,,,,,,,,,,,,,,,,,,,,,,,,,,,,,,,,,,64671.078,,,,,,,,798.218,634.288,455.085,,752.876,,,,,,,,,,,,,,,,,,801.9302412,320.9239232,769.6,967.156416,,,,,,,,,,,,,,,,,,,,4674.982216,,,
1083,,,4115.564,,,,,,,,,,,,,,1640.962219,730.5231059,,470.0592,,,,,,,,,,,,,,,,,,,,,,,,,,,,,,,,,,,,,,,,,34654.054,,,,,,,,835.924,969.789,364.041,,1457.541,,,,,,,,,,,,,,,,,,1000.307933,682.4745356,999.1,1823.185514,,,,,,,,,,,,,,,,,,,,5227.507669,,,
1082,,,1248.684,,,,,,,,,,,,,,924.4492123,1180.180393,,825.2874,,,,,,,,,,,,,,,,,,,,,,,,,,,,,,,,,,,,,,,,,83540.945,,,,,,,,753.712,1098.259,321.705,,1469.233,,,,,,,,,,,,,,,,,,1006.257994,899.598106,1436,922.235056,,,,,,,,,,,,,,,,,,,,5160.24495,,,
1081,,,758.268,,,,,,,,,,,,,,785.0996241,489.6494905,,592.36,,,,,,,,,,,,,,,,,,,,,,,,,,,,,,,,,,,,,,,,,43248.924,,,,,,,,617.134,1014.275,764.289,,940.984,,,,,,,,,,,,,,,,,,576.0497962,589.3105957,833.1,437.385583,,,,,,,,,,,,,,,,,,,,5710.014998,,,
1080,,,1104.864,,,,,,,,,,,,,,1090.527199,655.1451453,,1364.8996,,,,,,,,,,,,,,,,,,,,,,,,,,,,,,,,,,,,,,,,,72147.366,,,,,,,,911.404,1241.519,969.489,,683.982,,,,,,,,,,,,,,,,,,488.3342298,1041.496594,366.8,420.617887,,,,,,,,,,,,,,,,,,,,3835.778144,,,
1079,,,1355.376,,,,,,,,,,,,,,960.8107006,795.497521,,873.7842,,,,,,,,,,,,,,,,,,,,,,,,,,,,,,,,,,,,,,,,,50670.84,,,,,,,,1131.758,1196.337,674.541,,725.755,,,,,,,,,,,,,,,,,,924.0052417,453.9566949,762.5,950.906073,,,,,,,,,,,,,,,,,,,,5554.772698,,,
1078,,,842.52,,,,,,,,,,,,,,406.5715821,660.232095,,435.9303,,,,,,,,,,,,,,,,,,,,,,,,,,,,,,,,,,,,,,,,,41992.158,,,,,,,,1171.402,678.02,567.594,,915.454,,,,,,,,,,,,,,,,,,993.1091499,1058.820021,530.8,323.116512,,,,,,,,,,,,,,,,,,,,4790.698653,,,
1077,,,607.648,,,,,,,,,,,,,,749.5234682,860.1322171,,283.7575,,,,,,,,,,,,,,,,,,,,,,,,,,,,,,,,,,,,,,,,,32941.267,,,,,,,,948.396,453.444,487.782,,1207.088,,,,,,,,,,,,,,,,,,701.2867976,1084.392263,717.9,269.12267,,,,,,,,,,,,,,,,,,,,2433.884064,,,
1076,,,798.32,,,,,,,,,,,,,,2537.550751,602.9087315,,584.363,,,,,,,,,,,,,,,,,,,,,,,,,,,,,,,,,,,,,,,,,49793.068,,,,,,,,718.216,376.739,506.682,,1128.352,,,,,,,,,,,,,,,,,,1000.581992,751.321327,494.2,200.474048,,,,,,,,,,,,,,,,,,,,2496.221113,,,
1075,,,1534.964,,,,,,,,,,,,,,1649.908898,916.2745874,,256.0785,,,,,,,,,,,,,,,,,,,,,,,,,,,,,,,,,,,,,,,,,30554.603,,,,,,,,603.976,594.21,511.164,,912.272,,,,,,,,,,,,,,,,,,846.9155909,470.9945723,568.5,392.218716,,,,,,,,,,,,,,,,,,,,5886.988243,,,
1074,,,822.12,,,,,,,,,,,,,,2360.202929,566.4005728,,141.8622,,,,,,,,,,,,,,,,,,,,,,,,,,,,,,,,,,,,,,,,,65061.411,,,,,,,,643.688,732.772,512.379,,769.674,,,,,,,,,,,,,,,,,,1072.904771,877.4555639,831,1340.527873,,,,,,,,,,,,,,,,,,,,6243.148992,,,
1073,,,2943.924,,,,,,,,,,,,,,1780.999944,1029.58863,,5429.1072,,,,,,,,,,,,,,,,,,,,,,,,,,,,,,,,,,,,,,,,,68041.935,,,,,,,,523.566,550.942,387.288,,511.007,,,,,,,,,,,,,,,,,,1222.75816,547.6418311,617.1,1267.415527,,,,,,,,,,,,,,,,,,,,7124.857057,,,
1072,,,1279.352,,,,,,,,,,,,,,2438.339757,625.5346306,,1345.0554,,,,,,,,,,,,,,,,,,,,,,,,,,,,,,,,,,,,,,,,,29911.96,,,,,,,,527.306,852.281,444.177,,579.235,,,,,,,,,,,,,,,,,,1125.7136,1036.596721,,643.428509,,,,,,,,,,,,,,,,,,,,6252.52511,,,
1071,,,953.496,,,,,,,,,,,,,,488.2721138,1048.793297,,1349.1522,,,,,,,,,,,,,,,,,,,,,,,,,,,,,,,,,,,,,,,,,52539.498,,,,,,,,771.29,687.619,606.771,,594.072,,,,,,,,,,,,,,,,,,680.7421,379.4047494,,497.747422,,,,,,,,,,,,,,,,,,,,4135.833768,,,
1070,,,736.168,,,,,,,,,,,,,,957.6636805,1674.704989,,2278.472,,,,,,,,,,,,,,,,,,,,,,,,,,,,,,,,,,,,,,,,,54916.939,,,,,,,,890.358,575.302,675.837,,371.887,,,,,,,,,,,,,,,,,,698.9451,973.1501881,,654.232649,,,,,,,,,,,,,,,,,,,,5809.322046,,,
1069,,,575.212,,,,,,,,,,,,,,701.9135105,880.4222601,,1633.68,,,,,,,,,,,,,,,,,,,,,,,,,,,,,,,,,,,,,,,,,60079.22,,,,,,,,1131.418,908.019,478.089,,333.518,,,,,,,,,,,,,,,,,,1004.7555,1023.324145,,484.787634,,,,,,,,,,,,,,,,,,,,4192.605707,,,
1068,,,231.54,,,,,,,,,,,,,,534.8098917,644.9125557,,951.948,,,,,,,,,,,,,,,,,,,,,,,,,,,,,,,,,,,,,,,,,60137.64,,,,,,,,1105.272,1021.525,111.024,,370.629,,,,,,,,,,,,,,,,,,1479.079686,409.4119211,,1188.790387,,,,,,,,,,,,,,,,,,,,3785.990268,,,
1067,,,1394.34,,,,,,,,,,,,,,1529.021866,652.9678885,,1438.2016,,,,,,,,,,,,,,,,,,,,,,,,,,,,,,,,,,,,,,,,,44783.024,,,,,,,,627.81,934.148,,,541.125,,,,,,,,,,,,,,,,,,976.745616,376.5407922,,93.369468,,,,,,,,,,,,,,,,,,,,5096.558447,,,
1066,,,1904.952,,,,,,,,,,,,,,1727.6645,407.1086767,,794.0072,,,,,,,,,,,,,,,,,,,,,,,,,,,,,,,,,,,,,,,,,47080.172,,,,,,,,510.034,588.555,500.634,,1032.115,,,,,,,,,,,,,,,,,,1030.484532,469.3141882,,114.597938,,,,,,,,,,,,,,,,,,,,3484.942206,,,
1065,,,732.768,,,,,,,,,,,,,,1181.549564,369.0750103,,1057.4172,,,,,,,,,,,,,,,,,,,,,,,,,,,,,,,,,,,,,,,,,47741.376,,,,,,,,523.566,407.276,722.061,,854.737,,,,,,,,,,,,,,,,,,479.963484,679.1377318,,378.522279,,,,,,,,,,,,,,,,,,,,2347.217835,,,
1064,,,569.704,,,,,,,,,,,,,,566.7157222,519.5809907,,1177.344,,,,,,,,,,,,,,,,,,,,,,,,,,,,,,,,,,,,,,,,,51269.346,,,,,,,,687.616,457.997,758.241,,588.744,,,,,,,,,,,,,,,,,,571.166904,737.4937931,,725.606179,,,,,,,,,,,,,,,,,,,,4752.630259,,,
1063,,,737.188,,,,,,,,,,,,,,1561.817361,642.673542,,2271.56,,,,,,,,,,,,,,,,,,,,,,,,,,,,,,,,,,,,,,,,,47712.189,,,,,,,,1012.146,523.276,485.19,,883.264,,,,,,,,,,,,,,,,,,1759.958445,1213.618284,,1179.867476,,,,,,,,,,,,,,,,,,,,3693.265932,,,
1062,,,1531.768,,,,,,,,,,,,,,935.7139162,1259.544834,,1668.3412,,,,,,,,,,,,,,,,,,,,,,,,,,,,,,,,,,,,,,,,,62484.675,,,,,,,,1200.302,673.293,579.447,,895.252,,,,,,,,,,,,,,,,,,634.4349767,1225.431812,,900.788689,,,,,,,,,,,,,,,,,,,,3615.754503,,,
1061,,,243.168,,,,,,,,,,,,,,741.1435055,864.5141707,,896.4605,,,,,,,,,,,,,,,,,,,,,,,,,,,,,,,,,,,,,,,,,53889.368,,,,,,,,1108.706,594.007,776.952,,528.323,,,,,,,,,,,,,,,,,,499.2100519,352.8678122,,1007.418013,,,,,,,,,,,,,,,,,,,,3319.863135,,,
1060,,,479.264,,,,,,,,,,,,,,1039.57616,1213.899586,,1639.2824,,,,,,,,,,,,,,,,,,,,,,,,,,,,,,,,,,,,,,,,,63898.186,,,,,,,,765.238,322.451,717.714,,507.307,,,,,,,,,,,,,,,,,,956.7116906,708.6700337,,723.399686,,,,,,,,,,,,,,,,,,,,6663.82206,,,
1059,,,851.292,,,,,,,,,,,,,,968.0602313,795.8956468,,2091.5372,,,,,,,,,,,,,,,,,,,,,,,,,,,,,,,,,,,,,,,,,33730.788,,,,,,,,760.41,285.099,443.07,,888.777,,,,,,,,,,,,,,,,,,1431.92065,948.1100283,,1096.70262,,,,,,,,,,,,,,,,,,,,5363.592236,,,
1058,,,872.78,,,,,,,,,,,,,,2202.927776,1659.132881,,,,,,,,,,,,,,,,,,,,,,,,,,,,,,,,,,,,,,,,,,,48860.096,,,,,,,,855.44,390.746,561.627,,1133.014,,,,,,,,,,,,,,,,,,899.6799509,638.4105698,,1313.787626,,,,,,,,,,,,,,,,,,,,6752.870607,,,
1057,,,1011.976,,,,,,,,,,,,,,1397.765268,1572.621236,,8051.6736,,,,,,,,,,,,,,,,,,,,,,,,,,,,,,,,,,,,,,,,,56352.07,,,,,,,,714.476,443.149,726.948,,1158.433,,,,,,,,,,,,,,,,,,1412.163795,778.6572278,,1081.519977,,,,,,,,,,,,,,,,,,,,5485.643572,,,
1056,,,453.492,,,,,,,,,,,,,,1463.104349,472.8279822,,2456.8102,,,,,,,,,,,,,,,,,,,,,,,,,,,,,,,,,,,,,,,,,45017.808,,,,,,,,464.338,501.816,599.184,,1295.629,,,,,,,,,,,,,,,,,,674.5551224,292.5780157,,585.398495,,,,,,,,,,,,,,,,,,,,6451.193678,,,
1055,,,792.54,,,,,,,,,,,,,,729.7009913,565.0719472,,995.8889,,,,,,,,,,,,,,,,,,,,,,,,,,,,,,,,,,,,,,,,,43276.8,,,,,,,,464.304,826.413,417.798,,857.179,,,,,,,,,,,,,,,,,,695.6260794,577.043523,,362.2632,,,,,,,,,,,,,,,,,,,,6723.425355,,,
1054,,,629.272,,,,,,,,,,,,,,1274.083668,617.1744481,,1312.3044,,,,,,,,,,,,,,,,,,,,,,,,,,,,,,,,,,,,,,,,,45746.356,,,,,,,,596.904,1056.122,587.034,,856.143,,,,,,,,,,,,,,,,,,1005.137156,540.849671,,740.224784,,,,,,,,,,,,,,,,,,,,3311.684039,,,
1053,,,928.268,,,,,,,,,,,,,,2011.359565,386.7116796,,1460.4624,,,,,,,,,,,,,,,,,,,,,,,,,,,,,,,,,,,,,,,,,52303.38,,,,,,,,708.186,910.513,679.131,,670.921,,,,,,,,,,,,,,,,,,1134.312028,771.0218882,,918.850441,,,,,,,,,,,,,,,,,,,,5645.363655,,,
1052,,,531.964,,,,,,,,,,,,,,1891.982882,365.8505185,,934.066,,,,,,,,,,,,,,,,,,,,,,,,,,,,,,,,,,,,,,,,,68486.847,,,,,,,,851.224,609.464,937.035,,990.453,,,,,,,,,,,,,,,,,,2472.85677,625.471245,,1027.664512,,,,,,,,,,,,,,,,,,,,3027.872023,,,
1051,,,558.96,,,,,,,,,,,,,,2186.583133,1443.557461,,2184.8645,,,,,,,,,,,,,,,,,,,,,,,,,,,,,,,,,,,,,,,,,43937.751,,,,,,,,970.87,468.785,1243.863,,1169.237,,,,,,,,,,,,,,,,,,715.2731734,531.1680983,,1451.074176,,,,,,,,,,,,,,,,,,,,3948.61208,,,
1050,,,1885.844,,,,,,,,,,,,,,1804.947191,664.2545906,,661.0535,,,,,,,,,,,,,,,,,,,,,,,,,,,,,,,,,,,,,,,,,72131.634,,,,,,,,720.97,621.905,1225.503,,,,,,,,,,,,,,,,,,,,1693.459917,954.0188324,,904.274635,,,,,,,,,,,,,,,,,,,,4161.125276,,,
1049,,,2324.648,,,,,,,,,,,,,,636.1848008,1348.17555,,1033.632,,,,,,,,,,,,,,,,,,,,,,,,,,,,,,,,,,,,,,,,,35017.684,,,,,,,,521.22,884.935,941.22,,1505.789,,,,,,,,,,,,,,,,,,1001.985432,734.1131226,,602.093443,,,,,,,,,,,,,,,,,,,,6641.970187,,,
1048,,,577.116,,,,,,,,,,,,,,719.989157,2052.187263,,855.6253,,,,,,,,,,,,,,,,,,,,,,,,,,,,,,,,,,,,,,,,,79999.98,,,,,,,,467.738,556.916,855.144,,1181.817,,,,,,,,,,,,,,,,,,343.098,777.2507264,,684.034169,,,,,,,,,,,,,,,,,,,,4853.474637,,,
1047,,,1316.548,,,,,,,,,,,,,,1039.967291,1291.464767,,467.9904,,,,,,,,,,,,,,,,,,,,,,,,,,,,,,,,,,,,,,,,,37546.166,,,,,,,,408.884,264.741,620.865,,1165.204,,,,,,,,,,,,,,,,,,811.42236,621.8910443,,649.992896,,,,,,,,,,,,,,,,,,,,10048.74993,,,
1046,,,3585.096,,,,,,,,,,,,,,751.0481752,794.922457,,1572.8661,,,,,,,,,,,,,,,,,,,,,,,,,,,,,,,,,,,,,,,,,95513.112,,,,,,,,347.106,321.523,306.315,,522.292,,,,,,,,,,,,,,,,,,945.490896,347.3054654,,1457.868673,,,,,,,,,,,,,,,,,,,,3925.104865,,,
1045,,,1811.792,,,,,,,,,,,,,,539.6352863,1024.267896,,1027.4175,,,,,,,,,,,,,,,,,,,,,,,,,,,,,,,,,,,,,,,,,41492,,,,,,,,282.166,529.975,364.122,,679.468,,,,,,,,,,,,,,,,,,2555.678412,917.1853221,,953.162914,,,,,,,,,,,,,,,,,,,,2961.033399,,,
1044,,,1109.964,,,,,,,,,,,,,,924.0009348,1465.689323,,1033.8636,,,,,,,,,,,,,,,,,,,,,,,,,,,,,,,,,,,,,,,,,67388.85,,,,,,,,320.144,552.682,721.656,,1015.613,,,,,,,,,,,,,,,,,,1781.49375,1542.313341,,486.355662,,,,,,,,,,,,,,,,,,,,5028.581,,,
1043,,,678.232,,,,,,,,,,,,,,842.0296434,267.0359592,,3649.088,,,,,,,,,,,,,,,,,,,,,,,,,,,,,,,,,,,,,,,,,48989.172,,,,,,,,422.11,1003.603,554.607,,913.641,,,,,,,,,,,,,,,,,,514.605377,967.7986368,,923.912944,,,,,,,,,,,,,,,,,,,,4254.601786,,,
1042,,,343.06,,,,,,,,,,,,,,839.6743084,535.2158764,,,,,,,,,,,,,,,,,,,,,,,,,,,,,,,,,,,,,,,,,,,61145.178,,,,,,,,464.338,911.673,385.776,,474.969,,,,,,,,,,,,,,,,,,555.53096,1311.695106,,1507.876694,,,,,,,,,,,,,,,,,,,,5525.847664,,,
1041,,,541.28,,,,,,,,,,,,,,1695.234899,556.4146556,,1055.5233,,,,,,,,,,,,,,,,,,,,,,,,,,,,,,,,,,,,,,,,,44849.448,,,,,,,,459.068,729.031,550.422,,1003.662,,,,,,,,,,,,,,,,,,450.30504,1674.780445,,811.549526,,,,,,,,,,,,,,,,,,,,7798.996359,,,
1040,,,1686.74,,,,,,,,,,,,,,864.434901,614.0822257,,1324.3555,,,,,,,,,,,,,,,,,,,,,,,,,,,,,,,,,,,,,,,,,50802.423,,,,,,,,526.218,547.288,851.337,,711.732,,,,,,,,,,,,,,,,,,652.63282,813.1846289,,719.98535,,,,,,,,,,,,,,,,,,,,7050.036366,,,
1039,,,812.6,,,,,,,,,,,,,,1021.141105,1041.935476,,730.5345,,,,,,,,,,,,,,,,,,,,,,,,,,,,,,,,,,,,,,,,,26494.137,,,,,,,,559.368,811.42,769.851,,730.75,,,,,,,,,,,,,,,,,,1019.80206,1291.500174,,576.667372,,,,,,,,,,,,,,,,,,,,5084.762411,,,
1038,,,738.208,,,,,,,,,,,,,,1863.346138,2280.512049,,389.9592,,,,,,,,,,,,,,,,,,,,,,,,,,,,,,,,,,,,,,,,,87345.72,,,,,,,,554.778,757.857,531.576,,1150.626,,,,,,,,,,,,,,,,,,862.56164,582.5287677,,897.993935,,,,,,,,,,,,,,,,,,,,5815.576344,,,
1037,,,677.824,,,,,,,,,,,,,,1431.161826,732.1350125,,660.3446,,,,,,,,,,,,,,,,,,,,,,,,,,,,,,,,,,,,,,,,,41798.889,,,,,,,,595.612,491.202,544.563,,1345.801,,,,,,,,,,,,,,,,,,814.3403,940.3696092,,582.929957,,,,,,,,,,,,,,,,,,,,2939.313868,,,
1036,,,660.484,,,,,,,,,,,,,,1452.353198,466.6146692,,2133.686,,,,,,,,,,,,,,,,,,,,,,,,,,,,,,,,,,,,,,,,,69812.176,,,,,,,,564.74,161.733,545.319,,1350.056,,,,,,,,,,,,,,,,,,824.0233,341.3464095,,861.439149,,,,,,,,,,,,,,,,,,,,4456.286872,,,
1035,,,781.116,,,,,,,,,,,,,,905.4495979,670.7231287,,1627.4984,,,,,,,,,,,,,,,,,,,,,,,,,,,,,,,,,,,,,,,,,20863.852,,,,,,,,525.198,180.467,567.999,,887.371,,,,,,,,,,,,,,,,,,675.65352,856.9109288,,1145.343252,,,,,,,,,,,,,,,,,,,,2312.232369,,,
1034,,,811.988,,,,,,,,,,,,,,1628.650916,733.6442836,,,,,,,,,,,,,,,,,,,,,,,,,,,,,,,,,,,,,,,,,,,63897.312,,,,,,,,522.818,233.537,472.203,,966.884,,,,,,,,,,,,,,,,,,685.40115,549.5248591,,1288.705968,,,,,,,,,,,,,,,,,,,,3860.145297,,,
1033,,,1619.488,,,,,,,,,,,,,,916.6524286,1229.40219,,1870.884,,,,,,,,,,,,,,,,,,,,,,,,,,,,,,,,,,,,,,,,,53201.898,,,,,,,,583.542,348.348,557.928,,1227.253,,,,,,,,,,,,,,,,,,1237.21209,403.9576774,,886.766729,,,,,,,,,,,,,,,,,,,,4970.37696,,,
1032,,,1421.744,,,,,,,,,,,,,,1356.609222,1012.028005,,1164.7846,,,,,,,,,,,,,,,,,,,,,,,,,,,,,,,,,,,,,,,,,32883.468,,,,,,,,560.422,338.111,680.832,,698.042,,,,,,,,,,,,,,,,,,1990.872004,834.1114935,,772.781427,,,,,,,,,,,,,,,,,,,,6755.342586,,,
1031,,,432.14,,,,,,,,,,,,,,865.323368,977.4103673,,,,,,,,,,,,,,,,,,,,,,,,,,,,,,,,,,,,,,,,,,,49424.838,,,,,,,,393.89,249.139,749.493,,704.961,,,,,,,,,,,,,,,,,,1258.30395,166.0081248,,388.568029,,,,,,,,,,,,,,,,,,,,5140.399191,,,
1030,,,1033.6,,,,,,,,,,,,,,783.9364437,952.3222989,,,,,,,,,,,,,,,,,,,,,,,,,,,,,,,,,,,,,,,,,,,35444.541,,,,,,,,296.854,517.679,606.852,,623.413,,,,,,,,,,,,,,,,,,1135.31868,341.7949112,,412.829958,,,,,,,,,,,,,,,,,,,,3773.901096,,,
1029,,,2287.112,,,,,,,,,,,,,,557.8423268,1839.745433,,685.2384,,,,,,,,,,,,,,,,,,,,,,,,,,,,,,,,,,,,,,,,,54654.831,,,,,,,,297.194,410.437,488.808,,546.749,,,,,,,,,,,,,,,,,,851.460116,486.4943372,,370.330396,,,,,,,,,,,,,,,,,,,,5914.944238,,,
1028,,,940.644,,,,,,,,,,,,,,1253.85892,1082.041814,,379.1088,,,,,,,,,,,,,,,,,,,,,,,,,,,,,,,,,,,,,,,,,47126.379,,,,,,,,326.672,398.866,513.027,,737.595,,,,,,,,,,,,,,,,,,731.163108,711.5582435,,1703.777455,,,,,,,,,,,,,,,,,,,,4772.971793,,,
1027,,,418.132,,,,,,,,,,,,,,1611.792447,518.4654144,,1143.6293,,,,,,,,,,,,,,,,,,,,,,,,,,,,,,,,,,,,,,,,,53971.248,,,,,,,,393.448,619.063,766.395,,825.285,,,,,,,,,,,,,,,,,,809.053336,1051.117421,,773.284811,,,,,,,,,,,,,,,,,,,,4210.601462,,,
1026,,,1495.66,,,,,,,,,,,,,,1484.846699,724.2583669,,1806.9282,,,,,,,,,,,,,,,,,,,,,,,,,,,,,,,,,,,,,,,,,59505.6,,,,,,,,485.452,579.275,919.971,,834.091,,,,,,,,,,,,,,,,,,1510.310849,1173.124155,,582.493694,,,,,,,,,,,,,,,,,,,,5888.898906,,,
1025,,,739.024,,,,,,,,,,,,,,897.4315126,777.0274203,,903.1026,,,,,,,,,,,,,,,,,,,,,,,,,,,,,,,,,,,,,,,,,42563.846,,,,,,,,626.552,269.932,848.556,,564.028,,,,,,,,,,,,,,,,,,1135.672381,1274.298477,,1011.416713,,,,,,,,,,,,,,,,,,,,3228.586824,,,
1024,,,730.252,,,,,,,,,,,,,,1293.479505,544.6321443,,392.1320985,,,,,,,,,,,,,,,,,,,,,,,,,,,,,,,,,,,,,,,,,28832.11,,,,,,,,748.646,347.072,769.284,,784.733,,,,,,,,,,,,,,,,,,1048.849346,492.1212905,,795.194092,,,,,,,,,,,,,,,,,,,,5039.267037,,,
1023,,,1318.316,,,,,,,,,,,,,,1114.065807,692.8055947,,994.7026296,,,,,,,,,,,,,,,,,,,,,,,,,,,,,,,,,,,,,,,,,64700.265,,,,,,,,863.566,530.033,556.74,,524.364,,,,,,,,,,,,,,,,,,1074.678394,904.7984975,,636.296489,,,,,,,,,,,,,,,,,,,,3508.765425,,,
1022,,,677.484,,,,,,,,,,,,,,1299.033694,418.7101568,,1567.503387,,,,,,,,,,,,,,,,,,,,,,,,,,,,,,,,,,,,,,,,,44580.555,,,,,,,,939.284,597.487,381.186,,340.622,,,,,,,,,,,,,,,,,,812.7674412,505.4084849,,782.765144,,,,,,,,,,,,,,,,,,,,3639.016745,,,
1021,,,843.404,,,,,,,,,,,,,,821.021137,660.8380554,,883.5116323,,,,,,,,,,,,,,,,,,,,,,,,,,,,,,,,,,,,,,,,,30891.668,,,,,,,,884.17,538.095,439.128,,366.855,,,,,,,,,,,,,,,,,,730.8606448,1030.649181,,349.760924,,,,,,,,,,,,,,,,,,,,5706.362514,,,
1020,,,1443.912,,,,,,,,,,,,,,1492.224338,586.5578801,,950.4490583,,,,,,,,,,,,,,,,,,,,,,,,,,,,,,,,,,,,,,,,,66296.304,,,,,,,,696.932,832.88,380.349,,1124.245,,,,,,,,,,,,,,,,,,2288.422722,721.6309481,,435.546452,,,,,,,,,,,,,,,,,,,,6920.202574,,,
1019,,,2330.564,,,,,,,,,,,,,,1494.521635,738.7618009,,945.2794568,,,,,,,,,,,,,,,,,,,,,,,,,,,,,,,,,,,,,,,,,39911.9,,,,,,,,646.068,615.873,507.114,,1718.687,,,,,,,,,,,,,,,,,,1071.941609,610.0241962,,589.850182,,,,,,,,,,,,,,,,,,,,4270.894362,,,
1018,,,852.312,,,,,,,,,,,,,,2155.828583,910.4260648,,544.5016455,,,,,,,,,,,,,,,,,,,,,,,,,,,,,,,,,,,,,,,,,48300,,,,,,,,790.024,651.195,672.408,,1428.459,,,,,,,,,,,,,,,,,,707.8096224,1265.317921,,488.734783,,,,,,,,,,,,,,,,,,,,3661.332282,,,
1017,,,807.296,,,,,,,,,,,,,,1201.203636,759.5865134,,876.7376717,,,,,,,,,,,,,,,,,,,,,,,,,,,,,,,,,,,,,,,,,52418.61,,,,,,,,921.57,765.107,554.769,,1218.965,,,,,,,,,,,,,,,,,,716.8944103,586.674483,,342.195342,,,,,,,,,,,,,,,,,,,,6181.892837,,,
1016,,,1212.984,,,,,,,,,,,,,,1456.572468,714.4942801,,1694.916237,,,,,,,,,,,,,,,,,,,,,,,,,,,,,,,,,,,,,,,,,75107.604,,,,,,,,905.318,633.244,492.966,,1131.756,,,,,,,,,,,,,,,,,,1152.656456,920.5936702,,234.593241,,,,,,,,,,,,,,,,,,,,4223.287482,,,
1015,,,1880.268,,,,,,,,,,,,,,1179.787984,1677.30625,,1009.988606,,,,,,,,,,,,,,,,,,,,,,,,,,,,,,,,,,,,,,,,,38138.646,,,,,,,,706.69,561.121,262.656,,940.54,,,,,,,,,,,,,,,,,,1324.953234,383.6436781,,1634.277402,,,,,,,,,,,,,,,,,,,,5297.215416,,,
1014,,,1585.692,,,,,,,,,,,,,,2417.349999,1870.236083,,1225.284682,,,,,,,,,,,,,,,,,,,,,,,,,,,,,,,,,,,,,,,,,71043.504,,,,,,,,668.95,251.923,516.807,,643.097,,,,,,,,,,,,,,,,,,757.7923168,613.0075695,,1918.491018,,,,,,,,,,,,,,,,,,,,1908.356585,,,
1013,,,912.832,,,,,,,,,,,,,,3902.038637,465.9237595,,698.4309862,,,,,,,,,,,,,,,,,,,,,,,,,,,,,,,,,,,,,,,,,39155.2,,,,,,,,624.682,380.393,737.667,,581.603,,,,,,,,,,,,,,,,,,2094.19211,439.7314108,,975.510186,,,,,,,,,,,,,,,,,,,,3593.858237,,,
1012,,,796.892,,,,,,,,,,,,,,3323.065139,636.7334025,,420.5649066,,,,,,,,,,,,,,,,,,,,,,,,,,,,,,,,,,,,,,,,,91952.712,,,,,,,,577.83,665.637,755.892,,599.955,,,,,,,,,,,,,,,,,,1964.167404,939.3117216,,721.287512,,,,,,,,,,,,,,,,,,,,1955.969498,,,
1011,,,1680.28,,,,,,,,,,,,,,1352.900317,239.1073853,,1088.869594,,,,,,,,,,,,,,,,,,,,,,,,,,,,,,,,,,,,,,,,,55039.782,,,,,,,,508.402,830.618,794.907,,1027.12,,,,,,,,,,,,,,,,,,1143.892157,1039.777645,,850.565413,,,,,,,,,,,,,,,,,,,,4543.489805,,,
1010,,,700.808,,,,,,,,,,,,,,1083.296046,498.3686302,,820.4959728,,,,,,,,,,,,,,,,,,,,,,,,,,,,,,,,,,,,,,,,,72624.294,,,,,,,,497.726,533.919,763.236,,1656.342,,,,,,,,,,,,,,,,,,1011.801156,678.1575126,,633.709448,,,,,,,,,,,,,,,,,,,,4991.647116,,,
1009,,,547.264,,,,,,,,,,,,,,962.6078321,724.9638003,,1039.802946,,,,,,,,,,,,,,,,,,,,,,,,,,,,,,,,,,,,,,,,,66079.552,,,,,,,,560.252,808.201,565.974,,946.978,,,,,,,,,,,,,,,,,,853.5852672,600.3560329,,1485.550315,,,,,,,,,,,,,,,,,,,,6857.482882,,,
1008,,,1190.952,,,,,,,,,,,,,,932.0402482,958.7180601,,950.5827549,,,,,,,,,,,,,,,,,,,,,,,,,,,,,,,,,,,,,,,,,31074.196,,,,,,,,607.376,831.807,534.06,,465.238,,,,,,,,,,,,,,,,,,942.275976,417.5736427,,592.368789,,,,,,,,,,,,,,,,,,,,6484.350757,,,
1007,,,614.72,,,,,,,,,,,,,,1440.568526,800.5269061,,975.4948862,,,,,,,,,,,,,,,,,,,,,,,,,,,,,,,,,,,,,,,,,48310.603,,,,,,,,705.874,489.636,417.555,,685.277,,,,,,,,,,,,,,,,,,794.5385184,424.2366168,,301.529966,,,,,,,,,,,,,,,,,,,,8812.775809,,,
1006,,,874.344,,,,,,,,,,,,,,944.3515086,982.0551447,,1437.906825,,,,,,,,,,,,,,,,,,,,,,,,,,,,,,,,,,,,,,,,,58568.166,,,,,,,,676.464,341.272,376.704,,845.561,,,,,,,,,,,,,,,,,,322.8848658,391.4071593,,439.780283,,,,,,,,,,,,,,,,,,,,2458.071203,,,
1005,,,858.16,,,,,,,,,,,,,,456.47267,1005.284571,,624.0511166,,,,,,,,,,,,,,,,,,,,,,,,,,,,,,,,,,,,,,,,,35659.2,,,,,,,,668.168,363.37,262.899,,734.487,,,,,,,,,,,,,,,,,,473.6755233,1003.158845,,720.433817,,,,,,,,,,,,,,,,,,,,2883.790621,,,
1004,,,950.028,,,,,,,,,,,,,,730.4951905,592.3082488,,850.0874848,,,,,,,,,,,,,,,,,,,,,,,,,,,,,,,,,,,,,,,,,89658.048,,,,,,,,644.3,603.2,283.905,,399.378,,,,,,,,,,,,,,,,,,610.6613337,458.9038053,,475.647529,,,,,,,,,,,,,,,,,,,,4404.201514,,,
1003,,,870.468,,,,,,,,,,,,,,858.231529,687.3203696,,1438.842702,,,,,,,,,,,,,,,,,,,,,,,,,,,,,,,,,,,,,,,,,58264.681,,,,,,,,562.564,393.211,618.597,,472.527,,,,,,,,,,,,,,,,,,1026.81006,463.9554482,,393.750803,,,,,,,,,,,,,,,,,,,,3368.707356,,,
1002,,,617.44,,,,,,,,,,,,,,599.8967833,732.0086142,,464.99674,,,,,,,,,,,,,,,,,,,,,,,,,,,,,,,,,,,,,,,,,56561.6,,,,,,,,724.948,289.594,734.265,,860.139,,,,,,,,,,,,,,,,,,854.8131879,622.0146684,,269.249752,,,,,,,,,,,,,,,,,,,,9054.234788,,,
1001,,,1083.58,,,,,,,,,,,,,,655.7993659,566.1013352,,2860.839633,,,,,,,,,,,,,,,,,,,,,,,,,,,,,,,,,,,,,,,,,32833.236,,,,,,,,848.028,486.446,651.537,,824.397,,,,,,,,,,,,,,,,,,404.6594643,692.8987195,,359.802811,,,,,,,,,,,,,,,,,,,,3905.131107,,,
1000,,,814.164,,,,,,,,,,,,,,693.4310146,470.825468,,6241.26878,,,,,,,,,,,,,,,,,,,,,,,,,,,,,,,,,,,,,,,,,86961.735,,,,,,,,759.73,934.612,493.479,,1177.081,,,,,,,,,,,,,,,,,,962.4600336,664.3405452,,707.725851,,,,,,,,,,,,,,,,,,,,5959.571792,,,
999,,,845.24,,,,,,,,,,,,,,3166.598098,800.8706365,,1218.867246,,,,,,,,,,,,,,,,,,,,,,,,,,,,,,,,,,,,,,,,,34912.482,,,,,,,,607.886,512.256,407.889,,994.116,,,,,,,,,,,,,,,,,,729.845445,508.1642065,,606.649396,,,,,,,,,,,,,,,,,,,,4140.09017,,,
998,,,1217.404,,,,,,,,,,,,,,3651.688841,453.7991984,,749.1019938,,,,,,,,,,,,,,,,,,,,,,,,,,,,,,,,,,,,,,,,,69815.304,,,,,,,,604.18,290.986,545.481,,854.367,,,,,,,,,,,,,,,,,,1407.412286,875.3920895,,424.638865,,,,,,,,,,,,,,,,,,,,3452.40381,,,
997,,,1383.596,,,,,,,,,,,,,,1976.400275,985.1249809,,255.3159214,,,,,,,,,,,,,,,,,,,,,,,,,,,,,,,,,,,,,,,,,52723.59,,,,,,,,515.338,586.235,555.687,,1079.956,,,,,,,,,,,,,,,,,,1702.877216,1021.958863,,664.131771,,,,,,,,,,,,,,,,,,,,3242.246159,,,
996,,,460.632,,,,,,,,,,,,,,1421.349595,413.6093844,,,,,,,,,,,,,,,,,,,,,,,,,,,,,,,,,,,,,,,,,,,66893.085,,,,,,,,469.642,651.34,489.78,,1053.057,,,,,,,,,,,,,,,,,,1212.070586,637.9765761,,496.876823,,,,,,,,,,,,,,,,,,,,5113.23392,,,
995,,,560.66,,,,,,,,,,,,,,1112.11604,662.9758666,,1781.729889,,,,,,,,,,,,,,,,,,,,,,,,,,,,,,,,,,,,,,,,,50027.622,,,,,,,,630.734,523.044,620.352,,1658.303,,,,,,,,,,,,,,,,,,722.6248118,801.0192715,,867.134696,,,,,,,,,,,,,,,,,,,,6059.568853,,,
994,,,1229.236,,,,,,,,,,,,,,960.5008052,1027.161783,,711.7115141,,,,,,,,,,,,,,,,,,,,,,,,,,,,,,,,,,,,,,,,,51957.414,,,,,,,,758.846,599.749,590.598,,1796.572,,,,,,,,,,,,,,,,,,426.5696049,624.0797238,,1214.84003,,,,,,,,,,,,,,,,,,,,3946.168022,,,
993,,,1094.528,,,,,,,,,,,,,,826.0438077,307.9993556,,443.1596303,,,,,,,,,,,,,,,,,,,,,,,,,,,,,,,,,,,,,,,,,63224.424,,,,,,,,767.856,1000.239,936.441,,441.225,,,,,,,,,,,,,,,,,,1130.724653,1099.804074,,855.303119,,,,,,,,,,,,,,,,,,,,9445.762048,,,
992,,,921.332,,,,,,,,,,,,,,1108.535927,412.3723124,,816.9307304,,,,,,,,,,,,,,,,,,,,,,,,,,,,,,,,,,,,,,,,,19083.33,,,,,,,,768.808,904.8,1451.385,,568.061,,,,,,,,,,,,,,,,,,946.2698585,609.3760332,,573.885062,,,,,,,,,,,,,,,,,,,,3066.892597,,,
991,,,837.624,,,,,,,,,,,,,,841.8518479,547.2796877,,870.4984975,,,,,,,,,,,,,,,,,,,,,,,,,,,,,,,,,,,,,,,,,22501.544,,,,,,,,848.674,697.943,1105.164,,1053.168,,,,,,,,,,,,,,,,,,559.5432979,578.6071916,,869.62708,,,,,,,,,,,,,,,,,,,,3311.915199,,,
990,,,403.104,,,,,,,,,,,,,,1259.115096,526.6901733,,1417.406682,,,,,,,,,,,,,,,,,,,,,,,,,,,,,,,,,,,,,,,,,48985.952,,,,,,,,780.878,555.727,833.355,,1022.532,,,,,,,,,,,,,,,,,,1747.68417,407.3888479,,450.193636,,,,,,,,,,,,,,,,,,,,5220.564121,,,
989,,,232.832,,,,,,,,,,,,,,1151.13759,694.7985107,,892.2019106,,,,,,,,,,,,,,,,,,,,,,,,,,,,,,,,,,,,,,,,,78593.76,,,,,,,,979.302,599.43,660.285,,1128.981,,,,,,,,,,,,,,,,,,754.031076,804.829859,,444.588212,,,,,,,,,,,,,,,,,,,,4670.309452,,,
988,,,654.432,,,,,,,,,,,,,,2014.823496,657.0131385,,1588.360055,,,,,,,,,,,,,,,,,,,,,,,,,,,,,,,,,,,,,,,,,87427.485,,,,,,,,1278.774,592.528,548.046,,1027.601,,,,,,,,,,,,,,,,,,989.3948832,909.0299963,,507.593765,,,,,,,,,,,,,,,,,,,,7818.176812,,,
987,,,803.556,,,,,,,,,,,,,,1783.252577,738.7080179,,877.3615891,,,,,,,,,,,,,,,,,,,,,,,,,,,,,,,,,,,,,,,,,72206.545,,,,,,,,,445.179,703.215,,1225.921,,,,,,,,,,,,,,,,,,941.8023952,274.9060481,,493.461364,,,,,,,,,,,,,,,,,,,,6513.914562,,,
986,,,1083.104,,,,,,,,,,,,,,789.5649456,1710.074157,,894.0736629,,,,,,,,,,,,,,,,,,,,,,,,,,,,,,,,,,,,,,,,,73511.956,,,,,,,,400.214,414.7,731.403,,1099.936,,,,,,,,,,,,,,,,,,1018.63281,774.3703652,,505.531197,,,,,,,,,,,,,,,,,,,,5938.396945,,,
985,,,1234.268,,,,,,,,,,,,,,1014.091906,1202.507739,,1565.27511,,,,,,,,,,,,,,,,,,,,,,,,,,,,,,,,,,,,,,,,,45186.697,,,,,,,,340.408,464.522,632.367,,416.768,,,,,,,,,,,,,,,,,,503.5303356,441.4116684,,901.469599,,,,,,,,,,,,,,,,,,,,5751.944272,,,
984,,,645.932,,,,,,,,,,,,,,1142.828956,1893.283992,,6381.338241,,,,,,,,,,,,,,,,,,,,,,,,,,,,,,,,,,,,,,,,,52153.696,,,,,,,,387.192,772.821,688.905,,697.561,,,,,,,,,,,,,,,,,,1321.998337,539.4038395,,1366.67698,,,,,,,,,,,,,,,,,,,,3291.541097,,,
983,,,618.188,,,,,,,,,,,,,,870.0389502,474.907515,,3412.026108,,,,,,,,,,,,,,,,,,,,,,,,,,,,,,,,,,,,,,,,,57635.309,,,,,,,,736.44,899,624.078,,1247.455,,,,,,,,,,,,,,,,,,1292.76415,968.5621468,,817.156107,,,,,,,,,,,,,,,,,,,,3515.760573,,,
982,,,438.6,,,,,,,,,,,,,,1302.723233,747.5971138,,860.6495154,,,,,,,,,,,,,,,,,,,,,,,,,,,,,,,,,,,,,,,,,87918.788,,,,,,,,903.482,680.688,604.206,,867.132,,,,,,,,,,,,,,,,,,1445.317016,1362.511739,,659.57976,,,,,,,,,,,,,,,,,,,,5715.233069,,,
981,,,562.02,,,,,,,,,,,,,,1153.600102,1227.073396,,472.1717904,,,,,,,,,,,,,,,,,,,,,,,,,,,,,,,,,,,,,,,,,110257.515,,,,,,,,975.562,614.829,637.551,,1907.905,,,,,,,,,,,,,,,,,,808.2017563,535.2904712,,474.551764,,,,,,,,,,,,,,,,,,,,6147.083693,,,
980,,,1048.968,,,,,,,,,,,,,,849.3106117,839.7176707,,864.4375854,,,,,,,,,,,,,,,,,,,,,,,,,,,,,,,,,,,,,,,,,42992.428,,,,,,,,885.292,614.481,590.976,,1431.012,,,,,,,,,,,,,,,,,,464.0351789,915.5599551,,274.272342,,,,,,,,,,,,,,,,,,,,3695.479022,,,
979,,,490.144,,,,,,,,,,,,,,1106.908588,452.9779704,,851.2461885,,,,,,,,,,,,,,,,,,,,,,,,,,,,,,,,,,,,,,,,,77128.223,,,,,,,,848.878,775.141,574.263,,1485.143,,,,,,,,,,,,,,,,,,935.8745172,1357.245713,,676.606723,,,,,,,,,,,,,,,,,,,,5395.870008,,,
978,,,561.952,,,,,,,,,,,,,,1461.579312,2146.118771,,851.8255404,,,,,,,,,,,,,,,,,,,,,,,,,,,,,,,,,,,,,,,,,54168.036,,,,,,,,754.086,817.626,384.021,,1338.549,,,,,,,,,,,,,,,,,,1059.332533,819.8639761,,1535.184579,,,,,,,,,,,,,,,,,,,,6834.856181,,,
977,,,1118.668,,,,,,,,,,,,,,1826.234287,1201.519281,,859.2234184,,,,,,,,,,,,,,,,,,,,,,,,,,,,,,,,,,,,,,,,,53058.7,,,,,,,,619.888,687.097,364.905,,1039.552,,,,,,,,,,,,,,,,,,593.8271514,688.9409063,,1010.769967,,,,,,,,,,,,,,,,,,,,4606.699346,,,
976,,,773.636,,,,,,,,,,,,,,1352.604236,507.2104379,,1129.914448,,,,,,,,,,,,,,,,,,,,,,,,,,,,,,,,,,,,,,,,,29254.528,,,,,,,,626.314,506.166,725.058,,905.02,,,,,,,,,,,,,,,,,,1854.750884,459.584673,,1367.326628,,,,,,,,,,,,,,,,,,,,4120.729782,,,
975,,,1261.06,,,,,,,,,,,,,,1901.791154,266.0810819,,158.6532868,,,,,,,,,,,,,,,,,,,,,,,,,,,,,,,,,,,,,,,,,62627.045,,,,,,,,552.976,361.021,450.441,,766.27,,,,,,,,,,,,,,,,,,1301.618484,748.3874461,,650.550308,,,,,,,,,,,,,,,,,,,,4760.53664,,,
974,,,942.48,,,,,,,,,,,,,,2501.976489,1369.74414,,77.45489114,,,,,,,,,,,,,,,,,,,,,,,,,,,,,,,,,,,,,,,,,52460.976,,,,,,,,446.114,497.843,467.316,,766.455,,,,,,,,,,,,,,,,,,1204.224818,742.7702234,,577.324517,,,,,,,,,,,,,,,,,,,,4535.517136,,,
973,,,499.188,,,,,,,,,,,,,,1829.774308,614.1165627,,452.4738261,,,,,,,,,,,,,,,,,,,,,,,,,,,,,,,,,,,,,,,,,89336.922,,,,,,,,352.104,462.782,729.864,,559.07,,,,,,,,,,,,,,,,,,1681.875444,172.9701018,,1293.97065,,,,,,,,,,,,,,,,,,,,5626.397941,,,
972,,,870.128,,,,,,,,,,,,,,1934.80649,1041.783822,,583.1845256,,,,,,,,,,,,,,,,,,,,,,,,,,,,,,,,,,,,,,,,,38074.453,,,,,,,,541.178,204.305,585.063,,417.582,,,,,,,,,,,,,,,,,,681.1709366,1178.425948,,1328.022198,,,,,,,,,,,,,,,,,,,,6156.601798,,,
971,,,775.336,,,,,,,,,,,,,,1668.18032,850.6959879,,690.765715,,,,,,,,,,,,,,,,,,,,,,,,,,,,,,,,,,,,,,,,,20792,,,,,,,,763.436,772.792,623.511,,825.803,,,,,,,,,,,,,,,,,,1132.323263,605.6208869,,1005.022199,,,,,,,,,,,,,,,,,,,,6421.968563,,,
970,,,959.072,,,,,,,,,,,,,,2396.261497,778.7906078,,1179.694145,,,,,,,,,,,,,,,,,,,,,,,,,,,,,,,,,,,,,,,,,45676.62,,,,,,,,859.656,521.42,816.831,,653.457,,,,,,,,,,,,,,,,,,1003.815792,1308.000123,,847.826306,,,,,,,,,,,,,,,,,,,,3245.674225,,,
969,,,4780.4,,,,,,,,,,,,,,1550.199152,431.6781109,,379.8320122,,,,,,,,,,,,,,,,,,,,,,,,,,,,,,,,,,,,,,,,,52528.32,,,,,,,,692.784,521.42,850.122,,547.452,,,,,,,,,,,,,,,,,,824.2049928,1371.896556,,687.780028,,,,,,,,,,,,,,,,,,,,4136.455343,,,
968,,,1826.004,,,,,,,,,,,,,,1731.298452,402.5370212,,1676.421542,,,,,,,,,,,,,,,,,,,,,,,,,,,,,,,,,,,,,,,,,43356.817,,,,,,,,659.77,737.586,963.576,,1758.351,,,,,,,,,,,,,,,,,,660.7839784,718.7567626,,528.123131,,,,,,,,,,,,,,,,,,,,4469.368443,,,
967,,,1474.24,,,,,,,,,,,,,,811.6124727,1547.593068,,1023.759355,,,,,,,,,,,,,,,,,,,,,,,,,,,,,,,,,,,,,,,,,40162.485,,,,,,,,837.182,540.676,1090.206,,1251.488,,,,,,,,,,,,,,,,,,939.4683543,1519.535258,,923.463962,,,,,,,,,,,,,,,,,,,,4908.707991,,,
966,,,1775.48,,,,,,,,,,,,,,1135.70659,326.6836121,,931.6869702,,,,,,,,,,,,,,,,,,,,,,,,,,,,,,,,,,,,,,,,,61647.337,,,,,,,,955.91,494.943,1064.826,,1322.713,,,,,,,,,,,,,,,,,,1333.073184,925.5125037,,415.593303,,,,,,,,,,,,,,,,,,,,2951.146217,,,
965,,,1085.008,,,,,,,,,,,,,,2101.0712,240.8034495,,759.1738036,,,,,,,,,,,,,,,,,,,,,,,,,,,,,,,,,,,,,,,,,114552.834,,,,,,,,949.722,541.865,771.093,,2160.615,,,,,,,,,,,,,,,,,,1871.182284,1029.525968,,1185.129463,,,,,,,,,,,,,,,,,,,,6997.862574,,,
964,,,1371.424,,,,,,,,,,,,,,927.9018067,766.4001875,,1358.357354,,,,,,,,,,,,,,,,,,,,,,,,,,,,,,,,,,,,,,,,,33146.013,,,,,,,,1196.936,727.784,628.587,,1143.929,,,,,,,,,,,,,,,,,,536.1660241,933.3764378,,465.552372,,,,,,,,,,,,,,,,,,,,5070.202714,,,
963,,,530.128,,,,,,,,,,,,,,919.5521947,309.2922339,,1507.339921,,,,,,,,,,,,,,,,,,,,,,,,,,,,,,,,,,,,,,,,,60948.16,,,,,,,,1289.892,452.69,924.21,,1433.713,,,,,,,,,,,,,,,,,,691.1693859,698.2273173,,546.258498,,,,,,,,,,,,,,,,,,,,3740.264089,,,
962,,,1366.596,,,,,,,,,,,,,,968.7478033,724.9742587,,1328.676711,,,,,,,,,,,,,,,,,,,,,,,,,,,,,,,,,,,,,,,,,74510.432,,,,,,,,924.834,231.797,1050.084,,1271.838,,,,,,,,,,,,,,,,,,1598.029116,656.0957169,,517.872643,,,,,,,,,,,,,,,,,,,,5844.989073,,,
961,,,610.572,,,,,,,,,,,,,,949.4775344,394.1160492,,462.1445461,,,,,,,,,,,,,,,,,,,,,,,,,,,,,,,,,,,,,,,,,83721.84,,,,,,,,744.158,440.017,730.161,,1083.767,,,,,,,,,,,,,,,,,,1116.774859,398.9427334,,226.780355,,,,,,,,,,,,,,,,,,,,8193.200457,,,
960,,,270.64,,,,,,,,,,,,,,996.1661402,1265.771082,,256.3854941,,,,,,,,,,,,,,,,,,,,,,,,,,,,,,,,,,,,,,,,,89095.307,,,,,,,,761.43,546.853,559.791,,699.189,,,,,,,,,,,,,,,,,,1069.199617,1567.00085,,496.128871,,,,,,,,,,,,,,,,,,,,5878.709196,,,
959,,,717.944,,,,,,,,,,,,,,1722.292093,248.7351827,,294.890112,,,,,,,,,,,,,,,,,,,,,,,,,,,,,,,,,,,,,,,,,,,,,,,,,716.516,356.526,487.296,,537.499,,,,,,,,,,,,,,,,,,2196.798358,872.171827,,546.643471,,,,,,,,,,,,,,,,,,,,5390.2413,,,
958,,,1073.04,,,,,,,,,,,,,,1132.552201,527.4765594,,775.9750084,,,,,,,,,,,,,,,,,,,,,,,,,,,,,,,,,,,,,,,,,41160.294,,,,,,,,578.986,589.454,608.985,,580.197,,,,,,,,,,,,,,,,,,885.7176488,723.8787828,,517.209613,,,,,,,,,,,,,,,,,,,,4454.160344,,,
957,,,1044.412,,,,,,,,,,,,,,2042.935255,380.2259751,,863.8582335,,,,,,,,,,,,,,,,,,,,,,,,,,,,,,,,,,,,,,,,,65672.544,,,,,,,,634.814,578.84,,,1064.12,,,,,,,,,,,,,,,,,,1079.11875,571.1554185,,578.246442,,,,,,,,,,,,,,,,,,,,4401.30536,,,
956,,,957.508,,,,,,,,,,,,,,1469.368916,905.1400627,,696.3364063,,,,,,,,,,,,,,,,,,,,,,,,,,,,,,,,,,,,,,,,,35764.08,,,,,,,,735.114,353.423,291.978,,1766.269,,,,,,,,,,,,,,,,,,944.9972388,626.8652896,,631.666798,,,,,,,,,,,,,,,,,,,,3423.445287,,,
955,,,1425.756,,,,,,,,,,,,,,3319.430753,715.2193769,,615.9401901,,,,,,,,,,,,,,,,,,,,,,,,,,,,,,,,,,,,,,,,,35316.408,,,,,,,,850.442,355.569,469.152,,1520.811,,,,,,,,,,,,,,,,,,765.1326032,116.9227519,,435.531044,,,,,,,,,,,,,,,,,,,,3912.997439,,,
954,,,960.5,,,,,,,,,,,,,,1248.278571,688.5644603,,1096.935955,,,,,,,,,,,,,,,,,,,,,,,,,,,,,,,,,,,,,,,,,33778.49,,,,,,,,994.942,652.297,638.145,,917.23,,,,,,,,,,,,,,,,,,1400.419528,570.9148907,,556.055609,,,,,,,,,,,,,,,,,,,,4797.069277,,,
953,,,1690.344,,,,,,,,,,,,,,950.0436465,728.6503671,,854.142948,,,,,,,,,,,,,,,,,,,,,,,,,,,,,,,,,,,,,,,,,58365.076,,,,,,,,933.64,643.133,669.708,,767.824,,,,,,,,,,,,,,,,,,718.229688,791.7092175,,545.716954,,,,,,,,,,,,,,,,,,,,2491.028127,,,
952,,,921.74,,,,,,,,,,,,,,1280.164104,1214.022333,,583.8975741,,,,,,,,,,,,,,,,,,,,,,,,,,,,,,,,,,,,,,,,,68380.932,,,,,,,,893.01,736.832,812.241,,865.097,,,,,,,,,,,,,,,,,,953.828752,899.4840802,,324.280697,,,,,,,,,,,,,,,,,,,,7553.578747,,,
951,,,1819.816,,,,,,,,,,,,,,2388.103566,1063.467348,,1491.430027,,,,,,,,,,,,,,,,,,,,,,,,,,,,,,,,,,,,,,,,,36375.42,,,,,,,,889.372,757.074,527.607,,1094.164,,,,,,,,,,,,,,,,,,955.354048,881.4743315,,419.719262,,,,,,,,,,,,,,,,,,,,9545.111575,,,
950,,,950.164,,,,,,,,,,,,,,1190.404092,2114.765362,,1474.896215,,,,,,,,,,,,,,,,,,,,,,,,,,,,,,,,,,,,,,,,,35152.832,,,,,,,,829.94,739.355,638.118,,953.712,,,,,,,,,,,,,,,,,,1471.029634,515.3230465,,987.974361,,,,,,,,,,,,,,,,,,,,4293.557725,,,
949,,,872.304,,,,,,,,,,,,,,2410.07196,658.4438239,,1193.331197,,,,,,,,,,,,,,,,,,,,,,,,,,,,,,,,,,,,,,,,,59363.046,,,,,,,,833.374,897.666,514.053,,847.818,,,,,,,,,,,,,,,,,,785.5493646,974.0667926,,1031.772275,,,,,,,,,,,,,,,,,,,,4910.184854,,,
948,,,505.24,,,,,,,,,,,,,,938.4679595,585.7759374,,2831.515514,,,,,,,,,,,,,,,,,,,,,,,,,,,,,,,,,,,,,,,,,43500.59,,,,,,,,713.116,1420.507,331.695,,866.022,,,,,,,,,,,,,,,,,,2158.686199,603.841057,,1154.201057,,,,,,,,,,,,,,,,,,,,7700.128782,,,
947,,,1187.212,,,,,,,,,,,,,,1798.699481,1027.467293,,2694.788468,,,,,,,,,,,,,,,,,,,,,,,,,,,,,,,,,,,,,,,,,100508.896,,,,,,,,628.592,1138.917,394.578,,956.45,,,,,,,,,,,,,,,,,,1309.056995,358.553897,,502.67176,,,,,,,,,,,,,,,,,,,,2670.16357,,,
946,,,1513.204,,,,,,,,,,,,,,1148.784951,1037.306592,,1080.580406,,,,,,,,,,,,,,,,,,,,,,,,,,,,,,,,,,,,,,,,,40210.44,,,,,,,,657.084,596.675,313.578,,1872.237,,,,,,,,,,,,,,,,,,1914.954405,231.1357526,,878.784788,,,,,,,,,,,,,,,,,,,,7914.435727,,,
945,,,625.668,,,,,,,,,,,,,,1947.142016,946.9243892,,594.8161289,,,,,,,,,,,,,,,,,,,,,,,,,,,,,,,,,,,,,,,,,93547.509,,,,,,,,797.538,569.792,433.269,,2178.782,,,,,,,,,,,,,,,,,,1478.803583,524.3860632,,1113.28358,,,,,,,,,,,,,,,,,,,,6733.947923,,,
944,,,454.852,,,,,,,,,,,,,,1335.757202,420.2781267,,1230.320587,,,,,,,,,,,,,,,,,,,,,,,,,,,,,,,,,,,,,,,,,133974.126,,,,,,,,1062.16,376.101,485.784,,2456.319,,,,,,,,,,,,,,,,,,731.5333692,822.7961291,,461.895062,,,,,,,,,,,,,,,,,,,,4531.70408,,,
943,,,1052.776,,,,,,,,,,,,,,1121.683356,192.0838821,,867.4680415,,,,,,,,,,,,,,,,,,,,,,,,,,,,,,,,,,,,,,,,,36567.976,,,,,,,,1098.064,673.844,646.11,,1851.147,,,,,,,,,,,,,,,,,,1351.803054,968.3051817,,686.828904,,,,,,,,,,,,,,,,,,,,3302.383516,,,
942,,,1275.408,,,,,,,,,,,,,,682.5709119,858.1628213,,1292.667763,,,,,,,,,,,,,,,,,,,,,,,,,,,,,,,,,,,,,,,,,57783.107,,,,,,,,910.01,952.273,828.225,,1367.705,,,,,,,,,,,,,,,,,,468.8205948,730.785911,,1338.112741,,,,,,,,,,,,,,,,,,,,2066.661177,,,
941,,,916.844,,,,,,,,,,,,,,977.7450205,713.7054234,,1953.752835,,,,,,,,,,,,,,,,,,,,,,,,,,,,,,,,,,,,,,,,,105627.753,,,,,,,,775.676,701.133,777.411,,816.664,,,,,,,,,,,,,,,,,,978.4669836,1659.195362,,617.889544,,,,,,,,,,,,,,,,,,,,4286.956371,,,
940,,,907.596,,,,,,,,,,,,,,969.9420119,372.4208219,,2077.645009,,,,,,,,,,,,,,,,,,,,,,,,,,,,,,,,,,,,,,,,,76524.864,,,,,,,,642.872,419.224,553.284,,1068.745,,,,,,,,,,,,,,,,,,573.2377392,891.4901355,,288.938973,,,,,,,,,,,,,,,,,,,,5094.389501,,,
939,,,999.532,,,,,,,,,,,,,,1387.313245,720.7182706,,690.8548461,,,,,,,,,,,,,,,,,,,,,,,,,,,,,,,,,,,,,,,,,47967.374,,,,,,,,628.626,694.84,503.739,,1402.3,,,,,,,,,,,,,,,,,,1794.304379,736.2997846,,795.44994,,,,,,,,,,,,,,,,,,,,7217.070475,,,
938,,,834.088,,,,,,,,,,,,,,1445.518683,980.2789945,,433.2660827,,,,,,,,,,,,,,,,,,,,,,,,,,,,,,,,,,,,,,,,,37381.992,,,,,,,,631.584,784.914,351.378,,734.228,,,,,,,,,,,,,,,,,,877.639932,745.0557791,,783.476911,,,,,,,,,,,,,,,,,,,,4940.70851,,,
937,,,526.252,,,,,,,,,,,,,,555.1753667,1978.210463,,290.433559,,,,,,,,,,,,,,,,,,,,,,,,,,,,,,,,,,,,,,,,,58680.36,,,,,,,,584.562,906.018,584.982,,724.386,,,,,,,,,,,,,,,,,,1250.451302,1585.727064,,545.176163,,,,,,,,,,,,,,,,,,,,5820.169422,,,
936,,,690.812,,,,,,,,,,,,,,1378.758535,939.6474765,,817.4209513,,,,,,,,,,,,,,,,,,,,,,,,,,,,,,,,,,,,,,,,,41309.127,,,,,,,,556.58,416.208,1111.536,,901.135,,,,,,,,,,,,,,,,,,2236.194207,661.0418873,,405.944841,,,,,,,,,,,,,,,,,,,,7659.691292,,,
935,,,431.528,,,,,,,,,,,,,,1048.588698,225.5634597,,,,,,,,,,,,,,,,,,,,,,,,,,,,,,,,,,,,,,,,,,,55857.34,,,,,,,,759.152,457.91,811.593,,1120.286,,,,,,,,,,,,,,,,,,1345.688467,1220.075133,,485.837069,,,,,,,,,,,,,,,,,,,,12150.42467,,,
934,,,1195.712,,,,,,,,,,,,,,697.5691319,469.2067384,,436.8758906,,,,,,,,,,,,,,,,,,,,,,,,,,,,,,,,,,,,,,,,,86233.44,,,,,,,,912.288,458.867,479.223,,1134.309,,,,,,,,,,,,,,,,,,807.5738625,851.4522158,,441.789553,,,,,,,,,,,,,,,,,,,,6172.527947,,,
933,,,1661.376,,,,,,,,,,,,,,1545.98226,772.7128785,,857.6636249,,,,,,,,,,,,,,,,,,,,,,,,,,,,,,,,,,,,,,,,,48852,,,,,,,,897.43,433.753,514.485,,846.782,,,,,,,,,,,,,,,,,,512.8957988,2007.827576,,994.278964,,,,,,,,,,,,,,,,,,,,4643.366764,,,
932,,,875.772,,,,,,,,,,,,,,587.956455,715.3950109,,2562.339713,,,,,,,,,,,,,,,,,,,,,,,,,,,,,,,,,,,,,,,,,34140.372,,,,,,,,754.018,330.078,596.997,,547.97,,,,,,,,,,,,,,,,,,1105.690956,404.9563395,,827.960621,,,,,,,,,,,,,,,,,,,,5216.020088,,,
931,,,1791.664,,,,,,,,,,,,,,653.9674988,690.2772539,,2184.245756,,,,,,,,,,,,,,,,,,,,,,,,,,,,,,,,,,,,,,,,,61230.6,,,,,,,,620.364,536.993,636.66,,864.468,,,,,,,,,,,,,,,,,,1321.118168,527.6654536,,1019.569858,,,,,,,,,,,,,,,,,,,,3551.164821,,,
930,,,826.88,,,,,,,,,,,,,,991.2921731,692.5277123,,926.7401964,,,,,,,,,,,,,,,,,,,,,,,,,,,,,,,,,,,,,,,,,60042.65,,,,,,,,558.484,1227.512,906.876,,1291.559,,,,,,,,,,,,,,,,,,1381.648792,476.8320609,,572.709719,,,,,,,,,,,,,,,,,,,,3536.491353,,,
929,,,2018.92,,,,,,,,,,,,,,1862.523727,490.1821392,,1216.995493,,,,,,,,,,,,,,,,,,,,,,,,,,,,,,,,,,,,,,,,,43670.79,,,,,,,,727.396,1287.513,831.546,,1350.13,,,,,,,,,,,,,,,,,,2149.491603,1390.301663,,452.635494,,,,,,,,,,,,,,,,,,,,8920.300249,,,
928,,,1086.98,,,,,,,,,,,,,,1634.484009,462.465611,,648.1165028,,,,,,,,,,,,,,,,,,,,,,,,,,,,,,,,,,,,,,,,,65627.05,,,,,,,,789.888,515.62,572.373,,1191.733,,,,,,,,,,,,,,,,,,1556.83799,447.0707314,,402.009147,,,,,,,,,,,,,,,,,,,,7867.373732,,,
927,,,596.836,,,,,,,,,,,,,,1413.957768,457.5278674,,1319.71904,,,,,,,,,,,,,,,,,,,,,,,,,,,,,,,,,,,,,,,,,42560.488,,,,,,,,786.25,334.66,688.77,,1314.758,,,,,,,,,,,,,,,,,,1233.641006,672.3733793,,742.800219,,,,,,,,,,,,,,,,,,,,4929.85565,,,
926,,,1560.056,,,,,,,,,,,,,,489.0094315,1074.982067,,1339.46157,,,,,,,,,,,,,,,,,,,,,,,,,,,,,,,,,,,,,,,,,62432.58,,,,,,,,633.692,682.428,700.596,,1119.25,,,,,,,,,,,,,,,,,,1252.575507,591.0438403,,618.335997,,,,,,,,,,,,,,,,,,,,3507.163199,,,
925,,,863.804,,,,,,,,,,,,,,1221.484555,898.0382509,,873.8854778,,,,,,,,,,,,,,,,,,,,,,,,,,,,,,,,,,,,,,,,,51731.554,,,,,,,,458.762,881.194,723.6,,870.166,,,,,,,,,,,,,,,,,,2082.437763,529.5607818,,839.432891,,,,,,,,,,,,,,,,,,,,3256.553291,,,
924,,,779.756,,,,,,,,,,,,,,743.5440812,618.7669561,,420.0301203,,,,,,,,,,,,,,,,,,,,,,,,,,,,,,,,,,,,,,,,,35229.33,,,,,,,,539.478,628.517,701.676,,1664.889,,,,,,,,,,,,,,,,,,908.256195,378.9987767,,742.41204,,,,,,,,,,,,,,,,,,,,3747.063411,,,
923,,,677.892,,,,,,,,,,,,,,660.7848466,665.2586847,,633.4098779,,,,,,,,,,,,,,,,,,,,,,,,,,,,,,,,,,,,,,,,,94663.975,,,,,,,,599.148,926.898,895.725,,2085.209,,,,,,,,,,,,,,,,,,1338.9948,1462.763305,,427.068284,,,,,,,,,,,,,,,,,,,,4220.021464,,,
922,,,620.636,,,,,,,,,,,,,,815.6160882,600.3270745,,883.9572876,,,,,,,,,,,,,,,,,,,,,,,,,,,,,,,,,,,,,,,,,64275.731,,,,,,,,679.218,493.203,374.463,,1126.798,,,,,,,,,,,,,,,,,,2280.940448,984.8313106,,266.902067,,,,,,,,,,,,,,,,,,,,5013.899247,,,
921,,,649.332,,,,,,,,,,,,,,880.7501636,615.6219874,,601.6792205,,,,,,,,,,,,,,,,,,,,,,,,,,,,,,,,,,,,,,,,,26537.4,,,,,,,,679.728,357.599,283.419,,636.511,,,,,,,,,,,,,,,,,,1774.054357,1086.600214,,590.85504,,,,,,,,,,,,,,,,,,,,7467.027762,,,
920,,,708.968,,,,,,,,,,,,,,532.2508554,289.6266822,,735.1084174,,,,,,,,,,,,,,,,,,,,,,,,,,,,,,,,,,,,,,,,,29403.959,,,,,,,,477.19,616.366,505.116,,251.748,,,,,,,,,,,,,,,,,,786.2251992,1234.741601,,1007.499993,,,,,,,,,,,,,,,,,,,,8126.901292,,,
919,,,1418.616,,,,,,,,,,,,,,661.567231,622.7670564,,866.9778206,,,,,,,,,,,,,,,,,,,,,,,,,,,,,,,,,,,,,,,,,45926.722,,,,,,,,421.056,515.736,377.568,,225.959,,,,,,,,,,,,,,,,,,1456.393938,314.2405226,,627.263045,,,,,,,,,,,,,,,,,,,,4131.697763,,,
918,,,1030.608,,,,,,,,,,,,,,1224.356576,2383.176597,,608.9434019,,,,,,,,,,,,,,,,,,,,,,,,,,,,,,,,,,,,,,,,,87267.796,,,,,,,,473.722,615.525,384.939,,1195.285,,,,,,,,,,,,,,,,,,684.7639848,482.3942101,,726.554006,,,,,,,,,,,,,,,,,,,,1900.90892,,,
917,,,725.016,,,,,,,,,,,,,,1155.144978,382.525235,,,,,,,,,,,,,,,,,,,,,,,,,,,,,,,,,,,,,,,,,,,29392.896,,,,,,,,588.88,582.175,761.616,,1391.829,,,,,,,,,,,,,,,,,,679.5387984,311.5858833,,171.079892,,,,,,,,,,,,,,,,,,,,3821.351778,,,
916,,,576.028,,,,,,,,,,,,,,1007.847678,401.134101,,676.0590901,,,,,,,,,,,,,,,,,,,,,,,,,,,,,,,,,,,,,,,,,59109.54,,,,,,,,646.646,394.98,876.933,,1016.871,,,,,,,,,,,,,,,,,,1090.950371,492.1756483,,294.881383,,,,,,,,,,,,,,,,,,,,4272.40292,,,
915,,,1704.692,,,,,,,,,,,,,,915.9990444,229.8262939,,402.2930393,,,,,,,,,,,,,,,,,,,,,,,,,,,,,,,,,,,,,,,,,78315.92,,,,,,,,654.67,401.36,1032.75,,881.414,,,,,,,,,,,,,,,,,,1886.247576,740.9863852,,774.167905,,,,,,,,,,,,,,,,,,,,3156.936464,,,
914,,,685.78,,,,,,,,,,,,,,941.5431563,573.9753652,,363.8775525,,,,,,,,,,,,,,,,,,,,,,,,,,,,,,,,,,,,,,,,,44956.95,,,,,,,,590.75,680.398,906.903,,895.252,,,,,,,,,,,,,,,,,,3246.129965,492.9055653,,607.836622,,,,,,,,,,,,,,,,,,,,1913.275799,,,
913,,,564.4,,,,,,,,,,,,,,672.8108314,1098.50579,,793.5338272,,,,,,,,,,,,,,,,,,,,,,,,,,,,,,,,,,,,,,,,,44663.815,,,,,,,,551.242,591.832,560.52,,992.784,,,,,,,,,,,,,,,,,,1174.668838,1786.978353,,219.637267,,,,,,,,,,,,,,,,,,,,5424.203192,,,
912,,,619.684,,,,,,,,,,,,,,1509.647372,249.2423565,,565.1800515,,,,,,,,,,,,,,,,,,,,,,,,,,,,,,,,,,,,,,,,,27681.121,,,,,,,,605.642,617.323,559.899,,1089.872,,,,,,,,,,,,,,,,,,522.0177895,753.5318227,,752.754848,,,,,,,,,,,,,,,,,,,,2931.399538,,,
911,,,298.724,,,,,,,,,,,,,,515.1076415,517.0152648,,447.928142,,,,,,,,,,,,,,,,,,,,,,,,,,,,,,,,,,,,,,,,,71274.654,,,,,,,,652.222,632.142,811.107,,472.971,,,,,,,,,,,,,,,,,,950.4789347,1499.250889,,595.503266,,,,,,,,,,,,,,,,,,,,5458.961114,,,
910,,,687.956,,,,,,,,,,,,,,619.5894219,465.0388044,,1039.892077,,,,,,,,,,,,,,,,,,,,,,,,,,,,,,,,,,,,,,,,,46367.632,,,,,,,,1112.65,657.749,421.254,,605.135,,,,,,,,,,,,,,,,,,371.7787008,1319.058498,,454.689697,,,,,,,,,,,,,,,,,,,,5383.760322,,,
909,,,452.88,,,,,,,,,,,,,,395.4066221,317.892704,,350.6861556,,,,,,,,,,,,,,,,,,,,,,,,,,,,,,,,,,,,,,,,,49303.95,,,,,,,,1641.826,746.518,635.202,,1389.72,,,,,,,,,,,,,,,,,,1587.690944,683.0287905,,438.726035,,,,,,,,,,,,,,,,,,,,5514.26589,,,
908,,,528.768,,,,,,,,,,,,,,1883.009272,643.126175,,514.2416507,,,,,,,,,,,,,,,,,,,,,,,,,,,,,,,,,,,,,,,,,49312.368,,,,,,,,1851.674,483.053,707.832,,895.141,,,,,,,,,,,,,,,,,,1343.135893,1453.535956,,631.435407,,,,,,,,,,,,,,,,,,,,5164.719451,,,
907,,,595.476,,,,,,,,,,,,,,900.066518,1458.096868,,406.97242,,,,,,,,,,,,,,,,,,,,,,,,,,,,,,,,,,,,,,,,,61480.38,,,,,,,,1625.88,306.588,724.599,,1112.664,,,,,,,,,,,,,,,,,,1490.971931,524.3651781,,569.040373,,,,,,,,,,,,,,,,,,,,5361.217039,,,
906,,,490.892,,,,,,,,,,,,,,529.1366461,854.0789816,,313.6967657,,,,,,,,,,,,,,,,,,,,,,,,,,,,,,,,,,,,,,,,,112380.576,,,,,,,,1195.95,524.378,731.511,,602.323,,,,,,,,,,,,,,,,,,2148.514033,1343.535626,,1025.049745,,,,,,,,,,,,,,,,,,,,5382.840627,,,
905,,,878.288,,,,,,,,,,,,,,746.5966592,690.1087671,,901.3378443,,,,,,,,,,,,,,,,,,,,,,,,,,,,,,,,,,,,,,,,,39756.535,,,,,,,,827.662,522.116,700.785,,518.481,,,,,,,,,,,,,,,,,,1936.557709,455.3888109,,593.776031,,,,,,,,,,,,,,,,,,,,4200.112311,,,
904,,,599.284,,,,,,,,,,,,,,882.7946071,936.8497134,,848.171167,,,,,,,,,,,,,,,,,,,,,,,,,,,,,,,,,,,,,,,,,44404.904,,,,,,,,706.112,545.722,592.947,,605.949,,,,,,,,,,,,,,,,,,,271.3194034,,591.896053,,,,,,,,,,,,,,,,,,,,4199.484962,,,
903,,,288.932,,,,,,,,,,,,,,630.6235752,731.2580883,,2015.297832,,,,,,,,,,,,,,,,,,,,,,,,,,,,,,,,,,,,,,,,,64313.612,,,,,,,,633.114,731.264,861.408,,1189.18,,,,,,,,,,,,,,,,,,,603.9541676,,986.451631,,,,,,,,,,,,,,,,,,,,5162.187638,,,
902,,,810.152,,,,,,,,,,,,,,1595.75021,428.5887842,,1051.701942,,,,,,,,,,,,,,,,,,,,,,,,,,,,,,,,,,,,,,,,,49104.954,,,,,,,,555.934,1300.476,885.141,,1053.168,,,,,,,,,,,,,,,,,,,390.5245048,,1013.143948,,,,,,,,,,,,,,,,,,,,4838.000709,,,
901,,,1649.408,,,,,,,,,,,,,,476.8079051,534.4854136,,178.930603,,,,,,,,,,,,,,,,,,,,,,,,,,,,,,,,,,,,,,,,,51517.746,,,,,,,,383.316,1176.675,646.758,,968.734,,,,,,,,,,,,,,,,,,,544.5392215,,774.371463,,,,,,,,,,,,,,,,,,,,5013.612733,,,
900,,,1069.64,,,,,,,,,,,,,,817.0713189,481.7731312,,354.6079222,,,,,,,,,,,,,,,,,,,,,,,,,,,,,,,,,,,,,,,,,48530.92,,,,,,,,521.39,885.399,839.943,,621.045,,,,,,,,,,,,,,,,,,,1788.15915,,1163.086453,,,,,,,,,,,,,,,,,,,,12999.01009,,,
899,,,784.312,,,,,,,,,,,,,,1421.564691,850.4096654,,270.2008084,,,,,,,,,,,,,,,,,,,,,,,,,,,,,,,,,,,,,,,,,83756.754,,,,,,,,779.824,477.949,550.26,,852.48,,,,,,,,,,,,,,,,,,,863.4836227,,1094.705262,,,,,,,,,,,,,,,,,,,,6033.58561,,,
898,,,964.104,,,,,,,,,,,,,,1014.774675,505.3338854,,459.4706143,,,,,,,,,,,,,,,,,,,,,,,,,,,,,,,,,,,,,,,,,40411.161,,,,,,,,690.914,228.868,378.027,,609.501,,,,,,,,,,,,,,,,,,,854.7471165,,1104.301347,,,,,,,,,,,,,,,,,,,,5847.836305,,,
897,,,2557.14,,,,,,,,,,,,,,1239.487969,362.2306144,,700.7483937,,,,,,,,,,,,,,,,,,,,,,,,,,,,,,,,,,,,,,,,,65438.496,,,,,,,,633.046,210.192,443.124,,1034.742,,,,,,,,,,,,,,,,,,,781.0530312,,970.489962,,,,,,,,,,,,,,,,,,,,3642.342921,,,
896,,,1595.62,,,,,,,,,,,,,,1569.778878,2057.967294,,977.2329418,,,,,,,,,,,,,,,,,,,,,,,,,,,,,,,,,,,,,,,,,59569.632,,,,,,,,830.416,394.951,635.202,,886.335,,,,,,,,,,,,,,,,,,,1055.580021,,634.784395,,,,,,,,,,,,,,,,,,,,4921.9328,,,
895,,,974.44,,,,,,,,,,,,,,2124.567186,682.6485244,,486.4773255,,,,,,,,,,,,,,,,,,,,,,,,,,,,,,,,,,,,,,,,,45721.907,,,,,,,,986.068,639.624,730.404,,791.097,,,,,,,,,,,,,,,,,,,878.1415309,,555.742895,,,,,,,,,,,,,,,,,,,,5336.649416,,,
894,,,808.316,,,,,,,,,,,,,,1542.019885,2148.374791,,770.5825792,,,,,,,,,,,,,,,,,,,,,,,,,,,,,,,,,,,,,,,,,56344.848,,,,,,,,1075.454,650.325,816.993,,1551.336,,,,,,,,,,,,,,,,,,,862.073254,,1570.644849,,,,,,,,,,,,,,,,,,,,6026.652331,,,
893,,,711.008,,,,,,,,,,,,,,2209.704405,888.2844242,,424.798632,,,,,,,,,,,,,,,,,,,,,,,,,,,,,,,,,,,,,,,,,26020.176,,,,,,,,672.962,879.193,587.52,,1238.316,,,,,,,,,,,,,,,,,,,921.5424166,,1253.290172,,,,,,,,,,,,,,,,,,,,2574.669997,,,
892,,,538.356,,,,,,,,,,,,,,1566.069939,679.2988706,,600.7879099,,,,,,,,,,,,,,,,,,,,,,,,,,,,,,,,,,,,,,,,,71957.248,,,,,,,,489.192,818.409,541.998,,1564.434,,,,,,,,,,,,,,,,,,,1078.468681,,541.180585,,,,,,,,,,,,,,,,,,,,6871.814008,,,
891,,,576.096,,,,,,,,,,,,,,1268.114255,288.4418537,,566.2941897,,,,,,,,,,,,,,,,,,,,,,,,,,,,,,,,,,,,,,,,,40961.16,,,,,,,,619.242,672.8,792.342,,1275.649,,,,,,,,,,,,,,,,,,,1001.661601,,398.240711,,,,,,,,,,,,,,,,,,,,2291.207578,,,
890,,,931.396,,,,,,,,,,,,,,1031.325692,465.0207673,,580.5997248,,,,,,,,,,,,,,,,,,,,,,,,,,,,,,,,,,,,,,,,,68450.024,,,,,,,,956.284,626.574,728.352,,1022.051,,,,,,,,,,,,,,,,,,,725.5090619,,438.954141,,,,,,,,,,,,,,,,,,,,4020.072162,,,
889,,,910.588,,,,,,,,,,,,,,706.2685663,883.409543,,958.6491158,,,,,,,,,,,,,,,,,,,,,,,,,,,,,,,,,,,,,,,,,39991.71,,,,,,,,868.666,453.067,816.615,,2258.443,,,,,,,,,,,,,,,,,,,348.7381384,,1314.483362,,,,,,,,,,,,,,,,,,,,6997.970134,,,
888,,,811.784,,,,,,,,,,,,,,2031.194537,853.3790399,,454.0781852,,,,,,,,,,,,,,,,,,,,,,,,,,,,,,,,,,,,,,,,,99427.988,,,,,,,,966.042,525.567,592.083,,2339.51,,,,,,,,,,,,,,,,,,,808.4483442,,1306.968683,,,,,,,,,,,,,,,,,,,,6362.54292,,,
887,,,529.788,,,,,,,,,,,,,,284.6764132,505.4054771,,611.4390716,,,,,,,,,,,,,,,,,,,,,,,,,,,,,,,,,,,,,,,,,30893.6,,,,,,,,1374.892,581.624,662.256,,3151.956,,,,,,,,,,,,,,,,,,,521.363337,,1286.947098,,,,,,,,,,,,,,,,,,,,3188.448601,,,
886,,,1082.9,,,,,,,,,,,,,,2203.554147,679.3437632,,995.1928504,,,,,,,,,,,,,,,,,,,,,,,,,,,,,,,,,,,,,,,,,84614.562,,,,,,,,1445.918,713.197,550.314,,1652.679,,,,,,,,,,,,,,,,,,,684.3523316,,337.100206,,,,,,,,,,,,,,,,,,,,2762.927455,,,
885,,,2832.336,,,,,,,,,,,,,,887.2910644,1301.029162,,438.0791599,,,,,,,,,,,,,,,,,,,,,,,,,,,,,,,,,,,,,,,,,44947.98,,,,,,,,907.154,617.497,756.702,,709.327,,,,,,,,,,,,,,,,,,,445.6375072,,791.232598,,,,,,,,,,,,,,,,,,,,2999.171545,,,
884,,,2053.804,,,,,,,,,,,,,,947.3770456,416.3750798,,357.3709851,,,,,,,,,,,,,,,,,,,,,,,,,,,,,,,,,,,,,,,,,37531.952,,,,,,,,781.626,874.582,461.295,,1075.775,,,,,,,,,,,,,,,,,,,312.1352274,,710.209468,,,,,,,,,,,,,,,,,,,,4492.200719,,,
883,,,712.028,,,,,,,,,,,,,,2084.078575,736.9708354,,551.4984338,,,,,,,,,,,,,,,,,,,,,,,,,,,,,,,,,,,,,,,,,40281.28,,,,,,,,986,833.576,597.51,,2210.195,,,,,,,,,,,,,,,,,,,1466.927308,,507.448589,,,,,,,,,,,,,,,,,,,,8494.166755,,,
882,,,492.932,,,,,,,,,,,,,,3187.66914,1162.008583,,542.0059759,,,,,,,,,,,,,,,,,,,,,,,,,,,,,,,,,,,,,,,,,59156.46,,,,,,,,1012.588,439.263,706.455,,1053.427,,,,,,,,,,,,,,,,,,,524.1849458,,185.997689,,,,,,,,,,,,,,,,,,,,6253.305145,,,
881,,,619.072,,,,,,,,,,,,,,719.5537348,557.978608,,714.2517493,,,,,,,,,,,,,,,,,,,,,,,,,,,,,,,,,,,,,,,,,40345.404,,,,,,,,867.952,396.343,340.875,,752.876,,,,,,,,,,,,,,,,,,,565.4871896,,495.050124,,,,,,,,,,,,,,,,,,,,5860.969042,,,
880,,,1555.16,,,,,,,,,,,,,,1195.635606,320.0118864,,385.447269,,,,,,,,,,,,,,,,,,,,,,,,,,,,,,,,,,,,,,,,,39903.528,,,,,,,,700.842,471.83,265.788,,1243.2,,,,,,,,,,,,,,,,,,,1484.728133,,558.853935,,,,,,,,,,,,,,,,,,,,5348.725633,,,
879,,,985.524,,,,,,,,,,,,,,1113.957833,640.0452917,,1313.346169,,,,,,,,,,,,,,,,,,,,,,,,,,,,,,,,,,,,,,,,,27401.625,,,,,,,,602.31,464.667,524.151,,1948.383,,,,,,,,,,,,,,,,,,,806.8614756,,961.863606,,,,,,,,,,,,,,,,,,,,4261.121266,,,
878,,,1249.092,,,,,,,,,,,,,,814.3408591,633.4004132,,807.6165347,,,,,,,,,,,,,,,,,,,,,,,,,,,,,,,,,,,,,,,,,63803.38,,,,,,,,504.254,541.604,574.938,,2024.196,,,,,,,,,,,,,,,,,,,1285.621666,,672.76137,,,,,,,,,,,,,,,,,,,,5015.558104,,,
877,,,326.128,,,,,,,,,,,,,,1068.106117,885.2131113,,610.6814576,,,,,,,,,,,,,,,,,,,,,,,,,,,,,,,,,,,,,,,,,50103.522,,,,,,,,449.65,531.483,751.788,,1884.965,,,,,,,,,,,,,,,,,,,1330.619916,,452.404672,,,,,,,,,,,,,,,,,,,,3072.969497,,,
876,,,494.632,,,,,,,,,,,,,,732.8428284,3694.324143,,840.6841579,,,,,,,,,,,,,,,,,,,,,,,,,,,,,,,,,,,,,,,,,39994.24,,,,,,,,582.352,468.756,623.7,,513.56,,,,,,,,,,,,,,,,,,,391.768052,,466.694412,,,,,,,,,,,,,,,,,,,,2761.779245,,,
875,,,1164.772,,,,,,,,,,,,,,542.0044623,2146.322514,,849.2407397,,,,,,,,,,,,,,,,,,,,,,,,,,,,,,,,,,,,,,,,,82903.224,,,,,,,,724.132,,987.66,,522.403,,,,,,,,,,,,,,,,,,,1197.340352,,353.150457,,,,,,,,,,,,,,,,,,,,3866.938978,,,
874,,,1021.564,,,,,,,,,,,,,,774.905872,645.5248515,,734.0388446,,,,,,,,,,,,,,,,,,,,,,,,,,,,,,,,,,,,,,,,,61178.988,,,,,,,,838.576,502.077,339.255,,884.337,,,,,,,,,,,,,,,,,,,717.0886266,,389.559267,,,,,,,,,,,,,,,,,,,,1982.643981,,,
873,,,1443.98,,,,,,,,,,,,,,4100.860043,389.8576718,,1004.729874,,,,,,,,,,,,,,,,,,,,,,,,,,,,,,,,,,,,,,,,,38566.4,,,,,,,,659.838,526.64,474.012,,598.956,,,,,,,,,,,,,,,,,,,1037.913763,,686.86033,,,,,,,,,,,,,,,,,,,,3008.897636,,,
872,,,1036.32,,,,,,,,,,,,,,1225.835422,241.2637307,,1501.546402,,,,,,,,,,,,,,,,,,,,,,,,,,,,,,,,,,,,,,,,,55108.92,,,,,,,,582.726,461.68,345.978,,801.42,,,,,,,,,,,,,,,,,,,300.5491516,,881.184545,,,,,,,,,,,,,,,,,,,,7855.610245,,,
871,,,1106.02,,,,,,,,,,,,,,508.7592705,350.0026287,,1233.930395,,,,,,,,,,,,,,,,,,,,,,,,,,,,,,,,,,,,,,,,,44113.31,,,,,,,,486.574,432.999,405.324,,677.433,,,,,,,,,,,,,,,,,,,937.0103254,,580.598277,,,,,,,,,,,,,,,,,,,,2003.797179,,,
870,,,530.74,,,,,,,,,,,,,,1287.570556,605.533299,,723.0757243,,,,,,,,,,,,,,,,,,,,,,,,,,,,,,,,,,,,,,,,,70068.971,,,,,,,,485.248,467.886,539.163,,645.28,,,,,,,,,,,,,,,,,,,290.9692202,,550.243623,,,,,,,,,,,,,,,,,,,,2293.216519,,,
869,,,823.956,,,,,,,,,,,,,,899.866302,1005.022756,,515.534051,,,,,,,,,,,,,,,,,,,,,,,,,,,,,,,,,,,,,,,,,53320.256,,,,,,,,536.996,395.821,612.495,,1030.154,,,,,,,,,,,,,,,,,,,2764.450684,,592.173984,,,,,,,,,,,,,,,,,,,,8896.730125,,,
868,,,1355.512,,,,,,,,,,,,,,669.4862932,347.5819784,,681.094995,,,,,,,,,,,,,,,,,,,,,,,,,,,,,,,,,,,,,,,,,50087.652,,,,,,,,505.818,790.975,590.436,,1164.834,,,,,,,,,,,,,,,,,,,796.1797831,,1240.429319,,,,,,,,,,,,,,,,,,,,6250.203737,,,
867,,,1353.608,,,,,,,,,,,,,,907.2235951,437.7200418,,865.7745513,,,,,,,,,,,,,,,,,,,,,,,,,,,,,,,,,,,,,,,,,39031.782,,,,,,,,454.784,996.904,635.229,,1768.23,,,,,,,,,,,,,,,,,,,914.4371328,,957.491462,,,,,,,,,,,,,,,,,,,,4437.805817,,,
866,,,1514.428,,,,,,,,,,,,,,1033.721246,247.3625256,,1485.859336,,,,,,,,,,,,,,,,,,,,,,,,,,,,,,,,,,,,,,,,,54369.792,,,,,,,,457.64,553.871,539.217,,990.86,,,,,,,,,,,,,,,,,,,678.7801215,,1256.085334,,,,,,,,,,,,,,,,,,,,2733.457529,,,
865,,,1422.288,,,,,,,,,,,,,,1057.42764,536.2466162,,436.9650217,,,,,,,,,,,,,,,,,,,,,,,,,,,,,,,,,,,,,,,,,35851.158,,,,,,,,,558.54,754.434,,726.014,,,,,,,,,,,,,,,,,,,2234.693624,,495.719868,,,,,,,,,,,,,,,,,,,,5535.148735,,,
864,,,849.116,,,,,,,,,,,,,,1583.244593,1416.013841,,760.0651142,,,,,,,,,,,,,,,,,,,,,,,,,,,,,,,,,,,,,,,,,34889.712,,,,,,,,226.406,903.872,588.384,,1219.002,,,,,,,,,,,,,,,,,,,1436.814562,,1145.273114,,,,,,,,,,,,,,,,,,,,5135.14286,,,
863,,,2136.424,,,,,,,,,,,,,,770.0470075,1448.125068,,1505.334472,,,,,,,,,,,,,,,,,,,,,,,,,,,,,,,,,,,,,,,,,86970.935,,,,,,,,468.248,851.846,296.811,,1174.713,,,,,,,,,,,,,,,,,,,1112.620379,,1001.869241,,,,,,,,,,,,,,,,,,,,5436.677087,,,
862,,,983.484,,,,,,,,,,,,,,423.6449741,1354.852863,,1684.354206,,,,,,,,,,,,,,,,,,,,,,,,,,,,,,,,,,,,,,,,,48457.757,,,,,,,,799.272,711.805,622.026,,857.734,,,,,,,,,,,,,,,,,,,405.2854663,,471.880312,,,,,,,,,,,,,,,,,,,,7663.061309,,,
861,,,693.6,,,,,,,,,,,,,,902.4096204,913.6285081,,1209.865008,,,,,,,,,,,,,,,,,,,,,,,,,,,,,,,,,,,,,,,,,86528.3,,,,,,,,1225.496,768.094,1022.166,,994.56,,,,,,,,,,,,,,,,,,,799.3036161,,263.133606,,,,,,,,,,,,,,,,,,,,5728.817443,,,
860,,,1676.132,,,,,,,,,,,,,,534.0553222,706.5544609,,3368.396454,,,,,,,,,,,,,,,,,,,,,,,,,,,,,,,,,,,,,,,,,47529.293,,,,,,,,911.506,358.411,1155.249,,859.103,,,,,,,,,,,,,,,,,,,466.0334145,,576.885756,,,,,,,,,,,,,,,,,,,,4650.849849,,,
859,,,1019.66,,,,,,,,,,,,,,654.9248238,360.9921185,,1239.991307,,,,,,,,,,,,,,,,,,,,,,,,,,,,,,,,,,,,,,,,,64890.452,,,,,,,,710.498,470.873,1051.893,,593.406,,,,,,,,,,,,,,,,,,,1237.236405,,969.458537,,,,,,,,,,,,,,,,,,,,6379.071681,,,
858,,,1763.376,,,,,,,,,,,,,,671.8663937,2936.383346,,927.0521551,,,,,,,,,,,,,,,,,,,,,,,,,,,,,,,,,,,,,,,,,70288,,,,,,,,777.002,601.286,1019.898,,831.797,,,,,,,,,,,,,,,,,,,656.5668822,,1202.215831,,,,,,,,,,,,,,,,,,,,4533.581749,,,
857,,,1708.092,,,,,,,,,,,,,,687.1660697,1649.248414,,1850.093412,,,,,,,,,,,,,,,,,,,,,,,,,,,,,,,,,,,,,,,,,40861.317,,,,,,,,776.05,722.506,586.494,,1819.771,,,,,,,,,,,,,,,,,,,1274.002294,,1016.971372,,,,,,,,,,,,,,,,,,,,6025.122632,,,
856,,,941.392,,,,,,,,,,,,,,1507.113957,1406.104471,,1718.937058,,,,,,,,,,,,,,,,,,,,,,,,,,,,,,,,,,,,,,,,,37572.823,,,,,,,,559.98,724.188,705.51,,1342.36,,,,,,,,,,,,,,,,,,,771.5091201,,1109.114571,,,,,,,,,,,,,,,,,,,,6233.217433,,,
855,,,3143.64,,,,,,,,,,,,,,1212.50849,548.5775214,,1214.900913,,,,,,,,,,,,,,,,,,,,,,,,,,,,,,,,,,,,,,,,,28123.296,,,,,,,,486.438,719.809,869.859,,749.176,,,,,,,,,,,,,,,,,,,1140.73856,,1355.421174,,,,,,,,,,,,,,,,,,,,9434.417302,,,
854,,,2069.784,,,,,,,,,,,,,,1040.375023,1108.485859,,1257.416429,,,,,,,,,,,,,,,,,,,,,,,,,,,,,,,,,,,,,,,,,32704.896,,,,,,,,519.622,695.623,1282.986,,1037.776,,,,,,,,,,,,,,,,,,,942.9670467,,827.304466,,,,,,,,,,,,,,,,,,,,3086.473401,,,
853,,,1280.032,,,,,,,,,,,,,,564.1338692,1003.432183,,621.9119712,,,,,,,,,,,,,,,,,,,,,,,,,,,,,,,,,,,,,,,,,49410.348,,,,,,,,546.584,574.316,824.526,,516.964,,,,,,,,,,,,,,,,,,,879.5662956,,1069.908146,,,,,,,,,,,,,,,,,,,,4474.01284,,,
852,,,2706.672,,,,,,,,,,,,,,390.8519764,504.6492445,,574.2714196,,,,,,,,,,,,,,,,,,,,,,,,,,,,,,,,,,,,,,,,,51937.887,,,,,,,,650.182,628.546,523.962,,559.884,,,,,,,,,,,,,,,,,,,460.7493563,,845.026715,,,,,,,,,,,,,,,,,,,,2349.987384,,,
851,,,1253.036,,,,,,,,,,,,,,1777.727499,1386.168365,,816.0394198,,,,,,,,,,,,,,,,,,,,,,,,,,,,,,,,,,,,,,,,,89580.538,,,,,,,,810.118,664.477,339.741,,2301.733,,,,,,,,,,,,,,,,,,,567.8788366,,1257.350277,,,,,,,,,,,,,,,,,,,,3556.40274,,,
850,,,393.38,,,,,,,,,,,,,,1042.609895,504.7318522,,1004.105956,,,,,,,,,,,,,,,,,,,,,,,,,,,,,,,,,,,,,,,,,51835.1,,,,,,,,915.892,1019.321,509.355,,956.228,,,,,,,,,,,,,,,,,,,477.2764218,,929.376539,,,,,,,,,,,,,,,,,,,,5964.086039,,,
849,,,1814.648,,,,,,,,,,,,,,583.0958756,916.0308344,,1086.017401,,,,,,,,,,,,,,,,,,,,,,,,,,,,,,,,,,,,,,,,,31139.562,,,,,,,,1106.734,1622.521,631.503,,348.429,,,,,,,,,,,,,,,,,,,547.5042614,,690.049382,,,,,,,,,,,,,,,,,,,,4081.147954,,,
848,,,2446.912,,,,,,,,,,,,,,405.2789703,920.1610223,,627.3044003,,,,,,,,,,,,,,,,,,,,,,,,,,,,,,,,,,,,,,,,,55269.644,,,,,,,,846.736,1129.811,771.255,,617.049,,,,,,,,,,,,,,,,,,,522.8608925,,514.644979,,,,,,,,,,,,,,,,,,,,5759.620266,,,
847,,,1280.168,,,,,,,,,,,,,,733.7922317,906.2768562,,1300.600428,,,,,,,,,,,,,,,,,,,,,,,,,,,,,,,,,,,,,,,,,56836.795,,,,,,,,994.568,1268.518,865.863,,942.686,,,,,,,,,,,,,,,,,,,455.8881132,,1040.436201,,,,,,,,,,,,,,,,,,,,5246.43294,,,
846,,,1972.136,,,,,,,,,,,,,,1204.243194,586.2249113,,661.4415963,,,,,,,,,,,,,,,,,,,,,,,,,,,,,,,,,,,,,,,,,41360.762,,,,,,,,905.454,708.47,530.55,,1218.299,,,,,,,,,,,,,,,,,,,1493.642676,,949.182268,,,,,,,,,,,,,,,,,,,,6177.362513,,,
845,,,1541.424,,,,,,,,,,,,,,950.3243859,245.9150213,,873.8409122,,,,,,,,,,,,,,,,,,,,,,,,,,,,,,,,,,,,,,,,,52150.2,,,,,,,,760.92,729.988,570.375,,2426.941,,,,,,,,,,,,,,,,,,,382.3945563,,499.552375,,,,,,,,,,,,,,,,,,,,4816.726212,,,
844,,,594.864,,,,,,,,,,,,,,1988.884551,418.7903512,,1085.616311,,,,,,,,,,,,,,,,,,,,,,,,,,,,,,,,,,,,,,,,,79730.029,,,,,,,,674.56,691.041,569.079,,1263.846,,,,,,,,,,,,,,,,,,,778.4882361,,1081.789592,,,,,,,,,,,,,,,,,,,,1453.456328,,,
843,,,563.108,,,,,,,,,,,,,,977.6263976,341.3893338,,1365.443274,,,,,,,,,,,,,,,,,,,,,,,,,,,,,,,,,,,,,,,,,33263.888,,,,,,,,561.782,596.704,739.287,,902.319,,,,,,,,,,,,,,,,,,,600.2493446,,632.236542,,,,,,,,,,,,,,,,,,,,4905.606338,,,
842,,,1318.792,,,,,,,,,,,,,,1281.923818,810.6679993,,761.9368664,,,,,,,,,,,,,,,,,,,,,,,,,,,,,,,,,,,,,,,,,86614.32,,,,,,,,317.186,253.431,949.941,,1116.142,,,,,,,,,,,,,,,,,,,1514.560414,,452.107624,,,,,,,,,,,,,,,,,,,,6781.421354,,,
841,,,1128.868,,,,,,,,,,,,,,1363.302042,341.1656335,,596.5096191,,,,,,,,,,,,,,,,,,,,,,,,,,,,,,,,,,,,,,,,,61263.444,,,,,,,,258.094,286.81,939.114,,1416.212,,,,,,,,,,,,,,,,,,,443.9127229,,360.126057,,,,,,,,,,,,,,,,,,,,12868.18657,,,
840,,,1020.068,,,,,,,,,,,,,,1161.778758,811.994985,,1972.826882,,,,,,,,,,,,,,,,,,,,,,,,,,,,,,,,,,,,,,,,,112194.138,,,,,,,,367.914,435.203,938.601,,1348.502,,,,,,,,,,,,,,,,,,,498.3805094,,629.925864,,,,,,,,,,,,,,,,,,,,3116.456927,,,
839,,,707.676,,,,,,,,,,,,,,1050.582154,1060.73772,,684.7048029,,,,,,,,,,,,,,,,,,,,,,,,,,,,,,,,,,,,,,,,,77413.86,,,,,,,,514.964,652.529,832.275,,1572.167,,,,,,,,,,,,,,,,,,,705.8101697,,947.751596,,,,,,,,,,,,,,,,,,,,5225.27744,,,
838,,,621.044,,,,,,,,,,,,,,507.0257597,908.1751284,,757.7922721,,,,,,,,,,,,,,,,,,,,,,,,,,,,,,,,,,,,,,,,,34488.822,,,,,,,,543.116,636.231,527.877,,1333.406,,,,,,,,,,,,,,,,,,,713.9474004,,1146.285847,,,,,,,,,,,,,,,,,,,,5814.585528,,,
837,,,1635.06,,,,,,,,,,,,,,1350.938811,535.6766266,,829.4090788,,,,,,,,,,,,,,,,,,,,,,,,,,,,,,,,,,,,,,,,,38076.753,,,,,,,,545.394,298.903,497.637,,580.012,,,,,,,,,,,,,,,,,,,511.3174116,,1113.882183,,,,,,,,,,,,,,,,,,,,7402.645506,,,
836,,,1064.268,,,,,,,,,,,,,,572.9752862,623.1844971,,560.3669742,,,,,,,,,,,,,,,,,,,,,,,,,,,,,,,,,,,,,,,,,87523.234,,,,,,,,527.578,459.621,253.692,,862.692,,,,,,,,,,,,,,,,,,,1145.339497,,288.030527,,,,,,,,,,,,,,,,,,,,5012.178137,,,
835,,,495.516,,,,,,,,,,,,,,1082.526119,454.2286156,,827.3590645,,,,,,,,,,,,,,,,,,,,,,,,,,,,,,,,,,,,,,,,,51405.092,,,,,,,,392.972,784.363,285.363,,1072.408,,,,,,,,,,,,,,,,,,,252.8259449,,856.98926,,,,,,,,,,,,,,,,,,,,2377.965823,,,
834,,,908.48,,,,,,,,,,,,,,702.3682966,642.3130422,,602.6596622,,,,,,,,,,,,,,,,,,,,,,,,,,,,,,,,,,,,,,,,,89564.553,,,,,,,,294.678,1011.288,495.234,,984.2,,,,,,,,,,,,,,,,,,,472.3962484,,847.775304,,,,,,,,,,,,,,,,,,,,2676.471456,,,
833,,,852.72,,,,,,,,,,,,,,816.9149803,497.7771162,,522.7091014,,,,,,,,,,,,,,,,,,,,,,,,,,,,,,,,,,,,,,,,,69200.422,,,,,,,,383.18,852.078,446.094,,573.944,,,,,,,,,,,,,,,,,,,907.111028,,503.631183,,,,,,,,,,,,,,,,,,,,5763.462825,,,
832,,,392.768,,,,,,,,,,,,,,811.356292,604.364709,,868.0919589,,,,,,,,,,,,,,,,,,,,,,,,,,,,,,,,,,,,,,,,,125028.552,,,,,,,,552.568,842.102,421.632,,771.968,,,,,,,,,,,,,,,,,,,211.2846936,,1288.450675,,,,,,,,,,,,,,,,,,,,4517.386038,,,
831,,,880.056,,,,,,,,,,,,,,1440.566175,1001.981521,,897.8171674,,,,,,,,,,,,,,,,,,,,,,,,,,,,,,,,,,,,,,,,,132766.304,,,,,,,,576.776,657.662,491.238,,1546.526,,,,,,,,,,,,,,,,,,,1242.282245,,1121.2089,,,,,,,,,,,,,,,,,,,,4044.51214,,,
830,,,388.076,,,,,,,,,,,,,,1165.252672,1172.651112,,1533.321625,,,,,,,,,,,,,,,,,,,,,,,,,,,,,,,,,,,,,,,,,82819.32,,,,,,,,489.77,650.644,504.306,,1678.616,,,,,,,,,,,,,,,,,,,529.2545668,,841.577013,,,,,,,,,,,,,,,,,,,,5181.094147,,,
829,,,358.632,,,,,,,,,,,,,,1078.40974,646.0376676,,618.4804253,,,,,,,,,,,,,,,,,,,,,,,,,,,,,,,,,,,,,,,,,64463.112,,,,,,,,519.826,1186.738,366.687,,2565.654,,,,,,,,,,,,,,,,,,,1208.543067,,1008.715169,,,,,,,,,,,,,,,,,,,,5663.120039,,,
828,,,417.86,,,,,,,,,,,,,,2439.182002,416.5081433,,1305.235243,,,,,,,,,,,,,,,,,,,,,,,,,,,,,,,,,,,,,,,,,38714.704,,,,,,,,644.402,907.613,409.698,,2022.568,,,,,,,,,,,,,,,,,,,290.2036113,,575.293142,,,,,,,,,,,,,,,,,,,,6834.851777,,,
827,,,776.968,,,,,,,,,,,,,,950.4022791,280.9001358,,,,,,,,,,,,,,,,,,,,,,,,,,,,,,,,,,,,,,,,,,,26412.073,,,,,,,,770.882,1624.725,,,838.087,,,,,,,,,,,,,,,,,,,1029.783031,,734.679609,,,,,,,,,,,,,,,,,,,,1745.878761,,,
826,,,948.94,,,,,,,,,,,,,,522.0779843,882.7557224,,1363.972611,,,,,,,,,,,,,,,,,,,,,,,,,,,,,,,,,,,,,,,,,77034.452,,,,,,,,854.556,1127.404,687.555,,531.912,,,,,,,,,,,,,,,,,,,965.3987045,,876.061328,,,,,,,,,,,,,,,,,,,,6417.633069,,,
825,,,703.46,,,,,,,,,,,,,,446.1162792,1630.07447,,1002.055942,,,,,,,,,,,,,,,,,,,,,,,,,,,,,,,,,,,,,,,,,61134.552,,,,,,,,958.664,767.137,560.277,,548.71,,,,,,,,,,,,,,,,,,,1281.191295,,489.67468,,,,,,,,,,,,,,,,,,,,9026.226569,,,
824,,,680.408,,,,,,,,,,,,,,1119.818803,376.6545194,,1653.826818,,,,,,,,,,,,,,,,,,,,,,,,,,,,,,,,,,,,,,,,,25726.857,,,,,,,,717.366,916.429,371.736,,597.106,,,,,,,,,,,,,,,,,,,1298.766668,,490.858729,,,,,,,,,,,,,,,,,,,,3011.1507,,,
823,,,1549.04,,,,,,,,,,,,,,1765.871666,634.2235542,,1429.216547,,,,,,,,,,,,,,,,,,,,,,,,,,,,,,,,,,,,,,,,,54546.8,,,,,,,,474.096,765.832,587.547,,793.169,,,,,,,,,,,,,,,,,,,726.4465538,,577.673133,,,,,,,,,,,,,,,,,,,,2665.93662,,,
822,,,695.096,,,,,,,,,,,,,,1230.992785,598.5878226,,925.6706236,,,,,,,,,,,,,,,,,,,,,,,,,,,,,,,,,,,,,,,,,35051.126,,,,,,,,408.408,747.214,789.075,,829.096,,,,,,,,,,,,,,,,,,,1142.690027,,419.844911,,,,,,,,,,,,,,,,,,,,4307.321905,,,
821,,,787.372,,,,,,,,,,,,,,2092.800709,162.3831298,,1731.950192,,,,,,,,,,,,,,,,,,,,,,,,,,,,,,,,,,,,,,,,,48048.288,,,,,,,,454.172,731.728,713.961,,1190.993,,,,,,,,,,,,,,,,,,,546.9487121,,987.791375,,,,,,,,,,,,,,,,,,,,7546.534762,,,
820,,,767.108,,,,,,,,,,,,,,2197.874823,623.6632858,,1244.492425,,,,,,,,,,,,,,,,,,,,,,,,,,,,,,,,,,,,,,,,,51880.686,,,,,,,,767.516,731.728,818.667,,1827.097,,,,,,,,,,,,,,,,,,,138.3786838,,517.851238,,,,,,,,,,,,,,,,,,,,6563.473613,,,
819,,,1670.148,,,,,,,,,,,,,,796.9223722,369.1526358,,2311.480345,,,,,,,,,,,,,,,,,,,,,,,,,,,,,,,,,,,,,,,,,59133.966,,,,,,,,924.834,618.744,918.972,,1604.727,,,,,,,,,,,,,,,,,,,245.9608527,,906.138549,,,,,,,,,,,,,,,,,,,,5844.425177,,,
818,,,996.948,,,,,,,,,,,,,,402.1872095,136.8092373,,1363.036735,,,,,,,,,,,,,,,,,,,,,,,,,,,,,,,,,,,,,,,,,46016.192,,,,,,,,658.988,382.075,716.796,,1978.723,,,,,,,,,,,,,,,,,,,687.0231663,,826.673197,,,,,,,,,,,,,,,,,,,,4930.419373,,,
817,,,393.244,,,,,,,,,,,,,,578.0508474,137.295882,,1405.329423,,,,,,,,,,,,,,,,,,,,,,,,,,,,,,,,,,,,,,,,,39094.572,,,,,,,,863.396,640.9,452.25,,2718.316,,,,,,,,,,,,,,,,,,,836.3088824,,515.449384,,,,,,,,,,,,,,,,,,,,2883.814192,,,
816,,,796.212,,,,,,,,,,,,,,1142.620199,538.2476912,,989.7558558,,,,,,,,,,,,,,,,,,,,,,,,,,,,,,,,,,,,,,,,,67967.185,,,,,,,,824.67,733.468,441.045,,1396.972,,,,,,,,,,,,,,,,,,,1089.919227,,480.94886,,,,,,,,,,,,,,,,,,,,5803.265886,,,
815,,,1382.304,,,,,,,,,,,,,,619.241252,1295.209642,,987.7504069,,,,,,,,,,,,,,,,,,,,,,,,,,,,,,,,,,,,,,,,,46244.352,,,,,,,,866.966,384.424,491.481,,505.642,,,,,,,,,,,,,,,,,,,1111.389882,,389.191005,,,,,,,,,,,,,,,,,,,,3871.727465,,,
814,,,627.368,,,,,,,,,,,,,,1133.486359,340.1604372,,1154.559186,,,,,,,,,,,,,,,,,,,,,,,,,,,,,,,,,,,,,,,,,49730.025,,,,,,,,1066.546,459.766,689.094,,520.812,,,,,,,,,,,,,,,,,,,345.8779441,,1204.165655,,,,,,,,,,,,,,,,,,,,3639.0231,,,
813,,,895.832,,,,,,,,,,,,,,941.5348341,766.0319993,,2156.124907,,,,,,,,,,,,,,,,,,,,,,,,,,,,,,,,,,,,,,,,,24939.728,,,,,,,,1095.616,362.065,839.97,,823.287,,,,,,,,,,,,,,,,,,,468.121612,,715.354822,,,,,,,,,,,,,,,,,,,,5303.611941,,,
812,,,384.744,,,,,,,,,,,,,,630.6401626,432.416825,,1308.132002,,,,,,,,,,,,,,,,,,,,,,,,,,,,,,,,,,,,,,,,,76303.834,,,,,,,,1319.438,637.739,880.2,,883.338,,,,,,,,,,,,,,,,,,,735.8976822,,1016.078376,,,,,,,,,,,,,,,,,,,,5242.328582,,,
811,,,910.792,,,,,,,,,,,,,,1472.36636,480.7342619,,1150.236329,,,,,,,,,,,,,,,,,,,,,,,,,,,,,,,,,,,,,,,,,59660.896,,,,,,,,1076.304,698.697,857.061,,1808.375,,,,,,,,,,,,,,,,,,,1132.610936,,1099.537967,,,,,,,,,,,,,,,,,,,,6148.756576,,,
810,,,1322.94,,,,,,,,,,,,,,1039.64,1457.426256,,549.1364607,,,,,,,,,,,,,,,,,,,,,,,,,,,,,,,,,,,,,,,,,19521.25,,,,,,,,729.64,630.315,707.508,,1489.879,,,,,,,,,,,,,,,,,,,984.6098781,,1259.972499,,,,,,,,,,,,,,,,,,,,6781.292669,,,
809,,,612.068,,,,,,,,,,,,,,1351.337365,792.9105856,,,,,,,,,,,,,,,,,,,,,,,,,,,,,,,,,,,,,,,,,,,83708.316,,,,,,,,601.222,404.405,440.64,,1114.181,,,,,,,,,,,,,,,,,,,980.2692579,,722.930171,,,,,,,,,,,,,,,,,,,,3092.637983,,,
808,,,411.06,,,,,,,,,,,,,,720.1001294,1332.056842,,532.3352559,,,,,,,,,,,,,,,,,,,,,,,,,,,,,,,,,,,,,,,,,36038.079,,,,,,,,600.712,364.675,424.656,,1238.316,,,,,,,,,,,,,,,,,,,831.8767962,,1198.708463,,,,,,,,,,,,,,,,,,,,5200.727003,,,
807,,,727.94,,,,,,,,,,,,,,1964.638286,372.3282048,,1245.74026,,,,,,,,,,,,,,,,,,,,,,,,,,,,,,,,,,,,,,,,,52901.035,,,,,,,,633.522,410.118,463.266,,1079.068,,,,,,,,,,,,,,,,,,,1131.400179,,1179.795698,,,,,,,,,,,,,,,,,,,,6882.726029,,,
806,,,454.648,,,,,,,,,,,,,,1017.18,294.6229594,,490.8447474,,,,,,,,,,,,,,,,,,,,,,,,,,,,,,,,,,,,,,,,,69040.388,,,,,,,,627.436,643.278,744.255,,783.697,,,,,,,,,,,,,,,,,,,737.6930815,,1181.278459,,,,,,,,,,,,,,,,,,,,4598.100283,,,
805,,,1549.72,,,,,,,,,,,,,,572.1923155,555.6268429,,601.9020482,,,,,,,,,,,,,,,,,,,,,,,,,,,,,,,,,,,,,,,,,26622.063,,,,,,,,727.158,1843.182,1131.192,,624.745,,,,,,,,,,,,,,,,,,,1279.137311,,713.600708,,,,,,,,,,,,,,,,,,,,4979.924994,,,
804,,,1220.396,,,,,,,,,,,,,,870.1147009,700.4916854,,1817.51601,,,,,,,,,,,,,,,,,,,,,,,,,,,,,,,,,,,,,,,,,35084.775,,,,,,,,747.388,2362.775,1066.176,,720.723,,,,,,,,,,,,,,,,,,,750.7488873,,783.900163,,,,,,,,,,,,,,,,,,,,4812.418182,,,
803,,,1835.592,,,,,,,,,,,,,,753.7485979,361.0738179,,686.2200309,,,,,,,,,,,,,,,,,,,,,,,,,,,,,,,,,,,,,,,,,55153.747,,,,,,,,727.566,672.104,792.018,,748.88,,,,,,,,,,,,,,,,,,,860.1873726,,919.86057,,,,,,,,,,,,,,,,,,,,6076.252352,,,
802,,,1532.176,,,,,,,,,,,,,,1012.144475,823.1786082,,560.099581,,,,,,,,,,,,,,,,,,,,,,,,,,,,,,,,,,,,,,,,,117436.39,,,,,,,,670.786,312.852,466.398,,1369.777,,,,,,,,,,,,,,,,,,,2279.216209,,322.131483,,,,,,,,,,,,,,,,,,,,4706.683594,,,
801,,,650.964,,,,,,,,,,,,,,561.4927686,456.0365863,,799.2827806,,,,,,,,,,,,,,,,,,,,,,,,,,,,,,,,,,,,,,,,,26842.725,,,,,,,,720.426,569.618,261.603,,1431.826,,,,,,,,,,,,,,,,,,,694.7159278,,533.60955,,,,,,,,,,,,,,,,,,,,9665.680252,,,
800,,,3612.704,,,,,,,,,,,,,,843.1297775,421.321083,,579.4855866,,,,,,,,,,,,,,,,,,,,,,,,,,,,,,,,,,,,,,,,,44965.46,,,,,,,,753.916,848.743,239.193,,1358.788,,,,,,,,,,,,,,,,,,,797.9339233,,1324.327329,,,,,,,,,,,,,,,,,,,,5967.782146,,,
799,,,917.796,,,,,,,,,,,,,,461.792428,1097.158034,,961.5904408,,,,,,,,,,,,,,,,,,,,,,,,,,,,,,,,,,,,,,,,,44282.452,,,,,,,,915.416,1249.465,699.354,,1399.229,,,,,,,,,,,,,,,,,,,1578.120056,,984.188254,,,,,,,,,,,,,,,,,,,,3169.203544,,,
798,,,631.176,,,,,,,,,,,,,,911.6217482,767.8169564,,,,,,,,,,,,,,,,,,,,,,,,,,,,,,,,,,,,,,,,,,,71898.437,,,,,,,,1111.324,1195.96,815.94,,1024.234,,,,,,,,,,,,,,,,,,,1773.992749,,1136.640558,,,,,,,,,,,,,,,,,,,,4124.643795,,,
797,,,950.436,,,,,,,,,,,,,,600.6273046,508.4246664,,606.7151254,,,,,,,,,,,,,,,,,,,,,,,,,,,,,,,,,,,,,,,,,53645.2,,,,,,,,1019.626,910.6,498.393,,1166.055,,,,,,,,,,,,,,,,,,,1247.251933,,1576.414977,,,,,,,,,,,,,,,,,,,,4704.010552,,,
796,,,1454.588,,,,,,,,,,,,,,1176.807042,1017.48332,,1048.894314,,,,,,,,,,,,,,,,,,,,,,,,,,,,,,,,,,,,,,,,,47098.296,,,,,,,,823.99,807.505,428.922,,1070.077,,,,,,,,,,,,,,,,,,,341.6076437,,1110.311523,,,,,,,,,,,,,,,,,,,,6670.179102,,,
795,,,995.52,,,,,,,,,,,,,,1146.204931,1347.584994,,994.6580641,,,,,,,,,,,,,,,,,,,,,,,,,,,,,,,,,,,,,,,,,41753.901,,,,,,,,636.242,686.024,407.97,,879.268,,,,,,,,,,,,,,,,,,,536.0578733,,1037.100535,,,,,,,,,,,,,,,,,,,,5291.654495,,,
794,,,266.968,,,,,,,,,,,,,,879.7714394,704.2033375,,800.4860499,,,,,,,,,,,,,,,,,,,,,,,,,,,,,,,,,,,,,,,,,60798.016,,,,,,,,580.618,422.907,548.181,,1195.322,,,,,,,,,,,,,,,,,,,595.5395644,,887.122698,,,,,,,,,,,,,,,,,,,,2591.347334,,,
793,,,671.296,,,,,,,,,,,,,,1099.141641,487.8390844,,222.0254705,,,,,,,,,,,,,,,,,,,,,,,,,,,,,,,,,,,,,,,,,41958.808,,,,,,,,439.892,849.004,784.836,,1874.087,,,,,,,,,,,,,,,,,,,664.7576014,,588.614251,,,,,,,,,,,,,,,,,,,,6138.455625,,,
792,,,892.364,,,,,,,,,,,,,,1324.656527,249.2127916,,489.9534368,,,,,,,,,,,,,,,,,,,,,,,,,,,,,,,,,,,,,,,,,31926.208,,,,,,,,396.1,774.967,711.612,,2502.236,,,,,,,,,,,,,,,,,,,371.1740651,,432.274828,,,,,,,,,,,,,,,,,,,,3743.725885,,,
791,,,2312.544,,,,,,,,,,,,,,596.9826364,1027.540874,,597.4454952,,,,,,,,,,,,,,,,,,,,,,,,,,,,,,,,,,,,,,,,,40738.152,,,,,,,,443.394,640.378,508.707,,2467.123,,,,,,,,,,,,,,,,,,,266.4729941,,402.323966,,,,,,,,,,,,,,,,,,,,2828.944893,,,
790,,,1968.192,,,,,,,,,,,,,,605.2143398,579.8475145,,994.7471951,,,,,,,,,,,,,,,,,,,,,,,,,,,,,,,,,,,,,,,,,44479.746,,,,,,,,499.834,382.075,367.875,,1313.278,,,,,,,,,,,,,,,,,,,888.7914671,,596.502117,,,,,,,,,,,,,,,,,,,,7107.610234,,,
789,,,634.712,,,,,,,,,,,,,,877.6598404,1148.457591,,632.072912,,,,,,,,,,,,,,,,,,,,,,,,,,,,,,,,,,,,,,,,,54826.71,,,,,,,,558.382,298.903,379.485,,830.28,,,,,,,,,,,,,,,,,,,1319.026249,,498.490791,,,,,,,,,,,,,,,,,,,,4578.917991,,,
788,,,328.1,,,,,,,,,,,,,,1340.625797,1353.825243,,617.8565079,,,,,,,,,,,,,,,,,,,,,,,,,,,,,,,,,,,,,,,,,54670.08,,,,,,,,572.118,332.804,608.58,,1012.394,,,,,,,,,,,,,,,,,,,554.2514418,,373.653633,,,,,,,,,,,,,,,,,,,,4130.993617,,,
787,,,794.648,,,,,,,,,,,,,,722.354266,924.2781295,,601.7683516,,,,,,,,,,,,,,,,,,,,,,,,,,,,,,,,,,,,,,,,,45482.155,,,,,,,,727.192,378.885,762.534,,1332.111,,,,,,,,,,,,,,,,,,,913.4559586,,1148.795965,,,,,,,,,,,,,,,,,,,,4685.12098,,,
786,,,1029.588,,,,,,,,,,,,,,1434.861174,979.7310702,,1116.901313,,,,,,,,,,,,,,,,,,,,,,,,,,,,,,,,,,,,,,,,,55545,,,,,,,,718.08,458.838,796.932,,2005.104,,,,,,,,,,,,,,,,,,,1921.714426,,908.182951,,,,,,,,,,,,,,,,,,,,5486.116711,,,
785,,,1124.448,,,,,,,,,,,,,,948.0243517,460.3793084,,2084.418969,,,,,,,,,,,,,,,,,,,,,,,,,,,,,,,,,,,,,,,,,124268.264,,,,,,,,646.816,496.451,776.898,,2136.343,,,,,,,,,,,,,,,,,,,561.7636201,,465.235693,,,,,,,,,,,,,,,,,,,,7021.965839,,,
784,,,1064.404,,,,,,,,,,,,,,586.0095518,520.438568,,1202.155172,,,,,,,,,,,,,,,,,,,,,,,,,,,,,,,,,,,,,,,,,40210.118,,,,,,,,597.312,529.627,699.408,,1949.604,,,,,,,,,,,,,,,,,,,834.6047436,,437.241284,,,,,,,,,,,,,,,,,,,,1457.603858,,,
783,,,1401.956,,,,,,,,,,,,,,671.5841818,477.0154534,,1272.078488,,,,,,,,,,,,,,,,,,,,,,,,,,,,,,,,,,,,,,,,,53594.784,,,,,,,,609.79,609.435,727.947,,1075.294,,,,,,,,,,,,,,,,,,,544.3636978,,493.626577,,,,,,,,,,,,,,,,,,,,4810.120042,,,
782,,,963.832,,,,,,,,,,,,,,786.7902582,736.4115915,,796.6534143,,,,,,,,,,,,,,,,,,,,,,,,,,,,,,,,,,,,,,,,,16972.39,,,,,,,,700.808,464.116,850.095,,739.371,,,,,,,,,,,,,,,,,,,917.4464686,,375.951666,,,,,,,,,,,,,,,,,,,,4282.43461,,,
781,,,1451.936,,,,,,,,,,,,,,494.8192925,248.0858278,,890.8203792,,,,,,,,,,,,,,,,,,,,,,,,,,,,,,,,,,,,,,,,,,,,,,,,,717.06,248.153,863.73,,813.63,,,,,,,,,,,,,,,,,,,850.9631543,,552.490339,,,,,,,,,,,,,,,,,,,,5021.604605,,,
780,,,586.704,,,,,,,,,,,,,,1120.254252,239.5235985,,665.5861906,,,,,,,,,,,,,,,,,,,,,,,,,,,,,,,,,,,,,,,,,18580.32,,,,,,,,540.838,218.399,578.07,,867.354,,,,,,,,,,,,,,,,,,,899.1341983,,1270.384726,,,,,,,,,,,,,,,,,,,,4576.802119,,,
779,,,570.316,,,,,,,,,,,,,,1124.68193,773.5105858,,823.0807736,,,,,,,,,,,,,,,,,,,,,,,,,,,,,,,,,,,,,,,,,38034.824,,,,,,,,340.51,575.36,475.065,,1034.446,,,,,,,,,,,,,,,,,,,763.3495862,,758.689505,,,,,,,,,,,,,,,,,,,,5893.098991,,,
778,,,1100.716,,,,,,,,,,,,,,1750.392911,275.8322934,,1133.88078,,,,,,,,,,,,,,,,,,,,,,,,,,,,,,,,,,,,,,,,,31235.334,,,,,,,,197.642,811.797,610.983,,764.79,,,,,,,,,,,,,,,,,,,1391.490201,,624.606035,,,,,,,,,,,,,,,,,,,,4344.569371,,,
777,,,1745.9,,,,,,,,,,,,,,819.2791415,697.9401743,,1041.318174,,,,,,,,,,,,,,,,,,,,,,,,,,,,,,,,,,,,,,,,,40951.155,,,,,,,,267.716,662.041,678.213,,679.098,,,,,,,,,,,,,,,,,,,672.9170234,,883.680533,,,,,,,,,,,,,,,,,,,,8869.23517,,,
776,,,1863.268,,,,,,,,,,,,,,556.8198392,1171.05432,,1586.933958,,,,,,,,,,,,,,,,,,,,,,,,,,,,,,,,,,,,,,,,,70383.082,,,,,,,,487.662,660.823,649.566,,1547.969,,,,,,,,,,,,,,,,,,,1504.554877,,481.946938,,,,,,,,,,,,,,,,,,,,3057.83233,,,
775,,,1537.412,,,,,,,,,,,,,,641.0727273,380.4780777,,1339.46157,,,,,,,,,,,,,,,,,,,,,,,,,,,,,,,,,,,,,,,,,47295.36,,,,,,,,533.766,544.736,693.036,,1347.614,,,,,,,,,,,,,,,,,,,1367.197487,,713.680021,,,,,,,,,,,,,,,,,,,,4133.878228,,,
774,,,984.436,,,,,,,,,,,,,,608.6636345,734.8362709,,678.4210632,,,,,,,,,,,,,,,,,,,,,,,,,,,,,,,,,,,,,,,,,76302.04,,,,,,,,585.854,406.754,739.341,,1096.717,,,,,,,,,,,,,,,,,,,531.051482,,690.855923,,,,,,,,,,,,,,,,,,,,5259.831632,,,
773,,,799.204,,,,,,,,,,,,,,1793.958534,783.1221018,,858.3321078,,,,,,,,,,,,,,,,,,,,,,,,,,,,,,,,,,,,,,,,,37839.876,,,,,,,,657.9,411.51,505.089,,1243.089,,,,,,,,,,,,,,,,,,,1082.814073,,819.219268,,,,,,,,,,,,,,,,,,,,10798.69188,,,
772,,,1850.008,,,,,,,,,,,,,,463.5274162,1359.271668,,,,,,,,,,,,,,,,,,,,,,,,,,,,,,,,,,,,,,,,,,,39880.505,,,,,,,,640.594,466.407,320.814,,1062.048,,,,,,,,,,,,,,,,,,,599.1096626,,851.658761,,,,,,,,,,,,,,,,,,,,5148.601509,,,
771,,,955.808,,,,,,,,,,,,,,1451.258939,781.7736251,,691.3005014,,,,,,,,,,,,,,,,,,,,,,,,,,,,,,,,,,,,,,,,,130936.608,,,,,,,,682.992,497.553,403.65,,810.892,,,,,,,,,,,,,,,,,,,1073.93322,,694.027709,,,,,,,,,,,,,,,,,,,,6515.21252,,,
770,,,707.54,,,,,,,,,,,,,,1825.678592,790.0775545,,536.2570225,,,,,,,,,,,,,,,,,,,,,,,,,,,,,,,,,,,,,,,,,67755.999,,,,,,,,539.206,407.566,566.811,,1599.177,,,,,,,,,,,,,,,,,,,472.4758853,,754.813134,,,,,,,,,,,,,,,,,,,,3517.089375,,,
769,,,438.328,,,,,,,,,,,,,,1076.117055,752.3003046,,429.7454058,,,,,,,,,,,,,,,,,,,,,,,,,,,,,,,,,,,,,,,,,53887.344,,,,,,,,507.484,581.073,620.703,,561.364,,,,,,,,,,,,,,,,,,,365.2369324,,956.586891,,,,,,,,,,,,,,,,,,,,6521.285842,,,
768,,,813.28,,,,,,,,,,,,,,661.4656271,1079.6753,,386.6059728,,,,,,,,,,,,,,,,,,,,,,,,,,,,,,,,,,,,,,,,,51684.496,,,,,,,,417.656,689.62,623.349,,597.846,,,,,,,,,,,,,,,,,,,534.7707153,,896.33714,,,,,,,,,,,,,,,,,,,,3060.122918,,,
767,,,922.76,,,,,,,,,,,,,,649.2782298,709.6583435,,166.2294269,,,,,,,,,,,,,,,,,,,,,,,,,,,,,,,,,,,,,,,,,62023.663,,,,,,,,368.764,510.284,729.756,,1281.569,,,,,,,,,,,,,,,,,,,724.7584546,,1442.812354,,,,,,,,,,,,,,,,,,,,4026.862343,,,
766,,,908.752,,,,,,,,,,,,,,347.1463354,776.9294342,,833.6873697,,,,,,,,,,,,,,,,,,,,,,,,,,,,,,,,,,,,,,,,,59907.456,,,,,,,,386.886,597.458,801.873,,1034.261,,,,,,,,,,,,,,,,,,,1003.154166,,288.062125,,,,,,,,,,,,,,,,,,,,5289.829012,,,
765,,,783.836,,,,,,,,,,,,,,938.6238555,631.8262276,,710.2854171,,,,,,,,,,,,,,,,,,,,,,,,,,,,,,,,,,,,,,,,,51749.908,,,,,,,,498.848,670.364,726.705,,1435.008,,,,,,,,,,,,,,,,,,,960.2893189,,673.113932,,,,,,,,,,,,,,,,,,,,5115.671035,,,
764,,,770.644,,,,,,,,,,,,,,1013.199942,144.0005051,,972.5535612,,,,,,,,,,,,,,,,,,,,,,,,,,,,,,,,,,,,,,,,,39905.46,,,,,,,,671.16,411.191,742.014,,1103.414,,,,,,,,,,,,,,,,,,,1177.281613,,989.157574,,,,,,,,,,,,,,,,,,,,4713.22119,,,
763,,,580.72,,,,,,,,,,,,,,693.7533726,150.5578662,,831.7710519,,,,,,,,,,,,,,,,,,,,,,,,,,,,,,,,,,,,,,,,,43800.234,,,,,,,,792.71,616.859,871.29,,775.261,,,,,,,,,,,,,,,,,,,254.9778411,,781.124993,,,,,,,,,,,,,,,,,,,,4861.912833,,,
762,,,805.12,,,,,,,,,,,,,,892.3360257,195.6566061,,990.7362974,,,,,,,,,,,,,,,,,,,,,,,,,,,,,,,,,,,,,,,,,58950.518,,,,,,,,788.902,1019.64,898.101,,1109.001,,,,,,,,,,,,,,,,,,,593.1333188,,634.618805,,,,,,,,,,,,,,,,,,,,6469.636452,,,
761,,,417.928,,,,,,,,,,,,,,896.9870925,19.7808682,,430.10193,,,,,,,,,,,,,,,,,,,,,,,,,,,,,,,,,,,,,,,,,56289.924,,,,,,,,628.524,587.598,605.664,,2198.096,,,,,,,,,,,,,,,,,,,261.7650826,,780.743623,,,,,,,,,,,,,,,,,,,,5231.825557,,,
760,,,664.088,,,,,,,,,,,,,,886.7809014,175.7161562,,678.9558496,,,,,,,,,,,,,,,,,,,,,,,,,,,,,,,,,,,,,,,,,33721.45,,,,,,,,479.638,397.445,563.031,,1300.328,,,,,,,,,,,,,,,,,,,679.3060381,,617.986161,,,,,,,,,,,,,,,,,,,,11292.44933,,,
759,,,948.804,,,,,,,,,,,,,,1112.312136,1973.247518,,688.0026521,,,,,,,,,,,,,,,,,,,,,,,,,,,,,,,,,,,,,,,,,67478.688,,,,,,,,452.438,555.379,753.678,,976.208,,,,,,,,,,,,,,,,,,,1271.011037,,527.845361,,,,,,,,,,,,,,,,,,,,1943.635561,,,
758,,,1391.28,,,,,,,,,,,,,,953.1426302,752.2072102,,311.5576202,,,,,,,,,,,,,,,,,,,,,,,,,,,,,,,,,,,,,,,,,72164.616,,,,,,,,399.534,917.676,686.637,,1080.807,,,,,,,,,,,,,,,,,,,955.6182888,,350.420758,,,,,,,,,,,,,,,,,,,,5710.579631,,,
757,,,837.76,,,,,,,,,,,,,,675.5054389,509.6683378,,328.9381769,,,,,,,,,,,,,,,,,,,,,,,,,,,,,,,,,,,,,,,,,61185.52,,,,,,,,,827.747,783.783,,705.257,,,,,,,,,,,,,,,,,,,437.0709146,,574.743036,,,,,,,,,,,,,,,,,,,,4962.642377,,,
756,,,784.856,,,,,,,,,,,,,,1292.35887,713.8640715,,630.2011597,,,,,,,,,,,,,,,,,,,,,,,,,,,,,,,,,,,,,,,,,76392.66,,,,,,,,423.266,398.518,1064.259,,458.689,,,,,,,,,,,,,,,,,,,712.3088663,,457.2297,,,,,,,,,,,,,,,,,,,,4884.657368,,,
755,,,1632.68,,,,,,,,,,,,,,866.6094183,323.2091453,,549.0027641,,,,,,,,,,,,,,,,,,,,,,,,,,,,,,,,,,,,,,,,,53115.625,,,,,,,,508.368,255.78,810.27,,696.192,,,,,,,,,,,,,,,,,,,1283.837039,,435.719491,,,,,,,,,,,,,,,,,,,,4388.701005,,,
754,,,1039.04,,,,,,,,,,,,,,974.8409634,1321.652425,,,,,,,,,,,,,,,,,,,,,,,,,,,,,,,,,,,,,,,,,,,47498.243,,,,,,,,595.238,210.105,401.706,,1194.73,,,,,,,,,,,,,,,,,,,207.9429936,,360.658393,,,,,,,,,,,,,,,,,,,,8081.543911,,,
753,,,1317.976,,,,,,,,,,,,,,668.0358111,376.2318846,,1301.714566,,,,,,,,,,,,,,,,,,,,,,,,,,,,,,,,,,,,,,,,,96610.948,,,,,,,,604.894,254.185,424.548,,1137.306,,,,,,,,,,,,,,,,,,,831.4389333,,677.310305,,,,,,,,,,,,,,,,,,,,6218.106837,,,
752,,,1051.076,,,,,,,,,,,,,,1455.707084,363.8206721,,1162.580981,,,,,,,,,,,,,,,,,,,,,,,,,,,,,,,,,,,,,,,,,69434.7,,,,,,,,672.486,531.338,462.807,,657.49,,,,,,,,,,,,,,,,,,,596.2739837,,588.426012,,,,,,,,,,,,,,,,,,,,4269.939003,,,
751,,,1575.424,,,,,,,,,,,,,,1146.418685,752.1895714,,1959.100699,,,,,,,,,,,,,,,,,,,,,,,,,,,,,,,,,,,,,,,,,66671.825,,,,,,,,725.458,456.141,421.767,,693.417,,,,,,,,,,,,,,,,,,,604.2315323,,924.69627,,,,,,,,,,,,,,,,,,,,6881.996659,,,
750,,,1350.48,,,,,,,,,,,,,,877.8134019,925.4909893,,621.3326193,,,,,,,,,,,,,,,,,,,,,,,,,,,,,,,,,,,,,,,,,83502.65,,,,,,,,747.252,750.984,588.357,,734.561,,,,,,,,,,,,,,,,,,,838.2212863,,920.448088,,,,,,,,,,,,,,,,,,,,4596.321385,,,
749,,,816.952,,,,,,,,,,,,,,780.0340866,427.020779,,359.1981718,,,,,,,,,,,,,,,,,,,,,,,,,,,,,,,,,,,,,,,,,60013.739,,,,,,,,704.106,1129.956,875.745,,674.621,,,,,,,,,,,,,,,,,,,1098.580944,,720.160255,,,,,,,,,,,,,,,,,,,,3998.582253,,,
748,,,454.104,,,,,,,,,,,,,,936.1142581,514.9666187,,876.514844,,,,,,,,,,,,,,,,,,,,,,,,,,,,,,,,,,,,,,,,,55636.333,,,,,,,,796.382,937.135,995.652,,811.299,,,,,,,,,,,,,,,,,,,488.4336927,,891.53408,,,,,,,,,,,,,,,,,,,,2857.424347,,,
747,,,1563.524,,,,,,,,,,,,,,1016.497087,480.2320048,,610.5031955,,,,,,,,,,,,,,,,,,,,,,,,,,,,,,,,,,,,,,,,,51134.244,,,,,,,,4597.82,402.491,885.249,,1267.953,,,,,,,,,,,,,,,,,,,798.5005303,,534.574381,,,,,,,,,,,,,,,,,,,,5484.695062,,,
746,,,1048.9,,,,,,,,,,,,,,1509.435611,921.2353507,,2090.123357,,,,,,,,,,,,,,,,,,,,,,,,,,,,,,,,,,,,,,,,,76301.212,,,,,,,,2975.612,365.458,837.054,,1362.192,,,,,,,,,,,,,,,,,,,608.0226358,,220.706767,,,,,,,,,,,,,,,,,,,,4531.720561,,,
745,,,566.44,,,,,,,,,,,,,,1613.770667,276.0741111,,594.5487357,,,,,,,,,,,,,,,,,,,,,,,,,,,,,,,,,,,,,,,,,61374.511,,,,,,,,2857.598,626.516,646.434,,1841.823,,,,,,,,,,,,,,,,,,,421.9316355,,570.380814,,,,,,,,,,,,,,,,,,,,3456.81617,,,
744,,,861.084,,,,,,,,,,,,,,1276.663643,424.3855618,,457.1532067,,,,,,,,,,,,,,,,,,,,,,,,,,,,,,,,,,,,,,,,,76032.48,,,,,,,,1102.348,454.923,451.386,,1498.463,,,,,,,,,,,,,,,,,,,384.6916275,,305.347946,,,,,,,,,,,,,,,,,,,,5415.401757,,,
743,,,802.196,,,,,,,,,,,,,,964.4769283,1887.266129,,826.646016,,,,,,,,,,,,,,,,,,,,,,,,,,,,,,,,,,,,,,,,,70509.582,,,,,,,,616.182,336.545,556.578,,1139.119,,,,,,,,,,,,,,,,,,,941.1500045,,728.361634,,,,,,,,,,,,,,,,,,,,4000.284409,,,
742,,,990.08,,,,,,,,,,,,,,1482.557927,1297.100011,,830.3895205,,,,,,,,,,,,,,,,,,,,,,,,,,,,,,,,,,,,,,,,,63032.719,,,,,,,,397.052,497.118,531.252,,1103.414,,,,,,,,,,,,,,,,,,,1109.258219,,712.91204,,,,,,,,,,,,,,,,,,,,3496.621382,,,
741,,,999.464,,,,,,,,,,,,,,1308.853679,599.0509889,,2131.034514,,,,,,,,,,,,,,,,,,,,,,,,,,,,,,,,,,,,,,,,,42514.212,,,,,,,,286.892,631.823,266.571,,889.739,,,,,,,,,,,,,,,,,,,853.7959012,,497.774845,,,,,,,,,,,,,,,,,,,,5124.570923,,,
740,,,1094.528,,,,,,,,,,,,,,579.2152494,246.8999969,,409.8691794,,,,,,,,,,,,,,,,,,,,,,,,,,,,,,,,,,,,,,,,,43453.072,,,,,,,,342.584,471.772,189.27,,596.255,,,,,,,,,,,,,,,,,,,356.8843292,,190.74881,,,,,,,,,,,,,,,,,,,,4895.338098,,,
739,,,866.66,,,,,,,,,,,,,,811.0921206,642.2531725,,239.5842893,,,,,,,,,,,,,,,,,,,,,,,,,,,,,,,,,,,,,,,,,60613.993,,,,,,,,370.294,275.123,306.234,,650.201,,,,,,,,,,,,,,,,,,,798.5750999,,994.117981,,,,,,,,,,,,,,,,,,,,6735.576758,,,
738,,,730.184,,,,,,,,,,,,,,2427.953816,443.5481392,,520.9710457,,,,,,,,,,,,,,,,,,,,,,,,,,,,,,,,,,,,,,,,,53936.288,,,,,,,,471.206,517.418,428.922,,1149.775,,,,,,,,,,,,,,,,,,,697.4634758,,1644.893259,,,,,,,,,,,,,,,,,,,,4482.430842,,,
737,,,2145.4,,,,,,,,,,,,,,441.604527,206.4311421,,169.8392348,,,,,,,,,,,,,,,,,,,,,,,,,,,,,,,,,,,,,,,,,42759.093,,,,,,,,444.822,546.099,535.194,,1597.364,,,,,,,,,,,,,,,,,,,567.0372741,,859.919559,,,,,,,,,,,,,,,,,,,,8575.68837,,,
736,,,705.16,,,,,,,,,,,,,,549.8848117,600.0669204,,1592.415518,,,,,,,,,,,,,,,,,,,,,,,,,,,,,,,,,,,,,,,,,58719,,,,,,,,528.258,586.322,589.437,,985.199,,,,,,,,,,,,,,,,,,,1255.766362,,749.828903,,,,,,,,,,,,,,,,,,,,7489.321113,,,
735,,,746.436,,,,,,,,,,,,,,1257.434438,211.6429112,,1507.785576,,,,,,,,,,,,,,,,,,,,,,,,,,,,,,,,,,,,,,,,,40528.53,,,,,,,,507.144,524.523,602.289,,640.248,,,,,,,,,,,,,,,,,,,1060.291514,,766.871415,,,,,,,,,,,,,,,,,,,,2255.475793,,,
734,,,404.328,,,,,,,,,,,,,,1072.277752,189.2979281,,547.7549292,,,,,,,,,,,,,,,,,,,,,,,,,,,,,,,,,,,,,,,,,49435.119,,,,,,,,497.352,807.737,1067.148,,397.306,,,,,,,,,,,,,,,,,,,1015.649595,,616.425839,,,,,,,,,,,,,,,,,,,,3580.166331,,,
733,,,956.964,,,,,,,,,,,,,,945.0176856,736.4271659,,893.7617042,,,,,,,,,,,,,,,,,,,,,,,,,,,,,,,,,,,,,,,,,71034.12,,,,,,,,322.184,432.564,1115.235,,654.604,,,,,,,,,,,,,,,,,,,369.4997113,,503.677812,,,,,,,,,,,,,,,,,,,,5685.988013,,,
732,,,248.744,,,,,,,,,,,,,,369.9415703,1659.063297,,611.7510303,,,,,,,,,,,,,,,,,,,,,,,,,,,,,,,,,,,,,,,,,60907.795,,,,,,,,701.284,314.766,849.987,,555.407,,,,,,,,,,,,,,,,,,,310.6161877,,420.120159,,,,,,,,,,,,,,,,,,,,5620.887622,,,
731,,,907.12,,,,,,,,,,,,,,1930.929848,745.43319,,774.9500012,,,,,,,,,,,,,,,,,,,,,,,,,,,,,,,,,,,,,,,,,47220.288,,,,,,,,1137.232,524.465,630.018,,1138.009,,,,,,,,,,,,,,,,,,,789.5607625,,396.096979,,,,,,,,,,,,,,,,,,,,7279.815431,,,
730,,,1339.668,,,,,,,,,,,,,,224.7051124,402.9199064,,827.6264576,,,,,,,,,,,,,,,,,,,,,,,,,,,,,,,,,,,,,,,,,38630.34,,,,,,,,1163.514,490.854,489.186,,1509.933,,,,,,,,,,,,,,,,,,,1488.001633,,649.535869,,,,,,,,,,,,,,,,,,,,5201.159085,,,
729,,,2582.776,,,,,,,,,,,,,,1324.256914,584.4469314,,1592.772042,,,,,,,,,,,,,,,,,,,,,,,,,,,,,,,,,,,,,,,,,58054.599,,,,,,,,892.738,408.349,481.869,,903.207,,,,,,,,,,,,,,,,,,,2277.489089,,368.828098,,,,,,,,,,,,,,,,,,,,3291.354145,,,
728,,,1545.64,,,,,,,,,,,,,,1062.112478,1563.026214,,1099.208797,,,,,,,,,,,,,,,,,,,,,,,,,,,,,,,,,,,,,,,,,67403.156,,,,,,,,844.39,478.297,415.962,,881.525,,,,,,,,,,,,,,,,,,,1497.397833,,1121.13453,,,,,,,,,,,,,,,,,,,,4081.11238,,,
727,,,864.756,,,,,,,,,,,,,,1105.608808,2008.496239,,403.0506533,,,,,,,,,,,,,,,,,,,,,,,,,,,,,,,,,,,,,,,,,47486.145,,,,,,,,711.756,642.35,368.469,,618.233,,,,,,,,,,,,,,,,,,,446.9276165,,1001.291653,,,,,,,,,,,,,,,,,,,,2795.478443,,,
726,,,951.388,,,,,,,,,,,,,,928.0581321,818.9130437,,632.7859605,,,,,,,,,,,,,,,,,,,,,,,,,,,,,,,,,,,,,,,,,69068.356,,,,,,,,687.99,592.528,634.608,,1129.314,,,,,,,,,,,,,,,,,,,689.3855832,,799.430822,,,,,,,,,,,,,,,,,,,,4178.60711,,,
725,,,1156.136,,,,,,,,,,,,,,940.7627242,418.0068049,,838.6341435,,,,,,,,,,,,,,,,,,,,,,,,,,,,,,,,,,,,,,,,,48013.443,,,,,,,,758.064,384.511,757.62,,1343.1,,,,,,,,,,,,,,,,,,,985.2622461,,731.483034,,,,,,,,,,,,,,,,,,,,2870.47512,,,
724,,,467.024,,,,,,,,,,,,,,1491.141566,1266.444787,,1329.211498,,,,,,,,,,,,,,,,,,,,,,,,,,,,,,,,,,,,,,,,,66490.47,,,,,,,,838.44,421.573,618.921,,1798.866,,,,,,,,,,,,,,,,,,,625.5996176,,925.720123,,,,,,,,,,,,,,,,,,,,4023.868105,,,
723,,,600.576,,,,,,,,,,,,,,744.9012903,911.6418048,,844.3830969,,,,,,,,,,,,,,,,,,,,,,,,,,,,,,,,,,,,,,,,,22020.131,,,,,,,,632.536,502.454,608.094,,1676.248,,,,,,,,,,,,,,,,,,,532.2674877,,1305.123123,,,,,,,,,,,,,,,,,,,,5088.500272,,,
722,,,1087.184,,,,,,,,,,,,,,1183.965984,1157.978327,,2113.252867,,,,,,,,,,,,,,,,,,,,,,,,,,,,,,,,,,,,,,,,,65416.14,,,,,,,,462.094,606.999,602.1,,1165.241,,,,,,,,,,,,,,,,,,,2914.534401,,474.418059,,,,,,,,,,,,,,,,,,,,4339.450927,,,
721,,,597.992,,,,,,,,,,,,,,647.0702188,536.725226,,1177.064778,,,,,,,,,,,,,,,,,,,,,,,,,,,,,,,,,,,,,,,,,72452.484,,,,,,,,197.404,1085.789,620.298,,1112.109,,,,,,,,,,,,,,,,,,,952.182277,,814.053129,,,,,,,,,,,,,,,,,,,,4502.50899,,,
720,,,1278.672,,,,,,,,,,,,,,920.7894556,894.1146341,,641.743632,,,,,,,,,,,,,,,,,,,,,,,,,,,,,,,,,,,,,,,,,45714.018,,,,,,,,183.634,973.646,531.819,,1244.902,,,,,,,,,,,,,,,,,,,1405.127572,,1003.558189,,,,,,,,,,,,,,,,,,,,6887.856741,,,
719,,,1321.716,,,,,,,,,,,,,,909.9577818,1577.745488,,642.2338528,,,,,,,,,,,,,,,,,,,,,,,,,,,,,,,,,,,,,,,,,46854.864,,,,,,,,226.406,475.542,474.12,,741.369,,,,,,,,,,,,,,,,,,,1081.343498,,739.338052,,,,,,,,,,,,,,,,,,,,3510.176939,,,
718,,,2589.508,,,,,,,,,,,,,,772.5175165,539.0644377,,1551.860886,,,,,,,,,,,,,,,,,,,,,,,,,,,,,,,,,,,,,,,,,48326.496,,,,,,,,326.366,497.814,368.415,,446.886,,,,,,,,,,,,,,,,,,,1312.695031,,296.197778,,,,,,,,,,,,,,,,,,,,6258.393114,,,
717,,,825.52,,,,,,,,,,,,,,2274.780096,460.5244698,,620.7978329,,,,,,,,,,,,,,,,,,,,,,,,,,,,,,,,,,,,,,,,,49753.968,,,,,,,,361.114,525.712,467.046,,603.507,,,,,,,,,,,,,,,,,,,1090.072698,,761.85726,,,,,,,,,,,,,,,,,,,,4098.471228,,,
716,,,797.368,,,,,,,,,,,,,,846.2468828,909.3383695,,1029.330046,,,,,,,,,,,,,,,,,,,,,,,,,,,,,,,,,,,,,,,,,37352,,,,,,,,364.99,573.156,558.117,,1338.29,,,,,,,,,,,,,,,,,,,827.2216336,,556.498009,,,,,,,,,,,,,,,,,,,,4144.143247,,,
715,,,432.14,,,,,,,,,,,,,,1565.604489,377.0060778,,556.8017318,,,,,,,,,,,,,,,,,,,,,,,,,,,,,,,,,,,,,,,,,57335.504,,,,,,,,553.078,650.992,519.561,,1650.681,,,,,,,,,,,,,,,,,,,1217.048473,,594.078076,,,,,,,,,,,,,,,,,,,,4410.928473,,,
714,,,1186.328,,,,,,,,,,,,,,2386.895936,642.1171165,,182.5404109,,,,,,,,,,,,,,,,,,,,,,,,,,,,,,,,,,,,,,,,,54382.856,,,,,,,,798.966,,601.101,,1447.477,,,,,,,,,,,,,,,,,,,800.3592597,,657.587043,,,,,,,,,,,,,,,,,,,,7190.769659,,,
713,,,1137.912,,,,,,,,,,,,,,782.893942,879.5215527,,240.5647309,,,,,,,,,,,,,,,,,,,,,,,,,,,,,,,,,,,,,,,,,33781.158,,,,,,,,609.518,897.782,636.903,,2228.88,,,,,,,,,,,,,,,,,,,1068.575398,,765.353517,,,,,,,,,,,,,,,,,,,,3838.429455,,,
712,,,1583.992,,,,,,,,,,,,,,685.8843878,788.6879313,,725.9279182,,,,,,,,,,,,,,,,,,,,,,,,,,,,,,,,,,,,,,,,,66283.125,,,,,,,,661.062,661.229,652.347,,3029.116,,,,,,,,,,,,,,,,,,,878.1380815,,1066.67867,,,,,,,,,,,,,,,,,,,,5330.757973,,,
711,,,1149.744,,,,,,,,,,,,,,1265.562778,635.1920407,,690.6765839,,,,,,,,,,,,,,,,,,,,,,,,,,,,,,,,,,,,,,,,,78706.575,,,,,,,,684.182,522.058,761.751,,1369.444,,,,,,,,,,,,,,,,,,,890.6459213,,702.441513,,,,,,,,,,,,,,,,,,,,6362.894287,,,
710,,,1582.292,,,,,,,,,,,,,,1145.781322,702.5690081,,785.4674663,,,,,,,,,,,,,,,,,,,,,,,,,,,,,,,,,,,,,,,,,43240.23,,,,,,,,532.712,550.797,789.804,,880.748,,,,,,,,,,,,,,,,,,,1345.4503,,473.448543,,,,,,,,,,,,,,,,,,,,3608.567812,,,
709,,,744.192,,,,,,,,,,,,,,1276.683267,741.9742911,,1209.95414,,,,,,,,,,,,,,,,,,,,,,,,,,,,,,,,,,,,,,,,,77328.898,,,,,,,,609.45,472.932,664.956,,1047.211,,,,,,,,,,,,,,,,,,,1621.799694,,510.058773,,,,,,,,,,,,,,,,,,,,7252.587411,,,
708,,,678.368,,,,,,,,,,,,,,1349.383749,731.2748364,,927.4978104,,,,,,,,,,,,,,,,,,,,,,,,,,,,,,,,,,,,,,,,,50447.28,,,,,,,,666.4,604.708,532.413,,648.129,,,,,,,,,,,,,,,,,,,782.2747443,,740.408192,,,,,,,,,,,,,,,,,,,,4110.791203,,,
707,,,1248.752,,,,,,,,,,,,,,2190.785572,1364.661202,,648.7404202,,,,,,,,,,,,,,,,,,,,,,,,,,,,,,,,,,,,,,,,,83760.411,,,,,,,,623.118,875.916,462.699,,998.223,,,,,,,,,,,,,,,,,,,927.7221554,,645.630699,,,,,,,,,,,,,,,,,,,,4476.178662,,,
706,,,683.128,,,,,,,,,,,,,,928.5318359,1066.945095,,2323.602169,,,,,,,,,,,,,,,,,,,,,,,,,,,,,,,,,,,,,,,,,62189.907,,,,,,,,537.166,1024.28,568.593,,800.606,,,,,,,,,,,,,,,,,,,1450.982633,,1892.591088,,,,,,,,,,,,,,,,,,,,6635.096268,,,
705,,,1533.264,,,,,,,,,,,,,,435.364691,566.7575048,,3271.020771,,,,,,,,,,,,,,,,,,,,,,,,,,,,,,,,,,,,,,,,,34113.6,,,,,,,,437.988,684.632,446.256,,680.023,,,,,,,,,,,,,,,,,,,568.4384084,,565.663877,,,,,,,,,,,,,,,,,,,,3191.042205,,,
704,,,2525.52,,,,,,,,,,,,,,1419.111602,1170.845986,,1427.924147,,,,,,,,,,,,,,,,,,,,,,,,,,,,,,,,,,,,,,,,,60815.956,,,,,,,,358.224,458.374,717.687,,655.233,,,,,,,,,,,,,,,,,,,893.8083251,,906.771836,,,,,,,,,,,,,,,,,,,,4715.937693,,,
703,,,1167.56,,,,,,,,,,,,,,1254.699336,850.8140903,,594.1922115,,,,,,,,,,,,,,,,,,,,,,,,,,,,,,,,,,,,,,,,,32072.304,,,,,,,,375.292,534.644,795.15,,419.469,,,,,,,,,,,,,,,,,,,1617.06067,,719.122945,,,,,,,,,,,,,,,,,,,,6090.981147,,,
702,,,1781.464,,,,,,,,,,,,,,1185.772587,829.1410893,,434.1573933,,,,,,,,,,,,,,,,,,,,,,,,,,,,,,,,,,,,,,,,,49959.68,,,,,,,,413.1,670.509,1056.834,,389.499,,,,,,,,,,,,,,,,,,,1309.311309,,855.953447,,,,,,,,,,,,,,,,,,,,3731.92281,,,
701,,,2373.608,,,,,,,,,,,,,,980.7931403,789.590945,,923.2195195,,,,,,,,,,,,,,,,,,,,,,,,,,,,,,,,,,,,,,,,,38271.425,,,,,,,,665.346,586.641,1119.177,,585.525,,,,,,,,,,,,,,,,,,,825.8253001,,578.167058,,,,,,,,,,,,,,,,,,,,3461.416122,,,
700,,,624.036,,,,,,,,,,,,,,1532.837526,440.5462722,,1625.438576,,,,,,,,,,,,,,,,,,,,,,,,,,,,,,,,,,,,,,,,,32177.621,,,,,,,,719.44,721.23,598.644,,1403.706,,,,,,,,,,,,,,,,,,,1189.910295,,1011.603732,,,,,,,,,,,,,,,,,,,,5191.599545,,,
699,,,1035.368,,,,,,,,,,,,,,993.3764516,674.2676254,,451.8944742,,,,,,,,,,,,,,,,,,,,,,,,,,,,,,,,,,,,,,,,,39749.865,,,,,,,,718.216,1223.829,431.568,,1472.489,,,,,,,,,,,,,,,,,,,660.7884568,,708.517356,,,,,,,,,,,,,,,,,,,,8139.30839,,,
698,,,1676.268,,,,,,,,,,,,,,992.8708024,343.6628979,,434.7813107,,,,,,,,,,,,,,,,,,,,,,,,,,,,,,,,,,,,,,,,,66636.658,,,,,,,,719.576,1813.921,695.763,,2968.547,,,,,,,,,,,,,,,,,,,343.3080595,,974.798792,,,,,,,,,,,,,,,,,,,,6110.810621,,,
697,,,1172.524,,,,,,,,,,,,,,771.0190667,270.7121909,,664.2492247,,,,,,,,,,,,,,,,,,,,,,,,,,,,,,,,,,,,,,,,,9772.884,,,,,,,,817.122,1268.866,1197.315,,1769.636,,,,,,,,,,,,,,,,,,,719.1151509,,848.721926,,,,,,,,,,,,,,,,,,,,3455.402897,,,
696,,,1046.792,,,,,,,,,,,,,,1465.175888,819.7701194,,1440.268799,,,,,,,,,,,,,,,,,,,,,,,,,,,,,,,,,,,,,,,,,33133.133,,,,,,,,736.032,806.577,409.185,,456.691,,,,,,,,,,,,,,,,,,,731.4245941,,1661.218365,,,,,,,,,,,,,,,,,,,,9031.815694,,,
695,,,708.9,,,,,,,,,,,,,,870.2426177,1339.229727,,1213.207423,,,,,,,,,,,,,,,,,,,,,,,,,,,,,,,,,,,,,,,,,65932.053,,,,,,,,1091.366,527.191,364.041,,785.51,,,,,,,,,,,,,,,,,,,919.2002074,,410.58835,,,,,,,,,,,,,,,,,,,,6237.649684,,,
694,,,1419.84,,,,,,,,,,,,,,548.2822967,967.8920417,,1055.222619,,,,,,,,,,,,,,,,,,,,,,,,,,,,,,,,,,,,,,,,,41326.768,,,,,,,,980.798,567.037,523.557,,1275.686,,,,,,,,,,,,,,,,,,,929.7994838,,419.039539,,,,,,,,,,,,,,,,,,,,6411.144332,,,
693,,,1084.056,,,,,,,,,,,,,,452.964161,880.4805976,,1059.09982,,,,,,,,,,,,,,,,,,,,,,,,,,,,,,,,,,,,,,,,,41446.828,,,,,,,,699.346,666.13,346.95,,947.126,,,,,,,,,,,,,,,,,,,794.6972537,,910.583368,,,,,,,,,,,,,,,,,,,,5707.688558,,,
692,,,777.444,,,,,,,,,,,,,,1035.817385,501.5620615,,1209.686746,,,,,,,,,,,,,,,,,,,,,,,,,,,,,,,,,,,,,,,,,53497.103,,,,,,,,520.982,879.512,437.265,,1695.525,,,,,,,,,,,,,,,,,,,687.2541477,,1463.3393,,,,,,,,,,,,,,,,,,,,5407.07173,,,
691,,,700.74,,,,,,,,,,,,,,753.4212013,881.6108363,,1132.766642,,,,,,,,,,,,,,,,,,,,,,,,,,,,,,,,,,,,,,,,,83786.056,,,,,,,,583.202,872.03,624.267,,2361.266,,,,,,,,,,,,,,,,,,,648.7178628,,1330.475203,,,,,,,,,,,,,,,,,,,,6937.899745,,,
690,,,525.368,,,,,,,,,,,,,,960.7026179,1196.351139,,1399.981559,,,,,,,,,,,,,,,,,,,,,,,,,,,,,,,,,,,,,,,,,29426.775,,,,,,,,459.612,1059.602,636.66,,2221.517,,,,,,,,,,,,,,,,,,,1160.225527,,1141.927685,,,,,,,,,,,,,,,,,,,,2683.090965,,,
689,,,630.088,,,,,,,,,,,,,,891.8777386,879.4592508,,867.2452138,,,,,,,,,,,,,,,,,,,,,,,,,,,,,,,,,,,,,,,,,28459.832,,,,,,,,411.74,1078.162,761.697,,653.79,,,,,,,,,,,,,,,,,,,997.0402575,,522.724142,,,,,,,,,,,,,,,,,,,,2814.491116,,,
688,,,629.68,,,,,,,,,,,,,,453.6519751,937.8787542,,723.5659451,,,,,,,,,,,,,,,,,,,,,,,,,,,,,,,,,,,,,,,,,57208.176,,,,,,,,528.7,809.158,654.048,,801.161,,,,,,,,,,,,,,,,,,,556.7346441,,886.398385,,,,,,,,,,,,,,,,,,,,2052.870446,,,
687,,,1620.848,,,,,,,,,,,,,,283.7674543,412.1212497,,1255.901201,,,,,,,,,,,,,,,,,,,,,,,,,,,,,,,,,,,,,,,,,22054.24,,,,,,,,705.5,850.86,535.464,,1082.842,,,,,,,,,,,,,,,,,,,429.5223159,,660.79382,,,,,,,,,,,,,,,,,,,,4208.493448,,,
686,,,1113.772,,,,,,,,,,,,,,808.3634737,899.8059431,,1210.890016,,,,,,,,,,,,,,,,,,,,,,,,,,,,,,,,,,,,,,,,,56164.229,,,,,,,,877.03,712.53,797.796,,1176.896,,,,,,,,,,,,,,,,,,,632.4214236,,603.276469,,,,,,,,,,,,,,,,,,,,5111.841144,,,
685,,,890.664,,,,,,,,,,,,,,430.9587861,261.3459919,,848.5276912,,,,,,,,,,,,,,,,,,,,,,,,,,,,,,,,,,,,,,,,,41426.496,,,,,,,,869.618,783.145,765.018,,1261.885,,,,,,,,,,,,,,,,,,,1612.590802,,951.458953,,,,,,,,,,,,,,,,,,,,7679.132865,,,
684,,,1081.336,,,,,,,,,,,,,,1239.836932,292.4073891,,938.9511516,,,,,,,,,,,,,,,,,,,,,,,,,,,,,,,,,,,,,,,,,52793.188,,,,,,,,882.708,460.636,673.38,,811.447,,,,,,,,,,,,,,,,,,,688.5158157,,438.345592,,,,,,,,,,,,,,,,,,,,5842.623315,,,
683,,,701.692,,,,,,,,,,,,,,2163.475296,477.5234302,,1561.264212,,,,,,,,,,,,,,,,,,,,,,,,,,,,,,,,,,,,,,,,,45652.516,,,,,,,,643.144,715.778,709.074,,783.327,,,,,,,,,,,,,,,,,,,701.2713756,,648.784172,,,,,,,,,,,,,,,,,,,,3356.17648,,,
682,,,1515.516,,,,,,,,,,,,,,990.4008425,830.1968243,,1244.091335,,,,,,,,,,,,,,,,,,,,,,,,,,,,,,,,,,,,,,,,,74741.352,,,,,,,,543.49,963.235,1565.568,,709.956,,,,,,,,,,,,,,,,,,,321.7927434,,373.210633,,,,,,,,,,,,,,,,,,,,6242.984811,,,
681,,,451.18,,,,,,,,,,,,,,1231.858659,763.7137196,,1710.023952,,,,,,,,,,,,,,,,,,,,,,,,,,,,,,,,,,,,,,,,,45629.792,,,,,,,,394.162,1122.59,1413.774,,1054.463,,,,,,,,,,,,,,,,,,,768.8114803,,971.256822,,,,,,,,,,,,,,,,,,,,5290.103468,,,
680,,,724.336,,,,,,,,,,,,,,1007.211831,584.5226091,,401.8028185,,,,,,,,,,,,,,,,,,,,,,,,,,,,,,,,,,,,,,,,,47619.384,,,,,,,,546.72,743.676,833.22,,718.614,,,,,,,,,,,,,,,,,,,883.1569906,,774.41299,,,,,,,,,,,,,,,,,,,,2984.349385,,,
679,,,489.192,,,,,,,,,,,,,,853.2966459,432.3800944,,355.9448881,,,,,,,,,,,,,,,,,,,,,,,,,,,,,,,,,,,,,,,,,46341.504,,,,,,,,632.502,428.562,636.039,,660.524,,,,,,,,,,,,,,,,,,,594.2945526,,442.425407,,,,,,,,,,,,,,,,,,,,3285.546549,,,
678,,,933.436,,,,,,,,,,,,,,1205.718198,437.102396,,502.164392,,,,,,,,,,,,,,,,,,,,,,,,,,,,,,,,,,,,,,,,,44811.774,,,,,,,,677.348,467.306,540.594,,761.053,,,,,,,,,,,,,,,,,,,506.8944179,,436.276327,,,,,,,,,,,,,,,,,,,,3314.441529,,,
677,,,1854.836,,,,,,,,,,,,,,1848.315171,474.5975687,,513.0383814,,,,,,,,,,,,,,,,,,,,,,,,,,,,,,,,,,,,,,,,,91442.802,,,,,,,,720.426,457.417,558.117,,617.826,,,,,,,,,,,,,,,,,,,954.5410897,,1575.194511,,,,,,,,,,,,,,,,,,,,3897.232645,,,
676,,,816.68,,,,,,,,,,,,,,642.5701102,369.7474308,,869.3397937,,,,,,,,,,,,,,,,,,,,,,,,,,,,,,,,,,,,,,,,,35906.22,,,,,,,,917.796,710.935,575.343,,632.996,,,,,,,,,,,,,,,,,,,943.2566672,,514.339741,,,,,,,,,,,,,,,,,,,,1976.424898,,,
675,,,1063.996,,,,,,,,,,,,,,1148.243844,588.3283801,,613.0434307,,,,,,,,,,,,,,,,,,,,,,,,,,,,,,,,,,,,,,,,,38441.579,,,,,,,,1022.686,597.052,625.698,,1214.858,,,,,,,,,,,,,,,,,,,943.3241679,,356.298323,,,,,,,,,,,,,,,,,,,,5540.397572,,,
674,,,999.328,,,,,,,,,,,,,,1692.350926,672.7145862,,172.6914288,,,,,,,,,,,,,,,,,,,,,,,,,,,,,,,,,,,,,,,,,45127.656,,,,,,,,870.434,862.605,639.36,,1081.51,,,,,,,,,,,,,,,,,,,569.8682499,,502.694246,,,,,,,,,,,,,,,,,,,,4798.069,,,
673,,,854.08,,,,,,,,,,,,,,743.0900332,538.7660427,,549.4929849,,,,,,,,,,,,,,,,,,,,,,,,,,,,,,,,,,,,,,,,,63529.128,,,,,,,,796.314,410.292,576.99,,840.677,,,,,,,,,,,,,,,,,,,1397.453538,,1107.780242,,,,,,,,,,,,,,,,,,,,3608.169316,,,
672,,,1139,,,,,,,,,,,,,,2393.623983,473.2048493,,1199.837764,,,,,,,,,,,,,,,,,,,,,,,,,,,,,,,,,,,,,,,,,40536.35,,,,,,,,689.894,435.377,414.882,,773.596,,,,,,,,,,,,,,,,,,,1750.084359,,479.301351,,,,,,,,,,,,,,,,,,,,3550.692728,,,
671,,,1106.428,,,,,,,,,,,,,,1156.185194,183.0609615,,1992.123757,,,,,,,,,,,,,,,,,,,,,,,,,,,,,,,,,,,,,,,,,28372.225,,,,,,,,564.196,453.937,240.948,,621.452,,,,,,,,,,,,,,,,,,,711.5227834,,809.932466,,,,,,,,,,,,,,,,,,,,4299.864117,,,
670,,,723.588,,,,,,,,,,,,,,516.6941922,635.9300098,,886.7203504,,,,,,,,,,,,,,,,,,,,,,,,,,,,,,,,,,,,,,,,,27764.68,,,,,,,,733.448,334.312,345.438,,338.55,,,,,,,,,,,,,,,,,,,1012.509897,,925.966326,,,,,,,,,,,,,,,,,,,,6535.872298,,,
669,,,497.012,,,,,,,,,,,,,,1529.096953,432.8937777,,851.0679264,,,,,,,,,,,,,,,,,,,,,,,,,,,,,,,,,,,,,,,,,34257.074,,,,,,,,740.078,483.169,542.727,,660.413,,,,,,,,,,,,,,,,,,,1295.340603,,352.003193,,,,,,,,,,,,,,,,,,,,6914.071465,,,
668,,,463.828,,,,,,,,,,,,,,1522.039399,356.8127774,,523.6449775,,,,,,,,,,,,,,,,,,,,,,,,,,,,,,,,,,,,,,,,,48411.09,,,,,,,,510.136,424.734,582.444,,952.565,,,,,,,,,,,,,,,,,,,688.4072363,,406.341484,,,,,,,,,,,,,,,,,,,,6227.217487,,,
667,,,1382.984,,,,,,,,,,,,,,517.3346063,541.3795947,,296.7618643,,,,,,,,,,,,,,,,,,,,,,,,,,,,,,,,,,,,,,,,,45643.293,,,,,,,,420.818,565.906,499.743,,1076.108,,,,,,,,,,,,,,,,,,,949.3179501,,598.14354,,,,,,,,,,,,,,,,,,,,6237.084554,,,
666,,,798.184,,,,,,,,,,,,,,417.7271945,484.8196461,,1152.776565,,,,,,,,,,,,,,,,,,,,,,,,,,,,,,,,,,,,,,,,,64070.272,,,,,,,,609.62,1108.612,243.405,,1059.125,,,,,,,,,,,,,,,,,,,1889.604773,,505.404444,,,,,,,,,,,,,,,,,,,,7238.66168,,,
665,,,879.58,,,,,,,,,,,,,,1215.873472,322.9208691,,1091.900051,,,,,,,,,,,,,,,,,,,,,,,,,,,,,,,,,,,,,,,,,51022.372,,,,,,,,830.688,829.429,479.331,,775.261,,,,,,,,,,,,,,,,,,,870.0343421,,940.605134,,,,,,,,,,,,,,,,,,,,3758.292337,,,
664,,,764.66,,,,,,,,,,,,,,2021.536805,464.3198155,,1396.861972,,,,,,,,,,,,,,,,,,,,,,,,,,,,,,,,,,,,,,,,,116688.154,,,,,,,,691.56,994.932,506.493,,879.86,,,,,,,,,,,,,,,,,,,589.6984809,,470.500681,,,,,,,,,,,,,,,,,,,,4819.233369,,,
663,,,744.94,,,,,,,,,,,,,,,403.7450208,,829.4090788,,,,,,,,,,,,,,,,,,,,,,,,,,,,,,,,,,,,,,,,,66535.205,,,,,,,,872.814,592.412,378.756,,1119.287,,,,,,,,,,,,,,,,,,,595.4427168,,892.026577,,,,,,,,,,,,,,,,,,,,8093.278511,,,
662,,,639.336,,,,,,,,,,,,,,2149.847788,503.5105817,,1359.605189,,,,,,,,,,,,,,,,,,,,,,,,,,,,,,,,,,,,,,,,,81333.336,,,,,,,,580.618,435.696,649.998,,1836.088,,,,,,,,,,,,,,,,,,,1052.04059,,1237.215133,,,,,,,,,,,,,,,,,,,,5671.402935,,,
661,,,1836.408,,,,,,,,,,,,,,804.3044725,382.4370261,,2801.74574,,,,,,,,,,,,,,,,,,,,,,,,,,,,,,,,,,,,,,,,,58169.3,,,,,,,,421.022,480.762,846.585,,915.454,,,,,,,,,,,,,,,,,,,1319.491725,,848.487469,,,,,,,,,,,,,,,,,,,,5121.452736,,,
660,,,1500.216,,,,,,,,,,,,,,983.9428482,1153.929495,,1333.17783,,,,,,,,,,,,,,,,,,,,,,,,,,,,,,,,,,,,,,,,,57313.976,,,,,,,,520.914,922.374,903.339,,246.827,,,,,,,,,,,,,,,,,,,633.0471406,,774.431863,,,,,,,,,,,,,,,,,,,,2694.766936,,,
659,,,773.364,,,,,,,,,,,,,,1156.358167,407.649019,,771.3847588,,,,,,,,,,,,,,,,,,,,,,,,,,,,,,,,,,,,,,,,,84691.52,,,,,,,,730.32,1125.635,1002.456,,426.203,,,,,,,,,,,,,,,,,,,1151.553764,,1155.526781,,,,,,,,,,,,,,,,,,,,4880.478044,,,
658,,,873.12,,,,,,,,,,,,,,1209.27198,1077.562033,,981.956888,,,,,,,,,,,,,,,,,,,,,,,,,,,,,,,,,,,,,,,,,37286.634,,,,,,,,693.532,1038.693,814.131,,1118.695,,,,,,,,,,,,,,,,,,,808.1391546,,1171.028269,,,,,,,,,,,,,,,,,,,,3595.756298,,,
657,,,760.444,,,,,,,,,,,,,,546.8905256,258.8044897,,542.5407622,,,,,,,,,,,,,,,,,,,,,,,,,,,,,,,,,,,,,,,,,33657.97,,,,,,,,576.98,667.725,467.64,,1089.761,,,,,,,,,,,,,,,,,,,728.3919693,,1279.13076,,,,,,,,,,,,,,,,,,,,3986.092596,,,
656,,,634.372,,,,,,,,,,,,,,1109.858463,1614.971213,,1025.586542,,,,,,,,,,,,,,,,,,,,,,,,,,,,,,,,,,,,,,,,,78584.836,,,,,,,,515.746,396.662,604.26,,794.686,,,,,,,,,,,,,,,,,,,753.9550565,,576.52536,,,,,,,,,,,,,,,,,,,,4576.408325,,,
655,,,1067.6,,,,,,,,,,,,,,1567.571215,1476.093539,,1455.9113,,,,,,,,,,,,,,,,,,,,,,,,,,,,,,,,,,,,,,,,,34387.691,,,,,,,,421.94,639.334,558.306,,1723.09,,,,,,,,,,,,,,,,,,,1021.009203,,734.726491,,,,,,,,,,,,,,,,,,,,4010.896801,,,
654,,,306.612,,,,,,,,,,,,,,1597.010286,476.8961967,,202.1492441,,,,,,,,,,,,,,,,,,,,,,,,,,,,,,,,,,,,,,,,,50268.064,,,,,,,,454.988,658.938,493.29,,1391.348,,,,,,,,,,,,,,,,,,,985.4011048,,575.820521,,,,,,,,,,,,,,,,,,,,6370.0942,,,
653,,,1571.616,,,,,,,,,,,,,,1665.537056,781.3894818,,635.014237,,,,,,,,,,,,,,,,,,,,,,,,,,,,,,,,,,,,,,,,,61851.37,,,,,,,,508.266,414.99,617.085,,705.072,,,,,,,,,,,,,,,,,,,381.2760037,,404.685927,,,,,,,,,,,,,,,,,,,,4330.525165,,,
652,,,1139.476,,,,,,,,,,,,,,2490.001516,335.9823409,,998.6243962,,,,,,,,,,,,,,,,,,,,,,,,,,,,,,,,,,,,,,,,,55717.132,,,,,,,,,375.405,770.607,,1171.013,,,,,,,,,,,,,,,,,,,308.7641197,,570.313047,,,,,,,,,,,,,,,,,,,,5075.966549,,,
651,,,972.604,,,,,,,,,,,,,,440.9786593,1122.011724,,871.4343736,,,,,,,,,,,,,,,,,,,,,,,,,,,,,,,,,,,,,,,,,55067.842,,,,,,,,,846.336,649.89,,912.827,,,,,,,,,,,,,,,,,,,463.2039384,,726.302363,,,,,,,,,,,,,,,,,,,,3234.514284,,,
650,,,440.3,,,,,,,,,,,,,,1463.416692,1171.742916,,529.6167585,,,,,,,,,,,,,,,,,,,,,,,,,,,,,,,,,,,,,,,,,87275.892,,,,,,,,,829.11,548.451,,1101.712,,,,,,,,,,,,,,,,,,,761.6925464,,1028.514315,,,,,,,,,,,,,,,,,,,,3896.483527,,,
649,,,1226.788,,,,,,,,,,,,,,641.3238983,1603.603569,,1961.730065,,,,,,,,,,,,,,,,,,,,,,,,,,,,,,,,,,,,,,,,,55854.81,,,,,,,,,806.461,657.477,,1475.967,,,,,,,,,,,,,,,,,,,401.8926023,,980.702718,,,,,,,,,,,,,,,,,,,,7568.063432,,,
648,,,951.524,,,,,,,,,,,,,,1093.05933,795.6521865,,1163.472292,,,,,,,,,,,,,,,,,,,,,,,,,,,,,,,,,,,,,,,,,48019.101,,,,,,,,,949.083,708.642,,1541.568,,,,,,,,,,,,,,,,,,,782.3071791,,671.076845,,,,,,,,,,,,,,,,,,,,8002.407828,,,
647,,,1284.792,,,,,,,,,,,,,,1509.176358,504.2130594,,502.8774405,,,,,,,,,,,,,,,,,,,,,,,,,,,,,,,,,,,,,,,,,73879.68,,,,,,,,,756.784,683.937,,1727.826,,,,,,,,,,,,,,,,,,,1365.012832,,279.770285,,,,,,,,,,,,,,,,,,,,9146.447571,,,
646,,,2579.512,,,,,,,,,,,,,,2741.666566,589.8341845,,680.2036844,,,,,,,,,,,,,,,,,,,,,,,,,,,,,,,,,,,,,,,,,69073.968,,,,,,,,,1172.383,689.445,,1026.38,,,,,,,,,,,,,,,,,,,1002.97994,,705.025473,,,,,,,,,,,,,,,,,,,,5883.253744,,,
645,,,1743.588,,,,,,,,,,,,,,1493.626966,667.9484501,,638.8468726,,,,,,,,,,,,,,,,,,,,,,,,,,,,,,,,,,,,,,,,,68320.35,,,,,,,,,1364.653,1046.277,,1226.624,,,,,,,,,,,,,,,,,,,667.0068644,,1176.335381,,,,,,,,,,,,,,,,,,,,4262.1196,,,
644,,,1152.192,,,,,,,,,,,,,,2138.496171,313.1411033,,611.305375,,,,,,,,,,,,,,,,,,,,,,,,,,,,,,,,,,,,,,,,,84029.304,,,,,,,,,1058.413,1087.344,,1251.34,,,,,,,,,,,,,,,,,,,790.8380769,,1532.155215,,,,,,,,,,,,,,,,,,,,2619.939317,,,
643,,,710.464,,,,,,,,,,,,,,1294.802574,1045.93986,,1139.540602,,,,,,,,,,,,,,,,,,,,,,,,,,,,,,,,,,,,,,,,,49804.89,,,,,,,,,809.361,842.022,,2194.174,,,,,,,,,,,,,,,,,,,996.1280489,,1169.49187,,,,,,,,,,,,,,,,,,,,2946.163262,,,
642,,,858.976,,,,,,,,,,,,,,729.2307025,720.2014634,,1728.072991,,,,,,,,,,,,,,,,,,,,,,,,,,,,,,,,,,,,,,,,,54359.235,,,,,,,,,937.193,766.206,,1809.078,,,,,,,,,,,,,,,,,,,778.4542149,,976.957161,,,,,,,,,,,,,,,,,,,,11017.40503,,,
641,,,1117.58,,,,,,,,,,,,,,1651.60277,1002.507808,,674.8112553,,,,,,,,,,,,,,,,,,,,,,,,,,,,,,,,,,,,,,,,,105901.568,,,,,,,,,685.299,557.604,,1836.865,,,,,,,,,,,,,,,,,,,830.8224442,,1517.196412,,,,,,,,,,,,,,,,,,,,6509.198106,,,
640,,,1369.316,,,,,,,,,,,,,,1367.369506,587.4414737,,560.6789329,,,,,,,,,,,,,,,,,,,,,,,,,,,,,,,,,,,,,,,,,50706.72,,,,,,,,,716.59,621.756,,1495.688,,,,,,,,,,,,,,,,,,,417.7129131,,1087.894992,,,,,,,,,,,,,,,,,,,,5398.999168,,,
639,,,1209.992,,,,,,,,,,,,,,950.0806339,366.0232363,,1545.755408,,,,,,,,,,,,,,,,,,,,,,,,,,,,,,,,,,,,,,,,,44623.68,,,,,,,,,346.985,740.475,,913.123,,,,,,,,,,,,,,,,,,,833.4035253,,995.212075,,,,,,,,,,,,,,,,,,,,6964.663209,,,
638,,,1350.208,,,,,,,,,,,,,,1305.181022,572.5480192,,528.3243582,,,,,,,,,,,,,,,,,,,,,,,,,,,,,,,,,,,,,,,,,97347.27,,,,,,,,,253.721,1084.104,,1129.129,,,,,,,,,,,,,,,,,,,1518.864838,,1312.558689,,,,,,,,,,,,,,,,,,,,3433.386423,,,
637,,,1708.84,,,,,,,,,,,,,,845.6374854,492.339449,,368.2895399,,,,,,,,,,,,,,,,,,,,,,,,,,,,,,,,,,,,,,,,,44555.301,,,,,,,,,293.886,675.081,,1706.218,,,,,,,,,,,,,,,,,,,720.6939294,,369.809199,,,,,,,,,,,,,,,,,,,,4212.322008,,,
636,,,906.78,,,,,,,,,,,,,,1251.682123,866.7979022,,1227.735786,,,,,,,,,,,,,,,,,,,,,,,,,,,,,,,,,,,,,,,,,50047.448,,,,,,,,,431.375,965.115,,1033.373,,,,,,,,,,,,,,,,,,,1472.995789,,969.059862,,,,,,,,,,,,,,,,,,,,3658.752905,,,
635,,,943.432,,,,,,,,,,,,,,792.4160611,1620.588358,,1273.816544,,,,,,,,,,,,,,,,,,,,,,,,,,,,,,,,,,,,,,,,,,,,,,,,,,356.178,677.754,,1053.871,,,,,,,,,,,,,,,,,,,1249.135392,,925.415151,,,,,,,,,,,,,,,,,,,,2920.913279,,,
634,,,1296.42,,,,,,,,,,,,,,865.3618335,950.777602,,616.0293212,,,,,,,,,,,,,,,,,,,,,,,,,,,,,,,,,,,,,,,,,61115.6,,,,,,,,,125.657,647.838,,1803.417,,,,,,,,,,,,,,,,,,,2396.099499,,537.237329,,,,,,,,,,,,,,,,,,,,3134.189319,,,
633,,,514.148,,,,,,,,,,,,,,1443.328576,625.418869,,1005.888578,,,,,,,,,,,,,,,,,,,,,,,,,,,,,,,,,,,,,,,,,46100.74,,,,,,,,,148.422,626.022,,1475.745,,,,,,,,,,,,,,,,,,,1459.224171,,712.542458,,,,,,,,,,,,,,,,,,,,3553.190426,,,
632,,,919.768,,,,,,,,,,,,,,2164.434831,1009.312547,,861.0060396,,,,,,,,,,,,,,,,,,,,,,,,,,,,,,,,,,,,,,,,,32180.841,,,,,,,,,641.335,566.919,,1141.857,,,,,,,,,,,,,,,,,,,1387.391464,,951.014124,,,,,,,,,,,,,,,,,,,,4374.954323,,,
631,,,1190.136,,,,,,,,,,,,,,2089.123642,1119.315501,,1086.061966,,,,,,,,,,,,,,,,,,,,,,,,,,,,,,,,,,,,,,,,,55747.86,,,,,,,,,569.009,584.172,,991.896,,,,,,,,,,,,,,,,,,,1259.327526,,617.784597,,,,,,,,,,,,,,,,,,,,6772.540012,,,
630,,,2222.24,,,,,,,,,,,,,,1672.898426,629.5576536,,814.1676676,,,,,,,,,,,,,,,,,,,,,,,,,,,,,,,,,,,,,,,,,61009.432,,,,,,,,,1435.993,680.562,,2099.491,,,,,,,,,,,,,,,,,,,2477.613313,,1229.063175,,,,,,,,,,,,,,,,,,,,3366.714117,,,
629,,,1087.388,,,,,,,,,,,,,,2011.894457,826.7702183,,1563.804448,,,,,,,,,,,,,,,,,,,,,,,,,,,,,,,,,,,,,,,,,43884.828,,,,,,,,,931.277,970.65,,2165.129,,,,,,,,,,,,,,,,,,,2689.757822,,1076.19678,,,,,,,,,,,,,,,,,,,,3244.945402,,,
628,,,1252.696,,,,,,,,,,,,,,1757.138861,488.790527,,2495.535983,,,,,,,,,,,,,,,,,,,,,,,,,,,,,,,,,,,,,,,,,70544.082,,,,,,,,,909.701,960.984,,1400.783,,,,,,,,,,,,,,,,,,,1096.527378,,504.698146,,,,,,,,,,,,,,,,,,,,2953.749289,,,
627,,,478.312,,,,,,,,,,,,,,1710.510692,678.200549,,1549.231519,,,,,,,,,,,,,,,,,,,,,,,,,,,,,,,,,,,,,,,,,95128.46,,,,,,,,,677.991,755.541,,771.228,,,,,,,,,,,,,,,,,,,1287.697095,,374.089515,,,,,,,,,,,,,,,,,,,,8611.085977,,,
626,,,846.6,,,,,,,,,,,,,,766.7894695,733.0340648,,1533.009666,,,,,,,,,,,,,,,,,,,,,,,,,,,,,,,,,,,,,,,,,42259.924,,,,,,,,,439.234,262.332,,664.89,,,,,,,,,,,,,,,,,,,848.7106707,,545.025896,,,,,,,,,,,,,,,,,,,,5647.102589,,,
625,,,803.08,,,,,,,,,,,,,,1125.379812,672.7178708,,1451.053657,,,,,,,,,,,,,,,,,,,,,,,,,,,,,,,,,,,,,,,,,59594.472,,,,,,,,,702.003,499.554,,1319.235,,,,,,,,,,,,,,,,,,,510.7549735,,970.773432,,,,,,,,,,,,,,,,,,,,3624.176415,,,
624,,,945.472,,,,,,,,,,,,,,2374.189672,498.8914933,,1040.426863,,,,,,,,,,,,,,,,,,,,,,,,,,,,,,,,,,,,,,,,,36972.5,,,,,,,,488.512,911.818,894.402,,1912.049,,,,,,,,,,,,,,,,,,,900.9599982,,570.183146,,,,,,,,,,,,,,,,,,,,5024.798843,,,
623,,,829.124,,,,,,,,,,,,,,1530.858105,674.1617964,,1306.037422,,,,,,,,,,,,,,,,,,,,,,,,,,,,,,,,,,,,,,,,,45387.027,,,,,,,,713.592,649.426,1120.959,,2138.008,,,,,,,,,,,,,,,,,,,1639.942938,,522.542255,,,,,,,,,,,,,,,,,,,,5084.030984,,,
622,,,2979.216,,,,,,,,,,,,,,1032.946669,475.0349803,,517.0047135,,,,,,,,,,,,,,,,,,,,,,,,,,,,,,,,,,,,,,,,,64667.076,,,,,,,,623.866,649.31,1050.111,,1062.159,,,,,,,,,,,,,,,,,,,564.7606352,,363.891891,,,,,,,,,,,,,,,,,,,,4011.616086,,,
621,,,896.24,,,,,,,,,,,,,,1171.427145,238.599395,,1007.35924,,,,,,,,,,,,,,,,,,,,,,,,,,,,,,,,,,,,,,,,,37464.608,,,,,,,,768.23,868.028,818.127,,1499.758,,,,,,,,,,,,,,,,,,,1114.851158,,874.905627,,,,,,,,,,,,,,,,,,,,6861.927539,,,
620,,,747.592,,,,,,,,,,,,,,1314.444405,878.4680478,,,,,,,,,,,,,,,,,,,,,,,,,,,,,,,,,,,,,,,,,,,86683.803,,,,,,,,763.47,902.19,698.355,,805.527,,,,,,,,,,,,,,,,,,,1175.112097,,1209.046506,,,,,,,,,,,,,,,,,,,,3750.266368,,,
619,,,1071,,,,,,,,,,,,,,108.5817647,237.3203862,,294.7564154,,,,,,,,,,,,,,,,,,,,,,,,,,,,,,,,,,,,,,,,,45777.82,,,,,,,,718.794,629.445,864.972,,600.732,,,,,,,,,,,,,,,,,,,548.8212348,,1001.627108,,,,,,,,,,,,,,,,,,,,1752.435319,,,
618,,,337.756,,,,,,,,,,,,,,1050.376299,625.0005279,,1288.21121,,,,,,,,,,,,,,,,,,,,,,,,,,,,,,,,,,,,,,,,,73540.844,,,,,,,,708.492,579.652,825.579,,752.099,,,,,,,,,,,,,,,,,,,1340.957013,,620.748145,,,,,,,,,,,,,,,,,,,,4496.54062,,,
617,,,399.704,,,,,,,,,,,,,,1416.152769,324.8575795,,532.6917801,,,,,,,,,,,,,,,,,,,,,,,,,,,,,,,,,,,,,,,,,51843.702,,,,,,,,487.798,832.822,437.481,,1124.726,,,,,,,,,,,,,,,,,,,1808.737075,,957.657095,,,,,,,,,,,,,,,,,,,,2052.436881,,,
616,,,787.78,,,,,,,,,,,,,,862.6473715,337.3603496,,1486.171294,,,,,,,,,,,,,,,,,,,,,,,,,,,,,,,,,,,,,,,,,22356,,,,,,,,414.154,881.89,376.164,,1135.456,,,,,,,,,,,,,,,,,,,1184.505459,,772.719229,,,,,,,,,,,,,,,,,,,,2920.20954,,,
615,,,918.884,,,,,,,,,,,,,,786.1377931,450.1394311,,1683.507461,,,,,,,,,,,,,,,,,,,,,,,,,,,,,,,,,,,,,,,,,65121.28,,,,,,,,725.458,537.138,517.968,,1380.729,,,,,,,,,,,,,,,,,,,429.3765891,,887.629184,,,,,,,,,,,,,,,,,,,,2952.032808,,,
614,,,678.436,,,,,,,,,,,,,,1841.275866,853.7087189,,1656.055095,,,,,,,,,,,,,,,,,,,,,,,,,,,,,,,,,,,,,,,,,54386.766,,,,,,,,847.96,459.911,591.732,,1163.428,,,,,,,,,,,,,,,,,,,876.3579723,,1204.826357,,,,,,,,,,,,,,,,,,,,3341.031061,,,
613,,,445.468,,,,,,,,,,,,,,409.903368,2483.45782,,3232.516153,,,,,,,,,,,,,,,,,,,,,,,,,,,,,,,,,,,,,,,,,64328.93,,,,,,,,618.256,714.792,619.92,,435.823,,,,,,,,,,,,,,,,,,,1432.305633,,1217.759255,,,,,,,,,,,,,,,,,,,,4538.71599,,,
612,,,589.356,,,,,,,,,,,,,,832.5472862,234.9507813,,642.8577703,,,,,,,,,,,,,,,,,,,,,,,,,,,,,,,,,,,,,,,,,48554.38,,,,,,,,393.516,924.839,665.604,,333.37,,,,,,,,,,,,,,,,,,,469.2750982,,843.318966,,,,,,,,,,,,,,,,,,,,2980.080717,,,
611,,,454.58,,,,,,,,,,,,,,949.8068634,700.4985189,,283.2139432,,,,,,,,,,,,,,,,,,,,,,,,,,,,,,,,,,,,,,,,,57872.416,,,,,,,,309.502,570.488,696.492,,701.372,,,,,,,,,,,,,,,,,,,462.0190742,,527.228409,,,,,,,,,,,,,,,,,,,,5283.314227,,,
610,,,889.236,,,,,,,,,,,,,,918.9066475,588.7850979,,777.5348019,,,,,,,,,,,,,,,,,,,,,,,,,,,,,,,,,,,,,,,,,46402.592,,,,,,,,582.318,702.612,723.006,,991.489,,,,,,,,,,,,,,,,,,,800.3564248,,869.311594,,,,,,,,,,,,,,,,,,,,5517.346057,,,
609,,,2518.312,,,,,,,,,,,,,,518.0180446,296.5129993,,425.4225494,,,,,,,,,,,,,,,,,,,,,,,,,,,,,,,,,,,,,,,,,93781.856,,,,,,,,667.488,592.035,850.743,,663.632,,,,,,,,,,,,,,,,,,,909.1601338,,367.983364,,,,,,,,,,,,,,,,,,,,3731.673284,,,
608,,,1941.944,,,,,,,,,,,,,,227.1167456,790.8991125,,803.0262851,,,,,,,,,,,,,,,,,,,,,,,,,,,,,,,,,,,,,,,,,67751.376,,,,,,,,414.392,467.393,766.314,,971.953,,,,,,,,,,,,,,,,,,,2108.808696,,370.469404,,,,,,,,,,,,,,,,,,,,5469.718511,,,
607,,,1306.96,,,,,,,,,,,,,,542.1272165,319.2900935,,739.3421427,,,,,,,,,,,,,,,,,,,,,,,,,,,,,,,,,,,,,,,,,59656.94,,,,,,,,452.37,517.157,476.28,,954.267,,,,,,,,,,,,,,,,,,,486.0870068,,799.437023,,,,,,,,,,,,,,,,,,,,3157.613897,,,
606,,,630.224,,,,,,,,,,,,,,1031.173232,317.9816911,,677.9308424,,,,,,,,,,,,,,,,,,,,,,,,,,,,,,,,,,,,,,,,,83224.35,,,,,,,,497.726,726.74,617.112,,1172.382,,,,,,,,,,,,,,,,,,,1545.754119,,1320.672615,,,,,,,,,,,,,,,,,,,,5238.560719,,,
605,,,459.34,,,,,,,,,,,,,,468.1168346,826.1027537,,413.6126839,,,,,,,,,,,,,,,,,,,,,,,,,,,,,,,,,,,,,,,,,55240.227,,,,,,,,587.928,615.96,614.925,,626.595,,,,,,,,,,,,,,,,,,,1961.913385,,466.029158,,,,,,,,,,,,,,,,,,,,4820.817409,,,
604,,,1136.484,,,,,,,,,,,,,,1593.707278,1726.908136,,,,,,,,,,,,,,,,,,,,,,,,,,,,,,,,,,,,,,,,,,,28531.523,,,,,,,,564.128,535.514,504.171,,426.758,,,,,,,,,,,,,,,,,,,127.4029103,,376.643356,,,,,,,,,,,,,,,,,,,,2817.632795,,,
603,,,556.104,,,,,,,,,,,,,,1111.147562,1716.169481,,856.5940521,,,,,,,,,,,,,,,,,,,,,,,,,,,,,,,,,,,,,,,,,63902.28,,,,,,,,479.264,437.61,368.307,,282.162,,,,,,,,,,,,,,,,,,,427.3665168,,147.148784,,,,,,,,,,,,,,,,,,,,3113.487429,,,
602,,,446.76,,,,,,,,,,,,,,1135.982693,412.5170647,,1917.565625,,,,,,,,,,,,,,,,,,,,,,,,,,,,,,,,,,,,,,,,,98776.835,,,,,,,,484.636,233.769,468.531,,333.925,,,,,,,,,,,,,,,,,,,910.6223901,,333.660874,,,,,,,,,,,,,,,,,,,,3980.732774,,,
601,,,358.156,,,,,,,,,,,,,,1216.186989,1513.649022,,822.3231596,,,,,,,,,,,,,,,,,,,,,,,,,,,,,,,,,,,,,,,,,72226.44,,,,,,,,509.49,190.356,550.8,,1205.645,,,,,,,,,,,,,,,,,,,1135.414894,,572.006179,,,,,,,,,,,,,,,,,,,,3218.621618,,,
600,,,3255.5,,,,,,,,,,,,,,1487.518601,674.6010948,,946.3935951,,,,,,,,,,,,,,,,,,,,,,,,,,,,,,,,,,,,,,,,,37218.6,,,,,,,,638.248,324.22,507.276,,1438.301,,,,,,,,,,,,,,,,,,,486.4553378,,,,,,,,,,,,,,,,,,,,,,3934.724714,,,
599,,,747.524,,,,,,,,,,,,,,1650.893429,759.7783885,,574.2714196,,,,,,,,,,,,,,,,,,,,,,,,,,,,,,,,,,,,,,,,,47147.562,,,,,,,,635.562,463.014,145.908,,829.651,,,,,,,,,,,,,,,,,,,829.9326657,,114.34736,,,,,,,,,,,,,,,,,,,,5646.557638,,,
598,,,1045.636,,,,,,,,,,,,,,806.2839222,833.3692526,,1458.540666,,,,,,,,,,,,,,,,,,,,,,,,,,,,,,,,,,,,,,,,,32662.392,,,,,,,,698.972,792.773,108.243,,776.001,,,,,,,,,,,,,,,,,,,680.1984796,,1070.270425,,,,,,,,,,,,,,,,,,,,2306.509151,,,
597,,,1654.984,,,,,,,,,,,,,,707.9320437,1153.499899,,888.0127508,,,,,,,,,,,,,,,,,,,,,,,,,,,,,,,,,,,,,,,,,57340.955,,,,,,,,740.724,806.403,282.366,,757.612,,,,,,,,,,,,,,,,,,,391.4076199,,567.885086,,,,,,,,,,,,,,,,,,,,5841.231724,,,
596,,,1281.732,,,,,,,,,,,,,,1540.364015,554.7939083,,1182.412642,,,,,,,,,,,,,,,,,,,,,,,,,,,,,,,,,,,,,,,,,39809.964,,,,,,,,608.634,483.082,404.055,,1124.8,,,,,,,,,,,,,,,,,,,1110.306017,,888.796048,,,,,,,,,,,,,,,,,,,,6562.042966,,,
595,,,934.048,,,,,,,,,,,,,,870.853595,475.1852376,,556.8017318,,,,,,,,,,,,,,,,,,,,,,,,,,,,,,,,,,,,,,,,,47138.316,,,,,,,,598.502,477.572,620.46,,1527.656,,,,,,,,,,,,,,,,,,,604.981621,,1017.570705,,,,,,,,,,,,,,,,,,,,3723.021035,,,
594,,,1030.404,,,,,,,,,,,,,,1072.185315,1018.711236,,376.534163,,,,,,,,,,,,,,,,,,,,,,,,,,,,,,,,,,,,,,,,,39844.28,,,,,,,,587.928,758.611,737.559,,1003.625,,,,,,,,,,,,,,,,,,,1077.493506,,753.890629,,,,,,,,,,,,,,,,,,,,2906.601474,,,
593,,,1277.38,,,,,,,,,,,,,,1191.944617,1332.943756,,1405.240292,,,,,,,,,,,,,,,,,,,,,,,,,,,,,,,,,,,,,,,,,70656.138,,,,,,,,446.658,983.187,761.967,,686.942,,,,,,,,,,,,,,,,,,,465.2735441,,831.820068,,,,,,,,,,,,,,,,,,,,4648.488581,,,
592,,,2201.568,,,,,,,,,,,,,,920.0838733,280.143834,,1181.788725,,,,,,,,,,,,,,,,,,,,,,,,,,,,,,,,,,,,,,,,,54738.16,,,,,,,,,699.016,708.561,,858.511,,,,,,,,,,,,,,,,,,,627.4622058,,755.060795,,,,,,,,,,,,,,,,,,,,2346.915186,,,
591,,,2526.472,,,,,,,,,,,,,,1066.83337,552.0363689,,878.7431205,,,,,,,,,,,,,,,,,,,,,,,,,,,,,,,,,,,,,,,,,48788.106,,,,,,,,564.74,698.755,666.387,,1035.186,,,,,,,,,,,,,,,,,,,1002.048293,,1499.703582,,,,,,,,,,,,,,,,,,,,3450.734925,,,
590,,,1000.28,,,,,,,,,,,,,,3306.916899,826.4296652,,324.5261895,,,,,,,,,,,,,,,,,,,,,,,,,,,,,,,,,,,,,,,,,46527.942,,,,,,,,774.35,491.289,804.87,,812.261,,,,,,,,,,,,,,,,,,,529.0714141,,506.075235,,,,,,,,,,,,,,,,,,,,2657.118005,,,
589,,,907.392,,,,,,,,,,,,,,910.9183157,610.5693962,,216.3656482,,,,,,,,,,,,,,,,,,,,,,,,,,,,,,,,,,,,,,,,,72995.1,,,,,,,,700.808,397.996,1023.003,,925.629,,,,,,,,,,,,,,,,,,,957.3871222,,518.312834,,,,,,,,,,,,,,,,,,,,4211.419017,,,
588,,,1028.228,,,,,,,,,,,,,,875.6171261,1076.911295,,530.2406759,,,,,,,,,,,,,,,,,,,,,,,,,,,,,,,,,,,,,,,,,67396.325,,,,,,,,614.142,487.519,668.25,,1418.247,,,,,,,,,,,,,,,,,,,574.7390288,,746.414706,,,,,,,,,,,,,,,,,,,,6383.169922,,,
587,,,2284.528,,,,,,,,,,,,,,1376.632028,1040.635366,,542.6298933,,,,,,,,,,,,,,,,,,,,,,,,,,,,,,,,,,,,,,,,,67273.85,,,,,,,,716.618,458.838,330.399,,1907.017,,,,,,,,,,,,,,,,,,,1735.745506,,633.861723,,,,,,,,,,,,,,,,,,,,2550.658431,,,
586,,,482.664,,,,,,,,,,,,,,1099.892014,534.6886904,,815.4155024,,,,,,,,,,,,,,,,,,,,,,,,,,,,,,,,,,,,,,,,,45344.385,,,,,,,,790.738,321.987,584.01,,2091.129,,,,,,,,,,,,,,,,,,,1587.414457,,709.97395,,,,,,,,,,,,,,,,,,,,3799.818972,,,
585,,,515.168,,,,,,,,,,,,,,1586.859357,534.2021426,,829.8992997,,,,,,,,,,,,,,,,,,,,,,,,,,,,,,,,,,,,,,,,,27978.212,,,,,,,,889.712,431.781,520.641,,933.843,,,,,,,,,,,,,,,,,,,1101.212538,,884.926849,,,,,,,,,,,,,,,,,,,,2753.897658,,,
584,,,1946.364,,,,,,,,,,,,,,2464.44875,1655.411057,,916.4009934,,,,,,,,,,,,,,,,,,,,,,,,,,,,,,,,,,,,,,,,,20730.452,,,,,,,,751.774,446.136,394.767,,873.755,,,,,,,,,,,,,,,,,,,747.6618233,,1082.220076,,,,,,,,,,,,,,,,,,,,3967.652759,,,
583,,,821.1,,,,,,,,,,,,,,888.33998,1619.222588,,845.3635386,,,,,,,,,,,,,,,,,,,,,,,,,,,,,,,,,,,,,,,,,68079.057,,,,,,,,964.002,602.243,716.31,,2143.447,,,,,,,,,,,,,,,,,,,467.3321052,,1559.168941,,,,,,,,,,,,,,,,,,,,4249.525991,,,
582,,,821.576,,,,,,,,,,,,,,1304.23661,1218.758628,,1370.657441,,,,,,,,,,,,,,,,,,,,,,,,,,,,,,,,,,,,,,,,,68190.4,,,,,,,,809.336,583.654,885.222,,2361.118,,,,,,,,,,,,,,,,,,,1710.733892,,879.653618,,,,,,,,,,,,,,,,,,,,3885.004515,,,
581,,,1081.812,,,,,,,,,,,,,,557.4807904,2185.054623,,455.7271098,,,,,,,,,,,,,,,,,,,,,,,,,,,,,,,,,,,,,,,,,48292.203,,,,,,,,446.658,633.824,420.525,,1692.602,,,,,,,,,,,,,,,,,,,773.9865613,,1273.272657,,,,,,,,,,,,,,,,,,,,5149.27991,,,
580,,,302.396,,,,,,,,,,,,,,901.4968228,5081.637299,,784.5315901,,,,,,,,,,,,,,,,,,,,,,,,,,,,,,,,,,,,,,,,,80898.544,,,,,,,,696.694,533.513,466.506,,866.244,,,,,,,,,,,,,,,,,,,958.5346328,,1598.048023,,,,,,,,,,,,,,,,,,,,3950.674688,,,
579,,,982.532,,,,,,,,,,,,,,1188.40784,1615.843335,,1131.251414,,,,,,,,,,,,,,,,,,,,,,,,,,,,,,,,,,,,,,,,,55504.98,,,,,,,,940.848,677.817,666.198,,1463.535,,,,,,,,,,,,,,,,,,,829.973907,,928.916372,,,,,,,,,,,,,,,,,,,,6114.677382,,,
578,,,1731.892,,,,,,,,,,,,,,1066.896378,1135.599433,,947.4186023,,,,,,,,,,,,,,,,,,,,,,,,,,,,,,,,,,,,,,,,,38921.175,,,,,,,,793.798,713.661,925.425,,2174.786,,,,,,,,,,,,,,,,,,,716.5296698,,730.428558,,,,,,,,,,,,,,,,,,,,3724.86255,,,
577,,,840.82,,,,,,,,,,,,,,798.0748766,963.5169149,,797.8566836,,,,,,,,,,,,,,,,,,,,,,,,,,,,,,,,,,,,,,,,,124929.997,,,,,,,,814.606,540.85,1139.13,,1739.074,,,,,,,,,,,,,,,,,,,670.5081631,,907.855701,,,,,,,,,,,,,,,,,,,,5132.251819,,,
576,,,746.912,,,,,,,,,,,,,,496.3254168,1362.779479,,194.7959316,,,,,,,,,,,,,,,,,,,,,,,,,,,,,,,,,,,,,,,,,91309.839,,,,,,,,914.294,842.943,1228.959,,1972.729,,,,,,,,,,,,,,,,,,,793.590337,,849.451598,,,,,,,,,,,,,,,,,,,,3285.120549,,,
575,,,959.548,,,,,,,,,,,,,,1289.513226,405.276727,,687.6015624,,,,,,,,,,,,,,,,,,,,,,,,,,,,,,,,,,,,,,,,,,,,,,,,,827.968,956.449,1055.916,,1338.549,,,,,,,,,,,,,,,,,,,851.7318016,,864.564419,,,,,,,,,,,,,,,,,,,,4524.463476,,,
574,,,1380.468,,,,,,,,,,,,,,1044.953731,555.5386934,,543.8331626,,,,,,,,,,,,,,,,,,,,,,,,,,,,,,,,,,,,,,,,,51357.39,,,,,,,,727.94,508.95,862.542,,780.811,,,,,,,,,,,,,,,,,,,504.1874763,,945.015105,,,,,,,,,,,,,,,,,,,,1844.077311,,,
573,,,912.832,,,,,,,,,,,,,,1027.512347,261.158539,,633.9000987,,,,,,,,,,,,,,,,,,,,,,,,,,,,,,,,,,,,,,,,,116236.296,,,,,,,,630.36,387.353,635.877,,668.035,,,,,,,,,,,,,,,,,,,611.4136314,,681.165693,,,,,,,,,,,,,,,,,,,,5783.451977,,,
572,,,799.204,,,,,,,,,,,,,,688.004942,152.0835186,,511.9688086,,,,,,,,,,,,,,,,,,,,,,,,,,,,,,,,,,,,,,,,,46831.128,,,,,,,,255.85,422.095,448.011,,1927.848,,,,,,,,,,,,,,,,,,,1597.338483,,610.938206,,,,,,,,,,,,,,,,,,,,4989.515914,,,
571,,,1006.944,,,,,,,,,,,,,,738.704952,171.8604937,,1272.435013,,,,,,,,,,,,,,,,,,,,,,,,,,,,,,,,,,,,,,,,,65747.961,,,,,,,,429.828,481.313,458.487,,845.228,,,,,,,,,,,,,,,,,,,1279.905259,,1616.793455,,,,,,,,,,,,,,,,,,,,2344.032307,,,
570,,,630.496,,,,,,,,,,,,,,877.5785631,615.1782085,,1164.274471,,,,,,,,,,,,,,,,,,,,,,,,,,,,,,,,,,,,,,,,,64621.053,,,,,,,,657.424,358.092,559.548,,419.395,,,,,,,,,,,,,,,,,,,617.2731306,,1211.875674,,,,,,,,,,,,,,,,,,,,5783.498248,,,
569,,,2261.34,,,,,,,,,,,,,,1211.177149,,,866.7995585,,,,,,,,,,,,,,,,,,,,,,,,,,,,,,,,,,,,,,,,,79766.852,,,,,,,,1011.976,330.426,703.161,,654.789,,,,,,,,,,,,,,,,,,,954.2404789,,993.108237,,,,,,,,,,,,,,,,,,,,3256.03621,,,
568,,,1000.892,,,,,,,,,,,,,,1466.613071,598.9021669,,1012.038621,,,,,,,,,,,,,,,,,,,,,,,,,,,,,,,,,,,,,,,,,43019.752,,,,,,,,1043.97,431.259,479.871,,558.996,,,,,,,,,,,,,,,,,,,287.8932002,,263.611237,,,,,,,,,,,,,,,,,,,,1773.325818,,,
567,,,1171.572,,,,,,,,,,,,,,1015.816428,213.7581468,,,,,,,,,,,,,,,,,,,,,,,,,,,,,,,,,,,,,,,,,,,40715.52,,,,,,,,778.838,416.353,449.82,,373.589,,,,,,,,,,,,,,,,,,,1267.982288,,491.990729,,,,,,,,,,,,,,,,,,,,3514.123269,,,
566,,,2370.072,,,,,,,,,,,,,,998.0415932,784.1482273,,905.9280938,,,,,,,,,,,,,,,,,,,,,,,,,,,,,,,,,,,,,,,,,33846.915,,,,,,,,743.444,487.925,533.547,,523.624,,,,,,,,,,,,,,,,,,,458.6985628,,296.331444,,,,,,,,,,,,,,,,,,,,3538.029722,,,
565,,,1080.316,,,,,,,,,,,,,,950.8189595,1032.955312,,413.2561597,,,,,,,,,,,,,,,,,,,,,,,,,,,,,,,,,,,,,,,,,48291.973,,,,,,,,633.862,537.718,369.684,,552.262,,,,,,,,,,,,,,,,,,,1266.0292,,570.337333,,,,,,,,,,,,,,,,,,,,3386.057107,,,
564,,,562.496,,,,,,,,,,,,,,1483.698897,501.0969016,,455.6825443,,,,,,,,,,,,,,,,,,,,,,,,,,,,,,,,,,,,,,,,,77708.95,,,,,,,,736.644,522.551,471.231,,392.052,,,,,,,,,,,,,,,,,,,1413.371759,,859.722831,,,,,,,,,,,,,,,,,,,,5754.681507,,,
563,,,789.208,,,,,,,,,,,,,,1002.545303,389.3786024,,1967.746412,,,,,,,,,,,,,,,,,,,,,,,,,,,,,,,,,,,,,,,,,41944.893,,,,,,,,813.79,278.632,447.336,,472.157,,,,,,,,,,,,,,,,,,,1063.046748,,781.52533,,,,,,,,,,,,,,,,,,,,6349.210368,,,
562,,,1011.296,,,,,,,,,,,,,,910.253913,314.4478713,,524.6254192,,,,,,,,,,,,,,,,,,,,,,,,,,,,,,,,,,,,,,,,,63262.535,,,,,,,,1004.7,500.308,576.342,,840.862,,,,,,,,,,,,,,,,,,,1178.805179,,650.913967,,,,,,,,,,,,,,,,,,,,2966.9906,,,
561,,,1163.684,,,,,,,,,,,,,,1882.672972,488.2393255,,620.3076121,,,,,,,,,,,,,,,,,,,,,,,,,,,,,,,,,,,,,,,,,62996.08,,,,,,,,906.202,724.565,719.496,,387.464,,,,,,,,,,,,,,,,,,,508.8138391,,810.101373,,,,,,,,,,,,,,,,,,,,2329.95689,,,
560,,,538.356,,,,,,,,,,,,,,874.7929546,459.0756031,,1436.213335,,,,,,,,,,,,,,,,,,,,,,,,,,,,,,,,,,,,,,,,,37071.584,,,,,,,,695.368,852.107,707.967,,388.981,,,,,,,,,,,,,,,,,,,1283.977277,,745.915537,,,,,,,,,,,,,,,,,,,,5257.748635,,,
559,,,888.964,,,,,,,,,,,,,,664.9997716,1453.168667,,626.2793931,,,,,,,,,,,,,,,,,,,,,,,,,,,,,,,,,,,,,,,,,90016.802,,,,,,,,533.324,679.122,756.756,,863.654,,,,,,,,,,,,,,,,,,,759.5952821,,583.863223,,,,,,,,,,,,,,,,,,,,3209.610632,,,
558,,,494.292,,,,,,,,,,,,,,1466.575572,439.6009005,,1125.324198,,,,,,,,,,,,,,,,,,,,,,,,,,,,,,,,,,,,,,,,,80761.648,,,,,,,,521.73,484.793,721.791,,625.3,,,,,,,,,,,,,,,,,,,438.9208106,,584.099628,,,,,,,,,,,,,,,,,,,,5279.808157,,,
557,,,1118.464,,,,,,,,,,,,,,2268.710959,533.3855011,,298.7673131,,,,,,,,,,,,,,,,,,,,,,,,,,,,,,,,,,,,,,,,,45979.53,,,,,,,,683.944,521.101,574.83,,406.075,,,,,,,,,,,,,,,,,,,520.7546818,,515.56979,,,,,,,,,,,,,,,,,,,,2865.197564,,,
556,,,1811.86,,,,,,,,,,,,,,962.4897645,636.3683358,,1267.844763,,,,,,,,,,,,,,,,,,,,,,,,,,,,,,,,,,,,,,,,,25112.136,,,,,,,,838.712,629.242,395.928,,337.847,,,,,,,,,,,,,,,,,,,268.6018617,,299.290159,,,,,,,,,,,,,,,,,,,,2469.062061,,,
555,,,1548.428,,,,,,,,,,,,,,1282.643735,314.2971914,,1191.281182,,,,,,,,,,,,,,,,,,,,,,,,,,,,,,,,,,,,,,,,,51376.94,,,,,,,,695.912,429.867,515.673,,344.618,,,,,,,,,,,,,,,,,,,1082.184019,,277.814839,,,,,,,,,,,,,,,,,,,,2199.434747,,,
554,,,698.224,,,,,,,,,,,,,,2990.529171,840.9085725,,835.6928186,,,,,,,,,,,,,,,,,,,,,,,,,,,,,,,,,,,,,,,,,62678.91,,,,,,,,610.572,507.239,615.141,,1276.426,,,,,,,,,,,,,,,,,,,1727.969778,,1272.130842,,,,,,,,,,,,,,,,,,,,1444.007615,,,
553,,,634.304,,,,,,,,,,,,,,2189.914435,601.3536393,,692.4592051,,,,,,,,,,,,,,,,,,,,,,,,,,,,,,,,,,,,,,,,,42818.019,,,,,,,,643.62,916.748,640.791,,886.446,,,,,,,,,,,,,,,,,,,1050.093469,,929.397332,,,,,,,,,,,,,,,,,,,,4268.128602,,,
552,,,674.356,,,,,,,,,,,,,,1253.829883,189.8853721,,266.8583936,,,,,,,,,,,,,,,,,,,,,,,,,,,,,,,,,,,,,,,,,80354.272,,,,,,,,620.364,715.14,564.921,,725.015,,,,,,,,,,,,,,,,,,,817.0162201,,553.045008,,,,,,,,,,,,,,,,,,,,3543.159025,,,
551,,,866.796,,,,,,,,,,,,,,1977.68657,521.7134343,,369.8047679,,,,,,,,,,,,,,,,,,,,,,,,,,,,,,,,,,,,,,,,,90353.89,,,,,,,,716.516,484.996,531.927,,962.888,,,,,,,,,,,,,,,,,,,976.6391004,,579.983637,,,,,,,,,,,,,,,,,,,,6474.875435,,,
550,,,1158.448,,,,,,,,,,,,,,474.4261555,423.3874849,,336.2914894,,,,,,,,,,,,,,,,,,,,,,,,,,,,,,,,,,,,,,,,,39664.42,,,,,,,,925.276,401.447,746.388,,964.997,,,,,,,,,,,,,,,,,,,755.9972108,,737.995242,,,,,,,,,,,,,,,,,,,,2561.162239,,,
549,,,1476.96,,,,,,,,,,,,,,1475.769606,964.2082769,,1717.42183,,,,,,,,,,,,,,,,,,,,,,,,,,,,,,,,,,,,,,,,,56602.632,,,,,,,,687.752,455.155,707.67,,1125.762,,,,,,,,,,,,,,,,,,,718.3544261,,1123.593039,,,,,,,,,,,,,,,,,,,,7545.290709,,,
548,,,2555.916,,,,,,,,,,,,,,757.9415436,498.2418253,,706.6756092,,,,,,,,,,,,,,,,,,,,,,,,,,,,,,,,,,,,,,,,,82228.588,,,,,,,,513.23,575.041,656.397,,975.209,,,,,,,,,,,,,,,,,,,1009.455851,,623.999277,,,,,,,,,,,,,,,,,,,,5509.814849,,,
547,,,1384.344,,,,,,,,,,,,,,1529.419809,467.6501933,,1165.789699,,,,,,,,,,,,,,,,,,,,,,,,,,,,,,,,,,,,,,,,,43263.805,,,,,,,,941.052,480.791,554.067,,1079.364,,,,,,,,,,,,,,,,,,,638.795571,,497.861992,,,,,,,,,,,,,,,,,,,,2915.650691,,,
546,,,1503.82,,,,,,,,,,,,,,993.4695499,81.51515998,,1165.299478,,,,,,,,,,,,,,,,,,,,,,,,,,,,,,,,,,,,,,,,,44598.15,,,,,,,,710.566,604.911,759.321,,778.739,,,,,,,,,,,,,,,,,,,526.9804911,,822.505717,,,,,,,,,,,,,,,,,,,,2690.336745,,,
545,,,883.66,,,,,,,,,,,,,,400.0788161,345.2145258,,3263.088107,,,,,,,,,,,,,,,,,,,,,,,,,,,,,,,,,,,,,,,,,85110.856,,,,,,,,899.844,993.279,882.198,,873.274,,,,,,,,,,,,,,,,,,,1115.365435,,303.694243,,,,,,,,,,,,,,,,,,,,3684.230277,,,
544,,,1864.696,,,,,,,,,,,,,,1210.31964,497.4224417,,575.8757787,,,,,,,,,,,,,,,,,,,,,,,,,,,,,,,,,,,,,,,,,42797.986,,,,,,,,1270.92,666.101,610.848,,1064.601,,,,,,,,,,,,,,,,,,,1600.517204,,319.135799,,,,,,,,,,,,,,,,,,,,2560.251697,,,
543,,,1593.716,,,,,,,,,,,,,,924.8371338,643.2048617,,689.8298389,,,,,,,,,,,,,,,,,,,,,,,,,,,,,,,,,,,,,,,,,72573.993,,,,,,,,1408.994,731.235,646.515,,1147,,,,,,,,,,,,,,,,,,,590.8214055,,405.701069,,,,,,,,,,,,,,,,,,,,4035.816427,,,
542,,,1264.392,,,,,,,,,,,,,,690.7415057,419.4882233,,623.5163302,,,,,,,,,,,,,,,,,,,,,,,,,,,,,,,,,,,,,,,,,111300.68,,,,,,,,2044.488,496.016,793.152,,2737.556,,,,,,,,,,,,,,,,,,,269.0836423,,622.121937,,,,,,,,,,,,,,,,,,,,8472.159277,,,
541,,,1082.152,,,,,,,,,,,,,,834.4468332,831.0311581,,1282.997043,,,,,,,,,,,,,,,,,,,,,,,,,,,,,,,,,,,,,,,,,92721.51,,,,,,,,1758.038,250.241,975.915,,2228.806,,,,,,,,,,,,,,,,,,,425.1985591,,719.408018,,,,,,,,,,,,,,,,,,,,7069.323114,,,
540,,,1757.596,,,,,,,,,,,,,,1726.4768,446.3825516,,537.5939884,,,,,,,,,,,,,,,,,,,,,,,,,,,,,,,,,,,,,,,,,114528.477,,,,,,,,1331.916,184.005,977.454,,1071.187,,,,,,,,,,,,,,,,,,,713.8926297,,974.324888,,,,,,,,,,,,,,,,,,,,2436.968111,,,
539,,,2097.936,,,,,,,,,,,,,,1487.69422,339.4568727,,1733.911076,,,,,,,,,,,,,,,,,,,,,,,,,,,,,,,,,,,,,,,,,42502.896,,,,,,,,1286.22,630.779,869.13,,1366.928,,,,,,,,,,,,,,,,,,,508.0198369,,660.238219,,,,,,,,,,,,,,,,,,,,3484.096134,,,
538,,,1641.996,,,,,,,,,,,,,,1235.206394,444.9232822,,732.2562234,,,,,,,,,,,,,,,,,,,,,,,,,,,,,,,,,,,,,,,,,30632.136,,,,,,,,1074.06,481.371,828.198,,1572.611,,,,,,,,,,,,,,,,,,,365.3910259,,1316.669087,,,,,,,,,,,,,,,,,,,,10797.82148,,,
537,,,592.076,,,,,,,,,,,,,,772.3651004,316.0926159,,1131.518807,,,,,,,,,,,,,,,,,,,,,,,,,,,,,,,,,,,,,,,,,63597.3,,,,,,,,680.612,572.344,836.352,,1921.077,,,,,,,,,,,,,,,,,,,533.6256503,,510.874312,,,,,,,,,,,,,,,,,,,,3132.474918,,,
536,,,711.008,,,,,,,,,,,,,,1280.587762,510.0144073,,1289.01339,,,,,,,,,,,,,,,,,,,,,,,,,,,,,,,,,,,,,,,,,88182,,,,,,,,693.192,721.665,836.73,,1696.191,,,,,,,,,,,,,,,,,,,329.0750984,,698.821049,,,,,,,,,,,,,,,,,,,,3984.097657,,,
535,,,997.56,,,,,,,,,,,,,,1192.580193,727.9788773,,1144.754769,,,,,,,,,,,,,,,,,,,,,,,,,,,,,,,,,,,,,,,,,48038.099,,,,,,,,553.826,503.15,699.192,,760.609,,,,,,,,,,,,,,,,,,,649.1860937,,676.062007,,,,,,,,,,,,,,,,,,,,3403.799021,,,
534,,,1664.98,,,,,,,,,,,,,,1012.30082,985.1384654,,592.3204592,,,,,,,,,,,,,,,,,,,,,,,,,,,,,,,,,,,,,,,,,53681.816,,,,,,,,439.62,462.753,445.77,,521.737,,,,,,,,,,,,,,,,,,,1305.083215,,1465.339963,,,,,,,,,,,,,,,,,,,,5424.966419,,,
533,,,395.692,,,,,,,,,,,,,,724.5163687,768.6085792,,1227.334696,,,,,,,,,,,,,,,,,,,,,,,,,,,,,,,,,,,,,,,,,67963.413,,,,,,,,654.738,538.327,,,484.441,,,,,,,,,,,,,,,,,,,1349.908111,,863.787665,,,,,,,,,,,,,,,,,,,,1989.90448,,,
532,,,528.836,,,,,,,,,,,,,,618.9996772,383.2880318,,1379.214022,,,,,,,,,,,,,,,,,,,,,,,,,,,,,,,,,,,,,,,,,69504.666,,,,,,,,922.964,246.413,337.851,,852.924,,,,,,,,,,,,,,,,,,,413.1913203,,1257.072034,,,,,,,,,,,,,,,,,,,,9496.177465,,,
531,,,987.904,,,,,,,,,,,,,,808.0150973,489.4905487,,235.7962192,,,,,,,,,,,,,,,,,,,,,,,,,,,,,,,,,,,,,,,,,78454.38,,,,,,,,829.498,265.234,423.657,,1412.401,,,,,,,,,,,,,,,,,,,397.9862142,,1225.155132,,,,,,,,,,,,,,,,,,,,4523.962932,,,
530,,,946.968,,,,,,,,,,,,,,2080.181195,458.7667268,,488.4827743,,,,,,,,,,,,,,,,,,,,,,,,,,,,,,,,,,,,,,,,,47063.52,,,,,,,,945.064,869.304,399.492,,1258.814,,,,,,,,,,,,,,,,,,,269.0736759,,446.816681,,,,,,,,,,,,,,,,,,,,4625.449849,,,
529,,,633.624,,,,,,,,,,,,,,1020.256361,203.0003284,,1348.018151,,,,,,,,,,,,,,,,,,,,,,,,,,,,,,,,,,,,,,,,,74276.2,,,,,,,,1213.664,871.798,621.486,,1007.473,,,,,,,,,,,,,,,,,,,816.7750492,,691.258994,,,,,,,,,,,,,,,,,,,,2586.331189,,,
528,,,490.348,,,,,,,,,,,,,,1204.67389,291.2326913,,1301.358042,,,,,,,,,,,,,,,,,,,,,,,,,,,,,,,,,,,,,,,,,43691.904,,,,,,,,1185.41,761.453,929.853,,907.277,,,,,,,,,,,,,,,,,,,223.720595,,1218.151152,,,,,,,,,,,,,,,,,,,,3251.544008,,,
527,,,1630.164,,,,,,,,,,,,,,1036.163687,578.4995842,,684.125451,,,,,,,,,,,,,,,,,,,,,,,,,,,,,,,,,,,,,,,,,41920.536,,,,,,,,1524.186,727.987,744.228,,582.01,,,,,,,,,,,,,,,,,,,430.3891216,,703.258941,,,,,,,,,,,,,,,,,,,,4628.608039,,,
526,,,1462,,,,,,,,,,,,,,1341.425414,439.4716847,,192.9241794,,,,,,,,,,,,,,,,,,,,,,,,,,,,,,,,,,,,,,,,,49263.102,,,,,,,,1313.828,525.828,780.678,,783.993,,,,,,,,,,,,,,,,,,,689.8575258,,437.950881,,,,,,,,,,,,,,,,,,,,8511.689758,,,
525,,,663.068,,,,,,,,,,,,,,1395.134267,1438.368157,,354.4296601,,,,,,,,,,,,,,,,,,,,,,,,,,,,,,,,,,,,,,,,,30733.336,,,,,,,,1141.55,622.34,891.405,,1750.581,,,,,,,,,,,,,,,,,,,343.6308595,,243.012109,,,,,,,,,,,,,,,,,,,,3043.34695,,,
524,,,583.236,,,,,,,,,,,,,,1486.80076,1064.628809,,504.9720204,,,,,,,,,,,,,,,,,,,,,,,,,,,,,,,,,,,,,,,,,48355.89,,,,,,,,1463.802,535.746,958.446,,2120.47,,,,,,,,,,,,,,,,,,,339.2500687,,398.785975,,,,,,,,,,,,,,,,,,,,3321.614116,,,
523,,,1015.58,,,,,,,,,,,,,,425.9718595,1070.391558,,980.5753566,,,,,,,,,,,,,,,,,,,,,,,,,,,,,,,,,,,,,,,,,73121.715,,,,,,,,1275.51,407.885,819.909,,951.973,,,,,,,,,,,,,,,,,,,529.7359266,,266.762846,,,,,,,,,,,,,,,,,,,,6065.719399,,,
522,,,1915.9,,,,,,,,,,,,,,1502.65248,721.9155176,,748.0769866,,,,,,,,,,,,,,,,,,,,,,,,,,,,,,,,,,,,,,,,,116856.997,,,,,,,,1057.434,590.237,720.576,,943.093,,,,,,,,,,,,,,,,,,,501.9891011,,872.874522,,,,,,,,,,,,,,,,,,,,7612.651983,,,
521,,,3617.804,,,,,,,,,,,,,,1058.460428,537.7878784,,1131.251414,,,,,,,,,,,,,,,,,,,,,,,,,,,,,,,,,,,,,,,,,62824.293,,,,,,,,1407.022,906.337,539.19,,613.978,,,,,,,,,,,,,,,,,,,166.4036347,,842.209879,,,,,,,,,,,,,,,,,,,,4549.294289,,,
520,,,873.936,,,,,,,,,,,,,,1112.870356,465.4971702,,453.6770954,,,,,,,,,,,,,,,,,,,,,,,,,,,,,,,,,,,,,,,,,64572.178,,,,,,,,1274.422,646.816,379.269,,532.985,,,,,,,,,,,,,,,,,,,475.3662176,,633.925739,,,,,,,,,,,,,,,,,,,,4190.726069,,,
519,,,794.512,,,,,,,,,,,,,,623.7872636,821.0663203,,361.7829725,,,,,,,,,,,,,,,,,,,,,,,,,,,,,,,,,,,,,,,,,80483.67,,,,,,,,588.472,722.274,430.11,,1718.576,,,,,,,,,,,,,,,,,,,509.4186808,,463.205534,,,,,,,,,,,,,,,,,,,,2288.27061,,,
518,,,617.712,,,,,,,,,,,,,,3035.928431,627.9199551,,1471.330973,,,,,,,,,,,,,,,,,,,,,,,,,,,,,,,,,,,,,,,,,52811.22,,,,,,,,272.17,715.894,422.793,,1017.611,,,,,,,,,,,,,,,,,,,577.4426685,,571.345341,,,,,,,,,,,,,,,,,,,,3723.143915,,,
517,,,635.868,,,,,,,,,,,,,,1010.059433,359.5317768,,139.7129366,,,,,,,,,,,,,,,,,,,,,,,,,,,,,,,,,,,,,,,,,50450.592,,,,,,,,712.946,787.437,490.86,,1223.109,,,,,,,,,,,,,,,,,,,507.1260481,,1245.214423,,,,,,,,,,,,,,,,,,,,5868.823787,,,
516,,,694.62,,,,,,,,,,,,,,772.6326687,373.6541936,,877.5844168,,,,,,,,,,,,,,,,,,,,,,,,,,,,,,,,,,,,,,,,,58769.508,,,,,,,,1090.516,874.785,506.736,,1405.556,,,,,,,,,,,,,,,,,,,250.0910985,,525.096168,,,,,,,,,,,,,,,,,,,,4955.195457,,,
515,,,964.58,,,,,,,,,,,,,,826.1498633,648.6818915,,1253.806621,,,,,,,,,,,,,,,,,,,,,,,,,,,,,,,,,,,,,,,,,58812.403,,,,,,,,1911.446,721.143,453.303,,890.479,,,,,,,,,,,,,,,,,,,613.0891069,,345.881036,,,,,,,,,,,,,,,,,,,,5723.325114,,,
514,,,1129.072,,,,,,,,,,,,,,720.1053481,208.2557498,,1354.21276,,,,,,,,,,,,,,,,,,,,,,,,,,,,,,,,,,,,,,,,,78290.712,,,,,,,,998.75,655.313,500.904,,745.328,,,,,,,,,,,,,,,,,,,659.9484174,,706.211849,,,,,,,,,,,,,,,,,,,,7265.705918,,,
513,,,640.424,,,,,,,,,,,,,,1101.40671,903.7527772,,549.1364607,,,,,,,,,,,,,,,,,,,,,,,,,,,,,,,,,,,,,,,,,67666.115,,,,,,,,669.018,630.083,492.048,,796.573,,,,,,,,,,,,,,,,,,,535.5114718,,568.849417,,,,,,,,,,,,,,,,,,,,3755.153441,,,
512,,,1142.196,,,,,,,,,,,,,,1549.938854,685.8653956,,801.9121468,,,,,,,,,,,,,,,,,,,,,,,,,,,,,,,,,,,,,,,,,51061.932,,,,,,,,508.878,789.206,677.268,,602.101,,,,,,,,,,,,,,,,,,,948.6637251,,759.627182,,,,,,,,,,,,,,,,,,,,10229.9033,,,
511,,,3503.156,,,,,,,,,,,,,,971.6302955,800.1918096,,1304.878718,,,,,,,,,,,,,,,,,,,,,,,,,,,,,,,,,,,,,,,,,84079.812,,,,,,,,419.152,867.477,853.119,,631.886,,,,,,,,,,,,,,,,,,,808.7752794,,633.325648,,,,,,,,,,,,,,,,,,,,3936.928801,,,
510,,,3449.164,,,,,,,,,,,,,,1608.731892,569.4636801,,,,,,,,,,,,,,,,,,,,,,,,,,,,,,,,,,,,,,,,,,,69038.709,,,,,,,,412.93,701.365,826.605,,1450.844,,,,,,,,,,,,,,,,,,,392.2581158,,887.216056,,,,,,,,,,,,,,,,,,,,4481.22273,,,
509,,,895.356,,,,,,,,,,,,,,1428.639182,1013.515166,,1646.161547,,,,,,,,,,,,,,,,,,,,,,,,,,,,,,,,,,,,,,,,,94140.334,,,,,,,,571.88,659.779,664.119,,1585.117,,,,,,,,,,,,,,,,,,,483.8590629,,1833.567896,,,,,,,,,,,,,,,,,,,,3891.073651,,,
508,,,830.892,,,,,,,,,,,,,,782.2658352,383.1943336,,1245.963088,,,,,,,,,,,,,,,,,,,,,,,,,,,,,,,,,,,,,,,,,49506.028,,,,,,,,895.016,424.792,368.226,,1024.456,,,,,,,,,,,,,,,,,,,599.440127,,994.442711,,,,,,,,,,,,,,,,,,,,4889.506699,,,
507,,,784.244,,,,,,,,,,,,,,789.1713209,,,786.8935632,,,,,,,,,,,,,,,,,,,,,,,,,,,,,,,,,,,,,,,,,73586.016,,,,,,,,759.254,805.765,324.162,,1015.354,,,,,,,,,,,,,,,,,,,366.5801025,,518.130045,,,,,,,,,,,,,,,,,,,,3644.798928,,,
506,,,1041.08,,,,,,,,,,,,,,1840.658244,,,845.1852765,,,,,,,,,,,,,,,,,,,,,,,,,,,,,,,,,,,,,,,,,72797.76,,,,,,,,692.138,963.786,403.65,,860.657,,,,,,,,,,,,,,,,,,,320.4996197,,381.594017,,,,,,,,,,,,,,,,,,,,3830.260738,,,
505,,,1232.568,,,,,,,,,,,,,,1000.197474,150.389316,,1646.919161,,,,,,,,,,,,,,,,,,,,,,,,,,,,,,,,,,,,,,,,,100775.558,,,,,,,,787.508,919.851,322.893,,549.709,,,,,,,,,,,,,,,,,,,687.6345534,,659.314793,,,,,,,,,,,,,,,,,,,,2967.68547,,,
504,,,1603.168,,,,,,,,,,,,,,547.2505079,1198.285847,,930.3945698,,,,,,,,,,,,,,,,,,,,,,,,,,,,,,,,,,,,,,,,,88322.07,,,,,,,,518.568,646.961,545.805,,597.55,,,,,,,,,,,,,,,,,,,797.6482489,,366.617063,,,,,,,,,,,,,,,,,,,,3484.729563,,,
503,,,1106.768,,,,,,,,,,,,,,863.6031531,399.478015,,506.1307242,,,,,,,,,,,,,,,,,,,,,,,,,,,,,,,,,,,,,,,,,72434.912,,,,,,,,384.642,342.867,633.15,,771.265,,,,,,,,,,,,,,,,,,,425.3453326,,1011.181731,,,,,,,,,,,,,,,,,,,,3346.494906,,,
502,,,1016.872,,,,,,,,,,,,,,1213.710932,328.1346388,,740.1443222,,,,,,,,,,,,,,,,,,,,,,,,,,,,,,,,,,,,,,,,,43441.848,,,,,,,,649.298,572.141,571.86,,992.71,,,,,,,,,,,,,,,,,,,791.7550063,,502.414175,,,,,,,,,,,,,,,,,,,,9198.570324,,,
501,,,1022.72,,,,,,,,,,,,,,1425.636067,2328.416839,,1506.983397,,,,,,,,,,,,,,,,,,,,,,,,,,,,,,,,,,,,,,,,,67596.54,,,,,,,,820.25,629.474,775.818,,1314.647,,,,,,,,,,,,,,,,,,,453.4648114,,877.345154,,,,,,,,,,,,,,,,,,,,7236.79069,,,
500,,,1220.328,,,,,,,,,,,,,,1508.689388,373.5179391,,1651.197452,,,,,,,,,,,,,,,,,,,,,,,,,,,,,,,,,,,,,,,,,46206.816,,,,,,,,907.494,439.553,900.909,,707.181,,,,,,,,,,,,,,,,,,,1075.813128,,349.582514,,,,,,,,,,,,,,,,,,,,5394.894989,,,
499,,,1134.92,,,,,,,,,,,,,,1240.135969,604.3789239,,1875.317502,,,,,,,,,,,,,,,,,,,,,,,,,,,,,,,,,,,,,,,,,41773.704,,,,,,,,772.106,340.431,598.347,,1036.999,,,,,,,,,,,,,,,,,,,560.2108006,,579.483886,,,,,,,,,,,,,,,,,,,,5632.96571,,,
498,,,467.772,,,,,,,,,,,,,,1456.131271,125.9733884,,752.8009328,,,,,,,,,,,,,,,,,,,,,,,,,,,,,,,,,,,,,,,,,70107.818,,,,,,,,501.398,440.191,344.466,,1043.955,,,,,,,,,,,,,,,,,,,654.5152556,,277.276542,,,,,,,,,,,,,,,,,,,,3023.207803,,,
497,,,616.42,,,,,,,,,,,,,,944.8395781,621.4871499,,903.0758999,,,,,,,,,,,,,,,,,,,,,,,,,,,,,,,,,,,,,,,,,55506.36,,,,,,,,488.988,369.605,443.124,,1278.387,,,,,,,,,,,,,,,,,,,1052.608579,,198.821539,,,,,,,,,,,,,,,,,,,,4221.625084,,,
496,,,483.14,,,,,,,,,,,,,,791.6626512,741.8065821,,900.4910992,,,,,,,,,,,,,,,,,,,,,,,,,,,,,,,,,,,,,,,,,56756.318,,,,,,,,703.426,435.435,372.195,,1569.244,,,,,,,,,,,,,,,,,,,1374.28921,,729.929556,,,,,,,,,,,,,,,,,,,,6174.532325,,,
495,,,424.524,,,,,,,,,,,,,,1275.416496,748.8597603,,493.919769,,,,,,,,,,,,,,,,,,,,,,,,,,,,,,,,,,,,,,,,,46357.696,,,,,,,,958.902,550.42,666.846,,838.087,,,,,,,,,,,,,,,,,,,1006.424409,,1168.457997,,,,,,,,,,,,,,,,,,,,4265.877024,,,
494,,,1806.148,,,,,,,,,,,,,,847.5149182,318.7797824,,223.0950432,,,,,,,,,,,,,,,,,,,,,,,,,,,,,,,,,,,,,,,,,32958.816,,,,,,,,1148.01,652.413,898.371,,409.516,,,,,,,,,,,,,,,,,,,588.520987,,707.284113,,,,,,,,,,,,,,,,,,,,7352.497705,,,
493,,,1549.176,,,,,,,,,,,,,,419.6167638,887.785023,,752.2215809,,,,,,,,,,,,,,,,,,,,,,,,,,,,,,,,,,,,,,,,,76089.888,,,,,,,,972.57,599.227,810.54,,726.199,,,,,,,,,,,,,,,,,,,1047.144136,,651.251649,,,,,,,,,,,,,,,,,,,,4332.491653,,,
492,,,942.684,,,,,,,,,,,,,,1651.60246,2562.74866,,699.5451244,,,,,,,,,,,,,,,,,,,,,,,,,,,,,,,,,,,,,,,,,79225.202,,,,,,,,763.912,634.607,704.268,,745.92,,,,,,,,,,,,,,,,,,,966.0703972,,1089.528092,,,,,,,,,,,,,,,,,,,,5856.447716,,,
491,,,1098.268,,,,,,,,,,,,,,2060.262059,733.6400399,,1386.6119,,,,,,,,,,,,,,,,,,,,,,,,,,,,,,,,,,,,,,,,,41795.6,,,,,,,,1035.266,667.58,557.901,,700.188,,,,,,,,,,,,,,,,,,,520.1661376,,1682.491353,,,,,,,,,,,,,,,,,,,,2526.964754,,,
490,,,1532.108,,,,,,,,,,,,,,550.3069367,776.3842657,,656.4948224,,,,,,,,,,,,,,,,,,,,,,,,,,,,,,,,,,,,,,,,,41649.504,,,,,,,,689.724,745.909,444.501,,870.647,,,,,,,,,,,,,,,,,,,756.2951614,,1763.250793,,,,,,,,,,,,,,,,,,,,4620.163996,,,
489,,,1658.996,,,,,,,,,,,,,,505.2998555,842.048904,,1468.969,,,,,,,,,,,,,,,,,,,,,,,,,,,,,,,,,,,,,,,,,58434.628,,,,,,,,376.414,644.061,395.982,,1090.094,,,,,,,,,,,,,,,,,,,977.0922044,,876.903398,,,,,,,,,,,,,,,,,,,,4256.580662,,,
488,,,1214.956,,,,,,,,,,,,,,1145.012027,621.1090455,,675.9253935,,,,,,,,,,,,,,,,,,,,,,,,,,,,,,,,,,,,,,,,,48213.06,,,,,,,,,839.956,554.229,,974.728,,,,,,,,,,,,,,,,,,,500.0476501,,1026.997187,,,,,,,,,,,,,,,,,,,,2539.647872,,,
487,,,1220.804,,,,,,,,,,,,,,790.0259002,497.2425008,,1192.439886,,,,,,,,,,,,,,,,,,,,,,,,,,,,,,,,,,,,,,,,,47267.99,,,,,,,,387.906,1289.021,705.726,,646.279,,,,,,,,,,,,,,,,,,,325.1563974,,436.619466,,,,,,,,,,,,,,,,,,,,2826.904736,,,
486,,,854.284,,,,,,,,,,,,,,1349.276069,511.3091535,,1001.788549,,,,,,,,,,,,,,,,,,,,,,,,,,,,,,,,,,,,,,,,,40302.463,,,,,,,,817.666,783.116,767.205,,1008.62,,,,,,,,,,,,,,,,,,,403.1181922,,438.146887,,,,,,,,,,,,,,,,,,,,5096.572195,,,
485,,,877.744,,,,,,,,,,,,,,1487.889349,1671.724463,,718.5746057,,,,,,,,,,,,,,,,,,,,,,,,,,,,,,,,,,,,,,,,,44849.448,,,,,,,,674.016,595.08,654.048,,934.953,,,,,,,,,,,,,,,,,,,475.8149482,,160.271777,,,,,,,,,,,,,,,,,,,,2735.466802,,,
484,,,507.892,,,,,,,,,,,,,,888.7910536,1033.751746,,1027.324598,,,,,,,,,,,,,,,,,,,,,,,,,,,,,,,,,,,,,,,,,40563.72,,,,,,,,615.196,578.376,495.45,,676.212,,,,,,,,,,,,,,,,,,,906.8906979,,234.778283,,,,,,,,,,,,,,,,,,,,5382.074799,,,
483,,,1933.784,,,,,,,,,,,,,,226.1379735,880.825919,,833.9101974,,,,,,,,,,,,,,,,,,,,,,,,,,,,,,,,,,,,,,,,,20391.34,,,,,,,,742.56,577.593,531.171,,880.304,,,,,,,,,,,,,,,,,,,525.5982985,,139.695448,,,,,,,,,,,,,,,,,,,,6202.421127,,,
482,,,1120.64,,,,,,,,,,,,,,607.8514848,828.4280832,,965.3339453,,,,,,,,,,,,,,,,,,,,,,,,,,,,,,,,,,,,,,,,,70504.2,,,,,,,,1089.938,262.653,554.418,,1729.972,,,,,,,,,,,,,,,,,,,1677.823187,,586.928139,,,,,,,,,,,,,,,,,,,,4524.647315,,,
481,,,963.424,,,,,,,,,,,,,,710.7306475,454.3753757,,544.2342524,,,,,,,,,,,,,,,,,,,,,,,,,,,,,,,,,,,,,,,,,26924.513,,,,,,,,1292.068,304.355,611.172,,1894.141,,,,,,,,,,,,,,,,,,,1897.328484,,1359.330495,,,,,,,,,,,,,,,,,,,,5943.403911,,,
480,,,824.092,,,,,,,,,,,,,,1015.125462,1084.038296,,991.9395667,,,,,,,,,,,,,,,,,,,,,,,,,,,,,,,,,,,,,,,,,70755.705,,,,,,,,1100.58,561.527,715.176,,1211.158,,,,,,,,,,,,,,,,,,,1043.741374,,578.811075,,,,,,,,,,,,,,,,,,,,7037.43126,,,
479,,,1241.816,,,,,,,,,,,,,,1234.193749,668.6098494,,752.0433188,,,,,,,,,,,,,,,,,,,,,,,,,,,,,,,,,,,,,,,,,57003.66,,,,,,,,693.328,522.29,894.699,,861.397,,,,,,,,,,,,,,,,,,,778.118872,,1014.247663,,,,,,,,,,,,,,,,,,,,4249.103874,,,
478,,,932.348,,,,,,,,,,,,,,803.8709449,312.315668,,562.3278575,,,,,,,,,,,,,,,,,,,,,,,,,,,,,,,,,,,,,,,,,51569.358,,,,,,,,417.452,880.063,771.957,,304.954,,,,,,,,,,,,,,,,,,,628.014001,,1244.218128,,,,,,,,,,,,,,,,,,,,5665.894353,,,
477,,,495.584,,,,,,,,,,,,,,811.3332041,439.7977661,,637.2425135,,,,,,,,,,,,,,,,,,,,,,,,,,,,,,,,,,,,,,,,,36669.36,,,,,,,,307.326,833.489,967.248,,184.741,,,,,,,,,,,,,,,,,,,1190.096301,,521.653396,,,,,,,,,,,,,,,,,,,,3988.731984,,,
476,,,477.632,,,,,,,,,,,,,,936.5028531,516.8581967,,789.5229295,,,,,,,,,,,,,,,,,,,,,,,,,,,,,,,,,,,,,,,,,65354.454,,,,,,,,290.02,,1091.475,,511.155,,,,,,,,,,,,,,,,,,,1199.214188,,687.902524,,,,,,,,,,,,,,,,,,,,3037.419918,,,
475,,,750.856,,,,,,,,,,,,,,885.058953,489.2996873,,472.0826593,,,,,,,,,,,,,,,,,,,,,,,,,,,,,,,,,,,,,,,,,48660.249,,,,,,,,376.618,618.512,680.913,,1069.596,,,,,,,,,,,,,,,,,,,748.1929456,,430.633367,,,,,,,,,,,,,,,,,,,,2863.673848,,,
474,,,666.604,,,,,,,,,,,,,,1245.848083,294.1071474,,374.9743694,,,,,,,,,,,,,,,,,,,,,,,,,,,,,,,,,,,,,,,,,44530.668,,,,,,,,529.21,491.956,347.868,,1138.046,,,,,,,,,,,,,,,,,,,1593.927762,,193.932261,,,,,,,,,,,,,,,,,,,,3312.836231,,,
473,,,774.384,,,,,,,,,,,,,,1420.51415,949.7606812,,898.8867401,,,,,,,,,,,,,,,,,,,,,,,,,,,,,,,,,,,,,,,,,47480.648,,,,,,,,557.362,786.161,349.731,,802.789,,,,,,,,,,,,,,,,,,,757.6772347,,411.512377,,,,,,,,,,,,,,,,,,,,2678.357771,,,
472,,,1765.96,,,,,,,,,,,,,,987.8096397,1485.261832,,240.2082067,,,,,,,,,,,,,,,,,,,,,,,,,,,,,,,,,,,,,,,,,52665.837,,,,,,,,662.388,705.541,615.465,,661.56,,,,,,,,,,,,,,,,,,,836.7839469,,694.778093,,,,,,,,,,,,,,,,,,,,5194.668946,,,
471,,,768.672,,,,,,,,,,,,,,959.5814942,1265.935811,,516.6927548,,,,,,,,,,,,,,,,,,,,,,,,,,,,,,,,,,,,,,,,,39577.71,,,,,,,,754.46,358.411,847.773,,1376.289,,,,,,,,,,,,,,,,,,,1178.329081,,745.990621,,,,,,,,,,,,,,,,,,,,3409.865195,,,
470,,,879.376,,,,,,,,,,,,,,783.9231896,603.1564181,,1717.109871,,,,,,,,,,,,,,,,,,,,,,,,,,,,,,,,,,,,,,,,,53515.802,,,,,,,,699.55,348.812,550.233,,1605.578,,,,,,,,,,,,,,,,,,,893.4724033,,1456.79266,,,,,,,,,,,,,,,,,,,,4569.954581,,,
469,,,702.372,,,,,,,,,,,,,,499.80836,712.965978,,987.2156206,,,,,,,,,,,,,,,,,,,,,,,,,,,,,,,,,,,,,,,,,72653.504,,,,,,,,705.33,810.405,292.572,,943.648,,,,,,,,,,,,,,,,,,,977.454056,,530.828727,,,,,,,,,,,,,,,,,,,,4191.400581,,,
468,,,644.164,,,,,,,,,,,,,,2322.812867,545.2205446,,1035.524655,,,,,,,,,,,,,,,,,,,,,,,,,,,,,,,,,,,,,,,,,54186.114,,,,,,,,634.44,715.024,373.626,,748.769,,,,,,,,,,,,,,,,,,,1041.746617,,965.224066,,,,,,,,,,,,,,,,,,,,6650.691108,,,
467,,,463.352,,,,,,,,,,,,,,1276.455469,731.3672465,,1204.07149,,,,,,,,,,,,,,,,,,,,,,,,,,,,,,,,,,,,,,,,,33302.85,,,,,,,,854.08,709.717,669.789,,544.085,,,,,,,,,,,,,,,,,,,584.8062828,,412.169461,,,,,,,,,,,,,,,,,,,,1573.181889,,,
466,,,690.948,,,,,,,,,,,,,,1226.100977,467.7844859,,466.6456646,,,,,,,,,,,,,,,,,,,,,,,,,,,,,,,,,,,,,,,,,78885.492,,,,,,,,1141.72,380.886,822.609,,674.399,,,,,,,,,,,,,,,,,,,776.360309,,479.768286,,,,,,,,,,,,,,,,,,,,4337.973885,,,
465,,,741.404,,,,,,,,,,,,,,769.9283275,372.6909226,,811.3600392,,,,,,,,,,,,,,,,,,,,,,,,,,,,,,,,,,,,,,,,,70428.668,,,,,,,,846.396,72.094,932.418,,486.661,,,,,,,,,,,,,,,,,,,1294.642812,,969.463047,,,,,,,,,,,,,,,,,,,,4843.042578,,,
464,,,644.504,,,,,,,,,,,,,,729.1157933,1108.082697,,886.3638262,,,,,,,,,,,,,,,,,,,,,,,,,,,,,,,,,,,,,,,,,46363.262,,,,,,,,477.224,266.626,733.023,,522.514,,,,,,,,,,,,,,,,,,,878.2337164,,725.172188,,,,,,,,,,,,,,,,,,,,7678.561832,,,
463,,,1249.364,,,,,,,,,,,,,,746.8524375,,,1216.995493,,,,,,,,,,,,,,,,,,,,,,,,,,,,,,,,,,,,,,,,,51521.288,,,,,,,,636.718,249.835,742.527,,1429.606,,,,,,,,,,,,,,,,,,,513.9426533,,1125.726027,,,,,,,,,,,,,,,,,,,,6379.279147,,,
462,,,779.552,,,,,,,,,,,,,,937.3811044,,,1004.908136,,,,,,,,,,,,,,,,,,,,,,,,,,,,,,,,,,,,,,,,,60813.012,,,,,,,,453.526,376.13,815.157,,1135.012,,,,,,,,,,,,,,,,,,,883.5978045,,1409.663721,,,,,,,,,,,,,,,,,,,,8193.526319,,,
461,,,476.204,,,,,,,,,,,,,,3236.374255,,,979.0601286,,,,,,,,,,,,,,,,,,,,,,,,,,,,,,,,,,,,,,,,,63842.48,,,,,,,,246.602,758.93,689.148,,476.079,,,,,,,,,,,,,,,,,,,1077.788105,,821.333848,,,,,,,,,,,,,,,,,,,,5682.009415,,,
460,,,463.148,,,,,,,,,,,,,,1930.461251,,,692.7711639,,,,,,,,,,,,,,,,,,,,,,,,,,,,,,,,,,,,,,,,,43887.197,,,,,,,,212.602,623.558,764.154,,412.365,,,,,,,,,,,,,,,,,,,839.6067967,,619.041168,,,,,,,,,,,,,,,,,,,,3416.645116,,,
459,,,428.876,,,,,,,,,,,,,,1942.040617,,,520.9264802,,,,,,,,,,,,,,,,,,,,,,,,,,,,,,,,,,,,,,,,,64721.448,,,,,,,,291.516,453.183,768.393,,476.264,,,,,,,,,,,,,,,,,,,1008.218567,,354.416311,,,,,,,,,,,,,,,,,,,,6715.552102,,,
458,,,1102.892,,,,,,,,,,,,,,1082.479841,,,959.9415162,,,,,,,,,,,,,,,,,,,,,,,,,,,,,,,,,,,,,,,,,50386.238,,,,,,,,622.506,557.96,785.565,,854.811,,,,,,,,,,,,,,,,,,,1611.868311,,849.478565,,,,,,,,,,,,,,,,,,,,6870.450669,,,
457,,,1071.204,,,,,,,,,,,,,,416.8216928,,,684.6602374,,,,,,,,,,,,,,,,,,,,,,,,,,,,,,,,,,,,,,,,,34213.098,,,,,,,,822.324,418.441,377.055,,680.837,,,,,,,,,,,,,,,,,,,766.6228589,,320.100935,,,,,,,,,,,,,,,,,,,,7003.159297,,,
456,,,956.896,,,,,,,,,,,,,,1016.348923,,,1770.276548,,,,,,,,,,,,,,,,,,,,,,,,,,,,,,,,,,,,,,,,,34815.583,,,,,,,,840.684,596.849,350.244,,891.293,,,,,,,,,,,,,,,,,,,394.6683355,,855.231906,,,,,,,,,,,,,,,,,,,,2777.511849,,,
455,,,871.624,,,,,,,,,,,,,,1183.063179,,,865.2843305,,,,,,,,,,,,,,,,,,,,,,,,,,,,,,,,,,,,,,,,,42274.644,,,,,,,,784.108,868.579,454.113,,1297.775,,,,,,,,,,,,,,,,,,,631.3244096,,1812.508525,,,,,,,,,,,,,,,,,,,,4319.161583,,,
454,,,1755.624,,,,,,,,,,,,,,1084.541053,,,749.1465593,,,,,,,,,,,,,,,,,,,,,,,,,,,,,,,,,,,,,,,,,58677.301,,,,,,,,763.164,623.268,475.74,,956.043,,,,,,,,,,,,,,,,,,,816.596469,,411.599684,,,,,,,,,,,,,,,,,,,,6995.127934,,,
453,,,968.864,,,,,,,,,,,,,,1058.406373,,,1113.469767,,,,,,,,,,,,,,,,,,,,,,,,,,,,,,,,,,,,,,,,,18218.76,,,,,,,,690.234,765.078,608.499,,956.302,,,,,,,,,,,,,,,,,,,399.8202226,,291.820597,,,,,,,,,,,,,,,,,,,,3930.360632,,,
452,,,1389.58,,,,,,,,,,,,,,436.4935765,,,855.5690449,,,,,,,,,,,,,,,,,,,,,,,,,,,,,,,,,,,,,,,,,27067.159,,,,,,,,572.526,639.16,860.409,,1014.688,,,,,,,,,,,,,,,,,,,1041.409059,,706.845537,,,,,,,,,,,,,,,,,,,,13739.77841,,,
451,,,1140.972,,,,,,,,,,,,,,1660.886805,,,1314.727701,,,,,,,,,,,,,,,,,,,,,,,,,,,,,,,,,,,,,,,,,52849.906,,,,,,,,622.778,422.24,798.201,,1207.717,,,,,,,,,,,,,,,,,,,443.0110981,,1025.180013,,,,,,,,,,,,,,,,,,,,5204.770323,,,
450,,,937.108,,,,,,,,,,,,,,1326.935932,,,1389.063005,,,,,,,,,,,,,,,,,,,,,,,,,,,,,,,,,,,,,,,,,41846.246,,,,,,,,613.292,783.29,535.221,,1230.028,,,,,,,,,,,,,,,,,,,652.9518858,,751.073797,,,,,,,,,,,,,,,,,,,,3164.114986,,,
449,,,2177.292,,,,,,,,,,,,,,910.7367012,,,2350.074093,,,,,,,,,,,,,,,,,,,,,,,,,,,,,,,,,,,,,,,,,40249.264,,,,,,,,686.46,694.579,491.67,,735.93,,,,,,,,,,,,,,,,,,,901.9157124,,991.983607,,,,,,,,,,,,,,,,,,,,3450.282566,,,
448,,,392.156,,,,,,,,,,,,,,1066.983877,,,1495.440925,,,,,,,,,,,,,,,,,,,,,,,,,,,,,,,,,,,,,,,,,31032.75,,,,,,,,768.944,532.585,819.666,,723.313,,,,,,,,,,,,,,,,,,,775.5298937,,690.116194,,,,,,,,,,,,,,,,,,,,4665.826128,,,
447,,,482.596,,,,,,,,,,,,,,1490.008137,,,1041.763829,,,,,,,,,,,,,,,,,,,,,,,,,,,,,,,,,,,,,,,,,41057.093,,,,,,,,717.706,572.866,949.914,,620.527,,,,,,,,,,,,,,,,,,,532.2018927,,318.98522,,,,,,,,,,,,,,,,,,,,4743.676902,,,
446,,,1470.772,,,,,,,,,,,,,,563.375184,,,878.2083342,,,,,,,,,,,,,,,,,,,,,,,,,,,,,,,,,,,,,,,,,62090.8,,,,,,,,541.756,679.035,839.079,,598.142,,,,,,,,,,,,,,,,,,,1415.827722,,298.255175,,,,,,,,,,,,,,,,,,,,4643.605035,,,
445,,,613.156,,,,,,,,,,,,,,883.7744042,,,957.3121499,,,,,,,,,,,,,,,,,,,,,,,,,,,,,,,,,,,,,,,,,51480.256,,,,,,,,499.766,357.686,569.214,,1192.917,,,,,,,,,,,,,,,,,,,655.6020963,,1977.11989,,,,,,,,,,,,,,,,,,,,4150.523106,,,
444,,,1190.204,,,,,,,,,,,,,,353.5048532,,,477.5642195,,,,,,,,,,,,,,,,,,,,,,,,,,,,,,,,,,,,,,,,,23193.522,,,,,,,,721.684,513.822,699.462,,1407.036,,,,,,,,,,,,,,,,,,,550.3036858,,1037.70771,,,,,,,,,,,,,,,,,,,,3912.66139,,,
443,,,1358.776,,,,,,,,,,,,,,697.8038692,,,786.4033424,,,,,,,,,,,,,,,,,,,,,,,,,,,,,,,,,,,,,,,,,68483.052,,,,,,,,975.324,480.037,946.647,,1090.094,,,,,,,,,,,,,,,,,,,1019.635605,,683.872766,,,,,,,,,,,,,,,,,,,,9312.694189,,,
442,,,1088.136,,,,,,,,,,,,,,752.9015554,,,1338.391997,,,,,,,,,,,,,,,,,,,,,,,,,,,,,,,,,,,,,,,,,71075.589,,,,,,,,1332.97,554.944,937.008,,690.975,,,,,,,,,,,,,,,,,,,1557.688321,,980.096837,,,,,,,,,,,,,,,,,,,,6744.264467,,,
441,,,501.432,,,,,,,,,,,,,,1137.697251,,,576.7670893,,,,,,,,,,,,,,,,,,,,,,,,,,,,,,,,,,,,,,,,,52804.78,,,,,,,,1568.08,727.958,825.552,,1187.293,,,,,,,,,,,,,,,,,,,465.1403034,,340.924036,,,,,,,,,,,,,,,,,,,,3850.588958,,,
440,,,340.544,,,,,,,,,,,,,,1329.819729,,,702.709277,,,,,,,,,,,,,,,,,,,,,,,,,,,,,,,,,,,,,,,,,67916.355,,,,,,,,1520.412,877.105,573.345,,871.683,,,,,,,,,,,,,,,,,,,1138.605446,,406.417262,,,,,,,,,,,,,,,,,,,,5870.318435,,,
439,,,,,,,,,,,,,,,,,801.693101,,,783.1500587,,,,,,,,,,,,,,,,,,,,,,,,,,,,,,,,,,,,,,,,,81297.87,,,,,,,,940.168,809.013,547.533,,1012.764,,,,,,,,,,,,,,,,,,,1033.118528,,1445.691873,,,,,,,,,,,,,,,,,,,,4954.107848,,,
438,,,1378.428,,,,,,,,,,,,,,1319.269617,,,1529.221596,,,,,,,,,,,,,,,,,,,,,,,,,,,,,,,,,,,,,,,,,40292.504,,,,,,,,770.882,1014.739,762.453,,1518.702,,,,,,,,,,,,,,,,,,,665.9064082,,1574.047865,,,,,,,,,,,,,,,,,,,,4383.048984,,,
437,,,755.208,,,,,,,,,,,,,,561.5117045,,,625.5217791,,,,,,,,,,,,,,,,,,,,,,,,,,,,,,,,,,,,,,,,,66924.457,,,,,,,,975.834,857.646,743.931,,881.636,,,,,,,,,,,,,,,,,,,959.7857113,,959.856401,,,,,,,,,,,,,,,,,,,,7229.915935,,,
436,,,299.54,,,,,,,,,,,,,,1381.050559,,,611.973858,,,,,,,,,,,,,,,,,,,,,,,,,,,,,,,,,,,,,,,,,58685.88,,,,,,,,940.1,963.322,698.814,,505.124,,,,,,,,,,,,,,,,,,,962.59643,,578.9352,,,,,,,,,,,,,,,,,,,,5186.522309,,,
435,,,1016.192,,,,,,,,,,,,,,1546.531665,,,473.1076665,,,,,,,,,,,,,,,,,,,,,,,,,,,,,,,,,,,,,,,,,51164.88,,,,,,,,1005.958,395.154,677.754,,598.475,,,,,,,,,,,,,,,,,,,618.5188909,,535.51124,,,,,,,,,,,,,,,,,,,,4722.385343,,,
434,,,1107.176,,,,,,,,,,,,,,1185.080651,,,932.4891497,,,,,,,,,,,,,,,,,,,,,,,,,,,,,,,,,,,,,,,,,68106.036,,,,,,,,868.87,261.58,679.374,,281.496,,,,,,,,,,,,,,,,,,,1231.400377,,769.485742,,,,,,,,,,,,,,,,,,,,3277.887953,,,
433,,,1345.584,,,,,,,,,,,,,,536.9817898,,,1058.832427,,,,,,,,,,,,,,,,,,,,,,,,,,,,,,,,,,,,,,,,,55029.225,,,,,,,,926.908,572.402,980.289,,289.784,,,,,,,,,,,,,,,,,,,1608.18605,,332.516285,,,,,,,,,,,,,,,,,,,,3435.022564,,,
432,,,537.132,,,,,,,,,,,,,,400.5051396,,,740.8573707,,,,,,,,,,,,,,,,,,,,,,,,,,,,,,,,,,,,,,,,,67745.856,,,,,,,,900.184,786.886,1080.567,,525.289,,,,,,,,,,,,,,,,,,,607.7907834,,462.569449,,,,,,,,,,,,,,,,,,,,5184.369325,,,
431,,,1589.568,,,,,,,,,,,,,,742.8786646,,,923.3532161,,,,,,,,,,,,,,,,,,,,,,,,,,,,,,,,,,,,,,,,,57332.376,,,,,,,,974.882,317.463,946.431,,483.627,,,,,,,,,,,,,,,,,,,801.4114954,,380.040398,,,,,,,,,,,,,,,,,,,,4880.839726,,,
430,,,2498.048,,,,,,,,,,,,,,934.7980397,,,643.7936464,,,,,,,,,,,,,,,,,,,,,,,,,,,,,,,,,,,,,,,,,62072.469,,,,,,,,769.964,390.05,536.49,,686.942,,,,,,,,,,,,,,,,,,,653.0390197,,524.36586,,,,,,,,,,,,,,,,,,,,9815.033816,,,
429,,,871.352,,,,,,,,,,,,,,203.0462716,,,217.2569588,,,,,,,,,,,,,,,,,,,,,,,,,,,,,,,,,,,,,,,,,106603.068,,,,,,,,436.56,538.994,474.714,,834.091,,,,,,,,,,,,,,,,,,,1569.301516,,547.467942,,,,,,,,,,,,,,,,,,,,3404.26513,,,
428,,,410.788,,,,,,,,,,,,,,603.9432717,,,1052.236729,,,,,,,,,,,,,,,,,,,,,,,,,,,,,,,,,,,,,,,,,53873.82,,,,,,,,435.574,669.668,552.825,,1182.816,,,,,,,,,,,,,,,,,,,867.8311086,,426.342161,,,,,,,,,,,,,,,,,,,,4850.13936,,,
427,,,715.292,,,,,,,,,,,,,,1133.837664,,,368.0221467,,,,,,,,,,,,,,,,,,,,,,,,,,,,,,,,,,,,,,,,,93891.681,,,,,,,,530.774,1080.627,505.737,,1068.153,,,,,,,,,,,,,,,,,,,404.6971254,,952.232075,,,,,,,,,,,,,,,,,,,,5535.541225,,,
426,,,755.208,,,,,,,,,,,,,,523.8304928,,,1116.589354,,,,,,,,,,,,,,,,,,,,,,,,,,,,,,,,,,,,,,,,,64582.252,,,,,,,,553.384,1051.25,644.49,,1403.595,,,,,,,,,,,,,,,,,,,696.117889,,673.891066,,,,,,,,,,,,,,,,,,,,6599.669354,,,
425,,,1154.096,,,,,,,,,,,,,,570.0017965,,,1135.262311,,,,,,,,,,,,,,,,,,,,,,,,,,,,,,,,,,,,,,,,,49908.896,,,,,,,,561.51,716.358,780.921,,1465.496,,,,,,,,,,,,,,,,,,,1257.13078,,224.58526,,,,,,,,,,,,,,,,,,,,5047.67022,,,
424,,,1105.136,,,,,,,,,,,,,,807.1753846,,,592.1867626,,,,,,,,,,,,,,,,,,,,,,,,,,,,,,,,,,,,,,,,,35735.56,,,,,,,,534.684,759.568,521.019,,946.164,,,,,,,,,,,,,,,,,,,745.7516981,,549.367641,,,,,,,,,,,,,,,,,,,,3429.295296,,,
423,,,1495.32,,,,,,,,,,,,,,1060.196997,,,645.7990952,,,,,,,,,,,,,,,,,,,,,,,,,,,,,,,,,,,,,,,,,64623.79,,,,,,,,902.666,541.807,449.685,,699.189,,,,,,,,,,,,,,,,,,,733.5083069,,1152.570642,,,,,,,,,,,,,,,,,,,,7367.05335,,,
422,,,433.704,,,,,,,,,,,,,,1950.672844,,,597.4454952,,,,,,,,,,,,,,,,,,,,,,,,,,,,,,,,,,,,,,,,,46203.987,,,,,,,,1019.048,350.755,733.32,,913.9,,,,,,,,,,,,,,,,,,,762.8759948,,1199.464321,,,,,,,,,,,,,,,,,,,,10092.60952,,,
421,,,1109.828,,,,,,,,,,,,,,2905.989826,,,1526.503099,,,,,,,,,,,,,,,,,,,,,,,,,,,,,,,,,,,,,,,,,51886.62,,,,,,,,806.65,585.481,783.648,,1616.863,,,,,,,,,,,,,,,,,,,782.4980152,,473.651127,,,,,,,,,,,,,,,,,,,,4682.324797,,,
420,,,1334.568,,,,,,,,,,,,,,1907.054327,,,805.209996,,,,,,,,,,,,,,,,,,,,,,,,,,,,,,,,,,,,,,,,,33341.95,,,,,,,,1128.256,832.532,517.779,,1431.789,,,,,,,,,,,,,,,,,,,380.6502576,,54.153523,,,,,,,,,,,,,,,,,,,,3737.692193,,,
419,,,1785.272,,,,,,,,,,,,,,1118.656655,,,494.0534656,,,,,,,,,,,,,,,,,,,,,,,,,,,,,,,,,,,,,,,,,51243.08,,,,,,,,1010.922,651.166,550.692,,478.817,,,,,,,,,,,,,,,,,,,1120.356958,,529.546897,,,,,,,,,,,,,,,,,,,,3142.803432,,,
418,,,1138.524,,,,,,,,,,,,,,1910.877169,,,520.8819146,,,,,,,,,,,,,,,,,,,,,,,,,,,,,,,,,,,,,,,,,48624.668,,,,,,,,1333.616,314.447,733.563,,247.53,,,,,,,,,,,,,,,,,,,627.0460553,,547.705,,,,,,,,,,,,,,,,,,,,5278.416276,,,
417,,,760.512,,,,,,,,,,,,,,1559.207992,,,1740.640471,,,,,,,,,,,,,,,,,,,,,,,,,,,,,,,,,,,,,,,,,38395.28,,,,,,,,608.566,176.987,693.846,,490.324,,,,,,,,,,,,,,,,,,,565.1443171,,994.820832,,,,,,,,,,,,,,,,,,,,4079.358183,,,
416,,,721.616,,,,,,,,,,,,,,1984.854968,,,1137.490588,,,,,,,,,,,,,,,,,,,,,,,,,,,,,,,,,,,,,,,,,42137.288,,,,,,,,490.586,398.605,452.898,,959.003,,,,,,,,,,,,,,,,,,,452.5322673,,781.950391,,,,,,,,,,,,,,,,,,,,2432.707113,,,
415,,,441.864,,,,,,,,,,,,,,1176.574196,,,1016.361477,,,,,,,,,,,,,,,,,,,,,,,,,,,,,,,,,,,,,,,,,57192.582,,,,,,,,579.972,567.559,434.376,,1431.345,,,,,,,,,,,,,,,,,,,627.8109739,,818.630513,,,,,,,,,,,,,,,,,,,,7531.435651,,,
414,,,,,,,,,,,,,,,,,870.4658813,,,,,,,,,,,,,,,,,,,,,,,,,,,,,,,,,,,,,,,,,,,,41581.217,,,,,,,,624.444,493.087,530.469,,2186.996,,,,,,,,,,,,,,,,,,,468.8081742,,747.563159,,,,,,,,,,,,,,,,,,,,3128.807533,,,
413,,,,,,,,,,,,,,,,,993.9512734,,,994.1232777,,,,,,,,,,,,,,,,,,,,,,,,,,,,,,,,,,,,,,,,,54609.291,,,,,,,,611.082,589.019,545.427,,1263.957,,,,,,,,,,,,,,,,,,,760.6585796,,890.053142,,,,,,,,,,,,,,,,,,,,3600.036058,,,
412,,,,,,,,,,,,,,,,,1514.386914,,,500.0252466,,,,,,,,,,,,,,,,,,,,,,,,,,,,,,,,,,,,,,,,,52077.06,,,,,,,,875.704,748.084,672.678,,1466.791,,,,,,,,,,,,,,,,,,,734.8543674,,626.687026,,,,,,,,,,,,,,,,,,,,4828.312704,,,
411,,,1069.164,,,,,,,,,,,,,,1050.101812,,,624.1402477,,,,,,,,,,,,,,,,,,,,,,,,,,,,,,,,,,,,,,,,,111757.046,,,,,,,,961.894,689.098,790.209,,1310.466,,,,,,,,,,,,,,,,,,,475.7420807,,757.394812,,,,,,,,,,,,,,,,,,,,7465.018053,,,
410,,,1326.816,,,,,,,,,,,,,,822.0684066,,,1284.02205,,,,,,,,,,,,,,,,,,,,,,,,,,,,,,,,,,,,,,,,,45391.19,,,,,,,,734.91,554.799,819.666,,1851.591,,,,,,,,,,,,,,,,,,,192.5816011,,1026.997036,,,,,,,,,,,,,,,,,,,,4146.306751,,,
409,,,644.028,,,,,,,,,,,,,,1113.45677,,,982.4471089,,,,,,,,,,,,,,,,,,,,,,,,,,,,,,,,,,,,,,,,,31645.447,,,,,,,,473.144,430.476,1084.023,,1500.72,,,,,,,,,,,,,,,,,,,1058.301774,,721.125982,,,,,,,,,,,,,,,,,,,,5083.072761,,,
408,,,881.484,,,,,,,,,,,,,,972.38463,,,734.3508033,,,,,,,,,,,,,,,,,,,,,,,,,,,,,,,,,,,,,,,,,31875.608,,,,,,,,557.396,476.093,1018.98,,1775.889,,,,,,,,,,,,,,,,,,,676.7237685,,736.778837,,,,,,,,,,,,,,,,,,,,3406.205981,,,
407,,,665.244,,,,,,,,,,,,,,273.1830709,,,717.6387296,,,,,,,,,,,,,,,,,,,,,,,,,,,,,,,,,,,,,,,,,48526.389,,,,,,,,854.182,496.683,901.881,,1135.752,,,,,,,,,,,,,,,,,,,1269.712163,,580.163122,,,,,,,,,,,,,,,,,,,,2645.287466,,,
406,,,978.996,,,,,,,,,,,,,,571.8032618,,,629.80007,,,,,,,,,,,,,,,,,,,,,,,,,,,,,,,,,,,,,,,,,42294.47,,,,,,,,942.208,659.605,566.244,,1001.109,,,,,,,,,,,,,,,,,,,743.0744014,,745.835685,,,,,,,,,,,,,,,,,,,,7607.827408,,,
405,,,1571.752,,,,,,,,,,,,,,2482.181283,,,1169.042983,,,,,,,,,,,,,,,,,,,,,,,,,,,,,,,,,,,,,,,,,86779.023,,,,,,,,904.842,664.999,373.68,,581.566,,,,,,,,,,,,,,,,,,,682.9616177,,551.425062,,,,,,,,,,,,,,,,,,,,5423.447804,,,
404,,,947.172,,,,,,,,,,,,,,1108.752944,,,1166.27992,,,,,,,,,,,,,,,,,,,,,,,,,,,,,,,,,,,,,,,,,92347.07,,,,,,,,818.006,533.339,591.273,,256.78,,,,,,,,,,,,,,,,,,,487.6202526,,399.411263,,,,,,,,,,,,,,,,,,,,2760.465055,,,
403,,,449.412,,,,,,,,,,,,,,1412.510429,,,964.7545934,,,,,,,,,,,,,,,,,,,,,,,,,,,,,,,,,,,,,,,,,32785.35,,,,,,,,862.852,459.94,653.724,,555.185,,,,,,,,,,,,,,,,,,,607.8885891,,334.480235,,,,,,,,,,,,,,,,,,,,3858.938961,,,
402,,,666.536,,,,,,,,,,,,,,1310.105941,,,1278.674187,,,,,,,,,,,,,,,,,,,,,,,,,,,,,,,,,,,,,,,,,62518.324,,,,,,,,793.424,699.103,674.352,,,,,,,,,,,,,,,,,,,,,767.1664035,,704.400918,,,,,,,,,,,,,,,,,,,,4429.611809,,,
401,,,882.3,,,,,,,,,,,,,,804.5689442,,,723.5659451,,,,,,,,,,,,,,,,,,,,,,,,,,,,,,,,,,,,,,,,,116157.636,,,,,,,,789.242,782.101,640.359,,544.936,,,,,,,,,,,,,,,,,,,951.7820067,,908.585317,,,,,,,,,,,,,,,,,,,,3227.466074,,,
400,,,777.104,,,,,,,,,,,,,,557.5098336,,,1761.006918,,,,,,,,,,,,,,,,,,,,,,,,,,,,,,,,,,,,,,,,,84476.7,,,,,,,,901.986,822.701,640.251,,609.464,,,,,,,,,,,,,,,,,,,826.9919885,,983.558997,,,,,,,,,,,,,,,,,,,,3836.606545,,,
399,,,845.172,,,,,,,,,,,,,,878.2535966,,,1357.733437,,,,,,,,,,,,,,,,,,,,,,,,,,,,,,,,,,,,,,,,,22354.39,,,,,,,,616.114,704.178,684.18,,981.869,,,,,,,,,,,,,,,,,,,1637.849646,,633.596508,,,,,,,,,,,,,,,,,,,,7249.241085,,,
398,,,520.472,,,,,,,,,,,,,,553.1485078,,,1658.550764,,,,,,,,,,,,,,,,,,,,,,,,,,,,,,,,,,,,,,,,,28956.862,,,,,,,,447.066,900.537,571.914,,1922.816,,,,,,,,,,,,,,,,,,,764.2033517,,708.672364,,,,,,,,,,,,,,,,,,,,5821.022047,,,
397,,,750.108,,,,,,,,,,,,,,1080.088447,,,540.4907478,,,,,,,,,,,,,,,,,,,,,,,,,,,,,,,,,,,,,,,,,44360.284,,,,,,,,701.284,822.005,566.703,,1481.295,,,,,,,,,,,,,,,,,,,582.9126169,,809.060887,,,,,,,,,,,,,,,,,,,,3370.674736,,,
396,,,1457.308,,,,,,,,,,,,,,1241.856642,,,1053.395433,,,,,,,,,,,,,,,,,,,,,,,,,,,,,,,,,,,,,,,,,24816.402,,,,,,,,1188.096,515.678,831.681,,1036.148,,,,,,,,,,,,,,,,,,,620.2269435,,1488.179534,,,,,,,,,,,,,,,,,,,,3216.051253,,,
395,,,1468.052,,,,,,,,,,,,,,1461.795146,,,586.749768,,,,,,,,,,,,,,,,,,,,,,,,,,,,,,,,,,,,,,,,,31320.756,,,,,,,,1845.52,544.04,766.638,,960.964,,,,,,,,,,,,,,,,,,,583.1257133,,983.54827,,,,,,,,,,,,,,,,,,,,3113.661893,,,
394,,,2030.956,,,,,,,,,,,,,,766.8141891,,,186.0610878,,,,,,,,,,,,,,,,,,,,,,,,,,,,,,,,,,,,,,,,,41026.227,,,,,,,,1947.248,642.756,737.478,,758.389,,,,,,,,,,,,,,,,,,,568.4985408,,631.935712,,,,,,,,,,,,,,,,,,,,5162.635156,,,
393,,,1086.436,,,,,,,,,,,,,,1097.744583,,,2340.314242,,,,,,,,,,,,,,,,,,,,,,,,,,,,,,,,,,,,,,,,,44779.275,,,,,,,,1433.746,608.971,883.251,,377.4,,,,,,,,,,,,,,,,,,,409.9239981,,931.024151,,,,,,,,,,,,,,,,,,,,2728.264738,,,
392,,,1013.88,,,,,,,,,,,,,,789.6031213,,,1366.958502,,,,,,,,,,,,,,,,,,,,,,,,,,,,,,,,,,,,,,,,,42157.068,,,,,,,,868.394,605.143,1147.014,,411.847,,,,,,,,,,,,,,,,,,,373.2819993,,867.804897,,,,,,,,,,,,,,,,,,,,2823.92389,,,
391,,,927.996,,,,,,,,,,,,,,930.9369549,,,461.5651942,,,,,,,,,,,,,,,,,,,,,,,,,,,,,,,,,,,,,,,,,38812.224,,,,,,,,892.092,602.881,1076.598,,461.871,,,,,,,,,,,,,,,,,,,905.4311815,,489.400016,,,,,,,,,,,,,,,,,,,,2926.251016,,,
390,,,835.924,,,,,,,,,,,,,,1221.561053,,,450.4683772,,,,,,,,,,,,,,,,,,,,,,,,,,,,,,,,,,,,,,,,,29385.214,,,,,,,,967.13,1013.724,580.581,,659.007,,,,,,,,,,,,,,,,,,,1043.057868,,379.5565,,,,,,,,,,,,,,,,,,,,4620.106492,,,
389,,,633.012,,,,,,,,,,,,,,956.2509694,,,831.5482243,,,,,,,,,,,,,,,,,,,,,,,,,,,,,,,,,,,,,,,,,32374.041,,,,,,,,975.256,1372.541,410.049,,1021.015,,,,,,,,,,,,,,,,,,,737.2703888,,826.035996,,,,,,,,,,,,,,,,,,,,5479.961595,,,
388,,,793.968,,,,,,,,,,,,,,1364.692553,,,855.0788241,,,,,,,,,,,,,,,,,,,,,,,,,,,,,,,,,,,,,,,,,45356.345,,,,,,,,1014.764,905.96,458.217,,791.985,,,,,,,,,,,,,,,,,,,562.7746443,,312.365005,,,,,,,,,,,,,,,,,,,,3567.648084,,,
387,,,1155.048,,,,,,,,,,,,,,1517.122697,,,2018.595681,,,,,,,,,,,,,,,,,,,,,,,,,,,,,,,,,,,,,,,,,65792.88,,,,,,,,963.628,976.053,766.368,,1178.82,,,,,,,,,,,,,,,,,,,789.6752282,,443.039113,,,,,,,,,,,,,,,,,,,,8632.819505,,,
386,,,1091.536,,,,,,,,,,,,,,2104.215467,,,1203.759531,,,,,,,,,,,,,,,,,,,,,,,,,,,,,,,,,,,,,,,,,47698.343,,,,,,,,1188.946,880.788,845.289,,1605.356,,,,,,,,,,,,,,,,,,,593.3723475,,618.181787,,,,,,,,,,,,,,,,,,,,6545.986989,,,
385,,,709.716,,,,,,,,,,,,,,1486.213682,,,1157.455945,,,,,,,,,,,,,,,,,,,,,,,,,,,,,,,,,,,,,,,,,104338.902,,,,,,,,,620.542,1129.734,,2143.188,,,,,,,,,,,,,,,,,,,781.9775303,,1128.75151,,,,,,,,,,,,,,,,,,,,5698.544425,,,
384,,,1358.98,,,,,,,,,,,,,,877.3837838,,,480.2827168,,,,,,,,,,,,,,,,,,,,,,,,,,,,,,,,,,,,,,,,,41262.46,,,,,,,,339.864,551.203,1384.29,,1111.036,,,,,,,,,,,,,,,,,,,240.69338,,852.391449,,,,,,,,,,,,,,,,,,,,5164.942708,,,
383,,,1226.516,,,,,,,,,,,,,,587.9670636,,,1504.042072,,,,,,,,,,,,,,,,,,,,,,,,,,,,,,,,,,,,,,,,,51942.487,,,,,,,,714.306,527.974,1187.892,,1296.702,,,,,,,,,,,,,,,,,,,781.5926002,,876.96954,,,,,,,,,,,,,,,,,,,,4827.287696,,,
382,,,1068.144,,,,,,,,,,,,,,384.4918177,,,833.9547629,,,,,,,,,,,,,,,,,,,,,,,,,,,,,,,,,,,,,,,,,50037.88,,,,,,,,691.56,550.855,1060.236,,1275.427,,,,,,,,,,,,,,,,,,,921.33027,,860.900295,,,,,,,,,,,,,,,,,,,,5216.739753,,,
381,,,1503.344,,,,,,,,,,,,,,1085.763058,,,1128.354654,,,,,,,,,,,,,,,,,,,,,,,,,,,,,,,,,,,,,,,,,23874,,,,,,,,618.324,962.336,715.716,,759.425,,,,,,,,,,,,,,,,,,,532.3154919,,982.478325,,,,,,,,,,,,,,,,,,,,4173.786367,,,
380,,,630.972,,,,,,,,,,,,,,1039.955274,,,930.3054388,,,,,,,,,,,,,,,,,,,,,,,,,,,,,,,,,,,,,,,,,29382.017,,,,,,,,711.212,1382.43,1310.418,,1024.678,,,,,,,,,,,,,,,,,,,729.3552043,,367.898295,,,,,,,,,,,,,,,,,,,,5796.077,,,
379,,,612,,,,,,,,,,,,,,1209.032232,,,1533.054232,,,,,,,,,,,,,,,,,,,,,,,,,,,,,,,,,,,,,,,,,31647.402,,,,,,,,855.814,1297.895,888.327,,949.864,,,,,,,,,,,,,,,,,,,672.6178724,,837.078988,,,,,,,,,,,,,,,,,,,,3360.188453,,,
378,,,1262.76,,,,,,,,,,,,,,2191.341822,,,749.2802559,,,,,,,,,,,,,,,,,,,,,,,,,,,,,,,,,,,,,,,,,18314.532,,,,,,,,696.694,1249.813,,,874.236,,,,,,,,,,,,,,,,,,,486.1268366,,699.610331,,,,,,,,,,,,,,,,,,,,8334.129239,,,
377,,,1092.012,,,,,,,,,,,,,,1434.894709,,,653.9991528,,,,,,,,,,,,,,,,,,,,,,,,,,,,,,,,,,,,,,,,,38686.46,,,,,,,,651.61,744.633,570.699,,1213.23,,,,,,,,,,,,,,,,,,,1340.171104,,127.367322,,,,,,,,,,,,,,,,,,,,6012.957072,,,
376,,,729.164,,,,,,,,,,,,,,1072.284262,,,442.8922371,,,,,,,,,,,,,,,,,,,,,,,,,,,,,,,,,,,,,,,,,32278.131,,,,,,,,597.89,302.673,729.891,,1336.477,,,,,,,,,,,,,,,,,,,891.8434803,,292.535758,,,,,,,,,,,,,,,,,,,,5109.55047,,,
375,,,902.7,,,,,,,,,,,,,,1341.577674,,,885.4725156,,,,,,,,,,,,,,,,,,,,,,,,,,,,,,,,,,,,,,,,,98822.444,,,,,,,,669.562,298.149,774.468,,966.884,,,,,,,,,,,,,,,,,,,753.7413283,,417.219152,,,,,,,,,,,,,,,,,,,,4671.842384,,,
374,,,769.964,,,,,,,,,,,,,,1449.902525,,,765.8140675,,,,,,,,,,,,,,,,,,,,,,,,,,,,,,,,,,,,,,,,,30209.925,,,,,,,,829.226,451.907,789.534,,1149.479,,,,,,,,,,,,,,,,,,,1023.255364,,894.091336,,,,,,,,,,,,,,,,,,,,5311.415529,,,
373,,,613.02,,,,,,,,,,,,,,451.8414485,,,1431.132865,,,,,,,,,,,,,,,,,,,,,,,,,,,,,,,,,,,,,,,,,24998.332,,,,,,,,609.416,434.13,556.551,,1085.913,,,,,,,,,,,,,,,,,,,1378.305345,,463.708867,,,,,,,,,,,,,,,,,,,,3706.517514,,,
372,,,1349.392,,,,,,,,,,,,,,1023.263622,,,4836.875233,,,,,,,,,,,,,,,,,,,,,,,,,,,,,,,,,,,,,,,,,28720.56,,,,,,,,669.358,265.611,605.286,,603.174,,,,,,,,,,,,,,,,,,,1384.781307,,597.070934,,,,,,,,,,,,,,,,,,,,4476.226162,,,
371,,,1405.696,,,,,,,,,,,,,,978.3822027,,,3088.07927,,,,,,,,,,,,,,,,,,,,,,,,,,,,,,,,,,,,,,,,,20761.272,,,,,,,,842.452,338.401,731.052,,655.455,,,,,,,,,,,,,,,,,,,1021.337345,,1302.053954,,,,,,,,,,,,,,,,,,,,9190.627641,,,
370,,,1119.552,,,,,,,,,,,,,,1213.825161,,,248.05174,,,,,,,,,,,,,,,,,,,,,,,,,,,,,,,,,,,,,,,,,36400.352,,,,,,,,889.406,337.763,596.295,,907.314,,,,,,,,,,,,,,,,,,,690.4288178,,660.424781,,,,,,,,,,,,,,,,,,,,4663.563637,,,
369,,,549.576,,,,,,,,,,,,,,1454.107317,,,812.9198327,,,,,,,,,,,,,,,,,,,,,,,,,,,,,,,,,,,,,,,,,36218.261,,,,,,,,1188.98,383.467,528.201,,773.966,,,,,,,,,,,,,,,,,,,442.1432791,,884.119096,,,,,,,,,,,,,,,,,,,,4113.621235,,,
368,,,1428.544,,,,,,,,,,,,,,598.7834862,,,2608.019381,,,,,,,,,,,,,,,,,,,,,,,,,,,,,,,,,,,,,,,,,62958.337,,,,,,,,1232.16,648.353,412.938,,1115.143,,,,,,,,,,,,,,,,,,,910.101239,,371.771447,,,,,,,,,,,,,,,,,,,,4735.12813,,,
367,,,645.66,,,,,,,,,,,,,,1094.393885,,,1016.718001,,,,,,,,,,,,,,,,,,,,,,,,,,,,,,,,,,,,,,,,,48141.093,,,,,,,,1242.19,730.539,460.62,,1932.14,,,,,,,,,,,,,,,,,,,781.3071487,,605.135206,,,,,,,,,,,,,,,,,,,,5901.566435,,,
366,,,385.084,,,,,,,,,,,,,,2365.923462,,,987.0373584,,,,,,,,,,,,,,,,,,,,,,,,,,,,,,,,,,,,,,,,,42462.278,,,,,,,,911.03,890.01,475.605,,1598.992,,,,,,,,,,,,,,,,,,,379.025359,,591.336787,,,,,,,,,,,,,,,,,,,,4525.339861,,,
365,,,757.996,,,,,,,,,,,,,,389.8391382,,,545.883177,,,,,,,,,,,,,,,,,,,,,,,,,,,,,,,,,,,,,,,,,23522.1,,,,,,,,763.062,853.702,757.161,,1250.6,,,,,,,,,,,,,,,,,,,300.1094298,,465.956943,,,,,,,,,,,,,,,,,,,,5247.929812,,,
364,,,1432.42,,,,,,,,,,,,,,318.245298,,,773.8358629,,,,,,,,,,,,,,,,,,,,,,,,,,,,,,,,,,,,,,,,,42194.88,,,,,,,,977.092,847.873,1233.711,,1255.114,,,,,,,,,,,,,,,,,,,288.6519861,,1554.207454,,,,,,,,,,,,,,,,,,,,5109.896202,,,
363,,,1079.636,,,,,,,,,,,,,,720.7540682,,,681.094995,,,,,,,,,,,,,,,,,,,,,,,,,,,,,,,,,,,,,,,,,35647.102,,,,,,,,1031.05,1137.061,976.968,,2279.126,,,,,,,,,,,,,,,,,,,481.5012987,,789.849108,,,,,,,,,,,,,,,,,,,,5401.121981,,,
362,,,1542.24,,,,,,,,,,,,,,1019.350736,,,477.2522608,,,,,,,,,,,,,,,,,,,,,,,,,,,,,,,,,,,,,,,,,49388.521,,,,,,,,977.364,782.855,679.482,,2542.64,,,,,,,,,,,,,,,,,,,607.1027111,,623.651542,,,,,,,,,,,,,,,,,,,,7302.983813,,,
361,,,877.472,,,,,,,,,,,,,,909.3818875,,,1079.64453,,,,,,,,,,,,,,,,,,,,,,,,,,,,,,,,,,,,,,,,,67257.819,,,,,,,,1258.408,1010.273,728.514,,1698.522,,,,,,,,,,,,,,,,,,,305.9184556,,607.007183,,,,,,,,,,,,,,,,,,,,6034.192731,,,
360,,,1216.112,,,,,,,,,,,,,,1493.795831,,,596.4650535,,,,,,,,,,,,,,,,,,,,,,,,,,,,,,,,,,,,,,,,,22083.312,,,,,,,,1564.102,855.906,863.028,,1391.052,,,,,,,,,,,,,,,,,,,728.1300729,,723.114332,,,,,,,,,,,,,,,,,,,,9516.257003,,,
359,,,722.5,,,,,,,,,,,,,,2280.478311,,,803.4719404,,,,,,,,,,,,,,,,,,,,,,,,,,,,,,,,,,,,,,,,,63516.915,,,,,,,,1305.94,826.007,720.495,,1053.834,,,,,,,,,,,,,,,,,,,907.5927593,,1879.620836,,,,,,,,,,,,,,,,,,,,8735.427667,,,
358,,,406.436,,,,,,,,,,,,,,1985.535586,,,1199.748633,,,,,,,,,,,,,,,,,,,,,,,,,,,,,,,,,,,,,,,,,30784.626,,,,,,,,1203.702,859.328,598.698,,1221.111,,,,,,,,,,,,,,,,,,,228.3841406,,1480.956558,,,,,,,,,,,,,,,,,,,,3301.006868,,,
357,,,1014.764,,,,,,,,,,,,,,531.5436993,,,1382.511872,,,,,,,,,,,,,,,,,,,,,,,,,,,,,,,,,,,,,,,,,26082.138,,,,,,,,942.344,474.353,618.192,,1684.98,,,,,,,,,,,,,,,,,,,605.9563393,,693.357526,,,,,,,,,,,,,,,,,,,,2882.316376,,,
356,,,610.504,,,,,,,,,,,,,,1192.316584,,,3047.123548,,,,,,,,,,,,,,,,,,,,,,,,,,,,,,,,,,,,,,,,,43814.195,,,,,,,,1103.674,256.186,493.236,,1827.726,,,,,,,,,,,,,,,,,,,1350.054655,,1172.558245,,,,,,,,,,,,,,,,,,,,4900.001726,,,
355,,,872.78,,,,,,,,,,,,,,2852.493386,,,1203.625834,,,,,,,,,,,,,,,,,,,,,,,,,,,,,,,,,,,,,,,,,20442.906,,,,,,,,1033.77,372.94,474.579,,1437.783,,,,,,,,,,,,,,,,,,,674.5316172,,697.897836,,,,,,,,,,,,,,,,,,,,5356.792864,,,
354,,,337.756,,,,,,,,,,,,,,833.3561782,,,1105.938192,,,,,,,,,,,,,,,,,,,,,,,,,,,,,,,,,,,,,,,,,51935.633,,,,,,,,519.214,287.506,564.894,,1206.496,,,,,,,,,,,,,,,,,,,1090.368616,,969.77475,,,,,,,,,,,,,,,,,,,,2891.592864,,,
353,,,623.22,,,,,,,,,,,,,,649.9996659,,,1480.823431,,,,,,,,,,,,,,,,,,,,,,,,,,,,,,,,,,,,,,,,,29011.372,,,,,,,,348.262,340.953,543.159,,1196.839,,,,,,,,,,,,,,,,,,,961.938696,,798.217337,,,,,,,,,,,,,,,,,,,,4049.06491,,,
352,,,876.996,,,,,,,,,,,,,,855.5007278,,,881.1942247,,,,,,,,,,,,,,,,,,,,,,,,,,,,,,,,,,,,,,,,,25112.32,,,,,,,,421.09,420.732,536.517,,1183.482,,,,,,,,,,,,,,,,,,,1156.621177,,889.833195,,,,,,,,,,,,,,,,,,,,7092.104496,,,
351,,,865.096,,,,,,,,,,,,,,1311.45406,,,1463.442874,,,,,,,,,,,,,,,,,,,,,,,,,,,,,,,,,,,,,,,,,55361.966,,,,,,,,498.984,664.158,534.681,,1058.681,,,,,,,,,,,,,,,,,,,1004.293881,,730.354461,,,,,,,,,,,,,,,,,,,,4331.3258,,,
350,,,1066.104,,,,,,,,,,,,,,1421.546248,,,3084.69229,,,,,,,,,,,,,,,,,,,,,,,,,,,,,,,,,,,,,,,,,42397.74,,,,,,,,385.39,791.787,709.668,,1085.099,,,,,,,,,,,,,,,,,,,1371.082399,,1354.618612,,,,,,,,,,,,,,,,,,,,6628.749531,,,
349,,,649.808,,,,,,,,,,,,,,1061.213276,,,1961.28441,,,,,,,,,,,,,,,,,,,,,,,,,,,,,,,,,,,,,,,,,88475.894,,,,,,,,289.374,799.095,629.964,,1155.029,,,,,,,,,,,,,,,,,,,836.0246028,,1431.78382,,,,,,,,,,,,,,,,,,,,10155.16429,,,
348,,,1248.752,,,,,,,,,,,,,,893.159319,,,491.2012717,,,,,,,,,,,,,,,,,,,,,,,,,,,,,,,,,,,,,,,,,49661.6,,,,,,,,380.358,211.99,649.242,,1072.815,,,,,,,,,,,,,,,,,,,705.9337248,,618.236459,,,,,,,,,,,,,,,,,,,,5044.162058,,,
347,,,1105.884,,,,,,,,,,,,,,948.2015683,,,1134.549263,,,,,,,,,,,,,,,,,,,,,,,,,,,,,,,,,,,,,,,,,24446.24,,,,,,,,581.434,404.202,653.535,,1035.926,,,,,,,,,,,,,,,,,,,983.9375568,,788.609316,,,,,,,,,,,,,,,,,,,,6856.254766,,,
346,,,1037.34,,,,,,,,,,,,,,1632.312198,,,1548.295643,,,,,,,,,,,,,,,,,,,,,,,,,,,,,,,,,,,,,,,,,45756.384,,,,,,,,753.746,723.695,542.916,,1027.379,,,,,,,,,,,,,,,,,,,848.944942,,923.089219,,,,,,,,,,,,,,,,,,,,3292.934705,,,
345,,,1801.116,,,,,,,,,,,,,,640.5387761,,,923.9771335,,,,,,,,,,,,,,,,,,,,,,,,,,,,,,,,,,,,,,,,,15794.1,,,,,,,,1121.932,601.779,567.216,,,,,,,,,,,,,,,,,,,,,692.268219,,1118.893724,,,,,,,,,,,,,,,,,,,,4340.578163,,,
344,,,860.2,,,,,,,,,,,,,,1044.22211,,,554.4843243,,,,,,,,,,,,,,,,,,,,,,,,,,,,,,,,,,,,,,,,,7278.074,,,,,,,,1137.98,1041.216,625.077,,,,,,,,,,,,,,,,,,,,,539.4074291,,1477.765711,,,,,,,,,,,,,,,,,,,,5215.610005,,,
343,,,2249.44,,,,,,,,,,,,,,1818.725636,,,1217.53028,,,,,,,,,,,,,,,,,,,,,,,,,,,,,,,,,,,,,,,,,25621.77,,,,,,,,634.304,751.448,558.846,,,,,,,,,,,,,,,,,,,,,1656.69152,,225.69482,,,,,,,,,,,,,,,,,,,,2997.215619,,,
342,,,1406.58,,,,,,,,,,,,,,713.6599317,,,1017.653878,,,,,,,,,,,,,,,,,,,,,,,,,,,,,,,,,,,,,,,,,24208.236,,,,,,,,419.458,684.226,929.556,,,,,,,,,,,,,,,,,,,,,301.1047183,,956.041945,,,,,,,,,,,,,,,,,,,,3933.577755,,,
341,,,1366.868,,,,,,,,,,,,,,1091.873299,,,609.790147,,,,,,,,,,,,,,,,,,,,,,,,,,,,,,,,,,,,,,,,,55737.97,,,,,,,,616.828,823.542,1305.639,,,,,,,,,,,,,,,,,,,,,1090.20783,,1175.989363,,,,,,,,,,,,,,,,,,,,5566.986539,,,
340,,,1942.352,,,,,,,,,,,,,,6953.380323,,,3454.809017,,,,,,,,,,,,,,,,,,,,,,,,,,,,,,,,,,,,,,,,,21620.368,,,,,,,,884.918,648.005,1455.732,,,,,,,,,,,,,,,,,,,,,624.7327214,,1553.708629,,,,,,,,,,,,,,,,,,,,4019.17123,,,
339,,,1150.152,,,,,,,,,,,,,,1184.14584,,,2423.473521,,,,,,,,,,,,,,,,,,,,,,,,,,,,,,,,,,,,,,,,,23332.304,,,,,,,,747.626,858.893,1372.707,,,,,,,,,,,,,,,,,,,,,995.8085944,,804.016535,,,,,,,,,,,,,,,,,,,,4546.423295,,,
338,,,1723.052,,,,,,,,,,,,,,,,,2758.026955,,,,,,,,,,,,,,,,,,,,,,,,,,,,,,,,,,,,,,,,,39272.96,,,,,,,,978.214,922.838,1014.012,,,,,,,,,,,,,,,,,,,,,279.7125282,,984.491185,,,,,,,,,,,,,,,,,,,,6032.359185,,,
337,,,1079.772,,,,,,,,,,,,,,1194.189219,,,1578.288245,,,,,,,,,,,,,,,,,,,,,,,,,,,,,,,,,,,,,,,,,80373.546,,,,,,,,678.776,856.022,970.542,,,,,,,,,,,,,,,,,,,,,441.76283,,1185.062253,,,,,,,,,,,,,,,,,,,,4769.842474,,,
336,,,1351.024,,,,,,,,,,,,,,1037.546019,,,1440.491626,,,,,,,,,,,,,,,,,,,,,,,,,,,,,,,,,,,,,,,,,17540.076,,,,,,,,562.7,714.821,1293.759,,,,,,,,,,,,,,,,,,,,,751.936134,,1112.907155,,,,,,,,,,,,,,,,,,,,8187.068147,,,
335,,,1800.232,,,,,,,,,,,,,,1006.75001,,,2382.205841,,,,,,,,,,,,,,,,,,,,,,,,,,,,,,,,,,,,,,,,,32117.085,,,,,,,,,551,1280.664,,,,,,,,,,,,,,,,,,,,,1113.003171,,1103.955597,,,,,,,,,,,,,,,,,,,,7765.506626,,,
334,,,1490.152,,,,,,,,,,,,,,752.155195,,,1117.302403,,,,,,,,,,,,,,,,,,,,,,,,,,,,,,,,,,,,,,,,,43877.284,,,,,,,,,642.205,1108.971,,,,,,,,,,,,,,,,,,,,,1180.009188,,977.543604,,,,,,,,,,,,,,,,,,,,10958.85762,,,
333,,,1163.412,,,,,,,,,,,,,,2165.573366,,,748.0324211,,,,,,,,,,,,,,,,,,,,,,,,,,,,,,,,,,,,,,,,,25640.676,,,,,,,,,462.26,1016.01,,,,,,,,,,,,,,,,,,,,,379.2882296,,528.381755,,,,,,,,,,,,,,,,,,,,4318.036266,,,
332,,,1082.9,,,,,,,,,,,,,,825.921364,,,1432.558962,,,,,,,,,,,,,,,,,,,,,,,,,,,,,,,,,,,,,,,,,34744.398,,,,,,,,,318.739,700.137,,,,,,,,,,,,,,,,,,,,,417.2287733,,681.174644,,,,,,,,,,,,,,,,,,,,4213.083389,,,
331,,,2392.24,,,,,,,,,,,,,,1698.800529,,,384.5559584,,,,,,,,,,,,,,,,,,,,,,,,,,,,,,,,,,,,,,,,,78235.696,,,,,,,,,848.975,430.893,,,,,,,,,,,,,,,,,,,,,416.0742637,,972.140165,,,,,,,,,,,,,,,,,,,,2997.628468,,,
330,,,1022.788,,,,,,,,,,,,,,928.8382027,,,864.6158475,,,,,,,,,,,,,,,,,,,,,,,,,,,,,,,,,,,,,,,,,58205.709,,,,,,,,,976.749,445.959,,,,,,,,,,,,,,,,,,,,,1389.120608,,988.560257,,,,,,,,,,,,,,,,,,,,5915.652812,,,
329,,,991.916,,,,,,,,,,,,,,1013.11635,,,602.6150967,,,,,,,,,,,,,,,,,,,,,,,,,,,,,,,,,,,,,,,,,75563.28,,,,,,,,,1061.284,329.076,,,,,,,,,,,,,,,,,,,,,665.3097709,,568.135868,,,,,,,,,,,,,,,,,,,,2775.436452,,,
328,,,678.776,,,,,,,,,,,,,,1679.653465,,,361.0253585,,,,,,,,,,,,,,,,,,,,,,,,,,,,,,,,,,,,,,,,,74586.93,,,,,,,,,850.744,336.096,,,,,,,,,,,,,,,,,,,,,754.7762786,,847.206702,,,,,,,,,,,,,,,,,,,,5108.975834,,,
327,,,1425.416,,,,,,,,,,,,,,918.4197444,,,1178.357179,,,,,,,,,,,,,,,,,,,,,,,,,,,,,,,,,,,,,,,,,33234.08,,,,,,,,,605.665,660.717,,,,,,,,,,,,,,,,,,,,,1918.940223,,1198.071325,,,,,,,,,,,,,,,,,,,,2991.350259,,,
326,,,385.492,,,,,,,,,,,,,,1033.836805,,,975.6285828,,,,,,,,,,,,,,,,,,,,,,,,,,,,,,,,,,,,,,,,,47179.44,,,,,,,,,325.728,642.303,,,,,,,,,,,,,,,,,,,,,956.1887628,,1264.872574,,,,,,,,,,,,,,,,,,,,3296.269069,,,
325,,,828.784,,,,,,,,,,,,,,965.760868,,,1126.705729,,,,,,,,,,,,,,,,,,,,,,,,,,,,,,,,,,,,,,,,,82231.716,,,,,,,,,110.171,726.759,,,,,,,,,,,,,,,,,,,,,705.2678058,,1149.956118,,,,,,,,,,,,,,,,,,,,3471.339375,,,
324,,,1121.388,,,,,,,,,,,,,,1888.820165,,,705.2495123,,,,,,,,,,,,,,,,,,,,,,,,,,,,,,,,,,,,,,,,,52360.581,,,,,,,,,389.789,710.316,,,,,,,,,,,,,,,,,,,,,1091.116031,,883.147149,,,,,,,,,,,,,,,,,,,,4374.056683,,,
323,,,298.656,,,,,,,,,,,,,,1302.477888,,,660.4611546,,,,,,,,,,,,,,,,,,,,,,,,,,,,,,,,,,,,,,,,,71501.71,,,,,,,,,500.366,755.028,,,,,,,,,,,,,,,,,,,,,748.5102235,,1019.696652,,,,,,,,,,,,,,,,,,,,3245.760082,,,
322,,,904.944,,,,,,,,,,,,,,2236.652281,,,1316.554887,,,,,,,,,,,,,,,,,,,,,,,,,,,,,,,,,,,,,,,,,54305.3,,,,,,,,,761.859,621.513,,,,,,,,,,,,,,,,,,,,,397.2312482,,1389.608822,,,,,,,,,,,,,,,,,,,,12670.0095,,,
321,,,1274.66,,,,,,,,,,,,,,1412.307509,,,745.4476203,,,,,,,,,,,,,,,,,,,,,,,,,,,,,,,,,,,,,,,,,42325.29,,,,,,,,,581.276,527.904,,,,,,,,,,,,,,,,,,,,,750.0831268,,749.440503,,,,,,,,,,,,,,,,,,,,7081.990228,,,
320,,,614.992,,,,,,,,,,,,,,367.7469225,,,752.4444085,,,,,,,,,,,,,,,,,,,,,,,,,,,,,,,,,,,,,,,,,69518.466,,,,,,,,,820.903,515.214,,,,,,,,,,,,,,,,,,,,,604.5708484,,769.981546,,,,,,,,,,,,,,,,,,,,7482.90656,,,
319,,,834.224,,,,,,,,,,,,,,1808.292088,,,692.3700741,,,,,,,,,,,,,,,,,,,,,,,,,,,,,,,,,,,,,,,,,62758.168,,,,,,,,,892.272,347.247,,,,,,,,,,,,,,,,,,,,,1237.965116,,985.491581,,,,,,,,,,,,,,,,,,,,3718.267174,,,
318,,,1147.364,,,,,,,,,,,,,,1655.424648,,,242.0353934,,,,,,,,,,,,,,,,,,,,,,,,,,,,,,,,,,,,,,,,,63905.753,,,,,,,,,912.137,359.343,,,,,,,,,,,,,,,,,,,,,1009.227437,,1525.300558,,,,,,,,,,,,,,,,,,,,2756.251043,,,
317,,,906.1,,,,,,,,,,,,,,1801.751186,,,935.118516,,,,,,,,,,,,,,,,,,,,,,,,,,,,,,,,,,,,,,,,,48118.875,,,,,,,,,485.547,474.525,,,,,,,,,,,,,,,,,,,,,601.6418774,,936.713769,,,,,,,,,,,,,,,,,,,,3355.145335,,,
316,,,1264.46,,,,,,,,,,,,,,719.6855353,,,1244.04677,,,,,,,,,,,,,,,,,,,,,,,,,,,,,,,,,,,,,,,,,34907.008,,,,,,,,,401.708,533.115,,,,,,,,,,,,,,,,,,,,,1801.980827,,451.351859,,,,,,,,,,,,,,,,,,,,3220.639826,,,
315,,,795.124,,,,,,,,,,,,,,876.7936134,,,463.2586844,,,,,,,,,,,,,,,,,,,,,,,,,,,,,,,,,,,,,,,,,87482.34,,,,,,,,,,674.109,,,,,,,,,,,,,,,,,,,,,662.1066006,,800.835829,,,,,,,,,,,,,,,,,,,,5385.019336,,,
314,,,442.476,,,,,,,,,,,,,,545.7136778,,,470.4337347,,,,,,,,,,,,,,,,,,,,,,,,,,,,,,,,,,,,,,,,,41920.743,,,,,,,,,377,569.079,,,,,,,,,,,,,,,,,,,,,362.3249053,,655.393252,,,,,,,,,,,,,,,,,,,,5113.520647,,,
313,,,722.296,,,,,,,,,,,,,,643.3082219,,,1406.844651,,,,,,,,,,,,,,,,,,,,,,,,,,,,,,,,,,,,,,,,,27202.56,,,,,,,,,741.617,413.343,,,,,,,,,,,,,,,,,,,,,759.1283357,,777.636022,,,,,,,,,,,,,,,,,,,,4506.757869,,,
312,,,1891.216,,,,,,,,,,,,,,859.6325248,,,842.1102549,,,,,,,,,,,,,,,,,,,,,,,,,,,,,,,,,,,,,,,,,55383.195,,,,,,,,,692.288,362.151,,,,,,,,,,,,,,,,,,,,,808.1259247,,543.587654,,,,,,,,,,,,,,,,,,,,3530.760281,,,
311,,,1606.16,,,,,,,,,,,,,,995.2596609,,,642.5458115,,,,,,,,,,,,,,,,,,,,,,,,,,,,,,,,,,,,,,,,,70113.223,,,,,,,,,727.059,384.912,,,,,,,,,,,,,,,,,,,,,1317.70458,,1089.978475,,,,,,,,,,,,,,,,,,,,3197.253641,,,
310,,,817.02,,,,,,,,,,,,,,1095.029022,,,494.2762932,,,,,,,,,,,,,,,,,,,,,,,,,,,,,,,,,,,,,,,,,42958.848,,,,,,,,,718.011,690.606,,,,,,,,,,,,,,,,,,,,,917.7836233,,790.05368,,,,,,,,,,,,,,,,,,,,3152.835347,,,
309,,,1118.464,,,,,,,,,,,,,,391.0348666,,,791.3946817,,,,,,,,,,,,,,,,,,,,,,,,,,,,,,,,,,,,,,,,,44150.892,,,,,,,,,614.858,861.165,,,,,,,,,,,,,,,,,,,,,1453.106867,,876.763987,,,,,,,,,,,,,,,,,,,,4202.656825,,,
308,,,579.428,,,,,,,,,,,,,,562.7867428,,,1148.988494,,,,,,,,,,,,,,,,,,,,,,,,,,,,,,,,,,,,,,,,,44777.205,,,,,,,,,662.708,855.279,,,,,,,,,,,,,,,,,,,,,1632.736468,,434.871108,,,,,,,,,,,,,,,,,,,,2341.280023,,,
307,,,761.804,,,,,,,,,,,,,,288.5252133,,,905.5270041,,,,,,,,,,,,,,,,,,,,,,,,,,,,,,,,,,,,,,,,,58991.481,,,,,,,,,535.05,773.334,,,,,,,,,,,,,,,,,,,,,604.448951,,480.005401,,,,,,,,,,,,,,,,,,,,3390.643202,,,
306,,,1148.724,,,,,,,,,,,,,,1146.87919,,,1399.491339,,,,,,,,,,,,,,,,,,,,,,,,,,,,,,,,,,,,,,,,,56840.36,,,,,,,,,530.236,762.642,,,,,,,,,,,,,,,,,,,,,817.1946509,,835.386221,,,,,,,,,,,,,,,,,,,,4376.4667,,,
305,,,937.108,,,,,,,,,,,,,,644.5953077,,,409.4235241,,,,,,,,,,,,,,,,,,,,,,,,,,,,,,,,,,,,,,,,,44463.646,,,,,,,,,604.447,665.118,,,,,,,,,,,,,,,,,,,,,477.5610312,,413.155865,,,,,,,,,,,,,,,,,,,,2577.983804,,,
304,,,999.6,,,,,,,,,,,,,,2352.896521,,,166.5413856,,,,,,,,,,,,,,,,,,,,,,,,,,,,,,,,,,,,,,,,,67186.427,,,,,,,,,950.968,554.823,,,,,,,,,,,,,,,,,,,,,1081.708862,,607.353361,,,,,,,,,,,,,,,,,,,,3629.061537,,,
303,,,884.68,,,,,,,,,,,,,,1764.1829,,,399.3517143,,,,,,,,,,,,,,,,,,,,,,,,,,,,,,,,,,,,,,,,,35878.896,,,,,,,,,880.353,510.3,,,,,,,,,,,,,,,,,,,,,1034.780105,,1437.38346,,,,,,,,,,,,,,,,,,,,1764.835489,,,
302,,,444.584,,,,,,,,,,,,,,1341.215548,,,410.9833177,,,,,,,,,,,,,,,,,,,,,,,,,,,,,,,,,,,,,,,,,36270.08,,,,,,,,,593.659,613.251,,,,,,,,,,,,,,,,,,,,,511.5048768,,618.54186,,,,,,,,,,,,,,,,,,,,3526.4603,,,
301,,,597.856,,,,,,,,,,,,,,1978.49066,,,1708.196765,,,,,,,,,,,,,,,,,,,,,,,,,,,,,,,,,,,,,,,,,41221.428,,,,,,,,,635.1,706.671,,,,,,,,,,,,,,,,,,,,,876.8830357,,1138.928142,,,,,,,,,,,,,,,,,,,,8284.497114,,,
300,,,1208.632,,,,,,,,,,,,,,1062.733983,,,8.06636093,,,,,,,,,,,,,,,,,,,,,,,,,,,,,,,,,,,,,,,,,59418.936,,,,,,,,,572.373,691.011,,,,,,,,,,,,,,,,,,,,,495.1573201,,1400.24554,,,,,,,,,,,,,,,,,,,,7662.055177,,,
299,,,524.62,,,,,,,,,,,,,,836.9718596,,,1453.950416,,,,,,,,,,,,,,,,,,,,,,,,,,,,,,,,,,,,,,,,,40852.554,,,,,,,,,303.021,611.199,,,,,,,,,,,,,,,,,,,,,448.4181066,,785.056258,,,,,,,,,,,,,,,,,,,,5540.098511,,,
298,,,657.152,,,,,,,,,,,,,,1557.836319,,,921.080374,,,,,,,,,,,,,,,,,,,,,,,,,,,,,,,,,,,,,,,,,42777.102,,,,,,,,,252.242,520.02,,,,,,,,,,,,,,,,,,,,,516.9901531,,1441.725596,,,,,,,,,,,,,,,,,,,,8661.003131,,,
297,,,691.22,,,,,,,,,,,,,,2673.16675,,,714.7865357,,,,,,,,,,,,,,,,,,,,,,,,,,,,,,,,,,,,,,,,,53349.512,,,,,,,,,368.358,498.663,,,,,,,,,,,,,,,,,,,,,734.0654809,,1105.754797,,,,,,,,,,,,,,,,,,,,4922.114647,,,
296,,,469.336,,,,,,,,,,,,,,1138.009212,,,613.2216928,,,,,,,,,,,,,,,,,,,,,,,,,,,,,,,,,,,,,,,,,54601.54,,,,,,,,,414.729,433.161,,,,,,,,,,,,,,,,,,,,,684.621051,,784.440653,,,,,,,,,,,,,,,,,,,,5980.244733,,,
295,,,391,,,,,,,,,,,,,,720.0607664,,,1749.464446,,,,,,,,,,,,,,,,,,,,,,,,,,,,,,,,,,,,,,,,,43831.238,,,,,,,,,439.553,594.513,,,,,,,,,,,,,,,,,,,,,562.5391087,,685.691987,,,,,,,,,,,,,,,,,,,,12022.28333,,,
294,,,797.98,,,,,,,,,,,,,,976.4540552,,,561.0800227,,,,,,,,,,,,,,,,,,,,,,,,,,,,,,,,,,,,,,,,,48728.812,,,,,,,,,510.4,659.313,,,,,,,,,,,,,,,,,,,,,538.5447475,,358.298999,,,,,,,,,,,,,,,,,,,,4191.921676,,,
293,,,482.596,,,,,,,,,,,,,,2548.370942,,,570.1268253,,,,,,,,,,,,,,,,,,,,,,,,,,,,,,,,,,,,,,,,,35732.708,,,,,,,,,810.231,569.7,,,,,,,,,,,,,,,,,,,,,683.4024136,,514.459432,,,,,,,,,,,,,,,,,,,,2163.586916,,,
292,,,952.816,,,,,,,,,,,,,,1941.181577,,,1122.650266,,,,,,,,,,,,,,,,,,,,,,,,,,,,,,,,,,,,,,,,,83065.19,,,,,,,,,1160.551,564.651,,,,,,,,,,,,,,,,,,,,,661.625952,,710.199609,,,,,,,,,,,,,,,,,,,,4470.795384,,,
291,,,1206.32,,,,,,,,,,,,,,1913.738939,,,1598.788389,,,,,,,,,,,,,,,,,,,,,,,,,,,,,,,,,,,,,,,,,53312.804,,,,,,,,,1215.216,741.582,,,,,,,,,,,,,,,,,,,,,1268.447209,,992.298717,,,,,,,,,,,,,,,,,,,,10768.37676,,,
290,,,2104.056,,,,,,,,,,,,,,864.2275319,,,1388.884742,,,,,,,,,,,,,,,,,,,,,,,,,,,,,,,,,,,,,,,,,64579.63,,,,,,,,,1100.985,1282.014,,,,,,,,,,,,,,,,,,,,,478.3223045,,980.872269,,,,,,,,,,,,,,,,,,,,4159.819518,,,
289,,,1285.948,,,,,,,,,,,,,,1305.243099,,,946.8392504,,,,,,,,,,,,,,,,,,,,,,,,,,,,,,,,,,,,,,,,,87106.52,,,,,,,,,745.967,1440.423,,,,,,,,,,,,,,,,,,,,,411.0042496,,817.53077,,,,,,,,,,,,,,,,,,,,2469.692435,,,
288,,,2366.672,,,,,,,,,,,,,,1631.976275,,,2245.52336,,,,,,,,,,,,,,,,,,,,,,,,,,,,,,,,,,,,,,,,,53588.252,,,,,,,,,618.628,821.124,,,,,,,,,,,,,,,,,,,,,398.3126706,,542.748093,,,,,,,,,,,,,,,,,,,,4877.003326,,,
287,,,529.856,,,,,,,,,,,,,,1358.118337,,,2073.455849,,,,,,,,,,,,,,,,,,,,,,,,,,,,,,,,,,,,,,,,,58079.922,,,,,,,,,655.922,503.793,,,,,,,,,,,,,,,,,,,,,754.7676367,,968.994096,,,,,,,,,,,,,,,,,,,,4427.818565,,,
286,,,779.824,,,,,,,,,,,,,,1591.806975,,,1245.561998,,,,,,,,,,,,,,,,,,,,,,,,,,,,,,,,,,,,,,,,,20548.476,,,,,,,,,666.42,491.427,,,,,,,,,,,,,,,,,,,,,337.6563664,,747.914678,,,,,,,,,,,,,,,,,,,,6115.950407,,,
285,,,3485.204,,,,,,,,,,,,,,1677.953325,,,3360.018134,,,,,,,,,,,,,,,,,,,,,,,,,,,,,,,,,,,,,,,,,30009.618,,,,,,,,,726.711,439.56,,,,,,,,,,,,,,,,,,,,,263.385292,,1064.984573,,,,,,,,,,,,,,,,,,,,2892.718342,,,
284,,,992.868,,,,,,,,,,,,,,1477.97498,,,778.7826368,,,,,,,,,,,,,,,,,,,,,,,,,,,,,,,,,,,,,,,,,33831.666,,,,,,,,,1031.675,520.992,,,,,,,,,,,,,,,,,,,,,281.1344998,,880.308952,,,,,,,,,,,,,,,,,,,,2919.754312,,,
283,,,2120.512,,,,,,,,,,,,,,478.2788026,,,1573.430602,,,,,,,,,,,,,,,,,,,,,,,,,,,,,,,,,,,,,,,,,71213.52,,,,,,,,,1039.331,633.15,,,,,,,,,,,,,,,,,,,,,698.1919577,,810.644167,,,,,,,,,,,,,,,,,,,,3450.713034,,,
282,,,1790.78,,,,,,,,,,,,,,635.5057924,,,1116.723051,,,,,,,,,,,,,,,,,,,,,,,,,,,,,,,,,,,,,,,,,78871.968,,,,,,,,,874.263,862.245,,,,,,,,,,,,,,,,,,,,,950.4899718,,928.645545,,,,,,,,,,,,,,,,,,,,4733.49811,,,
281,,,2996.964,,,,,,,,,,,,,,792.9612615,,,698.6092483,,,,,,,,,,,,,,,,,,,,,,,,,,,,,,,,,,,,,,,,,55008.525,,,,,,,,,538.356,1173.177,,,,,,,,,,,,,,,,,,,,,613.4060217,,895.509111,,,,,,,,,,,,,,,,,,,,2600.275427,,,
280,,,2827.78,,,,,,,,,,,,,,1749.10719,,,987.1264895,,,,,,,,,,,,,,,,,,,,,,,,,,,,,,,,,,,,,,,,,47727.576,,,,,,,,,531.454,1035.477,,,,,,,,,,,,,,,,,,,,,804.9378936,,639.219827,,,,,,,,,,,,,,,,,,,,2304.382936,,,
279,,,915.008,,,,,,,,,,,,,,818.3297815,,,1023.937617,,,,,,,,,,,,,,,,,,,,,,,,,,,,,,,,,,,,,,,,,42631.029,,,,,,,,,517.679,702.999,,,,,,,,,,,,,,,,,,,,,839.6779097,,524.713054,,,,,,,,,,,,,,,,,,,,2869.640796,,,
278,,,1084.668,,,,,,,,,,,,,,479.281591,,,173.0033875,,,,,,,,,,,,,,,,,,,,,,,,,,,,,,,,,,,,,,,,,72749.138,,,,,,,,,566.747,805.086,,,,,,,,,,,,,,,,,,,,,1388.839214,,510.7667,,,,,,,,,,,,,,,,,,,,3291.043159,,,
277,,,599.624,,,,,,,,,,,,,,2293.908263,,,202.2829407,,,,,,,,,,,,,,,,,,,,,,,,,,,,,,,,,,,,,,,,,73831.518,,,,,,,,,519.564,776.817,,,,,,,,,,,,,,,,,,,,,973.1097524,,1185.568843,,,,,,,,,,,,,,,,,,,,4477.805247,,,
276,,,1640.976,,,,,,,,,,,,,,1494.823902,,,567.8094177,,,,,,,,,,,,,,,,,,,,,,,,,,,,,,,,,,,,,,,,,64432.982,,,,,,,,,403.39,821.556,,,,,,,,,,,,,,,,,,,,,883.2858928,,536.102397,,,,,,,,,,,,,,,,,,,,4576.959847,,,
275,,,833.544,,,,,,,,,,,,,,1574.17724,,,872.1028566,,,,,,,,,,,,,,,,,,,,,,,,,,,,,,,,,,,,,,,,,65756.31,,,,,,,,,441.148,942.57,,,,,,,,,,,,,,,,,,,,,515.1105712,,672.216422,,,,,,,,,,,,,,,,,,,,3715.136817,,,
274,,,412.216,,,,,,,,,,,,,,1323.518344,,,377.4254736,,,,,,,,,,,,,,,,,,,,,,,,,,,,,,,,,,,,,,,,,37239.3,,,,,,,,,425.807,774.63,,,,,,,,,,,,,,,,,,,,,500.6002596,,727.237969,,,,,,,,,,,,,,,,,,,,2715.882407,,,
273,,,1240.116,,,,,,,,,,,,,,626.1533331,,,691.1668048,,,,,,,,,,,,,,,,,,,,,,,,,,,,,,,,,,,,,,,,,33061.028,,,,,,,,,490.448,600.129,,,,,,,,,,,,,,,,,,,,,610.6010563,,607.569547,,,,,,,,,,,,,,,,,,,,4721.377424,,,
272,,,1005.176,,,,,,,,,,,,,,344.770409,,,2103.804975,,,,,,,,,,,,,,,,,,,,,,,,,,,,,,,,,,,,,,,,,77008.83,,,,,,,,,847.061,572.427,,,,,,,,,,,,,,,,,,,,,655.8091286,,753.689836,,,,,,,,,,,,,,,,,,,,4421.44277,,,
271,,,927.928,,,,,,,,,,,,,,1299.963214,,,109.7649004,,,,,,,,,,,,,,,,,,,,,,,,,,,,,,,,,,,,,,,,,56240.842,,,,,,,,,734.483,636.822,,,,,,,,,,,,,,,,,,,,,1163.511256,,934.475824,,,,,,,,,,,,,,,,,,,,3345.473572,,,
270,,,361.148,,,,,,,,,,,,,,931.7396333,,,2074.079766,,,,,,,,,,,,,,,,,,,,,,,,,,,,,,,,,,,,,,,,,48870.032,,,,,,,,,762.497,644.355,,,,,,,,,,,,,,,,,,,,,1131.659814,,1269.475952,,,,,,,,,,,,,,,,,,,,3025.706457,,,
269,,,450.976,,,,,,,,,,,,,,1001.359291,,,1056.336758,,,,,,,,,,,,,,,,,,,,,,,,,,,,,,,,,,,,,,,,,75971.07,,,,,,,,,1002.936,658.26,,,,,,,,,,,,,,,,,,,,,849.2439553,,662.177694,,,,,,,,,,,,,,,,,,,,4476.078982,,,
268,,,1112.956,,,,,,,,,,,,,,2178.782364,,,388.7451182,,,,,,,,,,,,,,,,,,,,,,,,,,,,,,,,,,,,,,,,,95354.55,,,,,,,,,536.732,592.056,,,,,,,,,,,,,,,,,,,,,731.4673828,,503.718118,,,,,,,,,,,,,,,,,,,,3606.753131,,,
267,,,884.612,,,,,,,,,,,,,,354.5012004,,,1020.060416,,,,,,,,,,,,,,,,,,,,,,,,,,,,,,,,,,,,,,,,,61527.07,,,,,,,,,339.213,446.58,,,,,,,,,,,,,,,,,,,,,414.731771,,1812.425023,,,,,,,,,,,,,,,,,,,,3841.973947,,,
266,,,507.96,,,,,,,,,,,,,,664.4193566,,,788.7207499,,,,,,,,,,,,,,,,,,,,,,,,,,,,,,,,,,,,,,,,,77183.4,,,,,,,,,518.636,405.27,,,,,,,,,,,,,,,,,,,,,1067.521786,,1023.864443,,,,,,,,,,,,,,,,,,,,5393.769442,,,
265,,,449.072,,,,,,,,,,,,,,1624.374572,,,936.5000474,,,,,,,,,,,,,,,,,,,,,,,,,,,,,,,,,,,,,,,,,130154.976,,,,,,,,,550.333,1962.738,,,,,,,,,,,,,,,,,,,,,341.6611816,,1206.191978,,,,,,,,,,,,,,,,,,,,3912.738643,,,
264,,,688.772,,,,,,,,,,,,,,1934.620714,,,777.9804572,,,,,,,,,,,,,,,,,,,,,,,,,,,,,,,,,,,,,,,,,56766.024,,,,,,,,,912.717,1026.999,,,,,,,,,,,,,,,,,,,,,366.0819561,,1120.056012,,,,,,,,,,,,,,,,,,,,4263.275271,,,
263,,,3124.804,,,,,,,,,,,,,,1833.434359,,,839.7928473,,,,,,,,,,,,,,,,,,,,,,,,,,,,,,,,,,,,,,,,,38452.734,,,,,,,,,948.097,1053.756,,,,,,,,,,,,,,,,,,,,,348.5007443,,1064.366843,,,,,,,,,,,,,,,,,,,,2429.119941,,,
262,,,781.048,,,,,,,,,,,,,,874.6817587,,,290.7009522,,,,,,,,,,,,,,,,,,,,,,,,,,,,,,,,,,,,,,,,,94163.472,,,,,,,,,819.018,768.96,,,,,,,,,,,,,,,,,,,,,349.2247773,,627.696774,,,,,,,,,,,,,,,,,,,,6100.092834,,,
261,,,986.748,,,,,,,,,,,,,,313.8823029,,,328.6707838,,,,,,,,,,,,,,,,,,,,,,,,,,,,,,,,,,,,,,,,,42071.922,,,,,,,,,707.078,651.699,,,,,,,,,,,,,,,,,,,,,1136.304981,,422.544836,,,,,,,,,,,,,,,,,,,,5923.727227,,,
260,,,469.404,,,,,,,,,,,,,,1014.72285,,,652.3947937,,,,,,,,,,,,,,,,,,,,,,,,,,,,,,,,,,,,,,,,,74346.235,,,,,,,,,745.416,860.382,,,,,,,,,,,,,,,,,,,,,594.1439522,,1059.25277,,,,,,,,,,,,,,,,,,,,4026.759008,,,
259,,,704.412,,,,,,,,,,,,,,467.3422512,,,1379.258588,,,,,,,,,,,,,,,,,,,,,,,,,,,,,,,,,,,,,,,,,56077.749,,,,,,,,,1034.952,1009.827,,,,,,,,,,,,,,,,,,,,,1108.355197,,665.088652,,,,,,,,,,,,,,,,,,,,2489.483019,,,
258,,,769.012,,,,,,,,,,,,,,1429.808682,,,687.5569968,,,,,,,,,,,,,,,,,,,,,,,,,,,,,,,,,,,,,,,,,55370.246,,,,,,,,,685.647,732.888,,,,,,,,,,,,,,,,,,,,,533.3732269,,936.675121,,,,,,,,,,,,,,,,,,,,3232.265653,,,
257,,,1527.416,,,,,,,,,,,,,,921.6802947,,,555.9104212,,,,,,,,,,,,,,,,,,,,,,,,,,,,,,,,,,,,,,,,,43214.907,,,,,,,,,672.858,735.804,,,,,,,,,,,,,,,,,,,,,1416.03292,,769.110764,,,,,,,,,,,,,,,,,,,,3690.20023,,,
256,,,729.3,,,,,,,,,,,,,,1219.760017,,,591.4737142,,,,,,,,,,,,,,,,,,,,,,,,,,,,,,,,,,,,,,,,,72629.124,,,,,,,,,739.558,615.681,,,,,,,,,,,,,,,,,,,,,593.8716515,,611.486524,,,,,,,,,,,,,,,,,,,,5582.357364,,,
255,,,450.5,,,,,,,,,,,,,,1032.255872,,,1203.403007,,,,,,,,,,,,,,,,,,,,,,,,,,,,,,,,,,,,,,,,,41551.846,,,,,,,,,231.014,675.216,,,,,,,,,,,,,,,,,,,,,612.7656732,,1066.363965,,,,,,,,,,,,,,,,,,,,1669.027684,,,
254,,,273.836,,,,,,,,,,,,,,696.4735608,,,727.2648841,,,,,,,,,,,,,,,,,,,,,,,,,,,,,,,,,,,,,,,,,68975.62,,,,,,,,,297.888,705.618,,,,,,,,,,,,,,,,,,,,,1460.396065,,883.723436,,,,,,,,,,,,,,,,,,,,1560.832008,,,
253,,,477.088,,,,,,,,,,,,,,484.6946191,,,657.1187399,,,,,,,,,,,,,,,,,,,,,,,,,,,,,,,,,,,,,,,,,47699.079,,,,,,,,,138.591,567.783,,,,,,,,,,,,,,,,,,,,,849.1074541,,577.253167,,,,,,,,,,,,,,,,,,,,2524.696609,,,
252,,,759.968,,,,,,,,,,,,,,1135.4322,,,996.2624232,,,,,,,,,,,,,,,,,,,,,,,,,,,,,,,,,,,,,,,,,56987.514,,,,,,,,,326.917,261.009,,,,,,,,,,,,,,,,,,,,,826.3661064,,318.70874,,,,,,,,,,,,,,,,,,,,2230.812732,,,
251,,,1492.26,,,,,,,,,,,,,,655.1363322,,,694.9103093,,,,,,,,,,,,,,,,,,,,,,,,,,,,,,,,,,,,,,,,,67003.623,,,,,,,,,635.216,303.777,,,,,,,,,,,,,,,,,,,,,611.0589249,,655.016216,,,,,,,,,,,,,,,,,,,,3886.398796,,,
250,,,854.624,,,,,,,,,,,,,,947.4058087,,,619.5499981,,,,,,,,,,,,,,,,,,,,,,,,,,,,,,,,,,,,,,,,,87414.72,,,,,,,,,481.661,368.928,,,,,,,,,,,,,,,,,,,,,594.1613338,,597.38179,,,,,,,,,,,,,,,,,,,,3782.819668,,,
249,,,411.4,,,,,,,,,,,,,,925.2974946,,,970.6372434,,,,,,,,,,,,,,,,,,,,,,,,,,,,,,,,,,,,,,,,,40020.184,,,,,,,,,565.036,331.533,,,,,,,,,,,,,,,,,,,,,694.846182,,641.442413,,,,,,,,,,,,,,,,,,,,3485.423644,,,
248,,,518.092,,,,,,,,,,,,,,521.5089921,,,1007.715764,,,,,,,,,,,,,,,,,,,,,,,,,,,,,,,,,,,,,,,,,112367.512,,,,,,,,,714.908,347.571,,,,,,,,,,,,,,,,,,,,,1132.293932,,794.302428,,,,,,,,,,,,,,,,,,,,5017.086542,,,
247,,,1026.392,,,,,,,,,,,,,,582.4686903,,,910.8748677,,,,,,,,,,,,,,,,,,,,,,,,,,,,,,,,,,,,,,,,,72576.96,,,,,,,,,607.985,581.796,,,,,,,,,,,,,,,,,,,,,462.6246387,,619.086904,,,,,,,,,,,,,,,,,,,,9064.151601,,,
246,,,1188.912,,,,,,,,,,,,,,938.5057695,,,646.5567092,,,,,,,,,,,,,,,,,,,,,,,,,,,,,,,,,,,,,,,,,43659.957,,,,,,,,,550.768,673.515,,,,,,,,,,,,,,,,,,,,,295.5853779,,1015.059252,,,,,,,,,,,,,,,,,,,,2952.834472,,,
245,,,398.344,,,,,,,,,,,,,,647.3228631,,,459.6488764,,,,,,,,,,,,,,,,,,,,,,,,,,,,,,,,,,,,,,,,,88801.321,,,,,,,,,900.769,866.97,,,,,,,,,,,,,,,,,,,,,632.8209518,,739.823785,,,,,,,,,,,,,,,,,,,,5286.630846,,,
244,,,865.776,,,,,,,,,,,,,,1078.212923,,,1160.174442,,,,,,,,,,,,,,,,,,,,,,,,,,,,,,,,,,,,,,,,,62669.48,,,,,,,,,853.238,822.042,,,,,,,,,,,,,,,,,,,,,961.6591923,,771.338068,,,,,,,,,,,,,,,,,,,,5695.495284,,,
243,,,1405.492,,,,,,,,,,,,,,930.4264772,,,545.2592596,,,,,,,,,,,,,,,,,,,,,,,,,,,,,,,,,,,,,,,,,66839.472,,,,,,,,,1077.756,696.411,,,,,,,,,,,,,,,,,,,,,558.5540826,,627.049261,,,,,,,,,,,,,,,,,,,,4177.01498,,,
242,,,1494.64,,,,,,,,,,,,,,616.6505802,,,519.8569075,,,,,,,,,,,,,,,,,,,,,,,,,,,,,,,,,,,,,,,,,49294.98,,,,,,,,,1425.466,528.525,,,,,,,,,,,,,,,,,,,,,711.4508731,,1002.018221,,,,,,,,,,,,,,,,,,,,5491.508019,,,
241,,,573.172,,,,,,,,,,,,,,1819.663755,,,739.6095359,,,,,,,,,,,,,,,,,,,,,,,,,,,,,,,,,,,,,,,,,85373.194,,,,,,,,,762.903,776.817,,,,,,,,,,,,,,,,,,,,,1260.867107,,769.087027,,,,,,,,,,,,,,,,,,,,4076.933693,,,
240,,,1791.936,,,,,,,,,,,,,,770.4081151,,,,,,,,,,,,,,,,,,,,,,,,,,,,,,,,,,,,,,,,,,,,47209.8,,,,,,,,,811.043,1540.917,,,,,,,,,,,,,,,,,,,,,891.0547568,,512.413802,,,,,,,,,,,,,,,,,,,,7644.262005,,,
239,,,3899.868,,,,,,,,,,,,,,1370.207687,,,734.3508033,,,,,,,,,,,,,,,,,,,,,,,,,,,,,,,,,,,,,,,,,82947.568,,,,,,,,,1000.703,1490.724,,,,,,,,,,,,,,,,,,,,,261.308423,,570.150224,,,,,,,,,,,,,,,,,,,,6878.138312,,,
238,,,811.444,,,,,,,,,,,,,,481.9612152,,,2184.067494,,,,,,,,,,,,,,,,,,,,,,,,,,,,,,,,,,,,,,,,,48927.624,,,,,,,,,453.618,1135.998,,,,,,,,,,,,,,,,,,,,,759.7620561,,994.072957,,,,,,,,,,,,,,,,,,,,3623.624805,,,
237,,,1169.396,,,,,,,,,,,,,,511.4038364,,,740.5008465,,,,,,,,,,,,,,,,,,,,,,,,,,,,,,,,,,,,,,,,,76100.928,,,,,,,,,343.592,842.265,,,,,,,,,,,,,,,,,,,,,537.7866575,,487.239835,,,,,,,,,,,,,,,,,,,,6232.276402,,,
236,,,445.876,,,,,,,,,,,,,,795.2618654,,,1076.703205,,,,,,,,,,,,,,,,,,,,,,,,,,,,,,,,,,,,,,,,,97036.632,,,,,,,,,595.602,587.331,,,,,,,,,,,,,,,,,,,,,1156.884494,,1176.733158,,,,,,,,,,,,,,,,,,,,2334.809099,,,
235,,,720.664,,,,,,,,,,,,,,1110.162482,,,490.2653955,,,,,,,,,,,,,,,,,,,,,,,,,,,,,,,,,,,,,,,,,61599.52,,,,,,,,,787.93,412.884,,,,,,,,,,,,,,,,,,,,,909.1480486,,954.879792,,,,,,,,,,,,,,,,,,,,2328.580627,,,
234,,,750.312,,,,,,,,,,,,,,953.2080081,,,1352.742098,,,,,,,,,,,,,,,,,,,,,,,,,,,,,,,,,,,,,,,,,41771.358,,,,,,,,,595.051,640.008,,,,,,,,,,,,,,,,,,,,,584.5482076,,451.025918,,,,,,,,,,,,,,,,,,,,4721.912901,,,
233,,,1234.676,,,,,,,,,,,,,,1279.363496,,,836.4949981,,,,,,,,,,,,,,,,,,,,,,,,,,,,,,,,,,,,,,,,,68179.797,,,,,,,,,718.997,728.649,,,,,,,,,,,,,,,,,,,,,1012.568331,,1018.345831,,,,,,,,,,,,,,,,,,,,8056.869987,,,
232,,,965.124,,,,,,,,,,,,,,301.7028851,,,979.1046941,,,,,,,,,,,,,,,,,,,,,,,,,,,,,,,,,,,,,,,,,39378.231,,,,,,,,,798.95,767.583,,,,,,,,,,,,,,,,,,,,,764.3528498,,863.236493,,,,,,,,,,,,,,,,,,,,1708.577458,,,
231,,,828.92,,,,,,,,,,,,,,463.2352174,,,563.8876511,,,,,,,,,,,,,,,,,,,,,,,,,,,,,,,,,,,,,,,,,37291.625,,,,,,,,,588.932,820.476,,,,,,,,,,,,,,,,,,,,,430.6127947,,655.610966,,,,,,,,,,,,,,,,,,,,3720.264666,,,
230,,,959.48,,,,,,,,,,,,,,722.5411322,,,2202.562189,,,,,,,,,,,,,,,,,,,,,,,,,,,,,,,,,,,,,,,,,70520.369,,,,,,,,,428.243,768.933,,,,,,,,,,,,,,,,,,,,,483.3333463,,644.959151,,,,,,,,,,,,,,,,,,,,3214.114433,,,
229,,,1769.292,,,,,,,,,,,,,,985.4861165,,,1662.650793,,,,,,,,,,,,,,,,,,,,,,,,,,,,,,,,,,,,,,,,,25357.5,,,,,,,,,418.905,548.208,,,,,,,,,,,,,,,,,,,,,1145.060601,,947.662483,,,,,,,,,,,,,,,,,,,,3566.44702,,,
228,,,1514.224,,,,,,,,,,,,,,1645.945318,,,909.0476809,,,,,,,,,,,,,,,,,,,,,,,,,,,,,,,,,,,,,,,,,61224.735,,,,,,,,,304.964,357.696,,,,,,,,,,,,,,,,,,,,,624.8534766,,758.953178,,,,,,,,,,,,,,,,,,,,6089.989932,,,
227,,,735.692,,,,,,,,,,,,,,903.6456607,,,1016.227781,,,,,,,,,,,,,,,,,,,,,,,,,,,,,,,,,,,,,,,,,84071.808,,,,,,,,,459.853,364.122,,,,,,,,,,,,,,,,,,,,,836.2009555,,768.16884,,,,,,,,,,,,,,,,,,,,6615.602658,,,
226,,,878.288,,,,,,,,,,,,,,1211.660172,,,638.1338241,,,,,,,,,,,,,,,,,,,,,,,,,,,,,,,,,,,,,,,,,51612.345,,,,,,,,,608.797,526.689,,,,,,,,,,,,,,,,,,,,,1150.16273,,568.814078,,,,,,,,,,,,,,,,,,,,13578.11164,,,
225,,,554.064,,,,,,,,,,,,,,1458.383329,,,253.2213415,,,,,,,,,,,,,,,,,,,,,,,,,,,,,,,,,,,,,,,,,32989.728,,,,,,,,,541.546,467.262,,,,,,,,,,,,,,,,,,,,,800.3973669,,903.927147,,,,,,,,,,,,,,,,,,,,2891.630672,,,
224,,,493.748,,,,,,,,,,,,,,1203.481919,,,492.0034512,,,,,,,,,,,,,,,,,,,,,,,,,,,,,,,,,,,,,,,,,38311.353,,,,,,,,,557.844,654.264,,,,,,,,,,,,,,,,,,,,,752.5080398,,910.472848,,,,,,,,,,,,,,,,,,,,4118.73151,,,
223,,,658.58,,,,,,,,,,,,,,988.1925372,,,802.1349745,,,,,,,,,,,,,,,,,,,,,,,,,,,,,,,,,,,,,,,,,43165.71,,,,,,,,,501.12,774.036,,,,,,,,,,,,,,,,,,,,,1349.142713,,2235.027418,,,,,,,,,,,,,,,,,,,,2863.534854,,,
222,,,1086.912,,,,,,,,,,,,,,1131.129478,,,697.8961998,,,,,,,,,,,,,,,,,,,,,,,,,,,,,,,,,,,,,,,,,63881.488,,,,,,,,,527.075,773.982,,,,,,,,,,,,,,,,,,,,,528.1731835,,792.484458,,,,,,,,,,,,,,,,,,,,3056.581809,,,
221,,,1056.516,,,,,,,,,,,,,,516.8924505,,,952.8555969,,,,,,,,,,,,,,,,,,,,,,,,,,,,,,,,,,,,,,,,,102745.232,,,,,,,,,423.864,683.289,,,,,,,,,,,,,,,,,,,,,705.7354916,,696.81814,,,,,,,,,,,,,,,,,,,,2767.385589,,,
220,,,952.68,,,,,,,,,,,,,,1189.715498,,,964.3535037,,,,,,,,,,,,,,,,,,,,,,,,,,,,,,,,,,,,,,,,,55365.232,,,,,,,,,271.933,466.506,,,,,,,,,,,,,,,,,,,,,705.3067322,,645.937068,,,,,,,,,,,,,,,,,,,,3351.816947,,,
219,,,483.412,,,,,,,,,,,,,,427.9353409,,,1394.901089,,,,,,,,,,,,,,,,,,,,,,,,,,,,,,,,,,,,,,,,,51201.381,,,,,,,,,324.307,339.876,,,,,,,,,,,,,,,,,,,,,806.5424439,,767.297884,,,,,,,,,,,,,,,,,,,,3818.346325,,,
218,,,1081.812,,,,,,,,,,,,,,1097.078568,,,3579.770763,,,,,,,,,,,,,,,,,,,,,,,,,,,,,,,,,,,,,,,,,58241.106,,,,,,,,,1124.272,595.62,,,,,,,,,,,,,,,,,,,,,630.8736919,,530.661737,,,,,,,,,,,,,,,,,,,,3469.91131,,,
217,,,1309.816,,,,,,,,,,,,,,868.3405927,,,869.785449,,,,,,,,,,,,,,,,,,,,,,,,,,,,,,,,,,,,,,,,,53370.672,,,,,,,,,1254.627,720.954,,,,,,,,,,,,,,,,,,,,,1034.40524,,450.417144,,,,,,,,,,,,,,,,,,,,5784.225732,,,
216,,,1057.196,,,,,,,,,,,,,,566.9391691,,,658.5448368,,,,,,,,,,,,,,,,,,,,,,,,,,,,,,,,,,,,,,,,,43904.7,,,,,,,,,1089.182,735.669,,,,,,,,,,,,,,,,,,,,,1276.656753,,514.878961,,,,,,,,,,,,,,,,,,,,5318.291492,,,
215,,,841.16,,,,,,,,,,,,,,1046.615427,,,948.8892648,,,,,,,,,,,,,,,,,,,,,,,,,,,,,,,,,,,,,,,,,72073.904,,,,,,,,,756.523,871.641,,,,,,,,,,,,,,,,,,,,,646.1346277,,1396.546998,,,,,,,,,,,,,,,,,,,,6952.500879,,,
214,,,1663.076,,,,,,,,,,,,,,684.6460106,,,718.8865644,,,,,,,,,,,,,,,,,,,,,,,,,,,,,,,,,,,,,,,,,66229.006,,,,,,,,,452.429,782.811,,,,,,,,,,,,,,,,,,,,,670.265615,,1218.710847,,,,,,,,,,,,,,,,,,,,12399.6912,,,
213,,,1548.292,,,,,,,,,,,,,,569.3730394,,,769.1564823,,,,,,,,,,,,,,,,,,,,,,,,,,,,,,,,,,,,,,,,,105335.331,,,,,,,,,758.756,846.072,,,,,,,,,,,,,,,,,,,,,417.0976765,,1528.341938,,,,,,,,,,,,,,,,,,,,5582.839644,,,
212,,,1296.488,,,,,,,,,,,,,,375.7749086,,,651.6371797,,,,,,,,,,,,,,,,,,,,,,,,,,,,,,,,,,,,,,,,,67642.31,,,,,,,,,910.223,1005.021,,,,,,,,,,,,,,,,,,,,,546.2095073,,702.762188,,,,,,,,,,,,,,,,,,,,2271.021779,,,
211,,,1121.796,,,,,,,,,,,,,,2133.08788,,,361.0699241,,,,,,,,,,,,,,,,,,,,,,,,,,,,,,,,,,,,,,,,,54704.672,,,,,,,,,541.372,709.452,,,,,,,,,,,,,,,,,,,,,435.2078402,,566.975157,,,,,,,,,,,,,,,,,,,,4376.380328,,,
210,,,669.664,,,,,,,,,,,,,,1282.247343,,,955.3067011,,,,,,,,,,,,,,,,,,,,,,,,,,,,,,,,,,,,,,,,,59451.412,,,,,,,,,444.338,487.026,,,,,,,,,,,,,,,,,,,,,453.4439749,,623.995437,,,,,,,,,,,,,,,,,,,,3439.931695,,,
209,,,683.808,,,,,,,,,,,,,,1451.469515,,,437.7226357,,,,,,,,,,,,,,,,,,,,,,,,,,,,,,,,,,,,,,,,,46042.458,,,,,,,,,368.445,612.981,,,,,,,,,,,,,,,,,,,,,270.4502082,,824.716319,,,,,,,,,,,,,,,,,,,,8127.763106,,,
208,,,1032.172,,,,,,,,,,,,,,968.0184378,,,735.4203761,,,,,,,,,,,,,,,,,,,,,,,,,,,,,,,,,,,,,,,,,116611.357,,,,,,,,,499.612,670.437,,,,,,,,,,,,,,,,,,,,,886.9447573,,764.419129,,,,,,,,,,,,,,,,,,,,6569.050076,,,
207,,,1191.36,,,,,,,,,,,,,,1712.931161,,,1228.582531,,,,,,,,,,,,,,,,,,,,,,,,,,,,,,,,,,,,,,,,,71136.125,,,,,,,,,567.153,842.994,,,,,,,,,,,,,,,,,,,,,969.7619423,,392.800513,,,,,,,,,,,,,,,,,,,,8246.689319,,,
206,,,1887.272,,,,,,,,,,,,,,599.3306488,,,1140.030823,,,,,,,,,,,,,,,,,,,,,,,,,,,,,,,,,,,,,,,,,58438.17,,,,,,,,,400.867,545.319,,,,,,,,,,,,,,,,,,,,,691.5813193,,1198.952199,,,,,,,,,,,,,,,,,,,,5670.737113,,,
205,,,1551.76,,,,,,,,,,,,,,856.1381685,,,721.4713652,,,,,,,,,,,,,,,,,,,,,,,,,,,,,,,,,,,,,,,,,52223.846,,,,,,,,,666.565,402.732,,,,,,,,,,,,,,,,,,,,,1031.808433,,1337.722509,,,,,,,,,,,,,,,,,,,,3516.318812,,,
204,,,2487.644,,,,,,,,,,,,,,1391.858565,,,2225.290609,,,,,,,,,,,,,,,,,,,,,,,,,,,,,,,,,,,,,,,,,91173.748,,,,,,,,,681.732,315.387,,,,,,,,,,,,,,,,,,,,,407.117534,,900.996006,,,,,,,,,,,,,,,,,,,,3286.088781,,,
203,,,2854.912,,,,,,,,,,,,,,1185.126825,,,1237.139113,,,,,,,,,,,,,,,,,,,,,,,,,,,,,,,,,,,,,,,,,58492.473,,,,,,,,,443.323,477.144,,,,,,,,,,,,,,,,,,,,,381.9777621,,849.92469,,,,,,,,,,,,,,,,,,,,3502.603865,,,
202,,,634.236,,,,,,,,,,,,,,416.8125994,,,1361.298679,,,,,,,,,,,,,,,,,,,,,,,,,,,,,,,,,,,,,,,,,66999.138,,,,,,,,,399.649,670.167,,,,,,,,,,,,,,,,,,,,,741.1736652,,86.220158,,,,,,,,,,,,,,,,,,,,3940.163347,,,
201,,,1623.296,,,,,,,,,,,,,,2077.383487,,,1300.912386,,,,,,,,,,,,,,,,,,,,,,,,,,,,,,,,,,,,,,,,,119124.084,,,,,,,,,742.835,682.02,,,,,,,,,,,,,,,,,,,,,455.0766259,,534.093548,,,,,,,,,,,,,,,,,,,,3086.577355,,,
200,,,1049.784,,,,,,,,,,,,,,1395.802228,,,962.7937101,,,,,,,,,,,,,,,,,,,,,,,,,,,,,,,,,,,,,,,,,69300.242,,,,,,,,,757.77,602.262,,,,,,,,,,,,,,,,,,,,,1092.977394,,680.362915,,,,,,,,,,,,,,,,,,,,2188.728706,,,
199,,,1081.676,,,,,,,,,,,,,,583.4716364,,,749.7259112,,,,,,,,,,,,,,,,,,,,,,,,,,,,,,,,,,,,,,,,,48006.75,,,,,,,,,457.794,470.151,,,,,,,,,,,,,,,,,,,,,495.9407172,,679.874157,,,,,,,,,,,,,,,,,,,,2199.215462,,,
198,,,1251.2,,,,,,,,,,,,,,1175.835813,,,1012.484276,,,,,,,,,,,,,,,,,,,,,,,,,,,,,,,,,,,,,,,,,40896.875,,,,,,,,,279.995,408.537,,,,,,,,,,,,,,,,,,,,,1046.87197,,485.215891,,,,,,,,,,,,,,,,,,,,4299.914989,,,
197,,,1826.956,,,,,,,,,,,,,,1032.725659,,,1518.035648,,,,,,,,,,,,,,,,,,,,,,,,,,,,,,,,,,,,,,,,,78207.36,,,,,,,,,669.639,437.103,,,,,,,,,,,,,,,,,,,,,681.6854037,,867.713119,,,,,,,,,,,,,,,,,,,,4409.925173,,,
196,,,900.524,,,,,,,,,,,,,,903.2135576,,,1036.549662,,,,,,,,,,,,,,,,,,,,,,,,,,,,,,,,,,,,,,,,,71356.81,,,,,,,,,710.848,614.034,,,,,,,,,,,,,,,,,,,,,1085.244537,,834.115775,,,,,,,,,,,,,,,,,,,,3351.325955,,,
195,,,568.82,,,,,,,,,,,,,,752.0241758,,,849.5081329,,,,,,,,,,,,,,,,,,,,,,,,,,,,,,,,,,,,,,,,,36037.044,,,,,,,,,534.325,691.605,,,,,,,,,,,,,,,,,,,,,731.9497353,,1002.798985,,,,,,,,,,,,,,,,,,,,4364.448629,,,
194,,,665.72,,,,,,,,,,,,,,1748.443333,,,1878.659917,,,,,,,,,,,,,,,,,,,,,,,,,,,,,,,,,,,,,,,,,139028.606,,,,,,,,,511.27,743.877,,,,,,,,,,,,,,,,,,,,,1886.339947,,869.98356,,,,,,,,,,,,,,,,,,,,5062.019767,,,
193,,,1289.076,,,,,,,,,,,,,,1986.827907,,,1161.154884,,,,,,,,,,,,,,,,,,,,,,,,,,,,,,,,,,,,,,,,,53980.908,,,,,,,,,605.404,815.643,,,,,,,,,,,,,,,,,,,,,1867.452188,,700.37093,,,,,,,,,,,,,,,,,,,,5269.864601,,,
192,,,3360.696,,,,,,,,,,,,,,820.505526,,,1021.441948,,,,,,,,,,,,,,,,,,,,,,,,,,,,,,,,,,,,,,,,,100962.18,,,,,,,,,718.011,791.451,,,,,,,,,,,,,,,,,,,,,728.5862955,,1169.983821,,,,,,,,,,,,,,,,,,,,6837.668514,,,
191,,,782.748,,,,,,,,,,,,,,2373.036492,,,438.0345944,,,,,,,,,,,,,,,,,,,,,,,,,,,,,,,,,,,,,,,,,38411.564,,,,,,,,,1073.696,888.921,,,,,,,,,,,,,,,,,,,,,307.7410138,,1098.638657,,,,,,,,,,,,,,,,,,,,3846.883285,,,
190,,,1286.764,,,,,,,,,,,,,,1194.553486,,,1763.903677,,,,,,,,,,,,,,,,,,,,,,,,,,,,,,,,,,,,,,,,,90852.76,,,,,,,,,1123.17,999.594,,,,,,,,,,,,,,,,,,,,,1135.146114,,1731.37187,,,,,,,,,,,,,,,,,,,,1730.226272,,,
189,,,1246.372,,,,,,,,,,,,,,1090.066957,,,1021.753906,,,,,,,,,,,,,,,,,,,,,,,,,,,,,,,,,,,,,,,,,54483.297,,,,,,,,,1043.217,971.136,,,,,,,,,,,,,,,,,,,,,808.1403212,,923.347207,,,,,,,,,,,,,,,,,,,,6558.093222,,,
188,,,729.368,,,,,,,,,,,,,,1741.402709,,,644.1947362,,,,,,,,,,,,,,,,,,,,,,,,,,,,,,,,,,,,,,,,,57224,,,,,,,,,900.885,663.093,,,,,,,,,,,,,,,,,,,,,767.698644,,944.909951,,,,,,,,,,,,,,,,,,,,3963.929088,,,
187,,,579.972,,,,,,,,,,,,,,875.757104,,,370.7852096,,,,,,,,,,,,,,,,,,,,,,,,,,,,,,,,,,,,,,,,,53439.12,,,,,,,,,795.876,436.563,,,,,,,,,,,,,,,,,,,,,1191.178738,,1099.913552,,,,,,,,,,,,,,,,,,,,5294.110384,,,
186,,,936.904,,,,,,,,,,,,,,1608.322983,,,373.8156656,,,,,,,,,,,,,,,,,,,,,,,,,,,,,,,,,,,,,,,,,71574.804,,,,,,,,,650.093,774.522,,,,,,,,,,,,,,,,,,,,,659.6153649,,927.787898,,,,,,,,,,,,,,,,,,,,7295.760011,,,
185,,,1141.856,,,,,,,,,,,,,,1244.73367,,,671.6025371,,,,,,,,,,,,,,,,,,,,,,,,,,,,,,,,,,,,,,,,,33424.083,,,,,,,,,541.169,843.615,,,,,,,,,,,,,,,,,,,,,1103.722309,,865.818855,,,,,,,,,,,,,,,,,,,,3682.800874,,,
184,,,667.488,,,,,,,,,,,,,,862.6493258,,,1510.281246,,,,,,,,,,,,,,,,,,,,,,,,,,,,,,,,,,,,,,,,,53237.088,,,,,,,,,333.123,709.506,,,,,,,,,,,,,,,,,,,,,1549.506604,,1183.367561,,,,,,,,,,,,,,,,,,,,4853.586507,,,
183,,,382.024,,,,,,,,,,,,,,1503.255153,,,616.430411,,,,,,,,,,,,,,,,,,,,,,,,,,,,,,,,,,,,,,,,,34310.618,,,,,,,,,264.654,552.879,,,,,,,,,,,,,,,,,,,,,836.1940109,,1267.000664,,,,,,,,,,,,,,,,,,,,9160.460973,,,
182,,,437.172,,,,,,,,,,,,,,1039.37128,,,490.8001819,,,,,,,,,,,,,,,,,,,,,,,,,,,,,,,,,,,,,,,,,31294.835,,,,,,,,,334.718,669.384,,,,,,,,,,,,,,,,,,,,,709.2474637,,1026.595636,,,,,,,,,,,,,,,,,,,,4598.335505,,,
181,,,1301.044,,,,,,,,,,,,,,1797.432015,,,1351.538828,,,,,,,,,,,,,,,,,,,,,,,,,,,,,,,,,,,,,,,,,47430.6,,,,,,,,,466.175,688.635,,,,,,,,,,,,,,,,,,,,,659.1347342,,1076.216089,,,,,,,,,,,,,,,,,,,,4079.113938,,,
180,,,1142.876,,,,,,,,,,,,,,1059.343343,,,448.7303216,,,,,,,,,,,,,,,,,,,,,,,,,,,,,,,,,,,,,,,,,56422.197,,,,,,,,,698.9,386.991,,,,,,,,,,,,,,,,,,,,,534.967572,,685.389733,,,,,,,,,,,,,,,,,,,,4575.859952,,,
179,,,922.488,,,,,,,,,,,,,,706.5414184,,,707.0321335,,,,,,,,,,,,,,,,,,,,,,,,,,,,,,,,,,,,,,,,,29241.05,,,,,,,,,585.075,245.457,,,,,,,,,,,,,,,,,,,,,326.414735,,809.181223,,,,,,,,,,,,,,,,,,,,2822.018112,,,
178,,,685.576,,,,,,,,,,,,,,2322.411088,,,982.625371,,,,,,,,,,,,,,,,,,,,,,,,,,,,,,,,,,,,,,,,,55566.068,,,,,,,,,389.876,232.254,,,,,,,,,,,,,,,,,,,,,568.8864199,,763.310831,,,,,,,,,,,,,,,,,,,,2823.004003,,,
177,,,1647.844,,,,,,,,,,,,,,904.6582948,,,293.2411874,,,,,,,,,,,,,,,,,,,,,,,,,,,,,,,,,,,,,,,,,61026.222,,,,,,,,,618.802,423.819,,,,,,,,,,,,,,,,,,,,,467.585173,,685.913892,,,,,,,,,,,,,,,,,,,,4102.025426,,,
176,,,1212.916,,,,,,,,,,,,,,1778.386549,,,1675.173707,,,,,,,,,,,,,,,,,,,,,,,,,,,,,,,,,,,,,,,,,51242.643,,,,,,,,,490.767,609.228,,,,,,,,,,,,,,,,,,,,,294.2184419,,1290.015544,,,,,,,,,,,,,,,,,,,,4179.287728,,,
175,,,657.628,,,,,,,,,,,,,,1129.801691,,,1284.200312,,,,,,,,,,,,,,,,,,,,,,,,,,,,,,,,,,,,,,,,,60764.85,,,,,,,,,547.984,612.576,,,,,,,,,,,,,,,,,,,,,,,534.961688,,,,,,,,,,,,,,,,,,,,7688.637301,,,
174,,,769.624,,,,,,,,,,,,,,2745.985657,,,1275.15351,,,,,,,,,,,,,,,,,,,,,,,,,,,,,,,,,,,,,,,,,52478.893,,,,,,,,,609.145,443.286,,,,,,,,,,,,,,,,,,,,,,,949.582722,,,,,,,,,,,,,,,,,,,,6869.800981,,,
173,,,1172.592,,,,,,,,,,,,,,1956.204235,,,1629.98426,,,,,,,,,,,,,,,,,,,,,,,,,,,,,,,,,,,,,,,,,45108.014,,,,,,,,,270.976,222.804,,,,,,,,,,,,,,,,,,,,,,,881.988807,,,,,,,,,,,,,,,,,,,,3603.94949,,,
172,,,2849.744,,,,,,,,,,,,,,442.3687959,,,1152.063516,,,,,,,,,,,,,,,,,,,,,,,,,,,,,,,,,,,,,,,,,47568.508,,,,,,,,,471.424,525.015,,,,,,,,,,,,,,,,,,,,,,,521.714966,,,,,,,,,,,,,,,,,,,,5116.086071,,,
171,,,1032.444,,,,,,,,,,,,,,553.5052349,,,1262.051244,,,,,,,,,,,,,,,,,,,,,,,,,,,,,,,,,,,,,,,,,101002.683,,,,,,,,,403.042,893.349,,,,,,,,,,,,,,,,,,,,,,,538.005206,,,,,,,,,,,,,,,,,,,,6259.72634,,,
170,,,1040.672,,,,,,,,,,,,,,675.6288807,,,1531.628135,,,,,,,,,,,,,,,,,,,,,,,,,,,,,,,,,,,,,,,,,75220.488,,,,,,,,,302.673,586.008,,,,,,,,,,,,,,,,,,,,,,,1194.858551,,,,,,,,,,,,,,,,,,,,4182.336013,,,
169,,,687.956,,,,,,,,,,,,,,1437.680652,,,606.759691,,,,,,,,,,,,,,,,,,,,,,,,,,,,,,,,,,,,,,,,,41317.936,,,,,,,,,548.941,558.306,,,,,,,,,,,,,,,,,,,,,,,822.696346,,,,,,,,,,,,,,,,,,,,2600.92587,,,
168,,,808.452,,,,,,,,,,,,,,720.6148405,,,393.2016712,,,,,,,,,,,,,,,,,,,,,,,,,,,,,,,,,,,,,,,,,51742.548,,,,,,,,,347.275,498.069,,,,,,,,,,,,,,,,,,,,,,,642.239383,,,,,,,,,,,,,,,,,,,,5884.722264,,,
167,,,934.32,,,,,,,,,,,,,,845.0121548,,,946.7946849,,,,,,,,,,,,,,,,,,,,,,,,,,,,,,,,,,,,,,,,,31349.943,,,,,,,,,443.642,506.277,,,,,,,,,,,,,,,,,,,,,,,1198.346216,,,,,,,,,,,,,,,,,,,,10036.72911,,,
166,,,647.496,,,,,,,,,,,,,,1338.791247,,,412.7213733,,,,,,,,,,,,,,,,,,,,,,,,,,,,,,,,,,,,,,,,,41760.732,,,,,,,,,540.473,597.051,,,,,,,,,,,,,,,,,,,,,,,1369.442814,,,,,,,,,,,,,,,,,,,,6841.709625,,,
165,,,621.996,,,,,,,,,,,,,,1422.406025,,,689.2059215,,,,,,,,,,,,,,,,,,,,,,,,,,,,,,,,,,,,,,,,,108558.528,,,,,,,,,244.963,642.924,,,,,,,,,,,,,,,,,,,,,,,616.376222,,,,,,,,,,,,,,,,,,,,4619.944691,,,
164,,,797.368,,,,,,,,,,,,,,1120.315281,,,1819.031238,,,,,,,,,,,,,,,,,,,,,,,,,,,,,,,,,,,,,,,,,62606.368,,,,,,,,,363.312,800.28,,,,,,,,,,,,,,,,,,,,,,,608.945701,,,,,,,,,,,,,,,,,,,,8130.215023,,,
163,,,613.088,,,,,,,,,,,,,,538.279034,,,732.2562234,,,,,,,,,,,,,,,,,,,,,,,,,,,,,,,,,,,,,,,,,75073.15,,,,,,,,,253.344,858.546,,,,,,,,,,,,,,,,,,,,,,,405.682808,,,,,,,,,,,,,,,,,,,,2557.602463,,,
162,,,1074.4,,,,,,,,,,,,,,1064.750303,,,650.6121725,,,,,,,,,,,,,,,,,,,,,,,,,,,,,,,,,,,,,,,,,49936.68,,,,,,,,,269.497,848.313,,,,,,,,,,,,,,,,,,,,,,,1382.48415,,,,,,,,,,,,,,,,,,,,5298.469999,,,
161,,,654.228,,,,,,,,,,,,,,1566.89443,,,480.7729376,,,,,,,,,,,,,,,,,,,,,,,,,,,,,,,,,,,,,,,,,62535.068,,,,,,,,,409.48,975.969,,,,,,,,,,,,,,,,,,,,,,,1353.593744,,,,,,,,,,,,,,,,,,,,5086.039123,,,
160,,,810.696,,,,,,,,,,,,,,1377.346699,,,549.2701573,,,,,,,,,,,,,,,,,,,,,,,,,,,,,,,,,,,,,,,,,28924.11,,,,,,,,,485.692,899.1,,,,,,,,,,,,,,,,,,,,,,,687.083385,,,,,,,,,,,,,,,,,,,,10516.25573,,,
159,,,700.468,,,,,,,,,,,,,,,,,625.8337378,,,,,,,,,,,,,,,,,,,,,,,,,,,,,,,,,,,,,,,,,64067.42,,,,,,,,,678.542,750.114,,,,,,,,,,,,,,,,,,,,,,,597.723341,,,,,,,,,,,,,,,,,,,,2835.328305,,,
158,,,1074.876,,,,,,,,,,,,,,,,,783.2391898,,,,,,,,,,,,,,,,,,,,,,,,,,,,,,,,,,,,,,,,,29028.875,,,,,,,,,725.319,400.707,,,,,,,,,,,,,,,,,,,,,,,472.100809,,,,,,,,,,,,,,,,,,,,2041.07633,,,
157,,,1567.604,,,,,,,,,,,,,,,,,443.3378924,,,,,,,,,,,,,,,,,,,,,,,,,,,,,,,,,,,,,,,,,40717.475,,,,,,,,,379.204,226.071,,,,,,,,,,,,,,,,,,,,,,,820.15589,,,,,,,,,,,,,,,,,,,,3718.712508,,,
156,,,1086.096,,,,,,,,,,,,,,,,,1186.245278,,,,,,,,,,,,,,,,,,,,,,,,,,,,,,,,,,,,,,,,,52546.904,,,,,,,,,385.439,280.827,,,,,,,,,,,,,,,,,,,,,,,1271.418232,,,,,,,,,,,,,,,,,,,,4106.278968,,,
155,,,635.188,,,,,,,,,,,,,,,,,883.8681565,,,,,,,,,,,,,,,,,,,,,,,,,,,,,,,,,,,,,,,,,54922.114,,,,,,,,,419.137,319.842,,,,,,,,,,,,,,,,,,,,,,,986.59513,,,,,,,,,,,,,,,,,,,,4066.414873,,,
154,,,1200.2,,,,,,,,,,,,,,,,,1241.684797,,,,,,,,,,,,,,,,,,,,,,,,,,,,,,,,,,,,,,,,,55383.862,,,,,,,,,360.934,457.623,,,,,,,,,,,,,,,,,,,,,,,652.876748,,,,,,,,,,,,,,,,,,,,5479.228926,,,
153,,,1167.968,,,,,,,,,,,,,,,,,419.8072926,,,,,,,,,,,,,,,,,,,,,,,,,,,,,,,,,,,,,,,,,76597.015,,,,,,,,,,585.819,,,,,,,,,,,,,,,,,,,,,,,1191.857506,,,,,,,,,,,,,,,,,,,,2730.720387,,,
152,,,1867.212,,,,,,,,,,,,,,,,,603.1053175,,,,,,,,,,,,,,,,,,,,,,,,,,,,,,,,,,,,,,,,,37654.358,,,,,,,,,66.091,585.333,,,,,,,,,,,,,,,,,,,,,,,1440.824442,,,,,,,,,,,,,,,,,,,,7711.398112,,,
151,,,973.42,,,,,,,,,,,,,,,,,968.8546222,,,,,,,,,,,,,,,,,,,,,,,,,,,,,,,,,,,,,,,,,76886.424,,,,,,,,,209.554,570.456,,,,,,,,,,,,,,,,,,,,,,,1477.071044,,,,,,,,,,,,,,,,,,,,3015.658278,,,
150,,,871.692,,,,,,,,,,,,,,,,,758.282493,,,,,,,,,,,,,,,,,,,,,,,,,,,,,,,,,,,,,,,,,46123.05,,,,,,,,,594.442,604.773,,,,,,,,,,,,,,,,,,,,,,,1300.522771,,,,,,,,,,,,,,,,,,,,3037.065487,,,
149,,,828.784,,,,,,,,,,,,,,,,,785.2892041,,,,,,,,,,,,,,,,,,,,,,,,,,,,,,,,,,,,,,,,,57017.552,,,,,,,,,694.173,608.04,,,,,,,,,,,,,,,,,,,,,,,303.711785,,,,,,,,,,,,,,,,,,,,4535.399759,,,
148,,,1217.948,,,,,,,,,,,,,,,,,921.0358085,,,,,,,,,,,,,,,,,,,,,,,,,,,,,,,,,,,,,,,,,71698.498,,,,,,,,,975.212,662.634,,,,,,,,,,,,,,,,,,,,,,,640.324042,,,,,,,,,,,,,,,,,,,,5142.269318,,,
147,,,1775.208,,,,,,,,,,,,,,,,,920.233629,,,,,,,,,,,,,,,,,,,,,,,,,,,,,,,,,,,,,,,,,26942.913,,,,,,,,,884.007,877.716,,,,,,,,,,,,,,,,,,,,,,,766.616836,,,,,,,,,,,,,,,,,,,,4361.960133,,,
146,,,1702.924,,,,,,,,,,,,,,,,,1596.515547,,,,,,,,,,,,,,,,,,,,,,,,,,,,,,,,,,,,,,,,,69307.556,,,,,,,,,562.484,1043.955,,,,,,,,,,,,,,,,,,,,,,,838.654258,,,,,,,,,,,,,,,,,,,,4495.301702,,,
145,,,1210.264,,,,,,,,,,,,,,,,,1197.609488,,,,,,,,,,,,,,,,,,,,,,,,,,,,,,,,,,,,,,,,,37220.187,,,,,,,,,727.32,1106.703,,,,,,,,,,,,,,,,,,,,,,,604.917301,,,,,,,,,,,,,,,,,,,,7400.999826,,,
144,,,1069.64,,,,,,,,,,,,,,,,,905.2596109,,,,,,,,,,,,,,,,,,,,,,,,,,,,,,,,,,,,,,,,,41984.085,,,,,,,,,767.717,1157.328,,,,,,,,,,,,,,,,,,,,,,,710.474878,,,,,,,,,,,,,,,,,,,,6590.75747,,,
143,,,1885.164,,,,,,,,,,,,,,,,,884.670336,,,,,,,,,,,,,,,,,,,,,,,,,,,,,,,,,,,,,,,,,59799.747,,,,,,,,,687.706,1004.994,,,,,,,,,,,,,,,,,,,,,,,755.014459,,,,,,,,,,,,,,,,,,,,9196.101125,,,
142,,,1029.588,,,,,,,,,,,,,,,,,2227.563452,,,,,,,,,,,,,,,,,,,,,,,,,,,,,,,,,,,,,,,,,71317.296,,,,,,,,,763.889,597.429,,,,,,,,,,,,,,,,,,,,,,,,,,,,,,,,,,,,,,,,,,,5485.909094,,,
141,,,838.44,,,,,,,,,,,,,,,,,1524.363954,,,,,,,,,,,,,,,,,,,,,,,,,,,,,,,,,,,,,,,,,52482.32,,,,,,,,,1169.889,603.099,,,,,,,,,,,,,,,,,,,,,,,609.996903,,,,,,,,,,,,,,,,,,,,,,,
140,,,1291.728,,,,,,,,,,,,,,,,,485.8979736,,,,,,,,,,,,,,,,,,,,,,,,,,,,,,,,,,,,,,,,,53636.161,,,,,,,,,973.182,956.529,,,,,,,,,,,,,,,,,,,,,,,1644.754008,,,,,,,,,,,,,,,,,,,,,,,
139,,,601.46,,,,,,,,,,,,,,,,,759.4411967,,,,,,,,,,,,,,,,,,,,,,,,,,,,,,,,,,,,,,,,,41998.483,,,,,,,,,1137.583,812.376,,,,,,,,,,,,,,,,,,,,,,,825.317481,,,,,,,,,,,,,,,,,,,,,,,
138,,,978.588,,,,,,,,,,,,,,,,,617.9010735,,,,,,,,,,,,,,,,,,,,,,,,,,,,,,,,,,,,,,,,,47159.706,,,,,,,,,736.136,674.487,,,,,,,,,,,,,,,,,,,,,,,1265.83547,,,,,,,,,,,,,,,,,,,,7568.332951,,,
137,,,715.564,,,,,,,,,,,,,,,,,979.7731771,,,,,,,,,,,,,,,,,,,,,,,,,,,,,,,,,,,,,,,,,161288.627,,,,,,,,,319.116,748.197,,,,,,,,,,,,,,,,,,,,,,,1282.194055,,,,,,,,,,,,,,,,,,,,6452.892346,,,
136,,,1609.764,,,,,,,,,,,,,,,,,765.5466743,,,,,,,,,,,,,,,,,,,,,,,,,,,,,,,,,,,,,,,,,94883.648,,,,,,,,,256.534,758.376,,,,,,,,,,,,,,,,,,,,,,,705.137838,,,,,,,,,,,,,,,,,,,,5056.479037,,,
135,,,3069.112,,,,,,,,,,,,,,,,,580.6442904,,,,,,,,,,,,,,,,,,,,,,,,,,,,,,,,,,,,,,,,,42710.632,,,,,,,,,176.784,1188.594,,,,,,,,,,,,,,,,,,,,,,,579.061644,,,,,,,,,,,,,,,,,,,,3931.848358,,,
134,,,820.896,,,,,,,,,,,,,,,,,830.5232171,,,,,,,,,,,,,,,,,,,,,,,,,,,,,,,,,,,,,,,,,59366.174,,,,,,,,,169.998,1541.43,,,,,,,,,,,,,,,,,,,,,,,625.212415,,,,,,,,,,,,,,,,,,,,4278.937251,,,
133,,,999.26,,,,,,,,,,,,,,,,,603.7738004,,,,,,,,,,,,,,,,,,,,,,,,,,,,,,,,,,,,,,,,,51744.112,,,,,,,,,161.385,1147.068,,,,,,,,,,,,,,,,,,,,,,,1009.29569,,,,,,,,,,,,,,,,,,,,3183.339463,,,
132,,,1538.228,,,,,,,,,,,,,,,,,600.208558,,,,,,,,,,,,,,,,,,,,,,,,,,,,,,,,,,,,,,,,,52449.292,,,,,,,,,199.433,769.797,,,,,,,,,,,,,,,,,,,,,,,1150.110329,,,,,,,,,,,,,,,,,,,,2842.626129,,,
131,,,1674.636,,,,,,,,,,,,,,,,,540.9809687,,,,,,,,,,,,,,,,,,,,,,,,,,,,,,,,,,,,,,,,,61330.512,,,,,,,,,563.267,787.293,,,,,,,,,,,,,,,,,,,,,,,753.206487,,,,,,,,,,,,,,,,,,,,3087.692028,,,
130,,,1403.112,,,,,,,,,,,,,,,,,740.8128052,,,,,,,,,,,,,,,,,,,,,,,,,,,,,,,,,,,,,,,,,75086.858,,,,,,,,,814.494,743.202,,,,,,,,,,,,,,,,,,,,,,,887.47189,,,,,,,,,,,,,,,,,,,,7763.035049,,,
129,,,915.892,,,,,,,,,,,,,,,,,459.4260488,,,,,,,,,,,,,,,,,,,,,,,,,,,,,,,,,,,,,,,,,77272.571,,,,,,,,,793.411,583.821,,,,,,,,,,,,,,,,,,,,,,,891.352735,,,,,,,,,,,,,,,,,,,,4228.139107,,,
128,,,1109.352,,,,,,,,,,,,,,,,,2147.880284,,,,,,,,,,,,,,,,,,,,,,,,,,,,,,,,,,,,,,,,,76921.775,,,,,,,,,688.924,481.788,,,,,,,,,,,,,,,,,,,,,,,672.165106,,,,,,,,,,,,,,,,,,,,6262.784511,,,
127,,,1395.156,,,,,,,,,,,,,,,,,1213.385685,,,,,,,,,,,,,,,,,,,,,,,,,,,,,,,,,,,,,,,,,46885.5,,,,,,,,,947.43,475.632,,,,,,,,,,,,,,,,,,,,,,,436.379092,,,,,,,,,,,,,,,,,,,,4790.531553,,,
126,,,1307.504,,,,,,,,,,,,,,,,,1392.138026,,,,,,,,,,,,,,,,,,,,,,,,,,,,,,,,,,,,,,,,,34797.62,,,,,,,,,1126.273,501.579,,,,,,,,,,,,,,,,,,,,,,,632.749307,,,,,,,,,,,,,,,,,,,,5798.232856,,,
125,,,1424.396,,,,,,,,,,,,,,,,,1100.768591,,,,,,,,,,,,,,,,,,,,,,,,,,,,,,,,,,,,,,,,,62283.54,,,,,,,,,674.627,540.567,,,,,,,,,,,,,,,,,,,,,,,942.564054,,,,,,,,,,,,,,,,,,,,6006.627314,,,
124,,,675.852,,,,,,,,,,,,,,,,,878.609424,,,,,,,,,,,,,,,,,,,,,,,,,,,,,,,,,,,,,,,,,51423.216,,,,,,,,,603.113,603.855,,,,,,,,,,,,,,,,,,,,,,,1089.132702,,,,,,,,,,,,,,,,,,,,4433.010441,,,
123,,,840.684,,,,,,,,,,,,,,,,,678.5993253,,,,,,,,,,,,,,,,,,,,,,,,,,,,,,,,,,,,,,,,,73943.689,,,,,,,,,591.803,566.082,,,,,,,,,,,,,,,,,,,,,,,1406.912202,,,,,,,,,,,,,,,,,,,,4489.998515,,,
122,,,1174.224,,,,,,,,,,,,,,,,,584.8334502,,,,,,,,,,,,,,,,,,,,,,,,,,,,,,,,,,,,,,,,,80322.348,,,,,,,,,1302.419,393.471,,,,,,,,,,,,,,,,,,,,,,,911.162195,,,,,,,,,,,,,,,,,,,,3968.814061,,,
121,,,2287.724,,,,,,,,,,,,,,,,,820.4959728,,,,,,,,,,,,,,,,,,,,,,,,,,,,,,,,,,,,,,,,,49974.975,,,,,,,,,947.169,377.784,,,,,,,,,,,,,,,,,,,,,,,854.854492,,,,,,,,,,,,,,,,,,,,4215.253964,,,
120,,,1197.004,,,,,,,,,,,,,,,,,1198.589929,,,,,,,,,,,,,,,,,,,,,,,,,,,,,,,,,,,,,,,,,33056.244,,,,,,,,,420.558,531.117,,,,,,,,,,,,,,,,,,,,,,,1060.264863,,,,,,,,,,,,,,,,,,,,3417.190669,,,
119,,,707.132,,,,,,,,,,,,,,,,,2147.390063,,,,,,,,,,,,,,,,,,,,,,,,,,,,,,,,,,,,,,,,,89936.532,,,,,,,,,288.347,683.505,,,,,,,,,,,,,,,,,,,,,,,1449.923145,,,,,,,,,,,,,,,,,,,,9090.206116,,,
118,,,675.376,,,,,,,,,,,,,,,,,626.3685242,,,,,,,,,,,,,,,,,,,,,,,,,,,,,,,,,,,,,,,,,55777.852,,,,,,,,,332.427,737.046,,,,,,,,,,,,,,,,,,,,,,,935.45939,,,,,,,,,,,,,,,,,,,,3462.843266,,,
117,,,734.128,,,,,,,,,,,,,,,,,399.6191075,,,,,,,,,,,,,,,,,,,,,,,,,,,,,,,,,,,,,,,,,44223.48,,,,,,,,,297.018,635.634,,,,,,,,,,,,,,,,,,,,,,,1067.798948,,,,,,,,,,,,,,,,,,,,3681.568048,,,
116,,,1122,,,,,,,,,,,,,,,,,293.9988014,,,,,,,,,,,,,,,,,,,,,,,,,,,,,,,,,,,,,,,,,75743.738,,,,,,,,,452.98,501.228,,,,,,,,,,,,,,,,,,,,,,,1061.461631,,,,,,,,,,,,,,,,,,,,7259.284853,,,
115,,,1493.824,,,,,,,,,,,,,,,,,1073.717314,,,,,,,,,,,,,,,,,,,,,,,,,,,,,,,,,,,,,,,,,41332.725,,,,,,,,,805.446,384.669,,,,,,,,,,,,,,,,,,,,,,,1075.393107,,,,,,,,,,,,,,,,,,,,6874.093337,,,
114,,,754.256,,,,,,,,,,,,,,,,,549.4484194,,,,,,,,,,,,,,,,,,,,,,,,,,,,,,,,,,,,,,,,,45193.344,,,,,,,,,584.031,331.02,,,,,,,,,,,,,,,,,,,,,,,1258.785685,,,,,,,,,,,,,,,,,,,,6380.16783,,,
113,,,860.2,,,,,,,,,,,,,,,,,809.3545903,,,,,,,,,,,,,,,,,,,,,,,,,,,,,,,,,,,,,,,,,63221.388,,,,,,,,,514.257,367.659,,,,,,,,,,,,,,,,,,,,,,,794.107078,,,,,,,,,,,,,,,,,,,,2234.441989,,,
112,,,830.756,,,,,,,,,,,,,,,,,1383.046658,,,,,,,,,,,,,,,,,,,,,,,,,,,,,,,,,,,,,,,,,47090.361,,,,,,,,,302.702,441.558,,,,,,,,,,,,,,,,,,,,,,,1059.49583,,,,,,,,,,,,,,,,,,,,4650.763688,,,
111,,,1436.636,,,,,,,,,,,,,,,,,1056.51502,,,,,,,,,,,,,,,,,,,,,,,,,,,,,,,,,,,,,,,,,41296.5,,,,,,,,,682.341,509.679,,,,,,,,,,,,,,,,,,,,,,,1045.003912,,,,,,,,,,,,,,,,,,,,6341.577609,,,
110,,,1555.092,,,,,,,,,,,,,,,,,,,,,,,,,,,,,,,,,,,,,,,,,,,,,,,,,,,,,,,,,,61199.32,,,,,,,,,916.516,560.52,,,,,,,,,,,,,,,,,,,,,,,481.093709,,,,,,,,,,,,,,,,,,,,3655.033497,,,
109,,,642.124,,,,,,,,,,,,,,,,,1180.54089,,,,,,,,,,,,,,,,,,,,,,,,,,,,,,,,,,,,,,,,,65800.7,,,,,,,,,680.717,580.932,,,,,,,,,,,,,,,,,,,,,,,853.576117,,,,,,,,,,,,,,,,,,,,6065.998912,,,
108,,,780.504,,,,,,,,,,,,,,,,,681.5406503,,,,,,,,,,,,,,,,,,,,,,,,,,,,,,,,,,,,,,,,,34625.304,,,,,,,,,446.368,736.992,,,,,,,,,,,,,,,,,,,,,,,745.174011,,,,,,,,,,,,,,,,,,,,3887.255967,,,
107,,,763.572,,,,,,,,,,,,,,,,,582.2486495,,,,,,,,,,,,,,,,,,,,,,,,,,,,,,,,,,,,,,,,,40569.7,,,,,,,,,447.47,832.626,,,,,,,,,,,,,,,,,,,,,,,931.288248,,,,,,,,,,,,,,,,,,,,3621.394403,,,
106,,,899.436,,,,,,,,,,,,,,,,,785.2446386,,,,,,,,,,,,,,,,,,,,,,,,,,,,,,,,,,,,,,,,,54281.15,,,,,,,,,408.436,735.345,,,,,,,,,,,,,,,,,,,,,,,1244.93796,,,,,,,,,,,,,,,,,,,,3742.819303,,,
105,,,910.656,,,,,,,,,,,,,,,,,412.4094146,,,,,,,,,,,,,,,,,,,,,,,,,,,,,,,,,,,,,,,,,69426.972,,,,,,,,,228.607,611.01,,,,,,,,,,,,,,,,,,,,,,,592.948647,,,,,,,,,,,,,,,,,,,,6770.155925,,,
104,,,882.912,,,,,,,,,,,,,,,,,947.819692,,,,,,,,,,,,,,,,,,,,,,,,,,,,,,,,,,,,,,,,,108120.309,,,,,,,,,397.01,774.441,,,,,,,,,,,,,,,,,,,,,,,594.701293,,,,,,,,,,,,,,,,,,,,4150.058792,,,
103,,,1255.892,,,,,,,,,,,,,,,,,1305.413505,,,,,,,,,,,,,,,,,,,,,,,,,,,,,,,,,,,,,,,,,31543.281,,,,,,,,,700.814,808.191,,,,,,,,,,,,,,,,,,,,,,,871.86173,,,,,,,,,,,,,,,,,,,,3082.321094,,,
102,,,1149.472,,,,,,,,,,,,,,,,,1155.673324,,,,,,,,,,,,,,,,,,,,,,,,,,,,,,,,,,,,,,,,,65256.428,,,,,,,,,667.116,413.505,,,,,,,,,,,,,,,,,,,,,,,855.680046,,,,,,,,,,,,,,,,,,,,5075.681959,,,
101,,,745.892,,,,,,,,,,,,,,,,,940.4663796,,,,,,,,,,,,,,,,,,,,,,,,,,,,,,,,,,,,,,,,,46733.24,,,,,,,,,533.803,253.962,,,,,,,,,,,,,,,,,,,,,,,874.822066,,,,,,,,,,,,,,,,,,,,3437.318612,,,
100,,,536.656,,,,,,,,,,,,,,,,,996.2624232,,,,,,,,,,,,,,,,,,,,,,,,,,,,,,,,,,,,,,,,,64004.768,,,,,,,,,600.213,173.124,,,,,,,,,,,,,,,,,,,,,,,1648.798153,,,,,,,,,,,,,,,,,,,,4146.327208,,,
99,,,679.048,,,,,,,,,,,,,,,,,1219.803122,,,,,,,,,,,,,,,,,,,,,,,,,,,,,,,,,,,,,,,,,44727.985,,,,,,,,,489.375,343.116,,,,,,,,,,,,,,,,,,,,,,,2717.919816,,,,,,,,,,,,,,,,,,,,2398.782207,,,
98,,,1065.424,,,,,,,,,,,,,,,,,721.7387584,,,,,,,,,,,,,,,,,,,,,,,,,,,,,,,,,,,,,,,,,61488.66,,,,,,,,,793.44,663.093,,,,,,,,,,,,,,,,,,,,,,,946.566406,,,,,,,,,,,,,,,,,,,,4652.562258,,,
97,,,861.084,,,,,,,,,,,,,,,,,2459.616166,,,,,,,,,,,,,,,,,,,,,,,,,,,,,,,,,,,,,,,,,65486.244,,,,,,,,,1019.234,741.555,,,,,,,,,,,,,,,,,,,,,,,1186.978266,,,,,,,,,,,,,,,,,,,,4962.867053,,,
96,,,687.616,,,,,,,,,,,,,,,,,451.9836053,,,,,,,,,,,,,,,,,,,,,,,,,,,,,,,,,,,,,,,,,62754.12,,,,,,,,,717.808,844.992,,,,,,,,,,,,,,,,,,,,,,,1356.501501,,,,,,,,,,,,,,,,,,,,7527.160087,,,
95,,,546.108,,,,,,,,,,,,,,,,,1386.745597,,,,,,,,,,,,,,,,,,,,,,,,,,,,,,,,,,,,,,,,,31998.612,,,,,,,,,815.857,957.96,,,,,,,,,,,,,,,,,,,,,,,783.399439,,,,,,,,,,,,,,,,,,,,7661.083428,,,
94,,,795.328,,,,,,,,,,,,,,,,,1157.366814,,,,,,,,,,,,,,,,,,,,,,,,,,,,,,,,,,,,,,,,,49691.408,,,,,,,,,1006.503,866.079,,,,,,,,,,,,,,,,,,,,,,,584.352483,,,,,,,,,,,,,,,,,,,,3961.960517,,,
93,,,703.936,,,,,,,,,,,,,,,,,1408.404445,,,,,,,,,,,,,,,,,,,,,,,,,,,,,,,,,,,,,,,,,51231.281,,,,,,,,,848.772,806.058,,,,,,,,,,,,,,,,,,,,,,,837.329908,,,,,,,,,,,,,,,,,,,,2655.748479,,,
92,,,1112.548,,,,,,,,,,,,,,,,,1199.88233,,,,,,,,,,,,,,,,,,,,,,,,,,,,,,,,,,,,,,,,,31119,,,,,,,,,438.886,843.156,,,,,,,,,,,,,,,,,,,,,,,1161.501991,,,,,,,,,,,,,,,,,,,,3529.530208,,,
91,,,1293.768,,,,,,,,,,,,,,,,,1194.489901,,,,,,,,,,,,,,,,,,,,,,,,,,,,,,,,,,,,,,,,,46574.08,,,,,,,,,554.451,884.628,,,,,,,,,,,,,,,,,,,,,,,787.013475,,,,,,,,,,,,,,,,,,,,6607.283194,,,
90,,,1208.7,,,,,,,,,,,,,,,,,1880.932759,,,,,,,,,,,,,,,,,,,,,,,,,,,,,,,,,,,,,,,,,79217.52,,,,,,,,,960.77,1006.83,,,,,,,,,,,,,,,,,,,,,,,941.004487,,,,,,,,,,,,,,,,,,,,6221.070653,,,
89,,,617.848,,,,,,,,,,,,,,,,,822.6796838,,,,,,,,,,,,,,,,,,,,,,,,,,,,,,,,,,,,,,,,,102138.883,,,,,,,,,995.773,912.816,,,,,,,,,,,,,,,,,,,,,,,621.655418,,,,,,,,,,,,,,,,,,,,4533.707944,,,
88,,,1409.912,,,,,,,,,,,,,,,,,738.7182253,,,,,,,,,,,,,,,,,,,,,,,,,,,,,,,,,,,,,,,,,88986.241,,,,,,,,,348.638,836.352,,,,,,,,,,,,,,,,,,,,,,,589.979412,,,,,,,,,,,,,,,,,,,,4719.988678,,,
87,,,1020.748,,,,,,,,,,,,,,,,,576.410565,,,,,,,,,,,,,,,,,,,,,,,,,,,,,,,,,,,,,,,,,58106.832,,,,,,,,,311.982,644.949,,,,,,,,,,,,,,,,,,,,,,,1052.52223,,,,,,,,,,,,,,,,,,,,5053.32579,,,
86,,,787.78,,,,,,,,,,,,,,,,,739.5204048,,,,,,,,,,,,,,,,,,,,,,,,,,,,,,,,,,,,,,,,,47205.591,,,,,,,,,446.455,426.411,,,,,,,,,,,,,,,,,,,,,,,993.366474,,,,,,,,,,,,,,,,,,,,2633.082793,,,
85,,,832.932,,,,,,,,,,,,,,,,,1442.274247,,,,,,,,,,,,,,,,,,,,,,,,,,,,,,,,,,,,,,,,,70342.832,,,,,,,,,495.697,457.461,,,,,,,,,,,,,,,,,,,,,,,1168.780376,,,,,,,,,,,,,,,,,,,,9069.383588,,,
84,,,825.18,,,,,,,,,,,,,,,,,1845.815122,,,,,,,,,,,,,,,,,,,,,,,,,,,,,,,,,,,,,,,,,55032.192,,,,,,,,,390.543,551.178,,,,,,,,,,,,,,,,,,,,,,,610.783371,,,,,,,,,,,,,,,,,,,,4822.649968,,,
83,,,958.936,,,,,,,,,,,,,,,,,535.3211464,,,,,,,,,,,,,,,,,,,,,,,,,,,,,,,,,,,,,,,,,49299.672,,,,,,,,,627.531,523.935,,,,,,,,,,,,,,,,,,,,,,,445.455053,,,,,,,,,,,,,,,,,,,,4288.677083,,,
82,,,1397.06,,,,,,,,,,,,,,,,,836.7623913,,,,,,,,,,,,,,,,,,,,,,,,,,,,,,,,,,,,,,,,,43480.58,,,,,,,,,732.83,495.612,,,,,,,,,,,,,,,,,,,,,,,428.855553,,,,,,,,,,,,,,,,,,,,4445.243943,,,
81,,,579.224,,,,,,,,,,,,,,,,,1645.894154,,,,,,,,,,,,,,,,,,,,,,,,,,,,,,,,,,,,,,,,,33728.534,,,,,,,,,654.733,530.496,,,,,,,,,,,,,,,,,,,,,,,949.751481,,,,,,,,,,,,,,,,,,,,7095.106473,,,
80,,,604.928,,,,,,,,,,,,,,,,,1191.370313,,,,,,,,,,,,,,,,,,,,,,,,,,,,,,,,,,,,,,,,,47311.299,,,,,,,,,641.509,723.573,,,,,,,,,,,,,,,,,,,,,,,1122.438832,,,,,,,,,,,,,,,,,,,,4083.992404,,,
79,,,718.964,,,,,,,,,,,,,,,,,1489.513709,,,,,,,,,,,,,,,,,,,,,,,,,,,,,,,,,,,,,,,,,50785.38,,,,,,,,,472.961,691.281,,,,,,,,,,,,,,,,,,,,,,,1388.508638,,,,,,,,,,,,,,,,,,,,4536.783341,,,
78,,,931.736,,,,,,,,,,,,,,,,,1030.711578,,,,,,,,,,,,,,,,,,,,,,,,,,,,,,,,,,,,,,,,,65436.288,,,,,,,,,538.53,457.488,,,,,,,,,,,,,,,,,,,,,,,1110.870494,,,,,,,,,,,,,,,,,,,,4549.886061,,,
77,,,1886.592,,,,,,,,,,,,,,,,,959.3175988,,,,,,,,,,,,,,,,,,,,,,,,,,,,,,,,,,,,,,,,,34500.851,,,,,,,,,684.632,395.496,,,,,,,,,,,,,,,,,,,,,,,937.242379,,,,,,,,,,,,,,,,,,,,2858.634465,,,
76,,,1559.92,,,,,,,,,,,,,,,,,1424.982822,,,,,,,,,,,,,,,,,,,,,,,,,,,,,,,,,,,,,,,,,77917.008,,,,,,,,,418.093,383.319,,,,,,,,,,,,,,,,,,,,,,,1082.779824,,,,,,,,,,,,,,,,,,,,,,,
75,,,483.412,,,,,,,,,,,,,,,,,1057.896551,,,,,,,,,,,,,,,,,,,,,,,,,,,,,,,,,,,,,,,,,66751.75,,,,,,,,,475.426,512.595,,,,,,,,,,,,,,,,,,,,,,,1072.111465,,,,,,,,,,,,,,,,,,,,,,,
74,,,502.724,,,,,,,,,,,,,,,,,787.4283496,,,,,,,,,,,,,,,,,,,,,,,,,,,,,,,,,,,,,,,,,74595.348,,,,,,,,,454.749,669.168,,,,,,,,,,,,,,,,,,,,,,,821.740715,,,,,,,,,,,,,,,,,,,,,,,
73,,,785.128,,,,,,,,,,,,,,,,,282.4563291,,,,,,,,,,,,,,,,,,,,,,,,,,,,,,,,,,,,,,,,,43393.364,,,,,,,,,616.946,838.35,,,,,,,,,,,,,,,,,,,,,,,548.805639,,,,,,,,,,,,,,,,,,,,,,,
72,,,967.232,,,,,,,,,,,,,,,,,1179.515883,,,,,,,,,,,,,,,,,,,,,,,,,,,,,,,,,,,,,,,,,46363.86,,,,,,,,,754.232,886.95,,,,,,,,,,,,,,,,,,,,,,,534.316663,,,,,,,,,,,,,,,,,,,,,,,
71,,,2435.964,,,,,,,,,,,,,,,,,769.8249652,,,,,,,,,,,,,,,,,,,,,,,,,,,,,,,,,,,,,,,,,65171.19,,,,,,,,,880.788,608.175,,,,,,,,,,,,,,,,,,,,,,,727.613432,,,,,,,,,,,,,,,,,,,,,,,
70,,,470.492,,,,,,,,,,,,,,,,,1010.166869,,,,,,,,,,,,,,,,,,,,,,,,,,,,,,,,,,,,,,,,,65812.016,,,,,,,,,483.024,407.619,,,,,,,,,,,,,,,,,,,,,,,834.102418,,,,,,,,,,,,,,,,,,,,2659.948936,,,
69,,,795.328,,,,,,,,,,,,,,,,,1913.019941,,,,,,,,,,,,,,,,,,,,,,,,,,,,,,,,,,,,,,,,,88136.092,,,,,,,,,635.506,427.95,,,,,,,,,,,,,,,,,,,,,,,827.394638,,,,,,,,,,,,,,,,,,,,2595.126923,,,
68,,,837.352,,,,,,,,,,,,,,,,,1703.428253,,,,,,,,,,,,,,,,,,,,,,,,,,,,,,,,,,,,,,,,,47109.888,,,,,,,,,894.36,632.961,,,,,,,,,,,,,,,,,,,,,,,400.297186,,,,,,,,,,,,,,,,,,,,4001.135161,,,
67,,,877.608,,,,,,,,,,,,,,,,,613.9793068,,,,,,,,,,,,,,,,,,,,,,,,,,,,,,,,,,,,,,,,,56991.815,,,,,,,,,691.969,987.822,,,,,,,,,,,,,,,,,,,,,,,482.703756,,,,,,,,,,,,,,,,,,,,4406.070049,,,
66,,,1837.768,,,,,,,,,,,,,,,,,755.1629059,,,,,,,,,,,,,,,,,,,,,,,,,,,,,,,,,,,,,,,,,71720.785,,,,,,,,,750.839,1280.961,,,,,,,,,,,,,,,,,,,,,,,300.361273,,,,,,,,,,,,,,,,,,,,5619.393635,,,
65,,,1290.572,,,,,,,,,,,,,,,,,620.0402189,,,,,,,,,,,,,,,,,,,,,,,,,,,,,,,,,,,,,,,,,41135.04,,,,,,,,,596.182,1165.05,,,,,,,,,,,,,,,,,,,,,,,340.299483,,,,,,,,,,,,,,,,,,,,7279.109964,,,
64,,,735.352,,,,,,,,,,,,,,,,,1266.908887,,,,,,,,,,,,,,,,,,,,,,,,,,,,,,,,,,,,,,,,,50318.25,,,,,,,,,285.012,899.019,,,,,,,,,,,,,,,,,,,,,,,430.856053,,,,,,,,,,,,,,,,,,,,3481.598441,,,
63,,,399.976,,,,,,,,,,,,,,,,,733.5040583,,,,,,,,,,,,,,,,,,,,,,,,,,,,,,,,,,,,,,,,,40623.52,,,,,,,,,371.055,777.114,,,,,,,,,,,,,,,,,,,,,,,1257.376416,,,,,,,,,,,,,,,,,,,,4609.386671,,,
62,,,770.032,,,,,,,,,,,,,,,,,683.4569681,,,,,,,,,,,,,,,,,,,,,,,,,,,,,,,,,,,,,,,,,113039.871,,,,,,,,,825.572,752.544,,,,,,,,,,,,,,,,,,,,,,,1340.425468,,,,,,,,,,,,,,,,,,,,2787.862393,,,
61,,,1959.896,,,,,,,,,,,,,,,,,2272.975727,,,,,,,,,,,,,,,,,,,,,,,,,,,,,,,,,,,,,,,,,78281.42,,,,,,,,,540.357,677.457,,,,,,,,,,,,,,,,,,,,,,,769.829717,,,,,,,,,,,,,,,,,,,,4178.968861,,,
60,,,1253.58,,,,,,,,,,,,,,,,,816.0394198,,,,,,,,,,,,,,,,,,,,,,,,,,,,,,,,,,,,,,,,,107543.538,,,,,,,,,517.911,740.313,,,,,,,,,,,,,,,,,,,,,,,1064.350428,,,,,,,,,,,,,,,,,,,,3791.696133,,,
59,,,1066.716,,,,,,,,,,,,,,,,,1006.289667,,,,,,,,,,,,,,,,,,,,,,,,,,,,,,,,,,,,,,,,,35921.952,,,,,,,,,409.277,856.251,,,,,,,,,,,,,,,,,,,,,,,768.083608,,,,,,,,,,,,,,,,,,,,2837.071855,,,
58,,,485.248,,,,,,,,,,,,,,,,,662.6894311,,,,,,,,,,,,,,,,,,,,,,,,,,,,,,,,,,,,,,,,,53285.595,,,,,,,,,464.203,756.675,,,,,,,,,,,,,,,,,,,,,,,893.863663,,,,,,,,,,,,,,,,,,,,4389.687817,,,
57,,,373.796,,,,,,,,,,,,,,,,,1211.603064,,,,,,,,,,,,,,,,,,,,,,,,,,,,,,,,,,,,,,,,,69939.09,,,,,,,,,447.992,485.406,,,,,,,,,,,,,,,,,,,,,,,762.027495,,,,,,,,,,,,,,,,,,,,3455.992586,,,
56,,,581.876,,,,,,,,,,,,,,,,,1209.597615,,,,,,,,,,,,,,,,,,,,,,,,,,,,,,,,,,,,,,,,,49575.603,,,,,,,,,528.815,541.539,,,,,,,,,,,,,,,,,,,,,,,1754.490391,,,,,,,,,,,,,,,,,,,,,,,
55,,,834.088,,,,,,,,,,,,,,,,,1137.134063,,,,,,,,,,,,,,,,,,,,,,,,,,,,,,,,,,,,,,,,,67759.472,,,,,,,,,573.997,519.912,,,,,,,,,,,,,,,,,,,,,,,789.055118,,,,,,,,,,,,,,,,,,,,2549.517396,,,
54,,,807.296,,,,,,,,,,,,,,,,,816.306813,,,,,,,,,,,,,,,,,,,,,,,,,,,,,,,,,,,,,,,,,68214.09,,,,,,,,,975.038,437.805,,,,,,,,,,,,,,,,,,,,,,,1072.814161,,,,,,,,,,,,,,,,,,,,2618.273869,,,
53,,,1412.564,,,,,,,,,,,,,,,,,497.3067493,,,,,,,,,,,,,,,,,,,,,,,,,,,,,,,,,,,,,,,,,84461.52,,,,,,,,,564.572,606.474,,,,,,,,,,,,,,,,,,,,,,,1232.415131,,,,,,,,,,,,,,,,,,,,4570.003711,,,
52,,,1765.824,,,,,,,,,,,,,,,,,244.352801,,,,,,,,,,,,,,,,,,,,,,,,,,,,,,,,,,,,,,,,,35533.344,,,,,,,,,572.431,560.331,,,,,,,,,,,,,,,,,,,,,,,1568.440514,,,,,,,,,,,,,,,,,,,,7446.271102,,,
51,,,1620.916,,,,,,,,,,,,,,,,,374.5287141,,,,,,,,,,,,,,,,,,,,,,,,,,,,,,,,,,,,,,,,,41529.881,,,,,,,,,876.96,564.759,,,,,,,,,,,,,,,,,,,,,,,2019.703516,,,,,,,,,,,,,,,,,,,,4086.459115,,,
50,,,914.192,,,,,,,,,,,,,,,,,516.3807961,,,,,,,,,,,,,,,,,,,,,,,,,,,,,,,,,,,,,,,,,59951.57,,,,,,,,,1048.176,962.685,,,,,,,,,,,,,,,,,,,,,,,1384.206327,,,,,,,,,,,,,,,,,,,,3135.526568,,,
49,,,973.42,,,,,,,,,,,,,,,,,690.2754942,,,,,,,,,,,,,,,,,,,,,,,,,,,,,,,,,,,,,,,,,80366.669,,,,,,,,,1397.916,1485.891,,,,,,,,,,,,,,,,,,,,,,,941.621442,,,,,,,,,,,,,,,,,,,,8737.054008,,,
48,,,2126.02,,,,,,,,,,,,,,,,,1042.476878,,,,,,,,,,,,,,,,,,,,,,,,,,,,,,,,,,,,,,,,,47427.564,,,,,,,,,1420.594,768.204,,,,,,,,,,,,,,,,,,,,,,,587.932661,,,,,,,,,,,,,,,,,,,,8172.211079,,,
47,,,2791.468,,,,,,,,,,,,,,,,,855.2125207,,,,,,,,,,,,,,,,,,,,,,,,,,,,,,,,,,,,,,,,,53817.401,,,,,,,,,1047.074,425.898,,,,,,,,,,,,,,,,,,,,,,,483.668106,,,,,,,,,,,,,,,,,,,,5152.701654,,,
46,,,1027.004,,,,,,,,,,,,,,,,,901.7834996,,,,,,,,,,,,,,,,,,,,,,,,,,,,,,,,,,,,,,,,,51986.256,,,,,,,,,948.213,324.972,,,,,,,,,,,,,,,,,,,,,,,548.6599,,,,,,,,,,,,,,,,,,,,3387.585546,,,
45,,,1469.14,,,,,,,,,,,,,,,,,507.5122556,,,,,,,,,,,,,,,,,,,,,,,,,,,,,,,,,,,,,,,,,44510.175,,,,,,,,,576.288,477.522,,,,,,,,,,,,,,,,,,,,,,,1611.310104,,,,,,,,,,,,,,,,,,,,2992.854523,,,
44,,,2304.928,,,,,,,,,,,,,,,,,399.8865007,,,,,,,,,,,,,,,,,,,,,,,,,,,,,,,,,,,,,,,,,29560.175,,,,,,,,,466.407,656.316,,,,,,,,,,,,,,,,,,,,,,,746.218959,,,,,,,,,,,,,,,,,,,,,,,
43,,,986.952,,,,,,,,,,,,,,,,,1096.802259,,,,,,,,,,,,,,,,,,,,,,,,,,,,,,,,,,,,,,,,,61993.648,,,,,,,,,649.803,813.051,,,,,,,,,,,,,,,,,,,,,,,1510.718342,,,,,,,,,,,,,,,,,,,,4346.332868,,,
42,,,831.912,,,,,,,,,,,,,,,,,411.8300627,,,,,,,,,,,,,,,,,,,,,,,,,,,,,,,,,,,,,,,,,48330.291,,,,,,,,,794.571,576.639,,,,,,,,,,,,,,,,,,,,,,,1144.083279,,,,,,,,,,,,,,,,,,,,3299.465618,,,
41,,,413.984,,,,,,,,,,,,,,,,,630.4685529,,,,,,,,,,,,,,,,,,,,,,,,,,,,,,,,,,,,,,,,,72084.277,,,,,,,,,809.303,524.124,,,,,,,,,,,,,,,,,,,,,,,745.982861,,,,,,,,,,,,,,,,,,,,5785.016597,,,
40,,,534.888,,,,,,,,,,,,,,,,,1235.579319,,,,,,,,,,,,,,,,,,,,,,,,,,,,,,,,,,,,,,,,,100773.373,,,,,,,,,672.452,624.888,,,,,,,,,,,,,,,,,,,,,,,1216.54491,,,,,,,,,,,,,,,,,,,,3431.626843,,,
39,,,958.46,,,,,,,,,,,,,,,,,1263.700169,,,,,,,,,,,,,,,,,,,,,,,,,,,,,,,,,,,,,,,,,68215.056,,,,,,,,,909.585,669.168,,,,,,,,,,,,,,,,,,,,,,,1413.517886,,,,,,,,,,,,,,,,,,,,1933.193172,,,
38,,,1393.728,,,,,,,,,,,,,,,,,3370.223641,,,,,,,,,,,,,,,,,,,,,,,,,,,,,,,,,,,,,,,,,140336.8,,,,,,,,,935.25,521.856,,,,,,,,,,,,,,,,,,,,,,,901.203491,,,,,,,,,,,,,,,,,,,,3608.643749,,,
37,,,1117.988,,,,,,,,,,,,,,,,,2267.226773,,,,,,,,,,,,,,,,,,,,,,,,,,,,,,,,,,,,,,,,,78901.914,,,,,,,,,608.42,505.818,,,,,,,,,,,,,,,,,,,,,,,1331.416117,,,,,,,,,,,,,,,,,,,,4947.836528,,,
36,,,1243.924,,,,,,,,,,,,,,,,,1114.984995,,,,,,,,,,,,,,,,,,,,,,,,,,,,,,,,,,,,,,,,,42535.464,,,,,,,,,521.449,700.353,,,,,,,,,,,,,,,,,,,,,,,915.52869,,,,,,,,,,,,,,,,,,,,7156.997587,,,
35,,,614.244,,,,,,,,,,,,,,,,,501.2730814,,,,,,,,,,,,,,,,,,,,,,,,,,,,,,,,,,,,,,,,,54348.448,,,,,,,,,641.625,713.961,,,,,,,,,,,,,,,,,,,,,,,337.624817,,,,,,,,,,,,,,,,,,,,2356.075112,,,
34,,,609.892,,,,,,,,,,,,,,,,,617.0543284,,,,,,,,,,,,,,,,,,,,,,,,,,,,,,,,,,,,,,,,,72795.345,,,,,,,,,719.403,509.301,,,,,,,,,,,,,,,,,,,,,,,704.976262,,,,,,,,,,,,,,,,,,,,3625.07709,,,
33,,,2472.956,,,,,,,,,,,,,,,,,454.8803647,,,,,,,,,,,,,,,,,,,,,,,,,,,,,,,,,,,,,,,,,64195.461,,,,,,,,,719.055,570.024,,,,,,,,,,,,,,,,,,,,,,,934.29778,,,,,,,,,,,,,,,,,,,,7805.320654,,,
32,,,1212.44,,,,,,,,,,,,,,,,,834.4004182,,,,,,,,,,,,,,,,,,,,,,,,,,,,,,,,,,,,,,,,,57954.687,,,,,,,,,748.867,597.213,,,,,,,,,,,,,,,,,,,,,,,1295.343033,,,,,,,,,,,,,,,,,,,,4914.607324,,,
31,,,1052.708,,,,,,,,,,,,,,,,,826.1112296,,,,,,,,,,,,,,,,,,,,,,,,,,,,,,,,,,,,,,,,,42843.411,,,,,,,,,,601.155,,,,,,,,,,,,,,,,,,,,,,,621.53441,,,,,,,,,,,,,,,,,,,,7059.490965,,,
30,,,780.912,,,,,,,,,,,,,,,,,2373.025341,,,,,,,,,,,,,,,,,,,,,,,,,,,,,,,,,,,,,,,,,29483.608,,,,,,,,,,558.171,,,,,,,,,,,,,,,,,,,,,,,1852.241571,,,,,,,,,,,,,,,,,,,,3108.356326,,,
29,,,940.848,,,,,,,,,,,,,,,,,732.4344856,,,,,,,,,,,,,,,,,,,,,,,,,,,,,,,,,,,,,,,,,41286.518,,,,,,,,,839.811,556.551,,,,,,,,,,,,,,,,,,,,,,,1252.215671,,,,,,,,,,,,,,,,,,,,5821.326725,,,
28,,,980.696,,,,,,,,,,,,,,,,,761.2238179,,,,,,,,,,,,,,,,,,,,,,,,,,,,,,,,,,,,,,,,,54124.474,,,,,,,,,379.291,460.458,,,,,,,,,,,,,,,,,,,,,,,759.69147,,,,,,,,,,,,,,,,,,,,3684.339959,,,
27,,,1277.108,,,,,,,,,,,,,,,,,1186.512671,,,,,,,,,,,,,,,,,,,,,,,,,,,,,,,,,,,,,,,,,54364.548,,,,,,,,,358.904,403.974,,,,,,,,,,,,,,,,,,,,,,,658.815866,,,,,,,,,,,,,,,,,,,,3296.615025,,,
26,,,981.988,,,,,,,,,,,,,,,,,380.0548398,,,,,,,,,,,,,,,,,,,,,,,,,,,,,,,,,,,,,,,,,74620.464,,,,,,,,,581.972,351.999,,,,,,,,,,,,,,,,,,,,,,,458.855736,,,,,,,,,,,,,,,,,,,,3384.042319,,,
25,,,747.864,,,,,,,,,,,,,,,,,431.9291168,,,,,,,,,,,,,,,,,,,,,,,,,,,,,,,,,,,,,,,,,33786.678,,,,,,,,,786.045,315.225,,,,,,,,,,,,,,,,,,,,,,,589.295159,,,,,,,,,,,,,,,,,,,,4617.011707,,,
24,,,1006.06,,,,,,,,,,,,,,,,,1802.096337,,,,,,,,,,,,,,,,,,,,,,,,,,,,,,,,,,,,,,,,,43901.48,,,,,,,,,883.05,396.927,,,,,,,,,,,,,,,,,,,,,,,782.746977,,,,,,,,,,,,,,,,,,,,3532.966086,,,
23,,,685.44,,,,,,,,,,,,,,,,,1535.772729,,,,,,,,,,,,,,,,,,,,,,,,,,,,,,,,,,,,,,,,,53836.79,,,,,,,,,453.589,373.14,,,,,,,,,,,,,,,,,,,,,,,998.659008,,,,,,,,,,,,,,,,,,,,2589.142994,,,
22,,,1983.9,,,,,,,,,,,,,,,,,387.3190212,,,,,,,,,,,,,,,,,,,,,,,,,,,,,,,,,,,,,,,,,119574.378,,,,,,,,,419.311,344.061,,,,,,,,,,,,,,,,,,,,,,,566.216356,,,,,,,,,,,,,,,,,,,,2875.933152,,,
21,,,1403.044,,,,,,,,,,,,,,,,,475.9598604,,,,,,,,,,,,,,,,,,,,,,,,,,,,,,,,,,,,,,,,,39315.441,,,,,,,,,652.877,415.719,,,,,,,,,,,,,,,,,,,,,,,526.41665,,,,,,,,,,,,,,,,,,,,3436.222648,,,
20,,,809.2,,,,,,,,,,,,,,,,,599.5846406,,,,,,,,,,,,,,,,,,,,,,,,,,,,,,,,,,,,,,,,,96359.006,,,,,,,,,773.517,805.248,,,,,,,,,,,,,,,,,,,,,,,929.111417,,,,,,,,,,,,,,,,,,,,4485.422592,,,
19,,,1919.3,,,,,,,,,,,,,,,,,3309.703651,,,,,,,,,,,,,,,,,,,,,,,,,,,,,,,,,,,,,,,,,45293.44,,,,,,,,,331.905,939.384,,,,,,,,,,,,,,,,,,,,,,,911.39173,,,,,,,,,,,,,,,,,,,,3379.836005,,,
18,,,837.012,,,,,,,,,,,,,,,,,1700.397797,,,,,,,,,,,,,,,,,,,,,,,,,,,,,,,,,,,,,,,,,88475.112,,,,,,,,,287.158,723.168,,,,,,,,,,,,,,,,,,,,,,,830.600713,,,,,,,,,,,,,,,,,,,,3423.955923,,,
17,,,1560.328,,,,,,,,,,,,,,,,,565.8039689,,,,,,,,,,,,,,,,,,,,,,,,,,,,,,,,,,,,,,,,,48783.46,,,,,,,,,923.969,712.881,,,,,,,,,,,,,,,,,,,,,,,821.94039,,,,,,,,,,,,,,,,,,,,4359.187136,,,
16,,,627.98,,,,,,,,,,,,,,,,,217.1232622,,,,,,,,,,,,,,,,,,,,,,,,,,,,,,,,,,,,,,,,,50953.05,,,,,,,,,612.654,724.626,,,,,,,,,,,,,,,,,,,,,,,529.326538,,,,,,,,,,,,,,,,,,,,4153.731681,,,
15,,,418.2,,,,,,,,,,,,,,,,,,,,,,,,,,,,,,,,,,,,,,,,,,,,,,,,,,,,,,,,,,41398.689,,,,,,,,,448.92,593.271,,,,,,,,,,,,,,,,,,,,,,,691.522254,,,,,,,,,,,,,,,,,,,,4595.437243,,,
14,,,431.256,,,,,,,,,,,,,,,,,,,,,,,,,,,,,,,,,,,,,,,,,,,,,,,,,,,,,,,,,,38633.928,,,,,,,,,714.502,610.281,,,,,,,,,,,,,,,,,,,,,,,1655.507736,,,,,,,,,,,,,,,,,,,,8397.509505,,,
13,,,1593.92,,,,,,,,,,,,,,,,,,,,,,,,,,,,,,,,,,,,,,,,,,,,,,,,,,,,,,,,,,57882.076,,,,,,,,,963.902,584.496,,,,,,,,,,,,,,,,,,,,,,,1552.951305,,,,,,,,,,,,,,,,,,,,6638.957707,,,
12,,,883.184,,,,,,,,,,,,,,,,,981.6894948,,,,,,,,,,,,,,,,,,,,,,,,,,,,,,,,,,,,,,,,,68311.656,,,,,,,,,963.554,513.459,,,,,,,,,,,,,,,,,,,,,,,897.117812,,,,,,,,,,,,,,,,,,,,3120.083352,,,
11,,,1806.692,,,,,,,,,,,,,,,,,1305.992857,,,,,,,,,,,,,,,,,,,,,,,,,,,,,,,,,,,,,,,,,61380.744,,,,,,,,,291.74,536.409,,,,,,,,,,,,,,,,,,,,,,,396.026467,,,,,,,,,,,,,,,,,,,,4695.528334,,,
10,,,1764.6,,,,,,,,,,,,,,,,,633.9000987,,,,,,,,,,,,,,,,,,,,,,,,,,,,,,,,,,,,,,,,,45297.189,,,,,,,,,637.681,421.632,,,,,,,,,,,,,,,,,,,,,,,774.058788,,,,,,,,,,,,,,,,,,,,3902.439248,,,
9,,,761.668,,,,,,,,,,,,,,,,,320.0696365,,,,,,,,,,,,,,,,,,,,,,,,,,,,,,,,,,,,,,,,,48580.416,,,,,,,,,924.81,441.018,,,,,,,,,,,,,,,,,,,,,,,1824.192237,,,,,,,,,,,,,,,,,,,,2505.356288,,,
8,,,1072.292,,,,,,,,,,,,,,,,,812.3404808,,,,,,,,,,,,,,,,,,,,,,,,,,,,,,,,,,,,,,,,,61112.955,,,,,,,,,539.574,618.003,,,,,,,,,,,,,,,,,,,,,,,1679.224037,,,,,,,,,,,,,,,,,,,,3070.440897,,,
7,,,1585.896,,,,,,,,,,,,,,,,,932.9793706,,,,,,,,,,,,,,,,,,,,,,,,,,,,,,,,,,,,,,,,,66597.489,,,,,,,,,245.021,630.18,,,,,,,,,,,,,,,,,,,,,,,1162.646241,,,,,,,,,,,,,,,,,,,,8098.967583,,,
6,,,1351.568,,,,,,,,,,,,,,,,,532.3352559,,,,,,,,,,,,,,,,,,,,,,,,,,,,,,,,,,,,,,,,,66989.156,,,,,,,,,315.346,513.783,,,,,,,,,,,,,,,,,,,,,,,443.72283,,,,,,,,,,,,,,,,,,,,12564.88081,,,
5,,,1070.932,,,,,,,,,,,,,,,,,404.120226,,,,,,,,,,,,,,,,,,,,,,,,,,,,,,,,,,,,,,,,,60267.636,,,,,,,,,485.112,473.391,,,,,,,,,,,,,,,,,,,,,,,884.523452,,,,,,,,,,,,,,,,,,,,2672.393433,,,
4,,,1134.58,,,,,,,,,,,,,,,,,1031.246364,,,,,,,,,,,,,,,,,,,,,,,,,,,,,,,,,,,,,,,,,40031.04,,,,,,,,,686.662,,,,,,,,,,,,,,,,,,,,,,,,736.63347,,,,,,,,,,,,,,,,,,,,3563.718001,,,
3,,,849.592,,,,,,,,,,,,,,,,,443.2041959,,,,,,,,,,,,,,,,,,,,,,,,,,,,,,,,,,,,,,,,,36424.64,,,,,,,,,751.941,,,,,,,,,,,,,,,,,,,,,,,,390.654012,,,,,,,,,,,,,,,,,,,,3510.400896,,,
2,,,1583.924,,,,,,,,,,,,,,,,,770.0032273,,,,,,,,,,,,,,,,,,,,,,,,,,,,,,,,,,,,,,,,,30145.824,,,,,,,,,592.238,,,,,,,,,,,,,,,,,,,,,,,,525.474966,,,,,,,,,,,,,,,,,,,,3994.958712,,,
1,,,612,,,,,,,,,,,,,,,,,669.909047,,,,,,,,,,,,,,,,,,,,,,,,,,,,,,,,,,,,,,,,,76228.44,,,,,,,,,354.119,,,,,,,,,,,,,,,,,,,,,,,,503.887351,,,,,,,,,,,,,,,,,,,,3671.871858,,,
0,,,306.952,,,,,,,,,,,,,,,,,983.2492884,,,,,,,,,,,,,,,,,,,,,,,,,,,,,,,,,,,,,,,,,61365.15,,,,,,,,,504.832,,,,,,,,,,,,,,,,,,,,,,,,617.934124,,,,,,,,,,,,,,,,,,,,3842.31348,,,
