year,FB9813,FB9802,Siple Station,FB96DML01,FB97DML04,FB97DML06,FB97DML08,FB97DML09,FB97DML10,Hercules Neve 165.4 E,Fimbulisen s100,Ekstroem B04,Plateau Remote,Bruce Plateau,ITASE-01-2,ITASE-01-5,Ritscherflya Dronning Maud Land(100年)_δ18O_Ritscherflya Core E Dronning Maud Land d18O,Law Dome (2015),ITASE-00-1,WD05A 112.125W,ITASE-02-4,EPICA Dronning Maud Land
2009,,,,,,,,,,,,,,-18.5112,,,,,,,,
2008,,,,,,,,,,,,,,-18.5783,,,,,,,,
2007,,,,,,,,,,,,,,-19.7035,,,,,,,,
2006,,,,,,,,,,,,,,-18.4039,,,,,,-32.676,,
2005,,,,,,,,,,,,,,-18.0582,,,,,,-32.77277106,,
2004,,,,,,,,,,,,,,-18.8276,,,,,,-34.90898095,,
2003,,,,,,,,,,,,,,-19.2959,,,,,,-34.06291053,,
2002,,,,,,,,,,,,,,-20.0882,,,,,,-34.60150953,-43.91244186,
2001,,,,,,,,,,,,,,-18.5204,-27.58,-32.988,,,,-34.77497106,-41.77823333,
2000,,,,,,,,,,,,,,-18.1729,-29.213,-29.631,,,,-32.9421,-43.63939875,
1999,,,,,,,,,,,-24.75,,,-18.8057,-30.044,-30.38,,-23.8338,-33.5869,-34.74412895,-42.024093,
1998,,,,,,,,,,,-23.62,,,-18.689,-29.188,-30.681,,-22.4601,-30.64515,-32.07910476,-40.27404,
1997,-45.74,-33.47,,,,,,,,,-19.61,,,-20.4655,-30.848,-32.502,,-23.1874,-31.27915,-33.96101842,-41.79747472,
1996,-43.58,-27.23,,,,-46.04,-38.73,,-46.84,,-23.71,,,-20.1046,-30.094,-32.763,,-21.2777,-31.05205,-34.18554286,-42.28082691,
1995,-41.82,-32.31,,,-47.56,-46.75,-46,-48.71,-47.95,,-19.53,,,-18.261,-29.721,-32.264,,-21.9425,-31.30295,-33.9045079,-42.61236486,
1994,-45.39,-30.77,,,-47.25,-47.36,-46.04,-48.15,-49.66,,-23.62,,,-20.2103,-29.207,-31.751,,-22.9715,-33.2582,-33.73939286,-41.10546479,
1993,-46.59,-30.16,,-40.36,-46.1,-48.73,-47.55,-48.58,-48.54,,-19.86,,,-18.9123,-28.485,-31.034,,-23.00505,-32.83705,-32.36373158,-41.69604975,
1992,-45.66,-33.05,,-42.84,-49.14,-48.08,-47.77,-48.81,-49.41,-33.18,-23.33,,,-18.0297,-30.928,-30.173,,-21.9242,-31.4699,-31.97460238,-43.87922509,
1991,-44.81,-29.99,,-44.08,-47.56,-45.15,,-47.48,-52.63,-35.3,-23.44,,,-19.8831,-31.129,-31.109,-23.496714,-22.23545,-31.173,-33.71054211,-43.08939667,
1990,-45.91,-31.85,,-46.09,-49.03,-46.43,-41.37,-47.22,-50.6,-36.44,-24.64,,,-20.3291,-28.672,-31.038,-24.38,-23.34585,-32.1088,-33.58005,-41.34428293,
1989,-46.83,-30.55,,-44.18,-46.64,-48.77,-42.95,-46.96,,-31.39,-22.72,,,-18.3735,-29.917,-31.363,-26.73,-21.9704,-32.1809,-33.23084737,-42.722527,
1988,-45.49,-31.16,,-45.1,-45.72,-49.79,-46.76,-48.15,,-34.8,-24.44,,,-18.4648,-30.459,-30.821,-23.25,-21.3319,-33.31785,-33.76619524,-41.74703229,
1987,-45.94,-32.65,,-44.54,-44.44,-51.51,-47.34,-50.88,,-32.57,-23.12,,,-19.7307,-28.926,-31.47,-24.42,-23.09955,-33.86885,-34.25967106,-42.09624489,
1986,-50.39,-32.57,,,-44.02,-47.94,-46.87,-51.25,-48.21,-38.94,-21.67,,-53.85,-20.9069,-30.593,-30.375,-27.42,-23.12945,-35.1041,-36.55386429,-45.40495373,
1985,-47.37,-31.41,,-44.37,-48.37,-45.81,-47.12,-49.04,-49.79,-35.13,-21.04,,-54.3835,-18.5037,-30.704,-30.185,-26.35,-22.6768,-33.12595,-34.38282632,-43.3766044,
1984,-46.09,-31.64,,-44.63,-48.08,-46.54,-43.5,-44.25,-50.45,-34.33,-21.75,,-54.5897,-19.2693,-29.902,-31.764,-27.16,-21.17745,-31.49305,-34.89558095,-46.34701488,
1983,-47.59,-31.79,-29.661,-44.54,,-48.54,,-41.29,-53.24,-37.16,-22.97,,-56.2466,-18.6625,-28.498,-32.32,-27.78,-21.7903,-32.5972,-34.07652631,-43.14672363,
1982,-44.65,-31.2,-29.436,-44.34,-45.89,-47.26,-46.66,,-47.49,-32.7,-25.08,,-54.5345,-19.2833,-29.552,-33.751,-27.45,-21.80165,-33.061,-33.20293334,-42.86360667,
1981,-45.65,-32.68,-28.767,-43.49,-46.74,,-50.39,-44.54,-47.49,-33.5,-22.97,-21.1,-55.2942,-19.4138,-29.594,-30.389,-23.08,-21.752,-31.80585,-34.82181316,-42.13170133,
1980,-42.21,-33.54,-28.24,-42.7,-44.37,,-47.01,-44.54,-47.82,-32.33,-23.32,-18.16,-51.8716,-20.078,-30.15,-31.056,-24.68,-22.1756,-31.104,-32.27903095,-47.39885458,
1979,-43.78,-33.55,-30.006,-44.19,-42.67,,-44.41,-44.54,-48.33,-35.91,-23.05,-20.13,-52.3945,-18.943,-28.234,-31.085,-27.21,-22.6267,-33.1068,-33.49367895,-44.13100612,
1978,-44.29,-33.63,-29.999,-44.07,-46.36,-48.74,-44.68,-45.09,-47.86,-34.5,-24.8,-18.1,-55.8374,-19.6668,-31.288,-30.954,-26.34,-22.9898,-32.9469,-34.21874048,-41.2181806,
1977,-41.02,-26.84,-30.657,-43.7,-46.42,-47.31,-45.61,-48.22,-48.89,-34.33,-24.83,-17.11,-57.1222,-20.0779,-28.868,-32.396,-24.02,-21.1963,-34.313,-35.1627921,-44.88816437,
1976,-43.52,-28.13,-30.273,-43.59,-47.29,-45.53,-50.2,-47.41,-47.59,-37.15,-24.5,-22.86,-54.8459,-21.2858,-29.908,-31.891,-23.44,-22.81415,-32.361,-33.62792143,-44.04858807,
1975,-43.52,-32.6,-28.786,-43.05,-48.73,-46.38,-47.54,-51.3,-45.96,-32.94,-22.92,-19.15,-56.725,-20.2578,-30.53,-30.501,-25.52,-20.6416,-33.64775,-34.41157895,-44.5734188,
1974,-45.55,-33.99,-29.964,-43.24,-47.93,-46.23,-46.17,-50.32,-47.69,-32.43,-25.01,-18.75,-56.9912,-18.5559,-31.264,-30.113,-26.49,-21.45275,-32.865,-34.49519286,-44.33250356,
1973,-46.19,-35.14,-28.837,-43.5,-45.82,-47.54,-48.07,-49.71,-49.74,-33.22,-22.63,-19.26,-56.3558,-21.0046,-29.124,-29.646,-27.34,-23.0353,-33.0512,-35.17428158,-41.48332045,
1972,-43.95,-29.03,-29.435,-44.38,-51.45,-45.09,-48.36,-47.98,-46.77,-34.73,-20.07,-18.94,-54.872,-20.1891,-30.042,-31.926,-27.92,-22.25145,-32.9472,-34.26735238,-43.1213145,
1971,-43.38,-33.78,-29.383,-45.01,-49.66,-46.96,-45.54,-52.17,-48.11,-34.19,-22.91,-20.36,-55.0557,-19.8709,-31.613,-30.764,-25.69,-22.17405,-32.09715,-33.2725,-44.01573445,
1970,-43.66,-29.73,-29.305,-45.33,-48.88,-49.2,-46.13,-49.87,-50.27,-34.39,-23.9,-17.3,-54.831,-18.6252,-30.881,-31.917,-24.16,-22.51625,-33.10025,-34.47086429,-42.70468411,
1969,-45.28,-32.98,-30.063,,-48.89,-49.63,-47.61,-50.47,-49.7,-33.79,-21.47,-17.78,-54.3878,-21.6947,-28.562,-32.989,-25.79,-23.0687,-33.99415,-35.20973158,-44.03782209,
1968,-46.44,-33.74,-30.459,-44.86,-47.7,-46.54,-47.92,-50.33,-49.75,-33.9,-21.24,-22.08,-53.9473,-20.5196,-29.08,-33.053,-26.9,-22.6797,-33.78105,-35.68765476,-42.2610745,
1967,-45.8,-31.95,-29.477,-44.68,-47.49,-46.74,-46.84,-51.09,-50.27,-30.96,-21.38,-23.36,-54.1581,-20.7847,-30.937,-31.128,-25.68,-22.15865,-33.19885,-33.98964474,-41.70223069,
1966,-43.56,-34.03,-29.927,-42.83,-47.5,-48.84,-47.71,-51.5,-48.71,-31.61,-22.04,-19.74,-54.3248,-19.0484,-31.04,-30.641,-26.86,-23.8139,-33.38405,-33.10647619,-45.44004646,
1965,-44.74,-33.98,-30.84,-41.34,-47.47,-50.23,-47.78,-49.72,-49.97,-34.22,-22.42,-16.51,-56.3779,-19.2851,-30.351,-31.839,-25.88,-22.16705,-32.90885,-33.94379474,-45.38354355,
1964,-45.57,-32.19,-29.436,-39.46,-46.29,-49.74,-46.01,-48.78,-50.89,-35.09,-22.03,-17.89,-57.2043,-19.111,-30.271,-31.986,-25.88,-22.15205,-31.4288,-34.40415238,-45.9852089,
1963,-46.28,-32.13,-30.327,-41.93,-45.19,-45.9,-46.87,-49.91,-51.58,-33.39,-24.53,-19.55,-55.6805,-20.1703,-29.836,-31.993,-27.16,-22.08095,-33.31395,-35.31518948,-44.05019275,
1962,-45.85,-29.66,-30.054,-40.63,-47.09,-43.31,-48.58,-50.07,-49.51,-34.4,-22.29,-19.32,-55.323,-19.1524,-29.766,-31.865,-27.3,-22.592,-34.16915,-34.58945715,-46.60743814,
1961,-43.95,-29.95,-29.281,-40.35,-48.16,-45.56,-47.89,-47.42,-47.13,-36.21,-23.71,-20.32,-52.9699,-19.9816,-29.769,-32.595,-27.32,-22.7673,-31.9212,-32.97062632,-43.80149433,
1960,-45.24,-32.45,-28.721,-41.5,-47.22,-50.02,-48.98,-48.09,-48.69,-34.01,-22.36,-20.54,-52.2672,-18.3137,-29.761,-31.305,-26.75,-22.9944,-32.9022,-35.16480715,-43.94082542,
1959,-44.12,-35.17,-29.823,-42.7,-46.78,-46.61,-48.35,-44.89,-49.68,-33.31,-21.5,-21.31,-52.5197,-20.0597,-30.271,-32.354,-25.95,-23.1659,-34.21585,-35.01857632,-44.20752338,
1958,-43.05,-31.42,-31.042,-43.44,-47.35,-47.22,-48.62,-41.94,-48.26,-34.21,-24.39,-20.57,-52.4284,-20.6277,-31.454,-31.275,-26.72,-21.5289,-32.7902,-35.81091667,-42.13531471,
1957,-47.12,-32.87,-30.701,-42.53,-45.5,-46.11,-48.24,-42.45,-50.91,-32.2,-23.1,-20.22,-54.167,-19.0258,-29.687,-32.086,-25.69,-23.0646,-34.35915,-34.09985263,-44.28770664,
1956,-46.94,-33.15,-30.517,-41.93,-47.71,-47.79,-47.48,-45.32,-49.25,-33.68,-24.03,-20.7,-56.879,-19.3009,-29.91,-32.608,-27.24,-21.8099,-33.13975,-33.9441381,-41.82749756,
1955,-45.45,-33.05,-31.234,-42.43,-46.98,-47.52,-46.4,-48.82,-49.8,-33.93,-22.71,-20.02,-56.8553,-18.5493,-29.773,-33.262,-25.54,-22.309,-33.8398,-33.80663948,-43.10390033,
1954,-45.49,-32.62,-29.722,-44.42,-46.55,-46.76,-48.29,-51.15,-51.69,-34.72,-25.41,-19.77,-53.1425,-19.5463,-29.855,-32.705,-28.06,-21.9265,-33.5001,-33.96027619,-44.81177863,
1953,-45.22,-33.19,-28.887,-46.37,-46.84,-48.58,-49.15,-49,-51.15,-35.65,-25.63,-19.6,-51.8499,-20.9675,-30.249,-31.451,-27.75,-21.5128,-33.8158,-34.21582895,-46.08643243,
1952,-44.65,-33.2,-30.496,-46.83,-47.84,-49.38,-48.77,-47.35,-50.15,-34.22,-23.58,-19.28,-53.4488,-20.0081,-30.883,-31.866,-26.51,-22.9906,-31.67805,-33.42559048,-43.60970529,
1951,-47.05,-32.65,-30.661,-45.01,-47.59,-49.07,-46.85,-45.91,-50.08,-34.77,-24.5,-22.99,-56.9081,-18.3369,-30.709,-30.704,-27.63,-22.1041,-33.02785,-34.39219474,-39.14121663,
1950,-46.3,-32.03,-30.107,-44.84,-47.43,-48.29,-44.48,-47.11,-50.55,-34.49,-24.19,-23.94,-57.8172,-19.7747,-29.889,-31.138,-27.21,-21.3597,-33.01285,-34.72862143,-43.94296162,
1949,-45.12,-33.39,-28.702,-44.28,-48.81,-50.94,-46.29,-48.84,-48.49,-34.29,-24.24,-22.15,-55.5723,-20.5213,-29.258,-31.327,-26.77,-22.252,-33.28095,-34.00045527,-39.91644813,
1948,-45.18,-34.46,-30.309,-44.45,-47.99,-50.71,-48.65,-51.25,-50.1,-32.46,-21.76,-20.49,-52.2297,-20.0212,-28.342,-32.166,-27.79,-21.8949,-33.98025,-34.66440238,-38.22479086,-44.82283186
1947,-44.37,-35.17,-30.737,-44.6,-46.13,-46.17,-50.72,-50.9,-47.4,-34.58,-23.65,-21.6,-54.496,-20.2094,-28.649,-32.117,-28.78,-22.6933,-33.723,-34.48477895,-42.7303048,-44.626
1946,-43.42,-32.81,-29.811,-43.45,-46.61,-46.75,-49.46,-49.1,-48.48,-34.36,-23.03,-20.76,-56.1023,-20.2703,-29.914,-31.375,-25.42,-23.2407,-31.44585,-32.89663095,-45.7131675,-44.47992
1945,-43.94,-31.7,-28.186,-43.92,-44.45,-48.75,-48.54,-46.3,-49.03,-32.76,-24.51,-19.76,-56.7197,-19.041,-29.969,-29.574,-27.7,-22.8317,-31.1591,-33.52364737,-44.04674245,-44.36647541
1944,-43.98,-32.69,-28.594,-44.06,-45.9,-50.73,-49.31,-47.84,-46.79,-36.55,-23.16,-21.14,-57.147,-19.9263,-27.783,-30.957,-25.05,-22.7046,-33.56795,-33.30497143,-41.689999,-44.46911504
1943,-44.56,-34.04,-31.507,-43.43,-48.72,-51.63,-47.95,-50.19,-46.66,-36.31,-23,-19.34,-57.5617,-18.2623,-26.617,-34.047,-27.1,-22.0262,-34.3568,-34.05051579,-41.92767508,-44.49330097
1942,-46.21,-34.37,-29.894,-43.47,-47.99,-48.6,-47.22,-48.85,-48.38,-35.1,-22.13,-20.24,-56.7456,-19.1014,-28.7,-32.167,-28.95,-21.6228,-32.847,-34.30288334,-42.9192032,-44.78909091
1941,-46.51,-32.01,-28.934,-43.06,-49.37,-47.61,-47.65,-47.23,-45.89,-34.57,-23.46,-21.93,-54.3742,-20.7827,-29.576,-29.213,-28.48,-22.3035,-31.15215,-32.84029211,-41.57678282,-44.99072917
1940,-45.64,-31.27,-27.739,-41.76,-50.31,-46.68,-45.14,-47.54,-43.86,-33.19,-22.96,-20.39,-51.7323,-21.2304,-30.246,-31.294,-26.55,-22.9746,-31.4079,-32.00455953,-40.454016,-44.34021739
1939,-45.59,-33.79,-28.298,-45.94,-49.22,-46.29,-42.87,-47.42,-42.4,-35.23,-21.53,-20.6,-50.9435,-20.5435,-29.858,-30.614,-26.95,-21.7469,-30.6468,-33.14485,-42.5570775,-43.88717391
1938,-44.99,-35.4,-30.046,-47.1,-48.99,-47.74,-42.82,-47.03,-45.61,-34.36,-23.44,-20.31,-54.3303,-20.6309,-28.815,-31.017,-24.88,-23.1844,-31.38705,-33.55557857,-40.74622033,-43.9775
1937,-45.01,-34.07,-30.117,-48.48,-47.16,-49.36,-42.9,-47.44,-47.63,-35.31,-24.7,-22.19,-55.6054,-18.6637,-28.891,-32.694,-28.11,-21.946,-34.25825,-34.95526842,-40.76231211,-45.88631579
1936,-45.96,-34.17,-29.829,-46.33,-46.93,-45.43,-47.56,-45.09,-46.32,-36.84,-22.7,-25.03,-54.674,-19.8209,-30.297,-30.978,-27.88,-23.3035,-34.28415,-34.87154048,-40.43041356,-46.59726027
1935,-44.82,-30.86,-29.492,-42.57,-45.16,-41.59,-46.8,-42.55,-50.86,-34.26,-23.74,-22.43,-52.6402,-20.2479,-30.804,-31.129,-27.39,-22.5538,-33.38295,-34.87434211,-43.33142225,-46.24243902
1934,-43.04,-33.05,-28.972,-42.05,-42.13,-41.71,-48.34,-47.54,-50.66,-31.35,-23.35,-20.78,-51.6024,-19.5344,-30.052,-31.676,-27.34,-23.0833,-33.08685,-34.32244286,-42.78709609,-46.78986667
1933,-42.29,-34.08,-29.389,-42.51,-42.63,-41.47,-46.65,-46.32,-50.71,-31.53,-24.69,-20.5,-54.2223,-21.3051,-30.072,-31.011,-26.93,-22.5867,-33.46395,-34.12859474,-44.98654242,-48.29714286
1932,-41.65,-34.68,-29.971,-43.48,-41.79,-44.88,-45.4,-49.95,-49.88,-34.32,-23.41,-20.82,-56.4279,-20.3487,-30.682,-32.266,-27.16,-21.6193,-33.79205,-33.89152143,-43.135713,-49.54442308
1931,-41.81,-31.9,-29.58,-44.06,-45.6,-43.9,-46.26,-49.55,-48.66,-36.6,-23.31,-19.07,-57.9258,-18.2964,-29.471,-32.526,,-21.1342,-32.1692,-34.01444474,-42.08973093,-49.80931818
1930,-43.34,-31.17,-28.877,-45.07,-47.78,-43.52,-49.9,-49.52,-48.74,-34.21,-23.15,-20.81,-58.2034,-19.8941,-29.136,-32.219,,-22.4982,-32.39405,-34.26630238,-42.6696721,-49.79159091
1929,-46.47,-31.37,-31.073,-44.74,-48.07,-45.88,-49.66,-51.9,-49.31,-33.23,-23.36,-23.54,-57.0034,-19.7769,-28.9,-33.75,,-22.5082,-33.7222,-34.60253421,-44.24153013,-49.99525
1928,-46.46,-32.33,-29.866,-43.98,-48.93,-45.91,-49.85,-50.57,-50.05,-35.55,-24.24,-20.99,-54.7025,-20.5641,-30.569,-32.178,,-21.5651,-33.21415,-33.77039286,-43.3330535,-50.20813953
1927,-47.5,-32.71,-30.364,-43.96,-48.64,-47.61,-48.33,-48.82,-50.8,-38.1,-22.81,-23.16,-53.3656,-19.5678,-30.288,-32.635,,-22.8367,-33.3222,-34.28782105,-42.4452324,-50.28767442
1926,-48.55,-32.69,-29.273,-44.97,-48.33,-48.39,-46.8,-48.95,-50.18,-36.61,-23.91,-21.02,-53.8805,-20.7172,-30.119,-30.687,,-22.2605,-31.972,-32.75469762,-41.99970614,-49.72458333
1925,-49.54,-32.8,-29.405,-44.65,-50.11,-47.22,-47.42,-49.41,-50.23,-35.91,-23.71,-19.64,-55.3899,-19.9285,-29.232,-31.65,,-22.8908,-31.60295,-34.60639474,-43.86487017,-50.69583333
1924,-47.35,-32.25,-29.904,-44.29,-47.88,-44.57,-46.52,-49.44,-50.37,-33.95,-21.87,-21.7,-56.3734,-20.3748,-29.565,-30.924,,-22.6067,-32.4791,-35.3346381,-44.60505436,-50.60122449
1923,-46.06,-31.69,-29.06,-44.33,-45.6,-46.04,-46.1,-51.41,-51.68,-32.89,-23.57,-21.71,-54.9952,-19.5905,-29.623,-30.526,,-22.2861,-32.55275,-34.36942106,-42.896766,-50.57130435
1922,-48.42,-31.86,-30.056,-43.01,-46.44,-48.27,-49.01,-51.08,-50.3,-33.62,-23.63,-20.01,-53.5051,-17.8057,-29.202,-30.265,,-22.2194,-31.90115,-35.05451905,-42.9467229,-49.66954545
1921,-48.48,-33.78,-28.423,-41.35,-46.78,-46.79,-50.42,-52.16,-48.32,-34.97,-24.08,-18.74,-51.7801,-19.1132,-30.046,-32.257,,-23.0225,-31.871,-34.64739737,-44.1548827,-49.04189189
1920,-48.08,-34.44,-28.881,-43.13,-47.31,-45.4,,-51.68,-47.92,-35.53,-21.27,-20.18,-50.2708,-20.8688,-29.954,-31.741,,-22.5877,-33.03915,-33.96610238,-41.40432057,-48.37777778
1919,-47.72,-31.65,-31.078,-43.81,-48.17,-46.72,,-49.32,-47.44,-35.82,-23.48,-20.26,-54.2571,-19.4288,-29.503,-32.126,,-21.8157,-33.5838,-33.5981,-42.40179629,-49.23727273
1918,-45.78,-33.34,-29.782,-44.16,-47.38,-46.84,,-47.08,-50.36,-33.25,-25.58,-21.26,-54.6265,-20.1743,-30.046,-31.611,,-22.2586,-32.4452,-33.70508095,-44.88793118,-49.58558824
1917,-45.43,-31.96,-29.949,-45.7,-47.62,-47.51,,-47.41,-51.32,-35.44,-24.87,-19.92,-51.5269,-18.748,-28.857,-31.115,,-21.079,-34.3742,-33.59472632,-43.404862,-48.96166667
1916,-44.61,-31.27,-29.396,-47.03,-48.45,-47.81,,-47.97,-53.46,-36.37,-24.86,-19.91,-52.2353,-20.3057,-28.472,-31.722,,-23.1988,-31.52605,-34.47286667,-43.03655775,-49.03694444
1915,-43.8,-33,-30.289,-45.51,-46.96,-46.85,,-47.34,-53.57,-37.01,-26.53,-22.54,-54.1145,-20.4199,-28.961,-32.169,,-21.5641,-32.65525,-33.46432895,-44.7760061,-49.19764706
1914,-43.67,-33.91,-30.742,-43.09,-47.18,-47.86,,-47.75,-50.42,-34.8,-26.09,-21.07,-54.9927,-19.5684,-28.156,-33.926,,-22.5154,-33.14695,-34.39280953,-43.9733265,-48.59351351
1913,-44.07,-34.71,-28.801,-43.15,-47.99,-47.85,,-48.15,-48.33,-35.66,-24.79,-21.24,-56.6009,-20.4519,-29.342,-31.855,,-22.4841,-32.60405,-32.53939474,-44.61488042,-49.35971429
1912,-45.24,-32.49,-28.607,-44.98,-44.88,-47.72,,-49.27,-50.75,-33.73,-20.46,-21.41,-56.8025,-20.1079,-31.136,-30.826,,-22.3485,-31.6988,-32.62928334,-43.2799232,-48.50641026
1911,-47.36,-31.28,-29.593,-45.48,-44.58,-48.11,,-48.77,-51.09,-34.48,-23.94,-21.49,-55.3949,-19.0925,-31.771,-32.091,,-22.2058,-31.965,-34.43607106,-42.817722,-47.6475
1910,-48.24,-31.67,-30.637,-44.97,-45.24,-50.59,,-49.18,-49.65,-35.38,-23.83,-22.56,-55.2661,-19.2387,-32.439,-32.107,,-22.2982,-34.282,-34.3171,-45.52406322,-48.78972973
1909,-49.09,-33.82,-28.721,-43.34,-47.39,-50.21,,-49.51,-51.29,-33.67,-24.64,-22.38,-53.155,-18.5415,-28.973,-31.88,,-21.782,-34.61975,-34.38442106,-44.52598867,-49.25882353
1908,-48.51,-34.15,-28.825,-43.34,-47.83,-46.24,,-51.08,-50.75,-36.19,-25.16,-21.19,-51.1629,-19.723,-28.48,-32.982,,-22.4768,-33.21685,-33.93649524,-42.21534638,-48.83
1907,-47.52,-32.94,-30.339,-43.47,-48.1,-44.68,,-52.54,-50.39,-34.57,-25.61,-22.59,-49.6593,-19.7952,-30.578,-34.125,,-22.0407,-34.4268,-34.13871842,-43.869363,-49.17727273
1906,-46.05,-32.59,-30.841,-44.01,-46.43,-45.72,,-52.93,-50.1,-37.88,-23.61,-19.6,-50.9234,-20.062,-29.224,-34.049,,-22.2949,-34.0149,-34.19235953,-46.25455389,-48.52545455
1905,-46.01,-33.05,-31.486,-43.33,-45.98,-47.33,,-52.5,-51.17,-35.68,-23.18,-19.72,-53.8108,-20.2823,-28.396,-31.907,,-21.94885,-34.1298,-33.85502105,-42.0342662,-49.1325
1904,-46.9,-32.15,-28.531,-41.42,,-48.9,,-52.13,-51.87,-36.09,-22.17,-19.73,-56.2708,-20.057,-29.129,-30.163,,-23.2914,-32.61115,-33.19926429,-40.30511086,-48.06741935
1903,-46.68,-30.8,-29.034,-40.77,,-49.14,,-50.72,-50.9,-34.76,-21.93,-18.02,-56.479,-19.5967,-30.228,-34.175,,-22.87965,-33.7209,-34.51163684,-44.21236125,-47.16647059
1902,-46.28,-31.5,-27.792,-41.63,,-49.76,,-50.82,-48.31,-35.77,-22.3,-19.57,-55.5034,-19.6998,-28.413,-32.721,,-21.3541,-33.05295,-33.25767143,-41.865282,-47.26090909
1901,-46.14,-32.88,-28.741,-42.13,,-48.27,,-51.47,-49.91,-35.86,-23.01,-21.04,-55.6578,-20.01,-29.627,-31.368,,-22.4739,-32.0258,-33.45163947,-42.56457433,-48.87205882
1900,-46.1,-33.49,-29.37,-43.22,,-47.81,,-51.09,,-33.1,-25.12,-23.4,-57.1904,-18.3327,-29.569,-32.705,,-21.775,-32.95495,-33.47159048,-41.72416986,-48.75580645
1899,-45.68,-34.29,-30.606,-44.31,,-49.22,,-48.81,,-33.35,-26.38,-24.17,-55.0716,,,,,-22.1899,-32.0985,-33.27416053,-41.12886182,-48.52058824
1898,-46.75,-33.69,-29.208,-45.18,,,,-47.38,,-35.24,-25.54,-22.55,-53.9012,,,,,-20.6008,-32.0324,-33.66961429,-40.61894757,-48.0216129
1897,-47.83,-32.45,-29.937,-46.39,,,,-48.66,,-34.65,-23.52,-22.79,-55.7419,,,,,-22.84315,-33.8114,-34.35944737,-40.928236,-47.9496875
1896,-47.16,-31.42,-29.284,-46.71,,,,,,-35.51,-23.07,-23.12,-55.3714,,,,,-23.3109,-33.1711,-34.66369524,-43.4239709,-47.59138889
1895,-46.12,-33.13,-30.866,-46.07,,,,,,-35.82,-22.94,-21.36,-52.4,,,,,-22.3572,-33.1194,-34.6975079,-42.81946638,-48.12967742
1894,-46.58,-34.03,-30.595,,,,,,,-35.46,-24.55,-21.37,-50.7016,,,,,-21.34835,-32.7191,-34.90914286,-40.50382875,-48.47774194
1893,-46.62,-32.55,-29.676,,,,,,,-35.62,-25.28,-21.05,-52.6509,,,,,-21.71725,-33.8013,-34.85169211,-39.35596456,-48.76233333
1892,-46.14,-32.64,-29.644,,,,,,,-34.99,-25.05,-21.48,-54.1931,,,,,-22.9591,-32.6802,-35.21722857,-43.64449164,-48.07
1891,-46.92,-34.1,-29.576,,,,,,,-35.39,-24.18,,-54.8815,,,,,-22.43865,-32.5572,-33.64123421,-41.61962967,-47.55171429
1890,-46.64,-31.97,-29.029,,,,,,,-35.82,-28.6,,-54.9957,,,,,-23.02065,-33.8502,-34.60409524,-40.71544838,-47.35
1889,,-30.79,-27.938,,,,,,,-35.9,-24.72,,-54.7645,,,,,-22.8427,-32.6419,-33.35846053,-40.81789509,-47.9815625
1888,-45.84,-30.77,-28.68,,,,,,,-38.34,-24.72,,-54.748,,,,,-22.72585,-31.8674,-32.86179286,-42.30127083,-48.33758621
1887,-46.26,-31.43,-28.56,,,,,,,-36.35,-24.71,,-54.7243,,,,,-22.9161,-32.847,-33.58072632,-42.92018288,-49.055
1886,-47.21,-33.27,-28.749,,,,,,,-37.36,-21.77,,-52.7695,,,,,-22.44035,-32.3523,-33.58040476,-44.55383811,-49.36346154
1885,-48.74,-32.69,-29.726,,,,,,,-35.05,-24.62,,-50.6342,,,,,-21.80835,-33.7812,-33.1031079,-43.77734617,-49.5924
1884,-49.11,-32.41,-31.398,,,,,,,-35.62,-24.45,,-52.5469,,,,,-21.7176,-32.633,-32.55963334,-42.2033578,-50.00769231
1883,-49.32,-34.07,-27.212,,,,,,,-37.8,-22.05,,-53.1585,,,,,-23.71735,-32.5883,-33.0926079,-42.5038015,-50.0275
1882,-48.85,-33.88,-30.783,,,,,,,-36.78,-20.03,,-54.4773,,,,,-22.32905,-32.1566,-34.06608572,-42.9950901,-50.18555556
1881,-47.78,-34.02,-30.774,,,,,,,-36.53,-23.87,,-54.377,,,,,-23.7111,-33.7086,-34.42007632,-41.08228,-49.81
1880,-47.34,,-30.837,,,,,,,-35.12,-23.61,,-54.71,,,,,-21.6596,-34.2543,-34.64421191,-42.35824522,-49.89392857
1879,-47.03,,-30.335,,,,,,,-35.84,-23.25,,-54.9473,,,,,-21.8918,-32.8872,-32.70551579,-43.58464591,-48.54625
1878,-46.68,,-28.365,,,,,,,-35.57,-22.68,,-55.5201,,,,,-22.2973,-32.0068,-31.34731905,-41.6727185,-47.435
1877,-46.55,,-29.769,,,,,,,-35.31,-24.05,,-55.2736,,,,,-23.2624,-30.7822,-31.85316053,-42.65927644,-48.16307692
1876,-46.18,,-28.057,,,,,,,-34.76,-26.5,,-53.0915,,,,,-22.2756,-31.8133,-34.61259762,-43.1778676,-47.93461538
1875,-46.54,,-31.242,,,,,,,-33.86,-24.38,,-51.4748,,,,,-23.4602,-33.5915,-34.76494737,-45.43899292,-47.42411765
1874,-46.45,,-30.511,,,,,,,-36.32,-25.18,,-52.7907,,,,,-22.8618,-32.7011,-33.71102143,-41.78481233,-47.689
1873,-46.28,,-29.009,,,,,,,-37.4,-26.16,,-55.5253,,,,,-23.5672,-31.879,-34.27052106,-42.14212144,-47.9937037
1872,-46.15,,-28.261,,,,,,,-35.51,-24.54,,-57.3465,,,,,-23.3327,-33.2183,-33.90853334,-45.08348723,-47.67269231
1871,-46.08,,-30.185,,,,,,,-38,-24.74,,-57.9263,,,,,-21.30235,-34.3593,-34.35152895,-45.29382977,-47.698
1870,-46.49,,-30.512,,,,,,,-39.43,-23.66,,-56.5463,,,,,-21.8637,-34.1209,-35.7584381,-42.38244086,-47.24208333
1869,-46.4,,-29.285,,,,,,,-36.56,-21.83,,-53.6662,,,,,-22.8523,-34.8264,-33.94617632,-43.68473638,-46.34826087
1868,-45.75,,-29.351,,,,,,,-33.59,-23.09,,-54.0804,,,,,-21.7032,-33.2986,-33.71038334,-42.77391589,-46.10818182
1867,-45.43,,-29.491,,,,,,,-34.5,-22.24,,-55.6632,,,,,-22.186,-34.0458,-33.95325527,-42.4467697,-46.12409091
1866,-45.32,,-28.073,,,,,,,-34.62,-21.52,,-52.9238,,,,,-21.4544,-34.1915,-34.10946667,-42.51596743,-45.8373913
1865,-44.98,,-29.993,,,,,,,-35.82,-22.2,,-52.6263,,,,,-23.916,-33.2381,-34.63415,-42.77652643,-46.29608696
1864,-45.85,,-29.944,,,,,,,-36.47,-22.57,,-53.4221,,,,,-22.4108,-33.1952,-34.26457857,-42.95474357,-46.92478261
1863,-46.5,,-30.7,,,,,,,-35.5,-22.76,,-54.0791,,,,,-22.2642,-32.6203,-33.95623948,-44.99959853,-47.73318182
1862,-46.78,,-31.137,,,,,,,-34.77,-23.35,,-54.5938,,,,,-22.6739,-32.7609,-33.73399524,-42.5672585,-48.84157895
1861,-46.44,,-28.499,,,,,,,-36.1,-21.8,,-55.0762,,,,,-20.652,-33.1682,-33.03456842,-42.71340386,-48.66047619
1860,-47.1,,-29.671,,,,,,,-35.1,-21.88,,-55.7458,,,,,-22.7527,-34.5052,-34.17481905,-42.98930289,-48.33681818
1859,-46.22,,-30.592,,,,,,,-38.21,-24.91,,-56.0463,,,,,-21.5226,-34.976,-34.65202369,-43.87311611,-48.44045455
1858,-44.33,,-28.995,,,,,,,-37.65,-23.37,,-56.8057,,,,,-21.9672,-33.7857,-34.8991,-41.81760814,-48.18095238
1857,-43.87,,-30.182,,,,,,,-34.27,-23.75,,-55.7447,,,,,-22.0636,-33.1263,-33.38862894,-43.65524925,-47.69238095
1856,-45.68,,-31.403,,,,,,,-35.61,-22.56,,-53.866,,,,,-22.1562,-31.4481,-34.3802881,-43.57494222,-46.528125
1855,-47.31,,-27.889,,,,,,,-36.82,-23.86,,-55.5102,,,,,-22.5706,-32.2145,-33.59278421,-40.62237717,-46.53777778
1854,-48.38,,-29.15,,,,,,,-36.21,-21.93,,-58.9052,,,,,-22.0428,-33.2933,-32.81418334,-40.56331043,-46.94666667
1853,-48.55,,-29.204,,,,,,,-35.13,-23.38,,-59.2563,,,,,-22.04235,-32.5242,-33.808,-41.52705289,-47.08705882
1852,-48.17,,-29.945,,,,,,,-33.96,-23.53,,-58.067,,,,,-22.0688,-33.1961,-34.34168572,-42.86482786,-47.12388889
1851,-47.73,,-30.716,,,,,,,-35.54,-23.77,,-56.8063,,,,,-21.0122,-34.6524,-34.80514737,-43.18009763,-47.26411765
1850,-48.06,,-29.637,,,,,,,-35.32,-24.46,,-57.3942,,,,,-22.9017,-33.6455,-34.81376667,-42.44386267,-47.54125
1849,-47.17,,-29.466,,,,,,,-36.35,-22.79,,-56.3056,,,,,-21.9661,-33.4597,-35.41404737,-43.13158783,-48.01
1848,-46.34,,-28.33,,,,,,,-37.6,-25.43,,-56.7532,,,,,-20.6483,-34.0184,-33.83769524,-42.99290729,-29.08666667
1847,-46.47,,-30.236,,,,,,,-36.09,-24.39,,-56.3322,,,,,-21.1923,-33.578,-34.661,-40.91814563,-48.14666667
1846,-46.44,,-29.907,,,,,,,-36.93,-23.6,,-53.6312,,,,,-22.3591,-32.6231,-35.36138095,-40.1765879,-48.9
1845,-46.2,,-29.527,,,,,,,-36.76,-21.98,,-53.3625,,,,,-22.35365,-32.5189,-34.1242579,-42.13744733,-49.93
1844,-46.23,,-29.183,,,,,,,-36.27,-21.96,,-52.158,,,,,-21.0635,-33.8734,-33.76946429,-40.95144043,-48.918
1843,-45.66,,-30.101,,,,,,,-35.96,-22.77,,-52.7119,,,,,-21.3967,-33.6582,-34.70664211,-43.7374312,-48.48
1842,-46.85,,-30.512,,,,,,,-36.22,-23.41,,-54.1138,,,,,-23.16,-34.1846,-34.60940238,-42.97896033,-48.01666667
1841,-48.62,,-28.158,,,,,,,-34.52,-22.45,,-55.0107,,,,,-24.1516,-32.4144,-35.22457369,-42.3530224,-35.525
1840,-48.79,,-31.654,,,,,,,-34.49,-24.42,,-52.3736,,,,,-22.83745,-31.7121,-33.2755381,-44.47691188,-47.26
1839,-48.15,,-30.255,,,,,,,-35.91,-25.53,,-52.9128,,,,,-22.67185,-32.9329,-32.05563684,-42.830442,-20.68
1838,-48.78,,-28.685,,,,,,,-35.16,-23.08,,-55.7011,,,,,-22.9814,-33.107,-33.54129048,-43.51214327,-45.905
1837,-48.66,,-28.087,,,,,,,-37.02,-22.31,,-54.7394,,,,,-22.7161,-33.8006,-34.04042632,-43.86295733,-29.40666667
1836,-48.14,,-29.235,,,,,,,-35.24,-23.42,,-53.88,,,,,-22.91995,-31.7163,-34.05348095,-43.43343275,4.25
1835,-47.54,,-31.616,,,,,,,-34.11,-24.28,,-54.4274,,,,,-22.76575,-30.9486,-33.12503684,-41.64575363,-21.52
1834,-46.73,,-29.61,,,,,,,-34.08,-24.44,,-57.377,,,,,-21.87735,-33.5846,-32.59592857,-43.90461107,-18.37
1833,-45.46,,-30.554,,,,,,,-34.49,-23.91,,-55.8749,,,,,-21.78885,-33.7471,-32.75651579,-42.13790527,-43.76
1832,-45.63,,-27.861,,,,,,,-35.84,-24.44,,-55.0014,,,,,-21.60725,-33.5235,-33.55239286,-44.55639591,-44.32
1831,-46.26,,-28.497,,,,,,,-38.02,-22.79,,-52.6619,,,,,-21.3092,-33.1284,-34.42834474,-44.15216343,-44.53
1830,-46.35,,-28.299,,,,,,,-36.52,-23.28,,-52.5089,,,,,-22.95435,-32.0377,-32.80735476,-44.01139983,-42.85
1829,-46.65,,-28.9,,,,,,,-34.54,-22.75,,-53.3376,,,,,-21.1896,-31.5492,-33.06999473,-42.95314571,-42.48
1828,-47.89,,-29.061,,,,,,,-34.65,-24.17,,-55.0449,,,,,-21.636,-31.4113,-33.93904048,-42.81178314,-46.01
1827,-47.6,,-29.156,,,,,,,-35.95,-21.13,,-56.0436,,,,,-22.19645,-30.4548,-33.95925527,-43.2865274,-48.29
1826,-46.12,,-30.057,,,,,,,-35.96,-24.5,,-57.3273,,,,,-22.0106,-32.4302,-32.4588381,-41.19282344,-50.77
1825,-46.66,,-29.5,,,,,,,-37.04,-24.89,,-57.9298,,,,,-22.3548,-32.396,-32.77778684,-43.34052078,-52.02
1824,-46.53,,-29.231,,,,,,,-36.71,-23.57,,-57.386,,,,,-21.8037,-33.8503,-33.00106667,-46.075861,-51.68
1823,-45.86,,-29.476,,,,,,,-37,-23.68,,-57.5111,,,,,-22.636,-33.4686,-34.18217895,-43.65823457,
1822,-45.77,,-30.124,,,,,,,-37.74,-23.19,,-55.7597,,,,,-23.24715,-32.7376,-34.90955714,-42.64322825,
1821,-46.48,,-29.786,,,,,,,-37.94,-22.74,,-54.5238,,,,,-22.10955,-31.5288,-35.01237894,-42.88534583,
1820,-46.86,,-29.307,,,,,,,-38.01,-23.93,,-55.9859,,,,,-23.18955,-33.5441,-34.74660953,-41.84334763,
1819,-45.93,,-27.924,,,,,,,-37.86,-23.75,,-56.0671,,,,,-21.88615,-34.4695,-33.67805263,-40.89750213,
1818,-44.96,,-31.631,,,,,,,-36.97,-22.44,,-55.2384,,,,,-22.7191,-33.4365,-33.72100715,-42.0334,
1817,-45.83,,-29.156,,,,,,,-38.57,-22.56,,-53.7812,,,,,-23.36525,-32.2346,-34.43244211,-44.31276643,
1816,-46.77,,-29.016,,,,,,,-37.55,-23.97,,-53.8849,,,,,-23.123,-32.2915,-34.62064762,-44.878786,
1815,-46.75,,-30.955,,,,,,,-36.28,-22.5,,-54.4368,,,,,-22.40135,-31.2323,-34.23426579,-43.7108776,
1814,-46.71,,-28.425,,,,,,,-34.22,-24.09,,-54.695,,,,,-22.33745,-33.7147,-34.33312619,-43.22551588,
1813,-47.15,,-30.381,,,,,,,-35.66,-21.47,,-53.8428,,,,,-21.79325,-33.0025,-33.61359211,-43.77836922,
1812,-46.63,,-28.813,,,,,,,-36.76,-22.52,,-55.505,,,,,-21.9026,-32.2973,-34.90377857,-42.9907995,
1811,-47.08,,-28.801,,,,,,,-36.15,-22.15,,-57.9993,,,,,-22.2051,-33.6728,-34.66402106,-42.6402532,
1810,-47.14,,-29.477,,,,,,,-36.05,-22.29,,-57.8431,,,,,-22.5346,-34.5354,-35.33923095,-44.47552364,
1809,-46.65,,-29.446,,,,,,,-35.95,-26.46,,-55.4004,,,,,-22.229,-33.8443,-35.70282369,-42.8452371,
1808,-45.37,,-30.026,,,,,,,-35.84,-25.41,,-52.1326,,,,,-23.08085,-33.0945,-34.77780238,-43.92294125,
1807,-45.9,,-28.627,,,,,,,-36.61,-24.33,,-50.642,,,,,-23.60435,-32.6685,-35.04072632,-44.8144319,
1806,-46.48,,-28.121,,,,,,,-36.64,-23.87,,-47.8918,,,,,-22.58335,-32.602,-34.54306191,-42.44707733,
1805,-45.22,,-27.522,,,,,,,-36.22,-24.2,,-51.239,,,,,-22.26625,-33.4344,-33.3367,-43.71094186,
1804,-44.8,,-28.672,,,,,,,-36.21,-24.12,,-55.6417,,,,,-23.43135,-32.0795,-33.53867143,-43.02378189,
1803,-46.42,,-28.719,,,,,,,-36.16,-23.81,,-56.7169,,,,,-23.316,-33.0819,-31.93191579,-42.38062144,
1802,-46.35,,-29.159,,,,,,,-36.61,-24.62,,-56.8932,,,,,-22.4684,-32.6154,-33.3148381,-42.67735089,
1801,-44.82,,-29.367,,,,,,,-35.65,-23.35,,-56.6096,,,,,-22.247,-32.1056,-34.19405,-44.07793227,
1800,-45.13,,-29.706,,,,,,,-35.09,-23.35,,-57.1955,,,,,-22.1113,-33.0787,-34.75443572,-42.639337,
1799,,,-30.68,,,,,,,-34.52,-23.58,,-57.8314,,,,,-21.9691,,-33.99509211,-41.86858188,
1798,,,-30.138,,,,,,,-35.02,-25.84,,-57.4466,,,,,-22.7462,,-32.44999524,-45.98975509,
1797,,,-29.965,,,,,,,-37.22,-22.9,,-56.3934,,,,,-23.3573,,-34.0340579,-44.8790594,
1796,,,-28.592,,,,,,,-36.53,-23.21,,-55.8478,,,,,-21.8502,,-35.00895238,-45.15063367,
1795,,,-30.269,,,,,,,-35.48,-24.51,,-54.7012,,,,,-22.7258,,-34.44859737,-45.6053316,
1794,,,-27.75,,,,,,,-34.97,-23.07,,-53.16,,,,,-22.1825,,-33.18714048,-42.778906,
1793,,,-30.964,,,,,,,-34.92,-22.08,,-52.5593,,,,,-22.4667,,-33.44282369,-42.6896032,
1792,,,-30.859,,,,,,,-33.82,-22.85,,-51.1894,,,,,-22.5466,,-33.77904048,-43.4566556,
1791,,,-29.054,,,,,,,-34.57,-23.57,,-51.6023,,,,,-21.5231,,-33.45188421,-42.99818529,
1790,,,-29.919,,,,,,,-33.58,-21.66,,-53.8104,,,,,-22.0831,,-33.45382619,-45.8284945,
1789,,,-29.916,,,,,,,-33.06,-23.57,,-54.6094,,,,,-21.8122,,-34.38798948,-44.921027,
1788,,,-29.087,,,,,,,-36.36,-24.39,,-55.1757,,,,,-22.5327,,-34.07119524,-43.75831357,
1787,,,-30.824,,,,,,,-36.17,-23.63,,-56.2167,,,,,-23.0538,,-33.89911316,-43.27800238,
1786,,,-28.84,,,,,,,-35.42,-24.24,,-57.009,,,,,-22.9285,,-32.84825715,-45.140758,
1785,,,-29.142,,,,,,,-35.61,-24.69,,-56.9747,,,,,-22.2783,,-33.30073684,-43.90909886,
1784,,,-29.129,,,,,,,-35.25,-24.07,,-57.3898,,,,,-23.4693,,-33.93074286,-41.99256313,
1783,,,-28.82,,,,,,,-33.95,-24.28,,-57.98,,,,,-21.1532,,-33.57091316,-40.739942,
1782,,,-29.424,,,,,,,-34.88,-22.91,,-57.7316,,,,,-21.5947,,-34.96214048,-41.8666405,
1781,,,-30.845,,,,,,,-35.22,-23.4,,-55.9132,,,,,-23.0051,,-34.72922368,-43.82597089,
1780,,,-29.418,,,,,,,-36.11,-24.28,,-53.4739,,,,,-22.2875,,-34.56207381,-44.92095057,
1779,,,-29.805,,,,,,,-36.55,-24.4,,-52.9914,,,,,-21.9953,,-34.04733948,-45.46998211,
1778,,,-32.828,,,,,,,-35.21,-23.54,,-54.8065,,,,,-22.0808,,-34.2226,-44.09814533,
1777,,,-29.907,,,,,,,-35.03,-25.43,,-56.0019,,,,,-22.1253,,-33.50728421,-40.74642175,
1776,,,-31.06,,,,,,,-35.42,-24.46,,-54.8657,,,,,-22.1435,,-33.41818572,-41.40401633,
1775,,,-29.206,,,,,,,-36.63,-22.17,,-53.0933,,,,,-21.6144,,-32.92476842,-42.43197214,
1774,,,-29.636,,,,,,,-38.77,-22.6,,-52.7679,,,,,-20.5411,,-33.97400238,-44.1529605,
1773,,,-29.274,,,,,,,-38.81,-22.28,,-53.2215,,,,,-22.764,,-34.89287106,-43.65564567,
1772,,,-28.792,,,,,,,-39.53,-22.49,,-51.5966,,,,,-22.1208,,-33.62594762,-45.0676676,
1771,,,-29.239,,,,,,,-37.26,-24.38,,-49.7282,,,,,-21.9968,,-32.61516842,-45.25910867,
1770,,,-29.305,,,,,,,-35.85,-24.36,,-50.753,,,,,-21.8483,,-33.22995238,-43.4781336,
1769,,,-27.094,,,,,,,,-24.75,,-53.138,,,,,-21.6906,,-33.96337369,-42.64013164,
1768,,,-30.284,,,,,,,,-21.3,,-54.2636,,,,,-21.5046,,-34.08421429,-42.15964113,
1767,,,-29.49,,,,,,,,-23.63,,-55.8328,,,,,-21.8568,,-33.63242632,-44.56268638,
1766,,,-27.144,,,,,,,,-23.77,,-56.4239,,,,,-21.3837,,-33.11324286,-43.94692217,
1765,,,-29.092,,,,,,,,-24.07,,-57.4621,,,,,-22.5587,,-32.55283948,-43.30731138,
1764,,,-28.409,,,,,,,,-24,,-57.4774,,,,,-21.7092,,-34.06577143,-43.05119383,
1763,,,-29.8,,,,,,,,-19.65,,-57.9984,,,,,-21.822,,-33.90988421,-43.15783533,
1762,,,-29.018,,,,,,,,-23.96,,-57.6418,,,,,-22.1144,,-34.29040953,-41.8823605,
1761,,,-28.445,,,,,,,,-24.46,,-56.2858,,,,,-24.2288,,-33.23560527,-40.5819962,
1760,,,-30.287,,,,,,,,-25.01,,-53.9611,,,,,-22.6028,,-34.26115238,-42.07735633,
1759,,,-29.83,,,,,,,,-25.24,,-52.8195,,,,,-22.9308,,-34.44113948,-44.4862822,
1758,,,-28.975,,,,,,,,-24.3,,-54.3731,,,,,-23.3408,,-35.34627857,-43.206036,
1757,,,-29.418,,,,,,,,-24.23,,-55.068,,,,,-22.2255,,-34.40188421,-43.392384,
1756,,,-30.754,,,,,,,,-26.08,,-52.7207,,,,,-21.9125,,-34.57845238,-47.0366945,
1755,,,-29.902,,,,,,,,-24.25,,-50.7272,,,,,-22.3586,,-34.4774579,-45.5917015,
1754,,,-30.68,,,,,,,,-24.14,,-50.3264,,,,,-22.6438,,-33.98736429,-44.49250838,
1753,,,-28.97,,,,,,,,-24.33,,-51.2807,,,,,-21.0986,,-34.58089474,-42.51653922,
1752,,,-30.026,,,,,,,,-22.89,,-53.9675,,,,,-21.9159,,-34.37068572,-42.86664133,
1751,,,-30.284,,,,,,,,-22.95,,-55.2626,,,,,-21.1342,,-33.64921842,-43.48554217,
1750,,,-29.624,,,,,,,,-24.32,,-55.1719,,,,,-22.7713,,-33.50959524,-42.87097525,
1749,,,-28.463,,,,,,,,-22.94,,-53.4589,,,,,-22.6628,,-33.93024211,-42.78082783,
1748,,,-31.417,,,,,,,,-22.73,,-53.2016,,,,,-21.436,,-34.32083572,-42.65192675,
1747,,,-29.949,,,,,,,,-19.16,,-52.1565,,,,,-22.3033,,-34.00483158,-44.39667345,
1746,,,-31.066,,,,,,,,-22.74,,-50.53,,,,,-22.0888,,-34.08935238,-43.094264,
1745,,,-30.458,,,,,,,,-21.82,,-51.3217,,,,,-21.5322,,-34.56928948,-44.2659472,
1744,,,-32.334,,,,,,,,-22.49,,-54.3547,,,,,-22.8979,,-34.16215,-43.26821738,
1743,,,-32.027,,,,,,,,-21.91,,-55.6991,,,,,-22.4581,,-35.53680263,-45.2914795,
1742,,,-31.466,,,,,,,,-23.71,,-55.1742,,,,,-22.6523,,-35.34266667,-44.1685136,
1741,,,-30.487,,,,,,,,-23.62,,-55.1611,,,,,-21.9134,,-35.59241842,-44.02347,
1740,,,-30.811,,,,,,,,-21.54,,-56.041,,,,,-22.7785,,-35.07492857,-44.65816457,
1739,,,-29.545,,,,,,,,-23.7,,-56.3157,,,,,-22.0073,,-33.73112369,-45.85042386,
1738,,,-29.322,,,,,,,,-23.75,,-55.6356,,,,,-22.7939,,-32.90060238,-44.76910557,
1737,,,-30.745,,,,,,,,-25.81,,-55.6057,,,,,-22.0167,,-33.83836316,-45.0292099,
1736,,,-28.214,,,,,,,,,,-55.3804,,,,,-22.0578,,-32.99855238,-43.36867325,
1735,,,-28.213,,,,,,,,,,-55.2382,,,,,-23.2442,,-32.57228421,-42.6673915,
1734,,,-28.822,,,,,,,,,,-56.038,,,,,-21.9792,,-32.29142143,-42.4727796,
1733,,,-32.074,,,,,,,,,,-56.847,,,,,-21.5152,,-33.29865,-43.9559528,
1732,,,-28.945,,,,,,,,,,-57.4454,,,,,-21.3151,,-33.92449048,-44.12750963,
1731,,,-29.044,,,,,,,,,,-55.7938,,,,,-22.0846,,-34.00685527,-41.10271375,
1730,,,-28.262,,,,,,,,,,-52.3991,,,,,-22.7016,,-32.86682143,-40.31425175,
1729,,,-28.303,,,,,,,,,,-50.5353,,,,,-22.8688,,-33.39777369,-41.3042495,
1728,,,-28.492,,,,,,,,,,-51.7186,,,,,-21.1678,,-34.2877,-44.72799155,
1727,,,-30.519,,,,,,,,,,-52.8438,,,,,-22.7025,,-33.91876053,-44.23133271,
1726,,,-29.524,,,,,,,,,,-53.2022,,,,,-22.3944,,-33.17804048,-44.813489,
1725,,,-29.823,,,,,,,,,,-54.4332,,,,,-21.6007,,-34.23705,-45.08163111,
1724,,,-29.704,,,,,,,,,,-55.2727,,,,,-23.7166,,-34.05642143,-44.13113983,
1723,,,-28.898,,,,,,,,,,-55.1293,,,,,-21.0835,,-33.45367895,-42.43295142,
1722,,,-28.349,,,,,,,,,,-54.9434,,,,,-20.9171,,-33.49230476,-42.04809838,
1721,,,-29.529,,,,,,,,,,-55.0913,,,,,-22.7009,,-34.61075527,-41.99670863,
1720,,,-29.452,,,,,,,,,,-55.5614,,,,,-20.8641,,-33.83855953,-43.70468933,
1719,,,-29.043,,,,,,,,,,-55.4537,,,,,-20.7961,,-33.56141053,-42.90140333,
1718,,,-29.68,,,,,,,,,,-54.4145,,,,,-22.0547,,-34.18588095,-44.023832,
1717,,,-30.091,,,,,,,,,,-53.707,,,,,-22.1308,,-34.68237106,-42.09686243,
1716,,,-28.986,,,,,,,,,,-52.7515,,,,,-20.5039,,-34.23367143,-42.0425628,
1715,,,-29.707,,,,,,,,,,-51.9303,,,,,-22.5813,,-34.25936842,-42.89734878,
1714,,,-30.406,,,,,,,,,,-52.7015,,,,,-21.1649,,-34.42984524,-43.09499778,
1713,,,-28.319,,,,,,,,,,-54.2995,,,,,-21.668,,-33.52538684,-44.77273121,
1712,,,-29.317,,,,,,,,,,-55.3738,,,,,-22.3069,,-33.96690476,-43.86856309,
1711,,,-29.54,,,,,,,,,,-55.7156,,,,,-22.3415,,-34.37041316,-45.39840638,
1710,,,-30.006,,,,,,,,,,-55.5564,,,,,-21.0786,,-34.17281429,-45.12744291,
1709,,,-30.184,,,,,,,,,,-54.2857,,,,,-22.0308,,-34.19785,-44.71670767,
1708,,,-30.336,,,,,,,,,,-52.5653,,,,,-20.9726,,-33.87152619,-43.21444567,
1707,,,-29.485,,,,,,,,,,-52.5107,,,,,-20.7537,,-33.42853421,-44.24599991,
1706,,,-27.377,,,,,,,,,,-53.1454,,,,,-22.189,,-34.07167619,-44.6690163,
1705,,,-28.743,,,,,,,,,,-53.2415,,,,,-22.6008,,-34.40324737,-44.40678133,
1704,,,-29.972,,,,,,,,,,-53.6101,,,,,-21.5441,,-33.48446429,-44.21250386,
1703,,,-31.819,,,,,,,,,,-53.7431,,,,,-22.4884,,-33.31288421,-45.02092267,
1702,,,-30.874,,,,,,,,,,-52.7039,,,,,-23.2754,,-34.76761905,-44.54185175,
1701,,,-29.048,,,,,,,,,,-52.3571,,,,,-22.2264,,-34.42068421,-45.22167289,
1700,,,-29.303,,,,,,,,,,-54.1952,,,,,-23.4048,,-34.52349286,-46.8251836,
1699,,,-30.082,,,,,,,,,,-55.8663,,,,,-23.8563,,-35.54818684,-45.62043556,
1698,,,-30.4,,,,,,,,,,-55.3759,,,,,-22.6839,,-34.34518572,-44.52933478,
1697,,,-28.116,,,,,,,,,,-53.6226,,,,,-22.8267,,-32.5775,-45.4572576,
1696,,,-29.136,,,,,,,,,,-53.3783,,,,,-22.7313,,-32.97589762,-45.73396313,
1695,,,-29.03,,,,,,,,,,-54.9532,,,,,-23.0739,,-32.2750079,-42.18533014,
1694,,,-28.898,,,,,,,,,,-55.5536,,,,,-22.4759,,-33.0041,-42.7425868,
1693,,,-28.436,,,,,,,,,,-55.2986,,,,,-22.1212,,-34.06962369,-45.17044086,
1692,,,-29.05,,,,,,,,,,-54.3756,,,,,-22.5097,,-33.41936905,-44.72851067,
1691,,,-29.316,,,,,,,,,,-52.8014,,,,,-22.8386,,-34.26100526,-44.79084438,
1690,,,-27.67,,,,,,,,,,-51.5395,,,,,-22.4212,,-32.77875953,-40.5398437,
1689,,,-28.009,,,,,,,,,,-51.4272,,,,,-21.8057,,-32.23970789,-40.27748467,
1688,,,-29.306,,,,,,,,,,-53.1459,,,,,-22.4511,,-32.49154286,-41.93383688,
1687,,,-29.113,,,,,,,,,,-55.0055,,,,,-23.0403,,-32.78942632,-43.35548967,
1686,,,-30.014,,,,,,,,,,-55.8447,,,,,-21.8228,,-33.46757619,-41.83652114,
1685,,,-29.373,,,,,,,,,,-55.7363,,,,,-21.5714,,-33.7657079,-41.26492414,
1684,,,-28.814,,,,,,,,,,-55.1099,,,,,-22.039,,-34.10622381,-42.46962371,
1683,,,-27.212,,,,,,,,,,-55.0988,,,,,-22.0813,,-34.74084474,-43.74903067,
1682,,,-31.778,,,,,,,,,,-55.3244,,,,,-22.6622,,-35.55889524,-42.04183857,
1681,,,-30.516,,,,,,,,,,-55.373,,,,,-21.7727,,-35.21475,-43.10578275,
1680,,,-30.039,,,,,,,,,,-55.5495,,,,,-20.933,,-34.91718334,-44.07187845,
1679,,,-27.917,,,,,,,,,,-55.5299,,,,,-22.1854,,-34.29641579,-44.7256681,
1678,,,-28.581,,,,,,,,,,-54.332,,,,,-22.0158,,-33.71394048,-41.761071,
1677,,,-31.467,,,,,,,,,,-53.2603,,,,,-22.1337,,-33.22678158,-41.70097717,
1676,,,-28.508,,,,,,,,,,-53.2609,,,,,-21.117,,-33.37010238,-44.22669718,
1675,,,-29.742,,,,,,,,,,-53.6818,,,,,-22.6111,,-33.5022579,-45.12344156,
1674,,,-28.828,,,,,,,,,,-54.1183,,,,,-21.3149,,-34.15196429,-44.30440629,
1673,,,-28.467,,,,,,,,,,-54.0837,,,,,-23.1699,,-33.31224211,-44.0633745,
1672,,,-30.215,,,,,,,,,,-53.6606,,,,,-22.4901,,-34.82269524,-43.76724,
1671,,,-30.201,,,,,,,,,,-54.0367,,,,,-21.3332,,-34.2452,-45.09824088,
1670,,,-29.874,,,,,,,,,,-54.8106,,,,,-21.8704,,-33.61738809,-43.67445789,
1669,,,-30.4,,,,,,,,,,-55.4921,,,,,-23.2487,,-33.97479211,-42.84034957,
1668,,,-28.772,,,,,,,,,,-55.6096,,,,,-21.9565,,-34.23828572,-42.97573143,
1667,,,-28.885,,,,,,,,,,-54.3931,,,,,-22.3877,,-34.30034737,-44.44878025,
1666,,,-31.009,,,,,,,,,,-53.0193,,,,,-21.7315,,-34.94098334,-46.5406575,
1665,,,-28.194,,,,,,,,,,-53.4111,,,,,-20.9544,,-35.25444474,-45.25700683,
1664,,,-30.457,,,,,,,,,,-54.3918,,,,,-22.3356,,-33.4625,-44.95601517,
1663,,,-28.906,,,,,,,,,,-54.8369,,,,,-21.4609,,-33.35005,-46.71954675,
1662,,,-30.049,,,,,,,,,,-55.5171,,,,,-22.9114,,-34.01711905,-44.7935165,
1661,,,-28.585,,,,,,,,,,-56.7147,,,,,-22.669,,-32.76721316,-43.71171838,
1660,,,-28.456,,,,,,,,,,-56.8264,,,,,-22.9052,,-32.79406905,-44.72270571,
1659,,,-29.883,,,,,,,,,,-56.1215,,,,,-23.4348,,-32.54800263,-42.58432767,
1658,,,-28.235,,,,,,,,,,-55.0482,,,,,-21.4044,,-32.26784762,-41.6042645,
1657,,,-28.07,,,,,,,,,,-54.6697,,,,,-21.3426,,-32.79602106,-43.54051022,
1656,,,-28.533,,,,,,,,,,-55.5032,,,,,-21.8403,,-34.02854524,-44.83172714,
1655,,,-29.311,,,,,,,,,,-55.8652,,,,,-21.5568,,-33.71099737,-42.1855476,
1654,,,-28.605,,,,,,,,,,-54.867,,,,,-20.8437,,-33.69466429,-42.95716971,
1653,,,-29.051,,,,,,,,,,-53.2318,,,,,-21.6483,,-33.1897921,-43.9117644,
1652,,,-29.585,,,,,,,,,,-52.7133,,,,,-22.1916,,-33.84262381,-44.771493,
1651,,,-28.729,,,,,,,,,,-53.1979,,,,,-22.1699,,-33.2770579,-45.1429098,
1650,,,-29.933,,,,,,,,,,-53.3527,,,,,-21.5888,,-33.22253333,-44.440529,
1649,,,-31.583,,,,,,,,,,-53.2726,,,,,-21.4916,,-34.07762369,-42.929228,
1648,,,-29.314,,,,,,,,,,-53.4444,,,,,-21.9397,,-34.10529524,-42.59090643,
1647,,,-28.148,,,,,,,,,,-53.6365,,,,,-21.6252,,-34.6248579,-41.73784871,
1646,,,-29.59,,,,,,,,,,-54.0442,,,,,-21.5993,,-33.9737381,-41.49635063,
1645,,,-28.978,,,,,,,,,,-54.2711,,,,,-21.8127,,-34.05416842,-43.54269033,
1644,,,-30.306,,,,,,,,,,-54.8843,,,,,-22.4829,,-34.37225953,-42.2169156,
1643,,,-28.891,,,,,,,,,,-55.2761,,,,,-22.7384,,-35.21292369,-43.50180071,
1642,,,-29.486,,,,,,,,,,-54.5826,,,,,-21.8006,,-34.7888881,-44.41839114,
1641,,,-29.025,,,,,,,,,,-54.9035,,,,,-23.0653,,-34.12445527,-43.67823514,
1640,,,-28.455,,,,,,,,,,-55.6779,,,,,-22.1334,,-33.73568095,-43.02301643,
1639,,,-31.039,,,,,,,,,,-56.1519,,,,,-22.5674,,-32.92301316,-41.9125366,
1638,,,-29.944,,,,,,,,,,-56.5225,,,,,-22.3482,,-34.85521191,-41.72211386,
1637,,,-29.31,,,,,,,,,,-56.5488,,,,,-22.0625,,-33.42802632,-43.78120571,
1636,,,-30.179,,,,,,,,,,-56.9543,,,,,-22.3365,,-33.24425238,-44.00169213,
1635,,,-28.295,,,,,,,,,,-56.9672,,,,,-22.0817,,-32.94916316,-43.44664,
1634,,,-30.133,,,,,,,,,,-55.5989,,,,,-22.9531,,-33.75381191,-45.25203709,
1633,,,-31.284,,,,,,,,,,-53.7846,,,,,-21.9231,,-33.18481316,-44.2882546,
1632,,,-29.486,,,,,,,,,,-52.5988,,,,,-22.1785,,-32.46721429,-43.302323,
1631,,,-28.624,,,,,,,,,,-52.19,,,,,-21.7037,,-33.22672895,-43.87145114,
1630,,,-29.394,,,,,,,,,,-51.7244,,,,,-22.8508,,-33.47923095,-44.21954457,
1629,,,-28.877,,,,,,,,,,-52.5511,,,,,-22.2448,,-33.97236579,-44.232314,
1628,,,-30.637,,,,,,,,,,-53.8551,,,,,-22.2489,,-33.97666429,-45.44425625,
1627,,,-31.495,,,,,,,,,,-55.5908,,,,,-22.0849,,-33.82102894,-45.43637327,
1626,,,-29.754,,,,,,,,,,-56.9716,,,,,-21.3832,,-33.86510238,-43.26459167,
1625,,,-27.91,,,,,,,,,,-56.9331,,,,,-22.1928,,-34.19451053,-43.72103567,
1624,,,-29.535,,,,,,,,,,-56.2822,,,,,-22.1456,,-34.86635238,-42.92124588,
1623,,,-28.393,,,,,,,,,,-55.684,,,,,-21.3421,,-33.64783684,-44.58332057,
1622,,,-28.225,,,,,,,,,,-55.1874,,,,,-22.8155,,-34.42820953,-44.40376133,
1621,,,-29.416,,,,,,,,,,-55.5258,,,,,-21.8372,,-34.07747895,-43.49452388,
1620,,,-29.474,,,,,,,,,,-56.0006,,,,,-22.1037,,-34.25733334,-43.049593,
1619,,,-28.955,,,,,,,,,,-55.9693,,,,,-22.5186,,-34.49134474,-42.38785957,
1618,,,-27.985,,,,,,,,,,-55.8932,,,,,-22.007,,-34.56481666,-43.09266314,
1617,,,-29.494,,,,,,,,,,-56.322,,,,,-21.7007,,-33.60692631,-44.73133689,
1616,,,-30.155,,,,,,,,,,-56.6219,,,,,-21.3735,,-34.08137143,-43.3250594,
1615,,,-27.436,,,,,,,,,,-56.259,,,,,-21.8416,,-34.41100527,-43.37613017,
1614,,,-29.498,,,,,,,,,,-54.8111,,,,,-21.5664,,-33.81985238,-44.03845214,
1613,,,-28.799,,,,,,,,,,-52.9568,,,,,-20.8223,,-33.01218158,-43.99550775,
1612,,,-30.018,,,,,,,,,,-52.4583,,,,,-22.379,,-32.87620714,-42.25028114,
1611,,,-30.01,,,,,,,,,,-53.1669,,,,,-21.1281,,-33.54655263,-43.71564888,
1610,,,-29.572,,,,,,,,,,-54.1461,,,,,-21.5999,,-33.76959762,-43.92896029,
1609,,,-29.704,,,,,,,,,,-54.427,,,,,-21.6102,,-33.47248158,-42.81096311,
1608,,,-30.404,,,,,,,,,,-54.2264,,,,,-22.4225,,-34.15411905,-41.862283,
1607,,,-29.01,,,,,,,,,,-53.1615,,,,,-20.4312,,-33.91311316,-42.8394652,
1606,,,-30.478,,,,,,,,,,-52.2506,,,,,-22.0085,,-33.73171191,-43.419691,
1605,,,-31.652,,,,,,,,,,-51.8642,,,,,-21.854,,-32.15951053,-43.1659888,
1604,,,-30.398,,,,,,,,,,-52.0019,,,,,-22.201,,-33.6069881,-43.32810171,
1603,,,-30.144,,,,,,,,,,-52.3886,,,,,-22.3373,,-34.39017369,-43.38348743,
1602,,,-29.222,,,,,,,,,,-53.209,,,,,-22.9678,,-34.87642619,-44.2480305,
1601,,,-32.347,,,,,,,,,,-53.8822,,,,,-21.3692,,-34.24255263,-45.6024976,
1600,,,-30.827,,,,,,,,,,-54.0479,,,,,-22.3389,,-34.51383572,-46.35814671,
1599,,,-30.944,,,,,,,,,,-54.7172,,,,,-21.5968,,-34.94660263,-42.663721,
1598,,,-30.592,,,,,,,,,,-55.5786,,,,,-21.8724,,-34.07763572,-42.62575829,
1597,,,-30.421,,,,,,,,,,-55.9985,,,,,-21.5832,,-33.25065527,-42.30302071,
1596,,,-30.631,,,,,,,,,,-55.6446,,,,,-22.6066,,-34.15656191,-43.88719343,
1595,,,-29.422,,,,,,,,,,-55.5491,,,,,-23.5289,,-34.5412,-44.235859,
1594,,,-29.756,,,,,,,,,,-55.9315,,,,,-22.3705,,-33.75272143,-44.45187144,
1593,,,-29.964,,,,,,,,,,-56.1115,,,,,-21.4661,,-33.59501842,-42.89652275,
1592,,,-29.389,,,,,,,,,,-55.6541,,,,,-22.862,,-33.47774286,,
1591,,,-28.174,,,,,,,,,,-54.6415,,,,,-23.2277,,-32.52233684,,
1590,,,-30.648,,,,,,,,,,-52.6194,,,,,-21.9827,,-33.19530953,,
1589,,,-30.607,,,,,,,,,,-50.8848,,,,,-22.1177,,-33.12342895,,
1588,,,-27.619,,,,,,,,,,-51.2398,,,,,-20.1603,,-34.76510238,,
1587,,,-30.697,,,,,,,,,,-52.5147,,,,,-23.5751,,-34.30205,,
1586,,,-29.719,,,,,,,,,,-53.5604,,,,,-21.7096,,-34.92992143,,
1585,,,-28.429,,,,,,,,,,-52.4872,,,,,-22.4135,,-34.36599211,,
1584,,,-30.415,,,,,,,,,,-51.2517,,,,,-23.3205,,-33.75730715,,
1583,,,-28.102,,,,,,,,,,-51.2541,,,,,-23.0602,,-34.03916579,,
1582,,,-31.9,,,,,,,,,,-53.0221,,,,,-21.5875,,-32.65682381,,
1581,,,-29.037,,,,,,,,,,-55.4291,,,,,-21.5836,,-32.60643948,,
1580,,,-27.895,,,,,,,,,,-57.0865,,,,,-22.2984,,-33.75610238,,
1579,,,-28.52,,,,,,,,,,-57.9703,,,,,-22.5648,,-33.72609474,,
1578,,,-28.331,,,,,,,,,,-57.5484,,,,,-22.9721,,-35.13203095,,
1577,,,-30.414,,,,,,,,,,-56.6904,,,,,-21.729,,-33.38457895,,
1576,,,-30.169,,,,,,,,,,-55.7381,,,,,-22.5757,,-32.04281667,,
1575,,,-30.613,,,,,,,,,,-55.56,,,,,-21.6351,,-33.73203158,,
1574,,,-29.093,,,,,,,,,,-55.9225,,,,,-22.9495,,-34.31775238,,
1573,,,-29.478,,,,,,,,,,-55.8085,,,,,-22.6166,,-34.11782632,,
1572,,,-30.84,,,,,,,,,,-56.6358,,,,,-22.0807,,-34.55308095,,
1571,,,-29.984,,,,,,,,,,-56.4992,,,,,-22.3015,,-34.45874211,,
1570,,,-29.99,,,,,,,,,,-54.356,,,,,-22.8102,,-34.53560715,,
1569,,,-30.68,,,,,,,,,,-55.7697,,,,,-22.1428,,-34.10569737,,
1568,,,-29.532,,,,,,,,,,-55.534,,,,,-21.1385,,-34.33081191,,
1567,,,-27.609,,,,,,,,,,-55.7805,,,,,-22.0859,,-33.87871053,,
1566,,,-31.609,,,,,,,,,,-56.8762,,,,,-21.8641,,-33.58936429,,
1565,,,-29.282,,,,,,,,,,-56.3883,,,,,-21.6189,,-33.92966053,,
1564,,,-28.849,,,,,,,,,,-55.6241,,,,,-21.3398,,-33.80874048,,
1563,,,-29.933,,,,,,,,,,-54.873,,,,,-21.9536,,-33.25406053,,
1562,,,-29.215,,,,,,,,,,-54.4019,,,,,-23.0638,,-33.93656191,,
1561,,,-29.821,,,,,,,,,,-51.5342,,,,,-22.3642,,-33.53180527,,
1560,,,-28.577,,,,,,,,,,-51.8629,,,,,-21.9505,,-33.73816667,,
1559,,,-30.939,,,,,,,,,,-53.1786,,,,,-21.5856,,-34.40411316,,
1558,,,-30.12,,,,,,,,,,-54.2274,,,,,-21.55,,-34.35164524,,
1557,,,-29.611,,,,,,,,,,-54.9623,,,,,-21.7479,,-33.23474737,,
1556,,,-29.45,,,,,,,,,,-56.0773,,,,,-22.1984,,-34.51166667,,
1555,,,-29.95,,,,,,,,,,-56.2871,,,,,-21.9334,,-34.23924474,,
1554,,,-28.446,,,,,,,,,,-55.5974,,,,,-21.4092,,-32.54021667,,
1553,,,-28.999,,,,,,,,,,-54.8954,,,,,-22.3029,,-33.71919737,,
1552,,,-28.839,,,,,,,,,,-54.7648,,,,,-22.3288,,-33.11220476,,
1551,,,-28.294,,,,,,,,,,-54.7618,,,,,-22.8824,,-32.78121053,,
1550,,,-28.7,,,,,,,,,,-55.399,,,,,-21.9519,,-32.08635953,,
1549,,,-29.806,,,,,,,,,,-56.933,,,,,-22.5184,,-33.84792895,,
1548,,,-30.253,,,,,,,,,,-57.9424,,,,,-23.8202,,-33.68132143,,
1547,,,-30.505,,,,,,,,,,-58.1612,,,,,-20.5769,,-33.92327631,,
1546,,,-29.557,,,,,,,,,,-57.9869,,,,,-24.0224,,-32.81690476,,
1545,,,-26.994,,,,,,,,,,-54.8346,,,,,-21.5617,,-34.33934211,,
1544,,,-29.396,,,,,,,,,,-53.5827,,,,,-22.6452,,-35.46317143,,
1543,,,-28.876,,,,,,,,,,-53.1221,,,,,-23.5386,,-34.51993684,,
1542,,,-28.656,,,,,,,,,,-53.5803,,,,,-22.4679,,-34.03617381,,
1541,,,-28.352,,,,,,,,,,-53.9702,,,,,-20.002,,-34.97277105,,
1540,,,-32.464,,,,,,,,,,-54.1339,,,,,-21.7444,,-34.11082857,,
1539,,,-31.136,,,,,,,,,,-53.6925,,,,,-21.263,,-33.55867632,,
1538,,,-29.166,,,,,,,,,,-53.5683,,,,,-21.4689,,-33.98506667,,
1537,,,-28.166,,,,,,,,,,-52.7867,,,,,-22.9183,,-33.10624474,,
1536,,,-28.879,,,,,,,,,,-52.1673,,,,,-22.2753,,-33.76950715,,
1535,,,-29.429,,,,,,,,,,-52.0445,,,,,-22.5317,,-33.31993421,,
1534,,,-28.27,,,,,,,,,,-53.0586,,,,,-21.3294,,-33.76975715,,
1533,,,-27.909,,,,,,,,,,-54.2198,,,,,-21.8565,,-34.59307632,,
1532,,,-29.38,,,,,,,,,,-54.0802,,,,,-21.8824,,-34.29891429,,
1531,,,-29.064,,,,,,,,,,-52.6065,,,,,-22.8598,,-34.51081579,,
1530,,,-30.846,,,,,,,,,,-51.1872,,,,,-22.7921,,-34.39029762,,
1529,,,-29.005,,,,,,,,,,-52.242,,,,,-21.7642,,-33.93702106,,
1528,,,-29.057,,,,,,,,,,-54.0211,,,,,-22.4097,,-33.3122881,,
1527,,,-29.158,,,,,,,,,,-55.4587,,,,,-20.6588,,-33.19273158,,
1526,,,-29.365,,,,,,,,,,-56.0352,,,,,-22.2244,,-33.63000715,,
1525,,,-29.673,,,,,,,,,,-55.7406,,,,,-21.1781,,-33.96213684,,
1524,,,-29.302,,,,,,,,,,-55.1609,,,,,-19.8771,,-35.47296667,,
1523,,,-27.7,,,,,,,,,,-54.8324,,,,,-21.4923,,-33.30872857,,
1522,,,-27.43,,,,,,,,,,-54.697,,,,,-21.1531,,-33.58408095,,
1521,,,-31.402,,,,,,,,,,-54.7075,,,,,-20.9681,,-33.36656053,,
1520,,,-31.167,,,,,,,,,,-54.7398,,,,,-22.1732,,-35.09688334,,
1519,,,-30.102,,,,,,,,,,-55.1758,,,,,-22.9356,,-33.63953684,,
1518,,,-31.957,,,,,,,,,,-55.1941,,,,,-21.7521,,-32.51129286,,
1517,,,-31.116,,,,,,,,,,-54.8351,,,,,-21.4481,,-33.32937895,,
1516,,,-29.783,,,,,,,,,,-54.6541,,,,,-21.3722,,-33.25286191,,
1515,,,-30.584,,,,,,,,,,-54.0864,,,,,-23.1376,,-33.40561053,,
1514,,,-31.61,,,,,,,,,,-53.0541,,,,,-21.5645,,-33.34354048,,
1513,,,-29.784,,,,,,,,,,-51.9602,,,,,-21.886,,-33.42214474,,
1512,,,-28.785,,,,,,,,,,-51.4527,,,,,-22.234,,-34.06758333,,
1511,,,-29.497,,,,,,,,,,-52.163,,,,,-21.2591,,-34.14882632,,
1510,,,-32.103,,,,,,,,,,-53.8286,,,,,-21.189,,-32.40420715,,
1509,,,-31.177,,,,,,,,,,-55.3195,,,,,-22.5292,,-33.50669474,,
1508,,,-28.994,,,,,,,,,,-55.4355,,,,,-22.3097,,-33.76517857,,
1507,,,-27.731,,,,,,,,,,-55.9151,,,,,-22.0489,,-33.76583684,,
1506,,,-28.886,,,,,,,,,,-55.3491,,,,,-22.461,,-34.71701191,,
1505,,,-29.266,,,,,,,,,,-53.8821,,,,,-21.7693,,-34.19921842,,
1504,,,-30.95,,,,,,,,,,-52.0653,,,,,-22.173,,-33.92383334,,
1503,,,-27.73,,,,,,,,,,-50.524,,,,,-22.2802,,-33.23645527,,
1502,,,-29.047,,,,,,,,,,-50.7243,,,,,-21.9671,,-34.42892619,,
1501,,,-27.691,,,,,,,,,,-52.4208,,,,,-21.5936,,-34.99867632,,
1500,,,-30.534,,,,,,,,,,-54.4066,,,,,-22.2029,,-34.15175,,
1499,,,-31.622,,,,,,,,,,-55.28,,,,,-22.9996,,-33.69059737,,
1498,,,-29.71,,,,,,,,,,-55.1273,,,,,-22.573,,-34.05098334,,
1497,,,-29.829,,,,,,,,,,-55.0411,,,,,-22.7466,,-32.88956316,,
1496,,,-28.876,,,,,,,,,,-55.5241,,,,,-22.2435,,-33.25754048,,
1495,,,-29.165,,,,,,,,,,-56.1017,,,,,-20.7629,,-33.73316316,,
1494,,,-27.669,,,,,,,,,,-55.7944,,,,,-22.1843,,-33.38858095,,
1493,,,-29.282,,,,,,,,,,-53.8406,,,,,-23.0291,,-34.09002106,,
1492,,,-30.272,,,,,,,,,,-53.9728,,,,,-22.2797,,-33.10316905,,
1491,,,-29.4,,,,,,,,,,-54.4525,,,,,-22.4968,,-32.6449579,,
1490,,,-30.052,,,,,,,,,,-54.0917,,,,,-20.9778,,-32.54031905,,
1489,,,-28.835,,,,,,,,,,-52.8238,,,,,-21.799,,-33.19097895,,
1488,,,-27.217,,,,,,,,,,-52.6663,,,,,-22.5825,,-32.90343572,,
1487,,,-29.384,,,,,,,,,,-52.8063,,,,,-22.6721,,-33.25106579,,
1486,,,-29.756,,,,,,,,,,-52.9171,,,,,-22.0441,,-33.62781667,,
1485,,,-28.732,,,,,,,,,,-52.8582,,,,,-21.3239,,-33.41781579,,
1484,,,-29.352,,,,,,,,,,-52.9277,,,,,-22.0578,,-33.99319762,,
1483,,,-31.138,,,,,,,,,,-53.7221,,,,,-21.5614,,-34.52248684,,
1482,,,-29.313,,,,,,,,,,-55.1984,,,,,-22.3525,,-33.4421381,,
1481,,,-29.376,,,,,,,,,,-56.7142,,,,,-22.7114,,-34.68203158,,
1480,,,-29.4765,,,,,,,,,,-57.8422,,,,,-23.8087,,-33.10248572,,
1479,,,-29.577,,,,,,,,,,-57.7661,,,,,-22.8633,,-34.39063158,,
1478,,,-29.334,,,,,,,,,,-57.0887,,,,,-21.986,,-33.63805238,,
1477,,,-28.894,,,,,,,,,,-56.357,,,,,-21.1082,,-33.80340263,,
1476,,,-29.243,,,,,,,,,,-56.1143,,,,,-21.355,,-35.22332143,,
1475,,,-30.042,,,,,,,,,,-55.8113,,,,,-21.8631,,-34.40924211,,
1474,,,-29.561,,,,,,,,,,-55.5418,,,,,-21.2578,,-33.92191905,,
1473,,,-29.034,,,,,,,,,,-55.151,,,,,-21.7997,,-34.82914211,,
1472,,,-26.663,,,,,,,,,,-54.4287,,,,,-22.0653,,-34.04915476,,
1471,,,-32.705,,,,,,,,,,-53.4885,,,,,-22.0839,,-34.30847632,,
1470,,,-28.354,,,,,,,,,,-52.0925,,,,,-21.3766,,-34.16001191,,
1469,,,-29.371,,,,,,,,,,-51.4813,,,,,-20.4548,,-34.05777894,,
1468,,,-31.081,,,,,,,,,,-50.9025,,,,,-23.5242,,-33.95171428,,
1467,,,-28.479,,,,,,,,,,-50.191,,,,,-21.5942,,-34.1787579,,
1466,,,-29.226,,,,,,,,,,-50.3062,,,,,-21.849,,-34.54267381,,
1465,,,-30.914,,,,,,,,,,-51.7005,,,,,-21.356,,-33.66733421,,
1464,,,-28.049,,,,,,,,,,-53.0457,,,,,-21.742,,-33.53008334,,
1463,,,-30.685,,,,,,,,,,-54.288,,,,,-22.4065,,-33.41935,,
1462,,,-28.057,,,,,,,,,,-55.0408,,,,,-22.9291,,-34.10712619,,
1461,,,-27.839,,,,,,,,,,-55.1339,,,,,-22.0999,,-33.63482894,,
1460,,,-29.677,,,,,,,,,,-55.2669,,,,,-22.3219,,-33.55145238,,
1459,,,-31.059,,,,,,,,,,-55.754,,,,,-23.1667,,-35.22257369,,
1458,,,-29.928,,,,,,,,,,-56.6881,,,,,-20.8049,,-35.60699048,,
1457,,,-28.734,,,,,,,,,,-57.6854,,,,,-21.5564,,-35.54377632,,
1456,,,-28.697,,,,,,,,,,-57.8708,,,,,-22.0377,,-35.95880238,,
1455,,,-29.851,,,,,,,,,,-57.4363,,,,,-22.4571,,-34.27317369,,
1454,,,-31.25,,,,,,,,,,-57.3323,,,,,-22.3473,,-34.24643572,,
1453,,,-31.212,,,,,,,,,,-56.6315,,,,,-21.4024,,-34.57441316,,
1452,,,-28.853,,,,,,,,,,-55.6954,,,,,-22.5765,,-34.51860238,,
1451,,,-31.615,,,,,,,,,,-54.8275,,,,,-22.5728,,-34.38462895,,
1450,,,-30.908,,,,,,,,,,-53.6824,,,,,-22.0031,,-34.16142381,,
1449,,,-30.966,,,,,,,,,,-52.918,,,,,-21.4563,,-33.40262895,,
1448,,,-29.807,,,,,,,,,,-53.6165,,,,,-22.5572,,-33.73377857,,
1447,,,-28.432,,,,,,,,,,-54.12,,,,,-21.9949,,-33.69807106,,
1446,,,-30.105,,,,,,,,,,-55.5593,,,,,-22.7871,,-33.60011905,,
1445,,,-27.268,,,,,,,,,,-54.5189,,,,,-22.9183,,-33.56927894,,
1444,,,-28.099,,,,,,,,,,-54.2907,,,,,-22.0192,,-33.60109286,,
1443,,,-29.788,,,,,,,,,,-54.3416,,,,,-22.8499,,-33.31100263,,
1442,,,-31.35,,,,,,,,,,-54.2327,,,,,-22.9992,,-34.03846191,,
1441,,,-31.258,,,,,,,,,,-54.0249,,,,,-21.4491,,-34.32363684,,
1440,,,-27.19,,,,,,,,,,-53.5922,,,,,-22.1827,,-34.67634286,,
1439,,,-29.886,,,,,,,,,,-53.0816,,,,,-22.172,,-33.74956842,,
1438,,,-28.5,,,,,,,,,,-52.9055,,,,,-20.7534,,-33.43110476,,
1437,,,-28.139,,,,,,,,,,-53.1201,,,,,-22.1589,,-32.66961053,,
1436,,,-28.1925,,,,,,,,,,-53.1228,,,,,-22.9151,,-33.82806905,,
1435,,,-28.246,,,,,,,,,,-53.694,,,,,-21.4714,,-34.92774211,,
1434,,,-30.733,,,,,,,,,,-54.9447,,,,,-22.7421,,-34.15330476,,
1433,,,-30.967,,,,,,,,,,-56.3396,,,,,-22.0812,,-32.22412106,,
1432,,,-29.911,,,,,,,,,,-57.0749,,,,,-21.0367,,-33.15670476,,
1431,,,-31.223,,,,,,,,,,-57.2695,,,,,-22.1756,,-33.53956842,,
1430,,,-30.412,,,,,,,,,,-56.8431,,,,,-21.3642,,-33.46344524,,
1429,,,-29.145,,,,,,,,,,-56.5849,,,,,-22.2504,,-33.03632894,,
1428,,,-29.143,,,,,,,,,,-56.0094,,,,,-22.1862,,-33.56416905,,
1427,,,-28.578,,,,,,,,,,-54.6876,,,,,-21.5881,,-33.46706842,,
1426,,,-29.334,,,,,,,,,,-53.3806,,,,,-21.799,,-34.31200953,,
1425,,,-28.453,,,,,,,,,,-53.1133,,,,,-22.5094,,-34.04341316,,
1424,,,-28.455,,,,,,,,,,-53.2729,,,,,-21.5856,,-34.37516191,,
1423,,,-31.069,,,,,,,,,,-54.4634,,,,,-21.8848,,-33.56366053,,
1422,,,-28.967,,,,,,,,,,-56.0862,,,,,-22.7729,,-34.01569524,,
1421,,,-28.988,,,,,,,,,,-56.7642,,,,,-23.1281,,-33.49483948,,
1420,,,-30.082,,,,,,,,,,-56.0474,,,,,-23.4039,,-33.113,,
1419,,,-30.381,,,,,,,,,,-54.8634,,,,,-21.615,,-34.66384474,,
1418,,,-31.738,,,,,,,,,,-54.6186,,,,,-22.1842,,-34.37469762,,
1417,,,-30.467,,,,,,,,,,-53.6573,,,,,-21.5033,,-34.16283158,,
1416,,,,,,,,,,,,,-55.1043,,,,,-22.1632,,-33.67943572,,
1415,,,,,,,,,,,,,-56.6716,,,,,-21.5156,,-35.08408158,,
1414,,,,,,,,,,,,,-57.3435,,,,,-21.7265,,-34.4221119,,
1413,,,,,,,,,,,,,-57.3082,,,,,-20.5881,,-33.59037895,,
1412,,,,,,,,,,,,,-56.9204,,,,,-21.7951,,-33.22335476,,
1411,,,,,,,,,,,,,-56.2622,,,,,-22.1886,,-33.57394474,,
1410,,,,,,,,,,,,,-55.2227,,,,,-22.5386,,-33.33798334,,
1409,,,,,,,,,,,,,-54.8073,,,,,-21.0606,,-34.49505263,,
1408,,,,,,,,,,,,,-54.9401,,,,,-22.2266,,-32.84389524,,
1407,,,,,,,,,,,,,-55.0806,,,,,-22.2813,,-32.00535,,
1406,,,,,,,,,,,,,-55.6015,,,,,-22.0213,,-32.41845476,,
1405,,,,,,,,,,,,,-55.8376,,,,,-20.596,,-32.85647895,,
1404,,,,,,,,,,,,,-54.7039,,,,,-22.2984,,-31.9299,,
1403,,,,,,,,,,,,,-53.4272,,,,,-21.9377,,-33.45668948,,
1402,,,,,,,,,,,,,-53.477,,,,,-21.8298,,-32.95202619,,
1401,,,,,,,,,,,,,-54.4088,,,,,-21.061,,-33.43987895,,
1400,,,,,,,,,,,,,-56.4754,,,,,-22.4745,,-34.34109524,,
1399,,,,,,,,,,,,,-57.4865,,,,,-21.3522,,-34.42048684,,
1398,,,,,,,,,,,,,-57.7383,,,,,-21.4757,,-34.39855,,
1397,,,,,,,,,,,,,-57.228,,,,,-21.0399,,-33.47450263,,
1396,,,,,,,,,,,,,-56.3872,,,,,-21.8664,,-34.61424524,,
1395,,,,,,,,,,,,,-55.9555,,,,,-22.2191,,-34.68162632,,
1394,,,,,,,,,,,,,-55.717,,,,,-21.4347,,-33.59480953,,
1393,,,,,,,,,,,,,-55.7151,,,,,-23.0331,,-33.32867106,,
1392,,,,,,,,,,,,,-56.0974,,,,,-22.0983,,-33.78629762,,
1391,,,,,,,,,,,,,-55.9097,,,,,-21.9662,,-33.66635,,
1390,,,,,,,,,,,,,-55.0164,,,,,-22.2309,,-34.78984524,,
1389,,,,,,,,,,,,,-53.6749,,,,,-21.9348,,-34.77326053,,
1388,,,,,,,,,,,,,-52.6404,,,,,-21.5767,,-34.65274286,,
1387,,,,,,,,,,,,,-52.7872,,,,,-21.8755,,-33.63676579,,
1386,,,,,,,,,,,,,-53.3825,,,,,-21.4878,,-34.42159762,,
1385,,,,,,,,,,,,,-53.0826,,,,,-22.0243,,-34.58525,,
1384,,,,,,,,,,,,,-52.1859,,,,,-22.0687,,-34.00222857,,
1383,,,,,,,,,,,,,-52.477,,,,,-21.4429,,-34.82654474,,
1382,,,,,,,,,,,,,-53.5971,,,,,-21.1133,,-34.41536905,,
1381,,,,,,,,,,,,,-54.0508,,,,,-23.2696,,-34.13005,,
1380,,,,,,,,,,,,,-53.6633,,,,,-21.4813,,-34.31696429,,
1379,,,,,,,,,,,,,-53.9383,,,,,-22.18,,-34.3643579,,
1378,,,,,,,,,,,,,-54.0801,,,,,-21.5716,,-33.59597381,,
1377,,,,,,,,,,,,,-54.2338,,,,,-23.1879,,-34.64675789,,
1376,,,,,,,,,,,,,-54.7305,,,,,-21.7862,,-34.1685881,,
1375,,,,,,,,,,,,,-55.0374,,,,,-22.5587,,-34.06369211,,
1374,,,,,,,,,,,,,-54.6643,,,,,-20.6339,,-34.10850476,,
1373,,,,,,,,,,,,,-54.3697,,,,,-22.2251,,-33.13214737,,
1372,,,,,,,,,,,,,-54.0425,,,,,-21.8709,,-33.07840715,,
1371,,,,,,,,,,,,,-53.8593,,,,,-23.4441,,-34.46746316,,
1370,,,,,,,,,,,,,-53.6398,,,,,-21.7805,,-33.44595953,,
1369,,,,,,,,,,,,,-52.9152,,,,,-20.764,,-34.49522632,,
1368,,,,,,,,,,,,,-52.9771,,,,,-21.8343,,-34.21181667,,
1367,,,,,,,,,,,,,-53.0826,,,,,-23.0421,,-33.72309737,,
1366,,,,,,,,,,,,,-53.0849,,,,,-21.4818,,-33.00291191,,
1365,,,,,,,,,,,,,-53.0368,,,,,-22.2796,,-33.45556316,,
1364,,,,,,,,,,,,,-53.5085,,,,,-22.4863,,-33.56824285,,
1363,,,,,,,,,,,,,-53.722,,,,,-22.7226,,-33.67463948,,
1362,,,,,,,,,,,,,-53.3534,,,,,-22.2746,,-32.97728095,,
1361,,,,,,,,,,,,,-53.587,,,,,-22.4189,,-33.57391579,,
1360,,,,,,,,,,,,,-53.808,,,,,-22.2333,,-35.27039048,,
1359,,,,,,,,,,,,,-53.5178,,,,,-21.4996,,-33.77373421,,
1358,,,,,,,,,,,,,-52.7935,,,,,-22.1038,,-33.74590238,,
1357,,,,,,,,,,,,,-52.3992,,,,,-21.4927,,-34.38211316,,
1356,,,,,,,,,,,,,-53.1138,,,,,-21.6353,,-34.30313095,,
1355,,,,,,,,,,,,,-54.1608,,,,,-22.4652,,-34.62812895,,
1354,,,,,,,,,,,,,-54.7805,,,,,-21.7313,,-33.66636191,,
1353,,,,,,,,,,,,,-55.0246,,,,,-21.641,,-32.84287894,,
1352,,,,,,,,,,,,,-55.6613,,,,,-22.4245,,-33.36425476,,
1351,,,,,,,,,,,,,-56.2065,,,,,-22.0626,,-33.35531316,,
1350,,,,,,,,,,,,,-56.2203,,,,,-21.8055,,-33.56897857,,
1349,,,,,,,,,,,,,-55.0785,,,,,-20.5903,,-33.12993684,,
1348,,,,,,,,,,,,,-53.7693,,,,,-20.0148,,-34.55515,,
1347,,,,,,,,,,,,,-53.8418,,,,,-22.28,,-33.83364211,,
1346,,,,,,,,,,,,,-54.0545,,,,,-21.5456,,-34.27989286,,
1345,,,,,,,,,,,,,-54.2474,,,,,-23.7136,,-34.78393158,,
1344,,,,,,,,,,,,,-53.3745,,,,,-22.2252,,-34.2698881,,
1343,,,,,,,,,,,,,-52.3976,,,,,-22.0283,,-33.04068421,,
1342,,,,,,,,,,,,,-52.61,,,,,-20.8699,,-34.38734762,,
1341,,,,,,,,,,,,,-53.8865,,,,,-21.8199,,-33.54174474,,
1340,,,,,,,,,,,,,-54.8293,,,,,-21.316,,-33.69206191,,
1339,,,,,,,,,,,,,-54.9678,,,,,-21.4986,,-33.40585263,,
1338,,,,,,,,,,,,,-55.107,,,,,-21.835,,-34.31572381,,
1337,,,,,,,,,,,,,-56.3087,,,,,-21.5322,,-34.53263421,,
1336,,,,,,,,,,,,,-56.9062,,,,,-22.4737,,-33.07135953,,
1335,,,,,,,,,,,,,-57.0995,,,,,-22.1197,,-34.68503158,,
1334,,,,,,,,,,,,,-57.3119,,,,,-23.1951,,-33.39925476,,
1333,,,,,,,,,,,,,-57.516,,,,,-21.7261,,-33.17745,,
1332,,,,,,,,,,,,,-57.3812,,,,,-22.6814,,-34.49501429,,
1331,,,,,,,,,,,,,-57.1733,,,,,-20.9742,,-32.50105,,
1330,,,,,,,,,,,,,-57.1286,,,,,-21.4034,,-33.21964286,,
1329,,,,,,,,,,,,,-56.9313,,,,,-21.7264,,-34.77985263,,
1328,,,,,,,,,,,,,-56.4069,,,,,-22.1817,,-35.2369881,,
1327,,,,,,,,,,,,,-55.3261,,,,,-21.1015,,-33.72066316,,
1326,,,,,,,,,,,,,-54.8927,,,,,-22.6381,,-33.60825476,,
1325,,,,,,,,,,,,,-55.6697,,,,,-22.0563,,-34.43458684,,
1324,,,,,,,,,,,,,-56.2407,,,,,-20.8832,,-33.91374524,,
1323,,,,,,,,,,,,,-56.3689,,,,,-21.5786,,-34.93362895,,
1322,,,,,,,,,,,,,-56.398,,,,,-22.6055,,-34.4705,,
1321,,,,,,,,,,,,,-56.286,,,,,-21.1426,,-33.53117369,,
1320,,,,,,,,,,,,,-55.8574,,,,,-22.5161,,-34.41207381,,
1319,,,,,,,,,,,,,-54.8491,,,,,-22.3414,,-33.8554,,
1318,,,,,,,,,,,,,-52.9933,,,,,-21.1257,,-34.0102881,,
1317,,,,,,,,,,,,,-51.5474,,,,,-21.7311,,-34.22137106,,
1316,,,,,,,,,,,,,-52.0096,,,,,-21.9772,,-33.4420881,,
1315,,,,,,,,,,,,,-53.5215,,,,,-22.6233,,-33.68871579,,
1314,,,,,,,,,,,,,-54.5362,,,,,-22.5592,,-33.06087143,,
1313,,,,,,,,,,,,,-54.6084,,,,,-22.1513,,-33.55986053,,
1312,,,,,,,,,,,,,-55.0165,,,,,-22.0328,,-33.18728572,,
1311,,,,,,,,,,,,,-55.0763,,,,,-21.455,,-32.96968421,,
1310,,,,,,,,,,,,,-54.9417,,,,,-20.9307,,-33.35337381,,
1309,,,,,,,,,,,,,-55.193,,,,,-22.5325,,-33.53777632,,
1308,,,,,,,,,,,,,-56.0447,,,,,-22.526,,-33.43943572,,
1307,,,,,,,,,,,,,-56.2251,,,,,-21.4234,,-32.95815263,,
1306,,,,,,,,,,,,,-55.8862,,,,,-22.1638,,-32.62655953,,
1305,,,,,,,,,,,,,-55.5539,,,,,-20.8539,,-33.81978421,,
1304,,,,,,,,,,,,,-55.729,,,,,-21.5256,,-34.70686667,,
1303,,,,,,,,,,,,,-55.6965,,,,,-21.616,,-33.69633948,,
1302,,,,,,,,,,,,,-55.6862,,,,,-21.3214,,-33.57142619,,
1301,,,,,,,,,,,,,-55.2005,,,,,-21.7879,,-32.94879474,,
1300,,,,,,,,,,,,,-55.0061,,,,,-23.799,,-33.08289524,,
1299,,,,,,,,,,,,,-55.0934,,,,,-23.1041,,-34.44567106,,
1298,,,,,,,,,,,,,-55.1493,,,,,-21.817,,-34.30075953,,
1297,,,,,,,,,,,,,-55.3271,,,,,-21.2619,,-34.17621053,,
1296,,,,,,,,,,,,,-55.6412,,,,,-22.0978,,-33.25734762,,
1295,,,,,,,,,,,,,-55.5102,,,,,-22.7901,,-33.84655263,,
1294,,,,,,,,,,,,,-54.7098,,,,,-22.034,,-35.28713095,,
1293,,,,,,,,,,,,,-53.6117,,,,,-22.8516,,-35.30681053,,
1292,,,,,,,,,,,,,-53.141,,,,,-22.771,,-34.96436191,,
1291,,,,,,,,,,,,,-53.5395,,,,,-22.6585,,-34.76720263,,
1290,,,,,,,,,,,,,-55.2241,,,,,-22.4132,,-33.99676429,,
1289,,,,,,,,,,,,,-56.7234,,,,,-22.3115,,-34.21791579,,
1288,,,,,,,,,,,,,-57.8248,,,,,-23.0586,,-34.26138572,,
1287,,,,,,,,,,,,,-57.7449,,,,,-23.212,,-34.18510263,,
1286,,,,,,,,,,,,,-57.0082,,,,,-21.8986,,-33.2897381,,
1285,,,,,,,,,,,,,-55.2486,,,,,-22.2595,,-33.14443421,,
1284,,,,,,,,,,,,,-54.2684,,,,,-22.6665,,-34.06564286,,
1283,,,,,,,,,,,,,-54.4751,,,,,-22.6443,,-31.78738421,,
1282,,,,,,,,,,,,,-54.9574,,,,,-21.0968,,-33.11264048,,
1281,,,,,,,,,,,,,-54.883,,,,,-21.7793,,-34.09327632,,
1280,,,,,,,,,,,,,-54.396,,,,,-23.0848,,-34.60902619,,
1279,,,,,,,,,,,,,-54.0471,,,,,-21.8862,,-34.80675,,
1278,,,,,,,,,,,,,-54.3031,,,,,-22.0487,,-34.21202619,,
1277,,,,,,,,,,,,,-53.9117,,,,,-23.2688,,-34.84585,,
1276,,,,,,,,,,,,,-53.4841,,,,,-23.3009,,-33.73734762,,
1275,,,,,,,,,,,,,-53.9153,,,,,-23.6793,,-34.22240527,,
1274,,,,,,,,,,,,,-54.2176,,,,,-22.7054,,-34.07953334,,
1273,,,,,,,,,,,,,-54.2022,,,,,-21.6252,,-33.58187632,,
1272,,,,,,,,,,,,,-54.3581,,,,,-22.6827,,-34.33331429,,
1271,,,,,,,,,,,,,-54.8282,,,,,-21.486,,-33.91697106,,
1270,,,,,,,,,,,,,-55.2276,,,,,-22.6857,,-34.6457881,,
1269,,,,,,,,,,,,,-55.4547,,,,,-22.8765,,-33.9831079,,
1268,,,,,,,,,,,,,-55.14,,,,,-21.955,,-33.93241429,,
1267,,,,,,,,,,,,,-55.1985,,,,,-22.2725,,-34.35169473,,
1266,,,,,,,,,,,,,-55.1734,,,,,-23.0524,,-34.41388333,,
1265,,,,,,,,,,,,,-54.9614,,,,,-23.2516,,-34.70023158,,
1264,,,,,,,,,,,,,-54.6694,,,,,-22.9763,,-32.92792857,,
1263,,,,,,,,,,,,,-54.4142,,,,,-21.8498,,-32.72960527,,
1262,,,,,,,,,,,,,-54.4006,,,,,-21.6634,,-33.17994285,,
1261,,,,,,,,,,,,,-54.7638,,,,,-21.5108,,-34.20571579,,
1260,,,,,,,,,,,,,-55.4277,,,,,-22.6187,,-34.58585715,,
1259,,,,,,,,,,,,,-56.59,,,,,-23.5206,,-34.22187369,,
1258,,,,,,,,,,,,,-57.7313,,,,,-21.7711,,-33.96293095,,
1257,,,,,,,,,,,,,-57.1468,,,,,-22.5199,,-33.87964737,,
1256,,,,,,,,,,,,,-56.374,,,,,-21.6407,,-32.90580953,,
1255,,,,,,,,,,,,,-55.2746,,,,,-21.5341,,-34.1905579,,
1254,,,,,,,,,,,,,-53.5379,,,,,-22.3522,,-33.74186667,,
1253,,,,,,,,,,,,,-52.1655,,,,,-23.312,,-33.47363684,,
1252,,,,,,,,,,,,,-51.5837,,,,,-22.7117,,-32.36377857,,
1251,,,,,,,,,,,,,-51.6132,,,,,-21.561,,-33.67765527,,
1250,,,,,,,,,,,,,-52.5438,,,,,-21.4754,,-33.47795953,,
1249,,,,,,,,,,,,,-53.9285,,,,,-21.8417,,-33.39788684,,
1248,,,,,,,,,,,,,-55.3528,,,,,-22.1366,,-33.67587619,,
1247,,,,,,,,,,,,,-55.8825,,,,,-22.3966,,-34.39267106,,
1246,,,,,,,,,,,,,-56.0146,,,,,-21.8774,,-32.63366429,,
1245,,,,,,,,,,,,,-56.1345,,,,,-21.6251,,-34.22190527,,
1244,,,,,,,,,,,,,-56.216,,,,,-22.1082,,-33.41706667,,
1243,,,,,,,,,,,,,-55.4301,,,,,-21.7818,,-33.35047632,,
1242,,,,,,,,,,,,,-54.4592,,,,,-21.4906,,-32.78374048,,
1241,,,,,,,,,,,,,-54.2822,,,,,-22.4819,,-33.07065,,
1240,,,,,,,,,,,,,-54.8637,,,,,-21.9295,,-32.46711191,,
1239,,,,,,,,,,,,,-55.4236,,,,,-21.586,,-34.22870527,,
1238,,,,,,,,,,,,,-55.9972,,,,,-21.8047,,-33.8808,,
1237,,,,,,,,,,,,,-56.5936,,,,,-22.519,,-32.77813948,,
1236,,,,,,,,,,,,,-56.5426,,,,,-22.6815,,-33.28470238,,
1235,,,,,,,,,,,,,-55.6518,,,,,-20.431,,-33.3557,,
1234,,,,,,,,,,,,,-54.4751,,,,,-21.667,,-34.43695,,
1233,,,,,,,,,,,,,-52.4539,,,,,-21.6669,,-34.26938421,,
1232,,,,,,,,,,,,,-51.6847,,,,,-21.8974,,-34.09141191,,
1231,,,,,,,,,,,,,-52.5602,,,,,-22.4417,,-34.39205,,
1230,,,,,,,,,,,,,-54.4847,,,,,-23.628,,-34.06445238,,
1229,,,,,,,,,,,,,-56.0359,,,,,-22.6833,,-33.72052632,,
1228,,,,,,,,,,,,,-56.5348,,,,,-22.4671,,-33.41704762,,
1227,,,,,,,,,,,,,-56.0436,,,,,-22.5898,,-34.02053158,,
1226,,,,,,,,,,,,,-54.8314,,,,,-21.1296,,-33.52738334,,
1225,,,,,,,,,,,,,-54.2945,,,,,-21.8017,,-33.26631579,,
1224,,,,,,,,,,,,,-54.9321,,,,,-21.4566,,-33.39476429,,
1223,,,,,,,,,,,,,-55.3002,,,,,-22.5722,,-34.15561579,,
1222,,,,,,,,,,,,,-55.333,,,,,-23.0986,,-34.35898334,,
1221,,,,,,,,,,,,,-54.9847,,,,,-22.5842,,-34.14427895,,
1220,,,,,,,,,,,,,-54.9017,,,,,-22.0848,,-33.05065715,,
1219,,,,,,,,,,,,,-55.3108,,,,,-21.0848,,-33.07551316,,
1218,,,,,,,,,,,,,-55.5891,,,,,-21.2935,,-33.9539,,
1217,,,,,,,,,,,,,-56.2746,,,,,-22.3568,,-34.29287369,,
1216,,,,,,,,,,,,,-55.8769,,,,,-21.6425,,-33.51098572,,
1215,,,,,,,,,,,,,-54.9084,,,,,-20.8447,,-33.47513684,,
1214,,,,,,,,,,,,,-53.5263,,,,,-22.1809,,-33.18678334,,
1213,,,,,,,,,,,,,-52.415,,,,,-23.0467,,-33.45308948,,
1212,,,,,,,,,,,,,-52.5226,,,,,-21.8167,,-32.92893334,,
1211,,,,,,,,,,,,,-53.2103,,,,,-23.1956,,-33.37879737,,
1210,,,,,,,,,,,,,-53.6506,,,,,-21.3686,,-33.41711191,,
1209,,,,,,,,,,,,,-54.1778,,,,,-22.0293,,-32.45954737,,
1208,,,,,,,,,,,,,-54.2681,,,,,-22.1908,,-33.59247143,,
1207,,,,,,,,,,,,,-53.6874,,,,,-23.1636,,-33.82131316,,
1206,,,,,,,,,,,,,-53.5352,,,,,-22.1411,,-33.80500476,,
1205,,,,,,,,,,,,,-53.9556,,,,,-23.4162,,-32.93551316,,
1204,,,,,,,,,,,,,-54.1894,,,,,-20.8744,,-32.16985,,
1203,,,,,,,,,,,,,-54.1648,,,,,-21.4895,,-33.16558684,,
1202,,,,,,,,,,,,,-54.4578,,,,,-20.8594,,-32.99929286,,
1201,,,,,,,,,,,,,-54.4926,,,,,-22.0708,,-33.01582369,,
1200,,,,,,,,,,,,,-54.434,,,,,-21.8681,,-33.81538572,,
1199,,,,,,,,,,,,,-54.032,,,,,-23.4335,,-33.73026316,,
1198,,,,,,,,,,,,,-53.454,,,,,-22.4089,,-33.34000238,,
1197,,,,,,,,,,,,,-53.1319,,,,,-21.2009,,-32.72525263,,
1196,,,,,,,,,,,,,-53.4835,,,,,-21.8608,,-33.35735714,,
1195,,,,,,,,,,,,,-53.8427,,,,,-22.0032,,-34.26094211,,
1194,,,,,,,,,,,,,-54.2262,,,,,-23.7709,,-33.91822857,,
1193,,,,,,,,,,,,,-54.991,,,,,-23.3656,,-34.19146579,,
1192,,,,,,,,,,,,,-55.7359,,,,,-21.8463,,-34.18656191,,
1191,,,,,,,,,,,,,-56.1942,,,,,-22.2808,,-33.46702632,,
1190,,,,,,,,,,,,,-56.6429,,,,,-22.4655,,-32.46989048,,
1189,,,,,,,,,,,,,-56.7156,,,,,-22.2205,,-34.11432632,,
1188,,,,,,,,,,,,,-55.9149,,,,,-22.3028,,-34.22505715,,
1187,,,,,,,,,,,,,-54.9433,,,,,-22.5566,,-32.93282895,,
1186,,,,,,,,,,,,,-54.2509,,,,,-21.1734,,-33.50002857,,
1185,,,,,,,,,,,,,-53.5508,,,,,-21.0359,,-33.83591842,,
1184,,,,,,,,,,,,,-52.3979,,,,,-22.5176,,-33.10683334,,
1183,,,,,,,,,,,,,-52.5944,,,,,-22.2337,,-35.0027,,
1182,,,,,,,,,,,,,-53.0396,,,,,-21.9781,,-34.18338334,,
1181,,,,,,,,,,,,,-53.8745,,,,,-22.225,,-34.13039474,,
1180,,,,,,,,,,,,,-54.3542,,,,,-22.0928,,-33.19481429,,
1179,,,,,,,,,,,,,-54.1047,,,,,-21.8987,,-32.97992632,,
1178,,,,,,,,,,,,,-53.5874,,,,,-23.013,,-33.97569048,,
1177,,,,,,,,,,,,,-53.0869,,,,,-21.7888,,-32.85448684,,
1176,,,,,,,,,,,,,-52.089,,,,,-21.407,,-33.55870476,,
1175,,,,,,,,,,,,,-50.557,,,,,-21.6425,,-33.91514737,,
1174,,,,,,,,,,,,,-50.2785,,,,,-21.804,,-34.11350715,,
1173,,,,,,,,,,,,,-51.5339,,,,,-21.4168,,-34.18453421,,
1172,,,,,,,,,,,,,-52.8805,,,,,-22.5246,,-34.75605476,,
1171,,,,,,,,,,,,,-54.0423,,,,,-22.4948,,-34.28921579,,
1170,,,,,,,,,,,,,-54.0894,,,,,-23.1402,,-33.64071667,,
1169,,,,,,,,,,,,,-54.1268,,,,,-22.159,,-33.42551316,,
1168,,,,,,,,,,,,,-53.3007,,,,,-22.6336,,-33.63781191,,
1167,,,,,,,,,,,,,-53.7888,,,,,-22.9858,,-34.91679737,,
1166,,,,,,,,,,,,,-54.9506,,,,,-23.1385,,-35.77072381,,
1165,,,,,,,,,,,,,-55.2584,,,,,-21.854,,-34.26906316,,
1164,,,,,,,,,,,,,-54.8513,,,,,-22.3845,,-34.18477143,,
1163,,,,,,,,,,,,,-53.8177,,,,,-23.2979,,-33.9580079,,
1162,,,,,,,,,,,,,-53.056,,,,,-21.6074,,-34.2579,,
1161,,,,,,,,,,,,,-52.3901,,,,,-21.7511,,-33.73966842,,
1160,,,,,,,,,,,,,-52.6128,,,,,-21.6602,,-33.87060714,,
1159,,,,,,,,,,,,,-53.7,,,,,-22.5488,,-34.21286579,,
1158,,,,,,,,,,,,,-54.7267,,,,,-21.7934,,-34.12875953,,
1157,,,,,,,,,,,,,-54.859,,,,,-23.2319,,-34.29160527,,
1156,,,,,,,,,,,,,-54.8113,,,,,-22.3316,,-33.86295953,,
1155,,,,,,,,,,,,,-54.4032,,,,,-22.2601,,-33.24872369,,
1154,,,,,,,,,,,,,-53.9496,,,,,-21.5274,,-32.69675953,,
1153,,,,,,,,,,,,,-53.6285,,,,,-21.11,,-32.49962632,,
1152,,,,,,,,,,,,,-53.8834,,,,,-22.82,,-33.53220238,,
1151,,,,,,,,,,,,,-53.45,,,,,-22.1969,,-35.0660079,,
1150,,,,,,,,,,,,,-52.2938,,,,,-22.0156,,-35.25289048,,
1149,,,,,,,,,,,,,-50.9887,,,,,-21.9315,,-34.94569211,,
1148,,,,,,,,,,,,,-50.376,,,,,-22.4134,,-34.51375238,,
1147,,,,,,,,,,,,,-50.4971,,,,,-22.38,,-33.65548948,,
1146,,,,,,,,,,,,,-50.8408,,,,,-22.5393,,-34.25569048,,
1145,,,,,,,,,,,,,-51.2509,,,,,-21.8969,,-34.52842369,,
1144,,,,,,,,,,,,,-51.8525,,,,,-21.4924,,-34.19866429,,
1143,,,,,,,,,,,,,-52.3614,,,,,-20.8051,,-34.95280526,,
1142,,,,,,,,,,,,,-53.0167,,,,,-22.1427,,-34.48443334,,
1141,,,,,,,,,,,,,-53.0721,,,,,-21.8422,,-32.85009474,,
1140,,,,,,,,,,,,,-52.9035,,,,,-21.7185,,-33.70240953,,
1139,,,,,,,,,,,,,-52.2616,,,,,-21.4642,,-32.94654737,,
1138,,,,,,,,,,,,,-51.1588,,,,,-21.1594,,-33.50716429,,
1137,,,,,,,,,,,,,-49.6541,,,,,-22.1947,,-33.34320263,,
1136,,,,,,,,,,,,,-47.8698,,,,,-23.2557,,-34.45269524,,
1135,,,,,,,,,,,,,-47.7374,,,,,-22.7782,,-36.62297895,,
1134,,,,,,,,,,,,,-49.0894,,,,,-22.3234,,-35.53102619,,
1133,,,,,,,,,,,,,-50.827,,,,,-21.8172,,-34.40192632,,
1132,,,,,,,,,,,,,-52.9915,,,,,-22.5099,,-34.07063334,,
1131,,,,,,,,,,,,,-54.2791,,,,,-21.3185,,-32.76403684,,
1130,,,,,,,,,,,,,-54.3352,,,,,-21.9645,,-32.89161905,,
1129,,,,,,,,,,,,,-54.1951,,,,,-22.4353,,-33.46668421,,
1128,,,,,,,,,,,,,-53.886,,,,,-20.6762,,-34.04372857,,
1127,,,,,,,,,,,,,-54.1187,,,,,-23.0945,,-34.29283684,,
1126,,,,,,,,,,,,,-54.1326,,,,,-22.5189,,-33.95671667,,
1125,,,,,,,,,,,,,-53.9744,,,,,-22.2962,,-33.07758421,,
1124,,,,,,,,,,,,,-53.1827,,,,,-21.3858,,-33.95303334,,
1123,,,,,,,,,,,,,-52.0752,,,,,-22.2188,,-33.26519211,,
1122,,,,,,,,,,,,,-51.3538,,,,,-22.5312,,-32.51427381,,
1121,,,,,,,,,,,,,-50.6618,,,,,-24.5127,,-33.90652106,,
1120,,,,,,,,,,,,,-50.9742,,,,,-22.7184,,-35.12815,,
1119,,,,,,,,,,,,,-51.8864,,,,,-22.3113,,-34.40316053,,
1118,,,,,,,,,,,,,-52.7775,,,,,-21.6653,,-32.57160953,,
1117,,,,,,,,,,,,,-53.9247,,,,,-22.1595,,-33.21454211,,
1116,,,,,,,,,,,,,-55.0361,,,,,-21.9404,,-33.62910476,,
1115,,,,,,,,,,,,,-55.7256,,,,,-22.8088,,-33.98713421,,
1114,,,,,,,,,,,,,-56.1749,,,,,-21.3113,,-33.71054762,,
1113,,,,,,,,,,,,,-56.4271,,,,,-22.1911,,-32.79994211,,
1112,,,,,,,,,,,,,-56.5489,,,,,-23.0788,,-33.55910715,,
1111,,,,,,,,,,,,,-56.551,,,,,-21.436,,-33.74870527,,
1110,,,,,,,,,,,,,-55.9181,,,,,-22.6494,,-33.12831429,,
1109,,,,,,,,,,,,,-54.8459,,,,,-22.5471,,-32.70633948,,
1108,,,,,,,,,,,,,-53.7002,,,,,-23.3393,,-32.72309286,,
1107,,,,,,,,,,,,,-53.0061,,,,,-22.1365,,-33.51088158,,
1106,,,,,,,,,,,,,-53.324,,,,,-22.2185,,-33.25209524,,
1105,,,,,,,,,,,,,-53.899,,,,,-21.4576,,-33.83055527,,
1104,,,,,,,,,,,,,-54.4046,,,,,-22.2924,,-34.50287143,,
1103,,,,,,,,,,,,,-54.806,,,,,-24.711,,-32.22602369,,
1102,,,,,,,,,,,,,-54.8483,,,,,-22.932,,-33.61011429,,
1101,,,,,,,,,,,,,-54.3269,,,,,-22.1613,,-33.02004474,,
1100,,,,,,,,,,,,,-53.9265,,,,,-22.1915,,-33.67244762,,
1099,,,,,,,,,,,,,-53.9027,,,,,-22.9685,,-33.96360527,,
1098,,,,,,,,,,,,,-54.6306,,,,,-21.3938,,-32.73791429,,
1097,,,,,,,,,,,,,-54.6651,,,,,-22.491,,-33.53529737,,
1096,,,,,,,,,,,,,-54.1516,,,,,-21.4258,,-34.24340476,,
1095,,,,,,,,,,,,,-54.0075,,,,,-22.208,,-35.51577895,,
1094,,,,,,,,,,,,,-54.5751,,,,,-21.0111,,-35.04748572,,
1093,,,,,,,,,,,,,-55.652,,,,,-20.8215,,-34.07869474,,
1092,,,,,,,,,,,,,-56.6736,,,,,-21.7609,,-35.19645238,,
1091,,,,,,,,,,,,,-57.2355,,,,,-22.0319,,-34.76351053,,
1090,,,,,,,,,,,,,-57.468,,,,,-22.0972,,-34.30667381,,
1089,,,,,,,,,,,,,-57.4211,,,,,-21.4587,,-32.26768948,,
1088,,,,,,,,,,,,,-57.235,,,,,-22.3781,,-32.7931,,
1087,,,,,,,,,,,,,-56.7481,,,,,-22.422,,-34.10195263,,
1086,,,,,,,,,,,,,-56.697,,,,,-21.7035,,-33.70252381,,
1085,,,,,,,,,,,,,-57.287,,,,,-21.2287,,-33.4747579,,
1084,,,,,,,,,,,,,-57.6827,,,,,-21.4866,,-33.55033572,,
1083,,,,,,,,,,,,,-57.845,,,,,-20.9161,,-33.68500263,,
1082,,,,,,,,,,,,,-57.1421,,,,,-21.7941,,-33.13344286,,
1081,,,,,,,,,,,,,-57.0113,,,,,-23.3389,,-33.19456842,,
1080,,,,,,,,,,,,,-56.962,,,,,-22.6241,,-33.18171905,,
1079,,,,,,,,,,,,,-56.6248,,,,,-22.5014,,-34.89922369,,
1078,,,,,,,,,,,,,-55.5824,,,,,-20.5696,,-33.62176429,,
1077,,,,,,,,,,,,,-54.5063,,,,,-21.9653,,-31.61236053,,
1076,,,,,,,,,,,,,-53.9988,,,,,-22.7425,,-32.28794286,,
1075,,,,,,,,,,,,,-53.8716,,,,,-21.6326,,-33.7403579,,
1074,,,,,,,,,,,,,-53.5604,,,,,-22.154,,-33.96034047,,
1073,,,,,,,,,,,,,-52.6486,,,,,-21.0078,,-33.19377895,,
1072,,,,,,,,,,,,,-51.7195,,,,,-22.4369,,-33.59982143,,
1071,,,,,,,,,,,,,-51.5646,,,,,-22.2657,,-34.13188421,,
1070,,,,,,,,,,,,,-51.841,,,,,-21.3122,,-34.01380476,,
1069,,,,,,,,,,,,,-51.9346,,,,,-22.5719,,-32.93719474,,
1068,,,,,,,,,,,,,-52.3122,,,,,-22.88,,-33.04126429,,
1067,,,,,,,,,,,,,-53.2584,,,,,-22.4345,,-32.64818684,,
1066,,,,,,,,,,,,,-54.9364,,,,,-22.2406,,-33.15307143,,
1065,,,,,,,,,,,,,-56.142,,,,,-22.2557,,-34.09923158,,
1064,,,,,,,,,,,,,-56.4498,,,,,-22.2168,,-32.05898572,,
1063,,,,,,,,,,,,,-57.0321,,,,,-22.9579,,-33.2647579,,
1062,,,,,,,,,,,,,-57.1479,,,,,-21.6372,,-33.8549119,,
1061,,,,,,,,,,,,,-57.176,,,,,-21.86,,-31.26748684,,
1060,,,,,,,,,,,,,-57.2042,,,,,-21.4534,,-33.31661905,,
1059,,,,,,,,,,,,,-57.2324,,,,,-22.6721,,-33.55793158,,
1058,,,,,,,,,,,,,-57.2606,,,,,-21.8241,,-34.59086428,,
1057,,,,,,,,,,,,,-56.6804,,,,,-21.9052,,-34.77708684,,
1056,,,,,,,,,,,,,-55.7395,,,,,-20.8695,,-33.90062857,,
1055,,,,,,,,,,,,,-54.9702,,,,,-21.6671,,-33.78221053,,
1054,,,,,,,,,,,,,-54.6095,,,,,-21.4739,,-33.77022619,,
1053,,,,,,,,,,,,,-54.3346,,,,,-21.9049,,-32.80978158,,
1052,,,,,,,,,,,,,-54.2358,,,,,-21.159,,-32.58142381,,
1051,,,,,,,,,,,,,-54.8358,,,,,-21.8771,,-33.40204737,,
1050,,,,,,,,,,,,,-55.8059,,,,,-22.0157,,-33.22101428,,
1049,,,,,,,,,,,,,-56.6182,,,,,-22.3104,,-34.86719474,,
1048,,,,,,,,,,,,,-56.908,,,,,-21.9213,,-34.54367857,,
1047,,,,,,,,,,,,,-56.7375,,,,,-20.3614,,-34.30387106,,
1046,,,,,,,,,,,,,-56.8711,,,,,-20.7904,,-33.68423095,,
1045,,,,,,,,,,,,,-56.9588,,,,,-21.5817,,-33.42478948,,
1044,,,,,,,,,,,,,-56.2444,,,,,-21.2852,,-32.7152381,,
1043,,,,,,,,,,,,,-55.1523,,,,,-23.0045,,-33.86992632,,
1042,,,,,,,,,,,,,-53.5617,,,,,-23.3975,,-32.99810476,,
1041,,,,,,,,,,,,,-52.1603,,,,,-22.0624,,-32.18091842,,
1040,,,,,,,,,,,,,-51.7085,,,,,-21.5852,,-33.61821905,,
1039,,,,,,,,,,,,,-52.4319,,,,,-22.5965,,-33.86570527,,
1038,,,,,,,,,,,,,-53.721,,,,,-21.9562,,-32.61831429,,
1037,,,,,,,,,,,,,-54.6634,,,,,-22.1433,,-31.83747106,,
1036,,,,,,,,,,,,,-54.7927,,,,,-21.8701,,-31.82942381,,
1035,,,,,,,,,,,,,-54.676,,,,,-22.8654,,-32.25852632,,
1034,,,,,,,,,,,,,-54.7546,,,,,-21.2526,,-32.58244524,,
1033,,,,,,,,,,,,,-55.4433,,,,,-20.9393,,-33.05534474,,
1032,,,,,,,,,,,,,-56.182,,,,,-21.4126,,-32.78236429,,
1031,,,,,,,,,,,,,-56.1358,,,,,-22.222,,-33.31115,,
1030,,,,,,,,,,,,,-55.57,,,,,-21.7952,,-34.43420238,,
1029,,,,,,,,,,,,,-54.9608,,,,,-22.078,,-34.64945527,,
1028,,,,,,,,,,,,,-55.0254,,,,,-22.0826,,-33.88954524,,
1027,,,,,,,,,,,,,-55.2455,,,,,-20.902,,-33.56427632,,
1026,,,,,,,,,,,,,-55.8872,,,,,-22.0241,,-34.58568809,,
1025,,,,,,,,,,,,,-56.4535,,,,,-21.5059,,-33.22208158,,
1024,,,,,,,,,,,,,-56.3249,,,,,-21.6768,,-33.43341429,,
1023,,,,,,,,,,,,,-55.4022,,,,,-20.71,,-33.62571579,,
1022,,,,,,,,,,,,,-54.3678,,,,,-21.7361,,-33.52920715,,
1021,,,,,,,,,,,,,-53.8805,,,,,-23.2978,,-34.34954211,,
1020,,,,,,,,,,,,,-54.1083,,,,,-23.1366,,-33.57863572,,
1019,,,,,,,,,,,,,-54.221,,,,,-22.3893,,-32.01382106,,
1018,,,,,,,,,,,,,-53.5912,,,,,-21.1356,,-32.22540238,,
1017,,,,,,,,,,,,,-51.9163,,,,,-22.3985,,-33.81985,,
1016,,,,,,,,,,,,,-50.7098,,,,,-21.8467,,-33.53729762,,
1015,,,,,,,,,,,,,-50.534,,,,,-22.1393,,-33.0154,,
1014,,,,,,,,,,,,,-51.3766,,,,,-21.1816,,-32.36824048,,
1013,,,,,,,,,,,,,-52.9969,,,,,-21.2554,,-33.92044474,,
1012,,,,,,,,,,,,,-54.638,,,,,-20.7791,,-34.00640238,,
1011,,,,,,,,,,,,,-55.1322,,,,,-22.1845,,-34.06235263,,
1010,,,,,,,,,,,,,-55.0304,,,,,-22.6665,,-33.28652143,,
1009,,,,,,,,,,,,,-54.5875,,,,,-22.9591,,-32.88762106,,
1008,,,,,,,,,,,,,-54.5647,,,,,-22.6475,,-34.32557619,,
1007,,,,,,,,,,,,,-55.4415,,,,,-23.2837,,-34.25910263,,
1006,,,,,,,,,,,,,-56.0736,,,,,-22.6916,,-33.12494048,,
1005,,,,,,,,,,,,,-56.612,,,,,-21.3859,,-33.01518948,,
1004,,,,,,,,,,,,,-57.0813,,,,,-22.6651,,-34.00617143,,
1003,,,,,,,,,,,,,-57.3693,,,,,-22.386,,-33.14132106,,
1002,,,,,,,,,,,,,-57.3391,,,,,-22.3889,,-33.76762381,,
1001,,,,,,,,,,,,,-57.1252,,,,,-21.4757,,-33.96037106,,
1000,,,,,,,,,,,,,-56.5149,,,,,-21.3818,,-33.27832381,,
999,,,,,,,,,,,,,-55.1702,,,,,-22.0159,,-32.36664737,,
998,,,,,,,,,,,,,-53.9502,,,,,-20.3386,,-32.71368809,,
997,,,,,,,,,,,,,-53.2614,,,,,-22.4246,,-34.46771053,,
996,,,,,,,,,,,,,-53.2618,,,,,-21.4222,,-33.58633095,,
995,,,,,,,,,,,,,-53.7098,,,,,-21.7492,,-33.93198421,,
994,,,,,,,,,,,,,-54.0763,,,,,-21.2248,,-33.94278572,,
993,,,,,,,,,,,,,-54.2527,,,,,-21.7332,,-32.89941053,,
992,,,,,,,,,,,,,-54.2187,,,,,-22.8224,,-33.75976191,,
991,,,,,,,,,,,,,-54.4722,,,,,-21.2007,,-34.00642895,,
990,,,,,,,,,,,,,-54.4515,,,,,-21.8174,,-33.66738571,,
989,,,,,,,,,,,,,-55.0655,,,,,-21.7225,,-33.72577106,,
988,,,,,,,,,,,,,-55.817,,,,,-22.1236,,-32.43402381,,
987,,,,,,,,,,,,,-55.3272,,,,,-21.3814,,-32.5451,,
986,,,,,,,,,,,,,-54.4962,,,,,-21.6377,,-33.43261429,,
985,,,,,,,,,,,,,-53.8795,,,,,-22.3308,,-33.74086053,,
984,,,,,,,,,,,,,-53.8292,,,,,-20.5118,,-33.31335,,
983,,,,,,,,,,,,,-53.8019,,,,,-20.7796,,-33.80066053,,
982,,,,,,,,,,,,,-54.0022,,,,,-22.468,,-34.27429762,,
981,,,,,,,,,,,,,-54.3294,,,,,-23.2142,,-33.3941,,
980,,,,,,,,,,,,,-54.2464,,,,,-21.7032,,-32.83809762,,
979,,,,,,,,,,,,,-53.5553,,,,,-21.8055,,-32.95323421,,
978,,,,,,,,,,,,,-53.0588,,,,,-22.0484,,-33.87251191,,
977,,,,,,,,,,,,,-52.8069,,,,,-22.8982,,-33.84943684,,
976,,,,,,,,,,,,,-52.3886,,,,,-23.0107,,-33.3451381,,
975,,,,,,,,,,,,,-51.2799,,,,,-22.1558,,-32.34586842,,
974,,,,,,,,,,,,,-50.4886,,,,,-22.1264,,-34.63946191,,
973,,,,,,,,,,,,,-50.7011,,,,,-22.5461,,-33.95252895,,
972,,,,,,,,,,,,,-51.3679,,,,,-21.4137,,-33.81979048,,
971,,,,,,,,,,,,,-51.9762,,,,,-21.8046,,-34.46752895,,
970,,,,,,,,,,,,,-52.4543,,,,,-21.7422,,-32.94795,,
969,,,,,,,,,,,,,-52.812,,,,,-22.4996,,-32.40931579,,
968,,,,,,,,,,,,,-53.2477,,,,,-22.1808,,-32.86303571,,
967,,,,,,,,,,,,,-53.8284,,,,,-21.7849,,-33.2484,,
966,,,,,,,,,,,,,-54.2069,,,,,-23.0297,,-32.27566667,,
965,,,,,,,,,,,,,-54.2774,,,,,-24.0266,,-32.5763579,,
964,,,,,,,,,,,,,-54.5334,,,,,-22.4885,,-32.7519,,
963,,,,,,,,,,,,,-54.7805,,,,,-21.2154,,-33.43779211,,
962,,,,,,,,,,,,,-54.4941,,,,,-22.1702,,-35.01344524,,
961,,,,,,,,,,,,,-53.3191,,,,,-21.9461,,-34.31141579,,
960,,,,,,,,,,,,,-51.7053,,,,,-22.319,,-33.37369286,,
959,,,,,,,,,,,,,-50.4255,,,,,-23.5926,,-32.50293948,,
958,,,,,,,,,,,,,-50.5908,,,,,-22.4782,,-33.83532857,,
957,,,,,,,,,,,,,-51.8969,,,,,-22.5543,,-35.3555579,,
956,,,,,,,,,,,,,-54.0503,,,,,-21.7316,,-35.2892381,,
955,,,,,,,,,,,,,-55.1102,,,,,-21.7967,,-33.32054211,,
954,,,,,,,,,,,,,-55.022,,,,,-21.0368,,-34.25769286,,
953,,,,,,,,,,,,,-54.3912,,,,,-21.854,,-33.03415,,
952,,,,,,,,,,,,,-54.2166,,,,,-22.5145,,-34.24902143,,
951,,,,,,,,,,,,,-54.2926,,,,,-23.3836,,-33.28672632,,
950,,,,,,,,,,,,,-54.259,,,,,-22.3512,,-32.20582381,,
949,,,,,,,,,,,,,-54.1013,,,,,-21.3211,,-31.50682895,,
948,,,,,,,,,,,,,-53.6239,,,,,-21.5914,,-33.02496429,,
947,,,,,,,,,,,,,-52.7637,,,,,-22.3457,,-32.68635263,,
946,,,,,,,,,,,,,-52.006,,,,,-22.3528,,-31.99364286,,
945,,,,,,,,,,,,,-51.8284,,,,,-22.0272,,-33.62816316,,
944,,,,,,,,,,,,,-52.2554,,,,,-22.7887,,-33.10690953,,
943,,,,,,,,,,,,,-52.7606,,,,,-23.4593,,-32.79484211,,
942,,,,,,,,,,,,,-52.5152,,,,,-21.6784,,-34.29349762,,
941,,,,,,,,,,,,,-51.9527,,,,,-22.4732,,-35.15847106,,
940,,,,,,,,,,,,,-51.0144,,,,,-22.7867,,-33.89013334,,
939,,,,,,,,,,,,,-49.943,,,,,-22.6206,,-33.73974211,,
938,,,,,,,,,,,,,-50.0941,,,,,-21.5453,,-33.52546905,,
937,,,,,,,,,,,,,-51.2163,,,,,-21.4779,,-32.69538421,,
936,,,,,,,,,,,,,-53.3056,,,,,-21.8455,,-32.84640238,,
935,,,,,,,,,,,,,-54.5058,,,,,-21.773,,-34.28058948,,
934,,,,,,,,,,,,,-54.2612,,,,,-20.7454,,-34.69791666,,
933,,,,,,,,,,,,,-53.2182,,,,,-21.794,,-33.31406579,,
932,,,,,,,,,,,,,-52.0171,,,,,-22.198,,-34.19305,,
931,,,,,,,,,,,,,-51.6741,,,,,-22.6369,,-33.42479474,,
930,,,,,,,,,,,,,-52.4,,,,,-20.8692,,-33.02412857,,
929,,,,,,,,,,,,,-53.5436,,,,,-21.3899,,-32.83863948,,
928,,,,,,,,,,,,,-53.8619,,,,,-21.6515,,-33.74565,,
927,,,,,,,,,,,,,-53.6099,,,,,-21.7014,,-32.49916316,,
926,,,,,,,,,,,,,-52.5657,,,,,-21.0158,,-32.78314286,,
925,,,,,,,,,,,,,-52.097,,,,,-21.5095,,-34.20215263,,
924,,,,,,,,,,,,,-52.2586,,,,,-23.0081,,-32.31314524,,
923,,,,,,,,,,,,,-52.9309,,,,,-22.6209,,-32.75557369,,
922,,,,,,,,,,,,,-54.0681,,,,,-20.8382,,-33.54532857,,
921,,,,,,,,,,,,,-55.3379,,,,,-20.7625,,-33.33185527,,
920,,,,,,,,,,,,,-55.6824,,,,,-21.6701,,-34.31780953,,
919,,,,,,,,,,,,,-54.4898,,,,,-21.9309,,-34.0801921,,
918,,,,,,,,,,,,,-51.4393,,,,,-22.1978,,-32.55416429,,
917,,,,,,,,,,,,,-50.6623,,,,,-21.7094,,-34.12174474,,
916,,,,,,,,,,,,,-50.027,,,,,-22.26,,-34.12789286,,
915,,,,,,,,,,,,,-50.2354,,,,,-23.8218,,-32.90341316,,
914,,,,,,,,,,,,,-50.5585,,,,,-22.4427,,-33.09067143,,
913,,,,,,,,,,,,,-50.5235,,,,,-22.0337,,-32.68278158,,
912,,,,,,,,,,,,,-50.4311,,,,,-21.9519,,-33.07620953,,
911,,,,,,,,,,,,,-50.5843,,,,,-21.8442,,-33.92323421,,
910,,,,,,,,,,,,,-51.1817,,,,,-22.1268,,-32.3627881,,
909,,,,,,,,,,,,,-51.3244,,,,,-22.1176,,-32.72198948,,
908,,,,,,,,,,,,,-50.9241,,,,,-23.6693,,-32.74227381,,
907,,,,,,,,,,,,,-50.6844,,,,,-21.2836,,-33.88058421,,
906,,,,,,,,,,,,,-51.388,,,,,-22.8387,,-33.58794524,,
905,,,,,,,,,,,,,-52.132,,,,,-22.269,,-32.86107106,,
904,,,,,,,,,,,,,-53.2566,,,,,-21.7214,,-33.45015238,,
903,,,,,,,,,,,,,-52.8235,,,,,-22.3519,,-33.73073948,,
902,,,,,,,,,,,,,-51.3564,,,,,-22.0239,,-34.51260953,,
901,,,,,,,,,,,,,-50.2512,,,,,-23.3081,,-34.37813158,,
900,,,,,,,,,,,,,-50.3642,,,,,-22.0048,,-33.90034762,,
899,,,,,,,,,,,,,-50.9086,,,,,-20.4671,,-33.98139737,,
898,,,,,,,,,,,,,-51.3613,,,,,-21.215,,-34.03732381,,
897,,,,,,,,,,,,,-52.2188,,,,,-21.3123,,-34.03515263,,
896,,,,,,,,,,,,,-52.4949,,,,,-21.247,,-34.40051667,,
895,,,,,,,,,,,,,-53.3247,,,,,-21.1734,,-33.93757106,,
894,,,,,,,,,,,,,-53.3827,,,,,-21.4913,,-33.29460238,,
893,,,,,,,,,,,,,-52.868,,,,,-21.5451,,-33.6194579,,
892,,,,,,,,,,,,,-52.2685,,,,,-22.8268,,-32.54246191,,
891,,,,,,,,,,,,,-52.3581,,,,,-19.7653,,-32.67539737,,
890,,,,,,,,,,,,,-53.0097,,,,,-24.0491,,-33.06803095,,
889,,,,,,,,,,,,,-53.9499,,,,,-20.5431,,-33.46429211,,
888,,,,,,,,,,,,,-54.321,,,,,-21.9504,,-33.05242143,,
887,,,,,,,,,,,,,-53.808,,,,,-22.2214,,-32.96555,,
886,,,,,,,,,,,,,-53.3163,,,,,-21.4824,,-33.32805,,
885,,,,,,,,,,,,,-53.4041,,,,,-21.955,,-34.41435527,,
884,,,,,,,,,,,,,-54.4596,,,,,-22.266,,-33.30631905,,
883,,,,,,,,,,,,,-55.2834,,,,,-22.1005,,-33.7909,,
882,,,,,,,,,,,,,-55.4937,,,,,-22.2673,,-33.63187381,,
881,,,,,,,,,,,,,-54.8497,,,,,-23.3742,,-33.47074211,,
880,,,,,,,,,,,,,-54.5233,,,,,-22.0871,,-33.71621429,,
879,,,,,,,,,,,,,-54.2865,,,,,-21.9736,,-32.73797369,,
878,,,,,,,,,,,,,-54.066,,,,,-22.1556,,-32.88183334,,
877,,,,,,,,,,,,,-53.938,,,,,-21.1087,,-33.48942106,,
876,,,,,,,,,,,,,-53.686,,,,,-21.6261,,-33.21985953,,
875,,,,,,,,,,,,,-53.3891,,,,,-21.6302,,-32.99369211,,
874,,,,,,,,,,,,,-53.2298,,,,,-21.086,,-32.66797381,,
873,,,,,,,,,,,,,-53.1314,,,,,-21.5956,,-32.80467632,,
872,,,,,,,,,,,,,-53.0502,,,,,-22.0655,,-34.11120953,,
871,,,,,,,,,,,,,-53.2646,,,,,-21.2756,,-33.19335263,,
870,,,,,,,,,,,,,-53.8703,,,,,-22.9183,,-33.56155953,,
869,,,,,,,,,,,,,-54.6398,,,,,-21.8962,,-32.51640527,,
868,,,,,,,,,,,,,-55.2336,,,,,-20.0803,,-34.47091905,,
867,,,,,,,,,,,,,-55.5752,,,,,-19.9265,,-34.15023421,,
866,,,,,,,,,,,,,-56.022,,,,,-21.3618,,-32.68847143,,
865,,,,,,,,,,,,,-56.1242,,,,,-20.4805,,-33.49588684,,
864,,,,,,,,,,,,,-56.236,,,,,-22.4239,,-33.43861667,,
863,,,,,,,,,,,,,-55.9438,,,,,-22.3882,,-34.16586316,,
862,,,,,,,,,,,,,-55.4958,,,,,-21.2965,,-33.95879286,,
861,,,,,,,,,,,,,-54.8303,,,,,-21.0465,,-34.16825263,,
860,,,,,,,,,,,,,-53.8441,,,,,-21.2074,,-32.8593881,,
859,,,,,,,,,,,,,-53.1214,,,,,-21.6415,,-32.48091579,,
858,,,,,,,,,,,,,-52.888,,,,,-21.7909,,-33.42049524,,
857,,,,,,,,,,,,,-52.806,,,,,-21.6533,,-33.91581053,,
856,,,,,,,,,,,,,-52.888,,,,,-22.3996,,-32.7519881,,
855,,,,,,,,,,,,,-52.4811,,,,,-21.7111,,-33.20118421,,
854,,,,,,,,,,,,,-51.9924,,,,,-22.0964,,-33.26186905,,
853,,,,,,,,,,,,,-51.5254,,,,,-23.1669,,-33.2127,,
852,,,,,,,,,,,,,-51.4031,,,,,-21.3194,,-34.34490238,,
851,,,,,,,,,,,,,-51.7534,,,,,-21.4024,,-34.91499211,,
850,,,,,,,,,,,,,-52.4415,,,,,-21.4959,,-34.51819286,,
849,,,,,,,,,,,,,-53.4779,,,,,-21.8919,,-32.93771842,,
848,,,,,,,,,,,,,-54.4895,,,,,-22.3408,,-33.39802143,,
847,,,,,,,,,,,,,-54.9902,,,,,-22.1969,,-33.22038948,,
846,,,,,,,,,,,,,-54.9405,,,,,-21.9427,,-33.74651429,,
845,,,,,,,,,,,,,-55.0901,,,,,-21.2296,,-33.59994211,,
844,,,,,,,,,,,,,-55.3171,,,,,-21.0635,,-32.44438095,,
843,,,,,,,,,,,,,-55.3596,,,,,-21.8449,,-33.78069474,,
842,,,,,,,,,,,,,-55.228,,,,,-22.4291,,-35.05650953,,
841,,,,,,,,,,,,,-55.1117,,,,,-22.4258,,-35.09810263,,
840,,,,,,,,,,,,,-54.7852,,,,,-21.4741,,-34.30460238,,
839,,,,,,,,,,,,,-54.8243,,,,,-23.5318,,-34.42506316,,
838,,,,,,,,,,,,,-54.507,,,,,-21.7827,,-33.35160238,,
837,,,,,,,,,,,,,-54.1077,,,,,-18.8025,,-32.25978158,,
836,,,,,,,,,,,,,-53.4603,,,,,-22.6005,,-33.35860476,,
835,,,,,,,,,,,,,-53.6717,,,,,-22.1631,,-32.05,,
834,,,,,,,,,,,,,-53.8442,,,,,-21.3594,,-32.27002857,,
833,,,,,,,,,,,,,-53.7432,,,,,-20.756,,-32.65597369,,
832,,,,,,,,,,,,,-53.8262,,,,,-20.7253,,-32.63809524,,
831,,,,,,,,,,,,,-54.4593,,,,,-21.3398,,-33.49168684,,
830,,,,,,,,,,,,,-55.2056,,,,,-21.1892,,-32.99383095,,
829,,,,,,,,,,,,,-55.8572,,,,,-21.8552,,-33.62488158,,
828,,,,,,,,,,,,,-55.7836,,,,,-22.0608,,-33.35515476,,
827,,,,,,,,,,,,,-55.0402,,,,,-22.9554,,-32.68933948,,
826,,,,,,,,,,,,,-53.7313,,,,,-22.637,,-33.98718334,,
825,,,,,,,,,,,,,-52.9771,,,,,-20.0671,,-34.81100263,,
824,,,,,,,,,,,,,-52.6686,,,,,-21.4262,,-35.20286905,,
823,,,,,,,,,,,,,-52.5923,,,,,-22.7309,,-33.70251053,,
822,,,,,,,,,,,,,-52.7183,,,,,-22.1986,,-33.42389524,,
821,,,,,,,,,,,,,-53.3732,,,,,-22.6743,,-33.39578421,,
820,,,,,,,,,,,,,-54.4875,,,,,-22.1389,,-32.765,,
819,,,,,,,,,,,,,-55.645,,,,,-21.3922,,-33.20723158,,
818,,,,,,,,,,,,,-56.0516,,,,,-22.3072,,-34.574,,
817,,,,,,,,,,,,,-56.0315,,,,,-22.3669,,-34.10246316,,
816,,,,,,,,,,,,,-55.4284,,,,,-21.8988,,-34.24129286,,
815,,,,,,,,,,,,,-55.2184,,,,,-22.8081,,-34.04783421,,
814,,,,,,,,,,,,,-55.4043,,,,,-21.2428,,-34.07038095,,
813,,,,,,,,,,,,,-56.0084,,,,,-23.4168,,-33.83353684,,
812,,,,,,,,,,,,,-56.7175,,,,,-22.2617,,-32.65058572,,
811,,,,,,,,,,,,,-57.1436,,,,,-20.7663,,-32.9091,,
810,,,,,,,,,,,,,-57.4554,,,,,-21.1905,,-32.82527381,,
809,,,,,,,,,,,,,-57.2387,,,,,-22.1817,,-32.08245,,
808,,,,,,,,,,,,,-56.0476,,,,,-20.9577,,-32.52024047,,
807,,,,,,,,,,,,,-54.6459,,,,,-21.8326,,-33.38177895,,
806,,,,,,,,,,,,,-53.382,,,,,-21.7118,,-32.53751905,,
805,,,,,,,,,,,,,-51.9965,,,,,-22.6356,,-32.6337579,,
804,,,,,,,,,,,,,-51.4481,,,,,-22.0001,,-33.53709524,,
803,,,,,,,,,,,,,-51.3698,,,,,-22.0478,,-33.42363158,,
802,,,,,,,,,,,,,-51.2351,,,,,-21.2259,,-33.16240953,,
801,,,,,,,,,,,,,-51.02,,,,,-21.9458,,-33.68386579,,
800,,,,,,,,,,,,,-51.3297,,,,,-22.1281,,-33.16332143,,
799,,,,,,,,,,,,,-52.1231,,,,,-21.3209,,-32.937,,
798,,,,,,,,,,,,,-53.3813,,,,,-22.3399,,-33.9540881,,
797,,,,,,,,,,,,,-54.6698,,,,,-21.3214,,-33.6540079,,
796,,,,,,,,,,,,,-55.4788,,,,,-21.4172,,-33.92439762,,
795,,,,,,,,,,,,,-55.8347,,,,,-22.4057,,-32.92389474,,
794,,,,,,,,,,,,,-55.6173,,,,,-21.0759,,-33.20388095,,
793,,,,,,,,,,,,,-55.6136,,,,,-21.0711,,-33.60560527,,
792,,,,,,,,,,,,,-53.4654,,,,,-21.6833,,-32.47591667,,
791,,,,,,,,,,,,,-52.5874,,,,,-22.2234,,-33.35998421,,
790,,,,,,,,,,,,,-52.7299,,,,,-22.0444,,-34.56349047,,
789,,,,,,,,,,,,,-53.6628,,,,,-22.4539,,-33.56393158,,
788,,,,,,,,,,,,,-54.5106,,,,,-22.3467,,-33.46708334,,
787,,,,,,,,,,,,,-55.0183,,,,,-21.2579,,-33.43353948,,
786,,,,,,,,,,,,,-55.783,,,,,-21.5885,,-33.89707619,,
785,,,,,,,,,,,,,-56.5958,,,,,-22.3547,,-33.48,,
784,,,,,,,,,,,,,-56.8562,,,,,-21.9645,,-32.2747619,,
783,,,,,,,,,,,,,-56.3587,,,,,-22.2803,,-34.43421053,,
782,,,,,,,,,,,,,-55.0761,,,,,-23.0796,,-32.69428571,,
781,,,,,,,,,,,,,-53.6219,,,,,-22.0892,,-33.40368421,,
780,,,,,,,,,,,,,-52.3529,,,,,-20.6609,,-33.25809524,,
779,,,,,,,,,,,,,-52.0887,,,,,-21.0148,,-32.81526316,,
778,,,,,,,,,,,,,-52.2,,,,,-22.1112,,-33.30857143,,
777,,,,,,,,,,,,,-52.2713,,,,,-21.706,,-34.72210526,,
776,,,,,,,,,,,,,-52.4028,,,,,-20.7035,,-33.96142857,,
775,,,,,,,,,,,,,-52.1407,,,,,-21.0316,,-31.72842105,,
774,,,,,,,,,,,,,-51.7392,,,,,-21.907,,-32.72047619,,
773,,,,,,,,,,,,,-51.3464,,,,,-21.0188,,-33.85842105,,
772,,,,,,,,,,,,,-51.4396,,,,,-21.93,,-33.20952381,,
771,,,,,,,,,,,,,-52.1565,,,,,-22.1593,,-31.71578947,,
770,,,,,,,,,,,,,-52.4824,,,,,-22.2683,,-34.09857143,,
769,,,,,,,,,,,,,-52.7191,,,,,-22.236,,-31.69578947,,
768,,,,,,,,,,,,,-53.0681,,,,,-21.3939,,-33.56047619,,
767,,,,,,,,,,,,,-53.9113,,,,,-22.1732,,-34.54210526,,
766,,,,,,,,,,,,,-54.8349,,,,,-22.9425,,-33.41761905,,
765,,,,,,,,,,,,,-55.476,,,,,-21.5603,,-31.26789474,,
764,,,,,,,,,,,,,-55.7935,,,,,-21.8066,,-32.79238095,,
763,,,,,,,,,,,,,-55.5449,,,,,-22.5511,,-34.04421053,,
762,,,,,,,,,,,,,-54.9642,,,,,-20.7518,,-34.5752381,,
761,,,,,,,,,,,,,-54.1379,,,,,-21.0991,,-35.37631579,,
760,,,,,,,,,,,,,-53.0754,,,,,-22.4146,,-35.83142857,,
759,,,,,,,,,,,,,-53.4544,,,,,-22.5653,,-33.00157895,,
758,,,,,,,,,,,,,-54.0871,,,,,-22.7579,,-32.1447619,,
757,,,,,,,,,,,,,-54.756,,,,,-21.6124,,-32.87263158,,
756,,,,,,,,,,,,,-55.2262,,,,,-21.8663,,-31.56047619,,
755,,,,,,,,,,,,,-55.128,,,,,-21.3156,,-33.29947368,,
754,,,,,,,,,,,,,-54.6675,,,,,-20.478,,-35.66571429,,
753,,,,,,,,,,,,,-53.9762,,,,,-22.0228,,-34.20947368,,
752,,,,,,,,,,,,,-53.9021,,,,,-22.7394,,-33.01333333,,
751,,,,,,,,,,,,,-53.9777,,,,,-21.4626,,-30.53157895,,
750,,,,,,,,,,,,,-54.1004,,,,,-21.3456,,-32.63238095,,
749,,,,,,,,,,,,,-54.1592,,,,,-20.8019,,-31.67052632,,
748,,,,,,,,,,,,,-53.7913,,,,,-21.0075,,-32.22428571,,
747,,,,,,,,,,,,,-53.8174,,,,,-21.3206,,-33.04210526,,
746,,,,,,,,,,,,,-53.7288,,,,,-22.0337,,-32.46047619,,
745,,,,,,,,,,,,,-53.9346,,,,,-22.5325,,-33.14368421,,
744,,,,,,,,,,,,,-54.1745,,,,,-21.4536,,-32.85714286,,
743,,,,,,,,,,,,,-54.4126,,,,,-22.2455,,-33.68842105,,
742,,,,,,,,,,,,,-55.0841,,,,,-22.1801,,-32.77190476,,
741,,,,,,,,,,,,,-54.8561,,,,,-21.5417,,-33.99105263,,
740,,,,,,,,,,,,,-54.83,,,,,-20.9993,,-33.48190476,,
739,,,,,,,,,,,,,-54.4955,,,,,-21.7334,,-33.60894737,,
738,,,,,,,,,,,,,-53.985,,,,,-22.045,,-33.47380952,,
737,,,,,,,,,,,,,-53.7802,,,,,-20.4904,,-35.09736842,,
736,,,,,,,,,,,,,-53.8127,,,,,-22.1842,,-36.08714286,,
735,,,,,,,,,,,,,-54.5334,,,,,-22.8571,,-34.47473684,,
734,,,,,,,,,,,,,-53.8222,,,,,-22.7152,,-32.1647619,,
733,,,,,,,,,,,,,-53.3732,,,,,-22.1148,,-33.07052632,,
732,,,,,,,,,,,,,-52.9837,,,,,-22.1195,,-32.58714286,,
731,,,,,,,,,,,,,-53.5924,,,,,-21.62,,-31.59526316,,
730,,,,,,,,,,,,,-54.3476,,,,,-21.8059,,-31.62857143,,
729,,,,,,,,,,,,,-56.2025,,,,,-22.6737,,-32.79210526,,
728,,,,,,,,,,,,,-56.2626,,,,,-22.5056,,-32.74714286,,
727,,,,,,,,,,,,,-55.8662,,,,,-22.2005,,-32.61,,
726,,,,,,,,,,,,,-54.1471,,,,,-22.3494,,-32.64333333,,
725,,,,,,,,,,,,,-53.9197,,,,,-22.3761,,-32.67052632,,
724,,,,,,,,,,,,,-53.479,,,,,-21.0667,,-34.26714286,,
723,,,,,,,,,,,,,-52.7051,,,,,-22.2072,,-32.86315789,,
722,,,,,,,,,,,,,-52.1716,,,,,-22.4608,,-32.54952381,,
721,,,,,,,,,,,,,-52.0859,,,,,-22.7693,,-31.36526316,,
720,,,,,,,,,,,,,-51.9753,,,,,-23.8998,,-32.75285714,,
719,,,,,,,,,,,,,-53.4391,,,,,-22.5206,,-33.41052632,,
718,,,,,,,,,,,,,-53.8181,,,,,-21.8248,,-33.42857143,,
717,,,,,,,,,,,,,-54.7209,,,,,-20.5955,,-31.92,,
716,,,,,,,,,,,,,-54.6872,,,,,-20.4083,,-33.07142857,,
715,,,,,,,,,,,,,-54.201,,,,,-20.7894,,-33.88684211,,
714,,,,,,,,,,,,,-54.072,,,,,-21.3345,,-35.27761905,,
713,,,,,,,,,,,,,-53.2629,,,,,-21.5039,,-32.52736842,,
712,,,,,,,,,,,,,-53.101,,,,,-21.3257,,-34.48428571,,
711,,,,,,,,,,,,,-52.5786,,,,,-19.6579,,-32.81684211,,
710,,,,,,,,,,,,,-52.2156,,,,,-22.1147,,-33.47666667,,
709,,,,,,,,,,,,,-52.1096,,,,,-20.3567,,-32.79,,
708,,,,,,,,,,,,,-51.9978,,,,,-20.8034,,-32.47666667,,
707,,,,,,,,,,,,,-51.4023,,,,,-22.7173,,-34.05578947,,
706,,,,,,,,,,,,,-51.0289,,,,,-22.3669,,-34.6,,
705,,,,,,,,,,,,,-50.4465,,,,,-20.97,,-33.09526316,,
704,,,,,,,,,,,,,-50.1963,,,,,-21.2377,,-31.24619048,,
703,,,,,,,,,,,,,-50.2442,,,,,-21.9706,,-32.94263158,,
702,,,,,,,,,,,,,-50.6601,,,,,-21.003,,-31.79047619,,
701,,,,,,,,,,,,,-51.8636,,,,,-20.9938,,-33.56578947,,
700,,,,,,,,,,,,,-53.0079,,,,,-21.0209,,-35.03095238,,
699,,,,,,,,,,,,,-53.8974,,,,,-22.2064,,-33.47736842,,
698,,,,,,,,,,,,,-54.6403,,,,,-21.3272,,-33.5852381,,
697,,,,,,,,,,,,,-54.5014,,,,,-21.2581,,-33.74736842,,
696,,,,,,,,,,,,,-54.3344,,,,,-21.5342,,-34.5752381,,
695,,,,,,,,,,,,,-54.3245,,,,,-21.8399,,-34.71631579,,
694,,,,,,,,,,,,,-54.2593,,,,,-22.222,,-34.9647619,,
693,,,,,,,,,,,,,-54.0089,,,,,-22.9946,,-34.14842105,,
692,,,,,,,,,,,,,-53.259,,,,,-21.6098,,-33.31571429,,
691,,,,,,,,,,,,,-52.4459,,,,,-21.4882,,-33.27210526,,
690,,,,,,,,,,,,,-52.0418,,,,,-20.9877,,-33.6552381,,
689,,,,,,,,,,,,,-51.7516,,,,,-21.0461,,-33.46736842,,
688,,,,,,,,,,,,,-51.6525,,,,,-20.1588,,-33.13619048,,
687,,,,,,,,,,,,,-52.382,,,,,-21.5892,,-32.84157895,,
686,,,,,,,,,,,,,-53.178,,,,,-22.0046,,-33.59190476,,
685,,,,,,,,,,,,,-53.7857,,,,,-22.3795,,-33.56052632,,
684,,,,,,,,,,,,,-54.3805,,,,,-22.8837,,-31.84380952,,
683,,,,,,,,,,,,,-54.3821,,,,,-23.8947,,-32.74631579,,
682,,,,,,,,,,,,,-52.9974,,,,,-20.987,,-32.76142857,,
681,,,,,,,,,,,,,-52.3782,,,,,-20.9476,,-33.28157895,,
680,,,,,,,,,,,,,-51.2635,,,,,-22.3726,,-34.38238095,,
679,,,,,,,,,,,,,-51.6546,,,,,-21.3874,,-33.45894737,,
678,,,,,,,,,,,,,-52.2232,,,,,-23.4661,,-32.13333333,,
677,,,,,,,,,,,,,-52.6029,,,,,-20.9666,,-31.34526316,,
676,,,,,,,,,,,,,-53.0256,,,,,-22.1828,,-30.97428571,,
675,,,,,,,,,,,,,-53.0587,,,,,-22.3597,,-32.10789474,,
674,,,,,,,,,,,,,-53.0541,,,,,-22.0724,,-32.39095238,,
673,,,,,,,,,,,,,-53.3749,,,,,-21.9609,,-33.29526316,,
672,,,,,,,,,,,,,-53.9186,,,,,-22.4456,,-31.2947619,,
671,,,,,,,,,,,,,-54.5019,,,,,-22.7932,,-34.05947368,,
670,,,,,,,,,,,,,-54.7397,,,,,-22.5535,,-32.71952381,,
669,,,,,,,,,,,,,-54.5026,,,,,-22.1975,,-33.94842105,,
668,,,,,,,,,,,,,-53.8617,,,,,-23.2619,,-34.34809524,,
667,,,,,,,,,,,,,-53.4483,,,,,-22.1249,,-32.95736842,,
666,,,,,,,,,,,,,-53.4769,,,,,-22.2887,,-32.29761905,,
665,,,,,,,,,,,,,-53.56,,,,,-21.6387,,-32.57578947,,
664,,,,,,,,,,,,,-53.3596,,,,,-21.4516,,-32.87095238,,
663,,,,,,,,,,,,,-52.6857,,,,,-21.513,,-34.00421053,,
662,,,,,,,,,,,,,-52.2063,,,,,-21.2598,,-32.43238095,,
661,,,,,,,,,,,,,-51.9004,,,,,-21.8564,,-33.49684211,,
660,,,,,,,,,,,,,-51.9344,,,,,-21.5982,,-34.18904762,,
659,,,,,,,,,,,,,-52.6457,,,,,-22.8379,,-33.7,,
658,,,,,,,,,,,,,-53.5949,,,,,-23.0774,,-33.71047619,,
657,,,,,,,,,,,,,-54.281,,,,,-22.6328,,-32.79526316,,
656,,,,,,,,,,,,,-54.5182,,,,,-22.6419,,-33.01619048,,
655,,,,,,,,,,,,,-54.84,,,,,-21.5104,,-33.34368421,,
654,,,,,,,,,,,,,-55.5442,,,,,-21.179,,-33.50428571,,
653,,,,,,,,,,,,,-56.2674,,,,,-21.5876,,-33.54368421,,
652,,,,,,,,,,,,,-56.42,,,,,-22.3716,,-33.53761905,,
651,,,,,,,,,,,,,-56.2727,,,,,-23.197,,-32.92684211,,
650,,,,,,,,,,,,,-55.6541,,,,,-22.3617,,-33.13761905,,
649,,,,,,,,,,,,,-54.3402,,,,,-23.2424,,-34.18842105,,
648,,,,,,,,,,,,,-53.985,,,,,-21.9531,,-33.77666667,,
647,,,,,,,,,,,,,-53.6816,,,,,-20.9356,,-32.24842105,,
646,,,,,,,,,,,,,-53.6535,,,,,-21.3389,,-34.36142857,,
645,,,,,,,,,,,,,-53.7687,,,,,-22.6991,,-32.96789474,,
644,,,,,,,,,,,,,-53.505,,,,,-21.6439,,-32.85285714,,
643,,,,,,,,,,,,,-52.7504,,,,,-20.5267,,-34.64263158,,
642,,,,,,,,,,,,,-52.17,,,,,-22.4609,,-34.26952381,,
641,,,,,,,,,,,,,-52.1027,,,,,-22.3487,,-33.09578947,,
640,,,,,,,,,,,,,-52.4964,,,,,-21.697,,-33.17904762,,
639,,,,,,,,,,,,,-53.2823,,,,,-22.8167,,-34.31894737,,
638,,,,,,,,,,,,,-53.7725,,,,,-21.824,,-33.98285714,,
637,,,,,,,,,,,,,-53.8844,,,,,-21.7865,,-34.19052632,,
636,,,,,,,,,,,,,-54.1378,,,,,-20.5988,,-33.17619048,,
635,,,,,,,,,,,,,-54.8488,,,,,-22.9537,,-34.44736842,,
634,,,,,,,,,,,,,-55.2446,,,,,-23.5682,,-34.00428571,,
633,,,,,,,,,,,,,-55.5897,,,,,-22.1721,,-32.67789474,,
632,,,,,,,,,,,,,-55.4557,,,,,-21.7521,,-33.14857143,,
631,,,,,,,,,,,,,-55.1591,,,,,-22.5012,,-33.69,,
630,,,,,,,,,,,,,-54.7061,,,,,-22.3313,,-31.52761905,,
629,,,,,,,,,,,,,-54.4813,,,,,-21.4603,,-32.31894737,,
628,,,,,,,,,,,,,-54.679,,,,,-21.4018,,-31.64095238,,
627,,,,,,,,,,,,,-54.8428,,,,,-21.4625,,-32.06736842,,
626,,,,,,,,,,,,,-54.6593,,,,,-22.154,,-32.57047619,,
625,,,,,,,,,,,,,-54.88,,,,,-21.4942,,-33.46473684,,
624,,,,,,,,,,,,,-54.4883,,,,,-22.2619,,-35.14571429,,
623,,,,,,,,,,,,,-53.9143,,,,,-22.1368,,-33.83368421,,
622,,,,,,,,,,,,,-53.1411,,,,,-23.6121,,-33.05857143,,
621,,,,,,,,,,,,,-51.92,,,,,-21.6958,,-31.92421053,,
620,,,,,,,,,,,,,-51.1438,,,,,-23.2958,,-32.32809524,,
619,,,,,,,,,,,,,-50.0167,,,,,-23.1051,,-30.81947368,,
618,,,,,,,,,,,,,-49.2422,,,,,-20.904,,-34.39285714,,
617,,,,,,,,,,,,,-49.2549,,,,,-20.7292,,-32.95684211,,
616,,,,,,,,,,,,,-50.241,,,,,-22.0542,,-30.97190476,,
615,,,,,,,,,,,,,-51.6101,,,,,-22.9218,,-33.29526316,,
614,,,,,,,,,,,,,-52.8553,,,,,-21.5402,,-32.0447619,,
613,,,,,,,,,,,,,-53.7409,,,,,-22.777,,-33.83368421,,
612,,,,,,,,,,,,,-54.4405,,,,,-23.1274,,-32.39,,
611,,,,,,,,,,,,,-55.0772,,,,,-22.6858,,-33.25315789,,
610,,,,,,,,,,,,,-55.6494,,,,,-22.5791,,-30.90904762,,
609,,,,,,,,,,,,,-55.8798,,,,,-22.0722,,-31.84526316,,
608,,,,,,,,,,,,,-55.7142,,,,,-21.1059,,-31.71047619,,
607,,,,,,,,,,,,,-55.4992,,,,,-21.9431,,-33.59157895,,
606,,,,,,,,,,,,,-55.2979,,,,,-22.3903,,-30.37238095,,
605,,,,,,,,,,,,,-55.2662,,,,,-20.8452,,-31.93947368,,
604,,,,,,,,,,,,,-54.9219,,,,,-22.5655,,-31.79714286,,
603,,,,,,,,,,,,,-55.0299,,,,,-22.9635,,-32.11052632,,
602,,,,,,,,,,,,,-55.2475,,,,,-22.8524,,-31.69428571,,
601,,,,,,,,,,,,,-55.0913,,,,,-20.6455,,-32.85684211,,
600,,,,,,,,,,,,,-54.5378,,,,,-21.8573,,-33.09095238,,
599,,,,,,,,,,,,,-52.8666,,,,,-23.4181,,-32.73210526,,
598,,,,,,,,,,,,,-52.0672,,,,,-22.7931,,-32.90095238,,
597,,,,,,,,,,,,,-51.9853,,,,,-21.5943,,-33.58315789,,
596,,,,,,,,,,,,,-52.5117,,,,,-21.3415,,-35.49428571,,
595,,,,,,,,,,,,,-52.6344,,,,,-20.865,,-32.75263158,,
594,,,,,,,,,,,,,-52.169,,,,,-21.9676,,-32.80333333,,
593,,,,,,,,,,,,,-51.8647,,,,,-22.912,,-32.70578947,,
592,,,,,,,,,,,,,-52.1082,,,,,-21.3533,,-33.58142857,,
591,,,,,,,,,,,,,-52.4061,,,,,-22.6235,,-33.57052632,,
590,,,,,,,,,,,,,-51.8863,,,,,-20.5763,,-32.59904762,,
589,,,,,,,,,,,,,-51.0805,,,,,-21.3435,,-33.80157895,,
588,,,,,,,,,,,,,-50.4784,,,,,-21.5069,,-34.76142857,,
587,,,,,,,,,,,,,-50.9078,,,,,-22.0918,,-34.12421053,,
586,,,,,,,,,,,,,-51.9905,,,,,-22.3731,,-33.51761905,,
585,,,,,,,,,,,,,-53.2636,,,,,-20.7864,,-33.51,,
584,,,,,,,,,,,,,-54.1876,,,,,-21.0955,,-33.05190476,,
583,,,,,,,,,,,,,-54.516,,,,,-23.7023,,-33.58947368,,
582,,,,,,,,,,,,,-54.3259,,,,,-23.2966,,-33.7247619,,
581,,,,,,,,,,,,,-54.0554,,,,,-21.6613,,-35.75368421,,
580,,,,,,,,,,,,,-53.5745,,,,,-22.5062,,-35.0747619,,
579,,,,,,,,,,,,,-53.1202,,,,,-22.2711,,-33.84052632,,
578,,,,,,,,,,,,,-53.2334,,,,,-22.1901,,-33.12809524,,
577,,,,,,,,,,,,,-53.798,,,,,-22.412,,-33.26052632,,
576,,,,,,,,,,,,,-53.8649,,,,,-21.0583,,-33.83857143,,
575,,,,,,,,,,,,,-54.1515,,,,,-21.8869,,-31.82052632,,
574,,,,,,,,,,,,,-53.5286,,,,,-22.1241,,-32.61952381,,
573,,,,,,,,,,,,,-52.7627,,,,,-21.0086,,-32.90473684,,
572,,,,,,,,,,,,,-52.3923,,,,,-21.7726,,-33.11714286,,
571,,,,,,,,,,,,,-52.5872,,,,,-21.1135,,-33.40421053,,
570,,,,,,,,,,,,,-52.9938,,,,,-21.6025,,-35.18095238,,
569,,,,,,,,,,,,,-53.4413,,,,,-23.1561,,-32.72052632,,
568,,,,,,,,,,,,,-53.7147,,,,,-23.7366,,-32.12857143,,
567,,,,,,,,,,,,,-53.7947,,,,,-23.3761,,-32.36842105,,
566,,,,,,,,,,,,,-53.2408,,,,,-23.6055,,-32.42428571,,
565,,,,,,,,,,,,,-54.1517,,,,,-22.456,,-35.20263158,,
564,,,,,,,,,,,,,-54.3409,,,,,-22.6711,,-33.85714286,,
563,,,,,,,,,,,,,-53.7226,,,,,-21.0031,,-33.48473684,,
562,,,,,,,,,,,,,-53.0689,,,,,-21.8798,,-33.49380952,,
561,,,,,,,,,,,,,-52.1144,,,,,-23.5548,,-33.34684211,,
560,,,,,,,,,,,,,-52.1497,,,,,-21.3157,,-33.76619048,,
559,,,,,,,,,,,,,-51.6714,,,,,-20.8983,,-33.52684211,,
558,,,,,,,,,,,,,-50.8759,,,,,-21.4242,,-32.98428571,,
557,,,,,,,,,,,,,-50.605,,,,,-22.231,,-33.12842105,,
556,,,,,,,,,,,,,-50.8501,,,,,-20.1591,,-32.78190476,,
555,,,,,,,,,,,,,-53.6717,,,,,-22.6085,,-31.76263158,,
554,,,,,,,,,,,,,-52.8014,,,,,-22.7295,,-32.74619048,,
553,,,,,,,,,,,,,-51.8782,,,,,-19.8714,,-32.93157895,,
552,,,,,,,,,,,,,-52.4796,,,,,-21.6384,,-33.06666667,,
551,,,,,,,,,,,,,-53.1282,,,,,-21.2971,,-33.57052632,,
550,,,,,,,,,,,,,-53.8114,,,,,-21.8703,,-32.56047619,,
549,,,,,,,,,,,,,-54.3106,,,,,-22.027,,-33.27947368,,
548,,,,,,,,,,,,,-54.7838,,,,,-21.4215,,-32.03095238,,
547,,,,,,,,,,,,,-54.6265,,,,,-21.9477,,-32.85789474,,
546,,,,,,,,,,,,,-54.4041,,,,,-22.1956,,-32.48333333,,
545,,,,,,,,,,,,,-54.1723,,,,,-20.8346,,-33.76421053,,
544,,,,,,,,,,,,,-53.9619,,,,,-21.5418,,-31.7947619,,
543,,,,,,,,,,,,,-53.5223,,,,,-21.4738,,-33.09578947,,
542,,,,,,,,,,,,,-53.0021,,,,,-22.8064,,-33.59,,
541,,,,,,,,,,,,,-52.6376,,,,,-21.2607,,-31.44526316,,
540,,,,,,,,,,,,,-52.3842,,,,,-20.7816,,-31.7447619,,
539,,,,,,,,,,,,,-52.2535,,,,,-22.4353,,-33.62736842,,
538,,,,,,,,,,,,,-52.1307,,,,,-21.6924,,-33.76761905,,
537,,,,,,,,,,,,,-52.1685,,,,,-21.4457,,-33.40210526,,
536,,,,,,,,,,,,,-53.1997,,,,,-21.952,,-33.32142857,,
535,,,,,,,,,,,,,-53.0992,,,,,-21.6852,,-32.21052632,,
534,,,,,,,,,,,,,-52.7761,,,,,-23.018,,-29.9847619,,
533,,,,,,,,,,,,,-52.3847,,,,,-22.4463,,-33.92684211,,
532,,,,,,,,,,,,,-52.5415,,,,,-22.7713,,-33.81238095,,
531,,,,,,,,,,,,,-53.5048,,,,,-21.9985,,-33.11789474,,
530,,,,,,,,,,,,,-54.1448,,,,,-21.5531,,-34.11380952,,
529,,,,,,,,,,,,,-54.3226,,,,,-21.4886,,-32.50157895,,
528,,,,,,,,,,,,,-53.9651,,,,,-23.6481,,-32.93285714,,
527,,,,,,,,,,,,,-53.611,,,,,-23.8303,,-34.52947368,,
526,,,,,,,,,,,,,-52.9997,,,,,-21.4143,,-33.95952381,,
525,,,,,,,,,,,,,-52.3927,,,,,-21.4679,,-33.09526316,,
524,,,,,,,,,,,,,-52.4102,,,,,-23.9975,,-30.59761905,,
523,,,,,,,,,,,,,-52.5544,,,,,-21.8776,,-33.19947368,,
522,,,,,,,,,,,,,-51.9013,,,,,-22.2897,,-32.52571429,,
521,,,,,,,,,,,,,-51.3635,,,,,-21.595,,-32.58315789,,
520,,,,,,,,,,,,,-50.9356,,,,,-21.9367,,-32.16285714,,
519,,,,,,,,,,,,,-51.0984,,,,,-21.8613,,-32.22315789,,
518,,,,,,,,,,,,,-51.5952,,,,,-22.4164,,-32.30095238,,
517,,,,,,,,,,,,,-52.092,,,,,-22.2893,,-31.25947368,,
516,,,,,,,,,,,,,-52.9975,,,,,-21.2483,,-32.15809524,,
515,,,,,,,,,,,,,-53.6486,,,,,-21.823,,-32.56894737,,
514,,,,,,,,,,,,,-53.2618,,,,,-22.7581,,-33.58238095,,
513,,,,,,,,,,,,,-52.5858,,,,,-22.7834,,-32.99315789,,
512,,,,,,,,,,,,,-52.1564,,,,,-22.1955,,-33.25428571,,
511,,,,,,,,,,,,,-52.4428,,,,,-22.1427,,-33.58105263,,
510,,,,,,,,,,,,,-53.1497,,,,,-21.9475,,-33.64380952,,
509,,,,,,,,,,,,,-53.8903,,,,,-21.316,,-33.49315789,,
508,,,,,,,,,,,,,-53.4655,,,,,-22.2682,,-33.51428571,,
507,,,,,,,,,,,,,-53.0442,,,,,-21.9166,,-34.34421053,,
506,,,,,,,,,,,,,-52.5918,,,,,-22.5941,,-33.31333333,,
505,,,,,,,,,,,,,-52.073,,,,,-21.244,,-31.90842105,,
504,,,,,,,,,,,,,-52.6639,,,,,-22.0503,,-32.76904762,,
503,,,,,,,,,,,,,-53.1438,,,,,-22.412,,-33.36473684,,
502,,,,,,,,,,,,,-53.638,,,,,-22.398,,-32.31571429,,
501,,,,,,,,,,,,,-53.962,,,,,-21.0376,,-32.99,,
500,,,,,,,,,,,,,-53.887,,,,,-21.791,,-33.53904762,,
499,,,,,,,,,,,,,-54.6709,,,,,-21.8242,,-32.33526316,,
498,,,,,,,,,,,,,-55.0155,,,,,-22.2348,,-33.5052381,,
497,,,,,,,,,,,,,-55.2477,,,,,-21.2769,,-33.03263158,,
496,,,,,,,,,,,,,-54.9848,,,,,-20.4252,,-32.25428571,,
495,,,,,,,,,,,,,-54.466,,,,,-23.4558,,-32.77947368,,
494,,,,,,,,,,,,,-53.9473,,,,,-22.2311,,-33.77095238,,
493,,,,,,,,,,,,,-53.733,,,,,-22.6941,,-33.74421053,,
492,,,,,,,,,,,,,-53.9326,,,,,-21.5782,,-32.98857143,,
491,,,,,,,,,,,,,-54.3217,,,,,-21.4571,,-32.98368421,,
490,,,,,,,,,,,,,-54.616,,,,,-20.7965,,-32.17190476,,
489,,,,,,,,,,,,,-54.8901,,,,,-22.4347,,-32.63263158,,
488,,,,,,,,,,,,,-55.105,,,,,-21.6368,,-32.41238095,,
487,,,,,,,,,,,,,-54.6687,,,,,-22.1765,,-34.09842105,,
486,,,,,,,,,,,,,-54.5694,,,,,-21.7355,,-33.25428571,,
485,,,,,,,,,,,,,-54.2449,,,,,-22.0646,,-32.02052632,,
484,,,,,,,,,,,,,-54.08,,,,,-21.0237,,-33.02047619,,
483,,,,,,,,,,,,,-54.1027,,,,,-21.1004,,-33.13842105,,
482,,,,,,,,,,,,,-53.9968,,,,,-20.8468,,-34.11,,
481,,,,,,,,,,,,,-54.3609,,,,,-22.1432,,-33.16578947,,
480,,,,,,,,,,,,,-54.1422,,,,,-22.3517,,-32.03809524,,
479,,,,,,,,,,,,,-53.8822,,,,,-21.3998,,-32.02473684,,
478,,,,,,,,,,,,,-53.5947,,,,,-21.7445,,-34.41285714,,
477,,,,,,,,,,,,,-53.3092,,,,,-22.6437,,-34.04,,
476,,,,,,,,,,,,,-52.7079,,,,,-22.4702,,-32.28047619,,
475,,,,,,,,,,,,,-52.283,,,,,-22.1495,,-34.16631579,,
474,,,,,,,,,,,,,-52.1231,,,,,-21.9963,,-33.98333333,,
473,,,,,,,,,,,,,-52.1244,,,,,-22.0934,,-34.15842105,,
472,,,,,,,,,,,,,-52.2637,,,,,-21.9015,,-33.64095238,,
471,,,,,,,,,,,,,-52.4444,,,,,-22.3689,,-34.33631579,,
470,,,,,,,,,,,,,-52.5437,,,,,-23.1221,,-34.66190476,,
469,,,,,,,,,,,,,-52.3208,,,,,-22.2076,,-32.40736842,,
468,,,,,,,,,,,,,-52.3284,,,,,-21.8809,,-31.34666667,,
467,,,,,,,,,,,,,-52.2482,,,,,-21.8822,,-31.72631579,,
466,,,,,,,,,,,,,-52.1454,,,,,-22.1452,,-31.99904762,,
465,,,,,,,,,,,,,-52.4996,,,,,-22.1368,,-33.00842105,,
464,,,,,,,,,,,,,-52.2996,,,,,-21.5463,,-34.05809524,,
463,,,,,,,,,,,,,-52.0009,,,,,-21.6864,,-33.28894737,,
462,,,,,,,,,,,,,-50.9102,,,,,-22.777,,-31.90666667,,
461,,,,,,,,,,,,,-51.1359,,,,,-22.1004,,-31.33052632,,
460,,,,,,,,,,,,,-51.7269,,,,,-22.1778,,-31.43238095,,
459,,,,,,,,,,,,,-51.9691,,,,,-22.4261,,-32.15157895,,
458,,,,,,,,,,,,,-52.0561,,,,,-21.7246,,-31.32809524,,
457,,,,,,,,,,,,,-51.5094,,,,,-21.9817,,-33.50421053,,
456,,,,,,,,,,,,,-50.6558,,,,,-24.004,,-32.34238095,,
455,,,,,,,,,,,,,-50.7906,,,,,-22.8563,,-32.22210526,,
454,,,,,,,,,,,,,-50.9359,,,,,-22.5276,,-33.61952381,,
453,,,,,,,,,,,,,-50.9996,,,,,-22.0205,,-34.95631579,,
452,,,,,,,,,,,,,-50.6781,,,,,-20.5627,,-32.24047619,,
451,,,,,,,,,,,,,-50.17,,,,,-22.0861,,-32.33263158,,
450,,,,,,,,,,,,,-49.4117,,,,,-21.5021,,-34.26142857,,
449,,,,,,,,,,,,,-48.4635,,,,,-21.7111,,-35.04,,
448,,,,,,,,,,,,,-47.5152,,,,,-21.6971,,-32.60761905,,
447,,,,,,,,,,,,,-46.9823,,,,,-21.8383,,-31.27842105,,
446,,,,,,,,,,,,,-46.7732,,,,,-22.7164,,-32.41809524,,
445,,,,,,,,,,,,,-46.7309,,,,,-22.1843,,-33.30105263,,
444,,,,,,,,,,,,,-47.7017,,,,,-21.4643,,-31.44190476,,
443,,,,,,,,,,,,,-48.5717,,,,,-20.8527,,-32.55105263,,
442,,,,,,,,,,,,,-49.6934,,,,,-22.5144,,-33.88142857,,
441,,,,,,,,,,,,,-50.7233,,,,,-21.5815,,-34.54052632,,
440,,,,,,,,,,,,,-51.5771,,,,,-21.5952,,-34.00857143,,
439,,,,,,,,,,,,,-52.1331,,,,,-23.0336,,-33.62736842,,
438,,,,,,,,,,,,,-52.6205,,,,,-22.9936,,-33.16666667,,
437,,,,,,,,,,,,,-52.9891,,,,,-21.4636,,-33.46421053,,
436,,,,,,,,,,,,,-52.7422,,,,,-21.4784,,-33.22857143,,
435,,,,,,,,,,,,,-52.1298,,,,,-21.6092,,-32.89263158,,
434,,,,,,,,,,,,,-51.5332,,,,,-23.1175,,-33.80666667,,
433,,,,,,,,,,,,,-51.7929,,,,,-22.9819,,-33.92315789,,
432,,,,,,,,,,,,,-52.287,,,,,-22.6574,,-32.18619048,,
431,,,,,,,,,,,,,-52.9806,,,,,-21.3089,,-32.36421053,,
430,,,,,,,,,,,,,-53.5616,,,,,-21.5514,,-30.63571429,,
429,,,,,,,,,,,,,-53.7558,,,,,-22.0127,,-34.17210526,,
428,,,,,,,,,,,,,-54.2316,,,,,-22.0185,,-33.85952381,,
427,,,,,,,,,,,,,-54.323,,,,,-22.0282,,-32.64052632,,
426,,,,,,,,,,,,,-53.6967,,,,,-23.3598,,-33.0652381,,
425,,,,,,,,,,,,,-52.9267,,,,,-22.2959,,-32.68842105,,
424,,,,,,,,,,,,,-52.0055,,,,,-21.1317,,-32.53190476,,
423,,,,,,,,,,,,,-50.7102,,,,,-22.5368,,-32.41578947,,
422,,,,,,,,,,,,,-49.7532,,,,,-21.7254,,-33.48333333,,
421,,,,,,,,,,,,,-49.7537,,,,,-22.0331,,-33.74894737,,
420,,,,,,,,,,,,,-50.4838,,,,,-22.0846,,-33.5652381,,
419,,,,,,,,,,,,,-51.2969,,,,,-21.7373,,-34.02894737,,
418,,,,,,,,,,,,,-52.233,,,,,-21.532,,-33.67666667,,
417,,,,,,,,,,,,,-52.9605,,,,,-21.8961,,-33.02105263,,
416,,,,,,,,,,,,,-53.7737,,,,,-22.1952,,-34.08238095,,
415,,,,,,,,,,,,,-54.1935,,,,,-21.3692,,-32.43947368,,
414,,,,,,,,,,,,,-54.2798,,,,,-21.5705,,-32.87238095,,
413,,,,,,,,,,,,,-53.6658,,,,,-20.8876,,-33.42578947,,
412,,,,,,,,,,,,,-52.3093,,,,,-21.6922,,-32.99095238,,
411,,,,,,,,,,,,,-51.3827,,,,,-22.101,,-34.94315789,,
410,,,,,,,,,,,,,-51.0664,,,,,-21.0559,,-34.75190476,,
409,,,,,,,,,,,,,-51.0202,,,,,-24.1305,,-32.31368421,,
408,,,,,,,,,,,,,-50.8726,,,,,-21.7094,,-32.86238095,,
407,,,,,,,,,,,,,-50.1362,,,,,-22.6238,,-31.66263158,,
406,,,,,,,,,,,,,-49.5632,,,,,-23.2138,,-32.63666667,,
405,,,,,,,,,,,,,-49.5705,,,,,-22.5141,,-32.39421053,,
404,,,,,,,,,,,,,-50.1854,,,,,-20.999,,-31.54,,
403,,,,,,,,,,,,,-50.8461,,,,,-21.0821,,-34.29052632,,
402,,,,,,,,,,,,,-51.502,,,,,-23.3897,,-32.63714286,,
401,,,,,,,,,,,,,-52.2872,,,,,-23.4292,,-32.70684211,,
400,,,,,,,,,,,,,-53.2354,,,,,-23.3837,,-35.01238095,,
399,,,,,,,,,,,,,-54.2559,,,,,-21.659,,-33.68842105,,
398,,,,,,,,,,,,,-54.734,,,,,-22.1845,,-32.73714286,,
397,,,,,,,,,,,,,-54.8298,,,,,-22.7736,,-33.59,,
396,,,,,,,,,,,,,-54.1354,,,,,-21.5191,,-32.53333333,,
395,,,,,,,,,,,,,-53.8901,,,,,-22.2996,,-33.91263158,,
394,,,,,,,,,,,,,-53.9282,,,,,-21.811,,-33.69,,
393,,,,,,,,,,,,,-53.41,,,,,-20.9494,,-34.42210526,,
392,,,,,,,,,,,,,-54.118,,,,,-22.3604,,-33.67952381,,
391,,,,,,,,,,,,,-54.0503,,,,,-21.9962,,-35.68631579,,
390,,,,,,,,,,,,,-54.0386,,,,,-21.6289,,-35.24190476,,
389,,,,,,,,,,,,,-53.8548,,,,,-20.4241,,-34.07473684,,
388,,,,,,,,,,,,,-53.7892,,,,,-20.8499,,-34.67380952,,
387,,,,,,,,,,,,,-54.1329,,,,,-21.412,,-33.38684211,,
386,,,,,,,,,,,,,-54.1184,,,,,-21.0959,,-32.07428571,,
385,,,,,,,,,,,,,-54.0605,,,,,-22.3291,,-32.35684211,,
384,,,,,,,,,,,,,-54.3759,,,,,-21.9938,,-32.63238095,,
383,,,,,,,,,,,,,-53.5466,,,,,-22.591,,-31.90947368,,
382,,,,,,,,,,,,,-52.7891,,,,,-23.568,,-33.42666667,,
381,,,,,,,,,,,,,-52.1566,,,,,-22.0892,,-33.91947368,,
380,,,,,,,,,,,,,-51.5289,,,,,-22.5124,,-32.65,,
379,,,,,,,,,,,,,-50.9011,,,,,-23.3283,,-34.00894737,,
378,,,,,,,,,,,,,-51.0894,,,,,-22.5604,,-32.80428571,,
377,,,,,,,,,,,,,-51.5007,,,,,-22.5465,,-32.66052632,,
376,,,,,,,,,,,,,-52.156,,,,,-22.4775,,-33.37904762,,
375,,,,,,,,,,,,,-52.5413,,,,,-21.7783,,-34.60526316,,
374,,,,,,,,,,,,,-52.6726,,,,,-22.2539,,-33.2252381,,
373,,,,,,,,,,,,,-52.7286,,,,,-21.723,,-34.44,,
372,,,,,,,,,,,,,-52.7846,,,,,-21.8985,,-33.30761905,,
371,,,,,,,,,,,,,-52.8406,,,,,-21.6867,,-31.27105263,,
370,,,,,,,,,,,,,-52.8966,,,,,-21.8671,,-31.88666667,,
369,,,,,,,,,,,,,-52.8914,,,,,-21.6811,,-32.16842105,,
368,,,,,,,,,,,,,-52.8424,,,,,-20.4684,,-33.02666667,,
367,,,,,,,,,,,,,-53.6208,,,,,-22.1225,,-33.88105263,,
366,,,,,,,,,,,,,-54.0683,,,,,-21.5676,,-34.35761905,,
365,,,,,,,,,,,,,-54.3169,,,,,-22.6024,,-33.61210526,,
364,,,,,,,,,,,,,-54.2785,,,,,-21.4171,,-35.50666667,,
363,,,,,,,,,,,,,-54.0889,,,,,-21.1478,,-35.50789474,,
362,,,,,,,,,,,,,-53.8864,,,,,-21.0814,,-34.53333333,,
361,,,,,,,,,,,,,-53.4713,,,,,-21.3628,,-33.33684211,,
360,,,,,,,,,,,,,-53.0609,,,,,-22.2924,,-36.2,,
359,,,,,,,,,,,,,-52.6171,,,,,-21.674,,-32.98052632,,
358,,,,,,,,,,,,,-52.584,,,,,-22.3317,,-32.53285714,,
357,,,,,,,,,,,,,-52.6648,,,,,-22.6939,,-33.33526316,,
356,,,,,,,,,,,,,-52.879,,,,,-21.7788,,-34.08809524,,
355,,,,,,,,,,,,,-53.2037,,,,,-21.8822,,-33.34526316,,
354,,,,,,,,,,,,,-53.1854,,,,,-20.8655,,-34.78380952,,
353,,,,,,,,,,,,,-52.9288,,,,,-22.7159,,-34.16263158,,
352,,,,,,,,,,,,,-52.2219,,,,,-21.7705,,-33.03952381,,
351,,,,,,,,,,,,,-52.3376,,,,,-22.6969,,-32.06894737,,
350,,,,,,,,,,,,,-52.8166,,,,,-23.1598,,-31.47285714,,
349,,,,,,,,,,,,,-52.9229,,,,,-21.6379,,-33.44263158,,
348,,,,,,,,,,,,,-53.0292,,,,,-21.1126,,-32.31,,
347,,,,,,,,,,,,,-53.463,,,,,-21.8375,,-32.08157895,,
346,,,,,,,,,,,,,-53.9837,,,,,-22.749,,-32.66571429,,
345,,,,,,,,,,,,,-54.3294,,,,,-20.9609,,-32.03947368,,
344,,,,,,,,,,,,,-54.7268,,,,,-22.4659,,-31.8052381,,
343,,,,,,,,,,,,,-54.6827,,,,,-22.0578,,-31.07842105,,
342,,,,,,,,,,,,,-54.5316,,,,,-22.8645,,-31.97952381,,
341,,,,,,,,,,,,,-54.3885,,,,,-22.324,,-33.36263158,,
340,,,,,,,,,,,,,-54.1172,,,,,-22.8905,,-32.82428571,,
339,,,,,,,,,,,,,-53.7542,,,,,-22.0672,,-33.62789474,,
338,,,,,,,,,,,,,-53.4243,,,,,-22.4091,,-32.41714286,,
337,,,,,,,,,,,,,-52.9273,,,,,-21.7235,,-33.17894737,,
336,,,,,,,,,,,,,-53.2694,,,,,-21.3464,,-35.7647619,,
335,,,,,,,,,,,,,-53.5054,,,,,-20.9803,,-35.01421053,,
334,,,,,,,,,,,,,-53.4691,,,,,-21.5813,,-31.93666667,,
333,,,,,,,,,,,,,-52.6158,,,,,-23.4649,,-33.97105263,,
332,,,,,,,,,,,,,-51.7624,,,,,-21.5617,,-34.42285714,,
331,,,,,,,,,,,,,-51.4959,,,,,-22.8659,,-34.27842105,,
330,,,,,,,,,,,,,-51.4952,,,,,-21.8826,,-32.5152381,,
329,,,,,,,,,,,,,-51.4549,,,,,-21.2802,,-32.49052632,,
328,,,,,,,,,,,,,-52.4711,,,,,-20.6725,,-34.22142857,,
327,,,,,,,,,,,,,-53.8132,,,,,-21.6048,,-34.13421053,,
326,,,,,,,,,,,,,-54.1074,,,,,-21.2655,,-33.53190476,,
325,,,,,,,,,,,,,-54.2835,,,,,-22.1084,,-32.66526316,,
324,,,,,,,,,,,,,-54.2946,,,,,-22.5804,,-32.10619048,,
323,,,,,,,,,,,,,-54.4005,,,,,-21.8009,,-32.23315789,,
322,,,,,,,,,,,,,-54.8413,,,,,-22.0111,,-33.24047619,,
321,,,,,,,,,,,,,-54.9633,,,,,-22.1195,,-34.77210526,,
320,,,,,,,,,,,,,-54.9651,,,,,-22.4639,,-34.01952381,,
319,,,,,,,,,,,,,-54.7732,,,,,-22.9264,,-33.71631579,,
318,,,,,,,,,,,,,-53.6694,,,,,-22.1292,,-32.18333333,,
317,,,,,,,,,,,,,-52.3748,,,,,-21.1902,,-32.61421053,,
316,,,,,,,,,,,,,-52.2117,,,,,-21.8097,,-35.12571429,,
315,,,,,,,,,,,,,-52.5967,,,,,-22.4059,,-32.63526316,,
314,,,,,,,,,,,,,-53.1604,,,,,-23.0075,,-33.15380952,,
313,,,,,,,,,,,,,-53.277,,,,,-22.2144,,-33.13789474,,
312,,,,,,,,,,,,,-52.8821,,,,,-21.8127,,-33.59619048,,
311,,,,,,,,,,,,,-52.6605,,,,,-21.5575,,-32.54631579,,
310,,,,,,,,,,,,,-52.501,,,,,-21.7995,,-33.46714286,,
309,,,,,,,,,,,,,-53.5263,,,,,-21.5314,,-32.04894737,,
308,,,,,,,,,,,,,-54.5411,,,,,-21.7056,,-32.85285714,,
307,,,,,,,,,,,,,-54.905,,,,,-23.8098,,-33.41684211,,
306,,,,,,,,,,,,,-54.7712,,,,,-24.213,,-33.49904762,,
305,,,,,,,,,,,,,-54.2794,,,,,-23.0393,,-33.12842105,,
304,,,,,,,,,,,,,-53.746,,,,,-20.8838,,-32.20047619,,
303,,,,,,,,,,,,,-53.2126,,,,,-22.3529,,-30.74842105,,
302,,,,,,,,,,,,,-52.898,,,,,-21.6283,,-33.85380952,,
301,,,,,,,,,,,,,-52.2627,,,,,-21.5271,,-33.59842105,,
300,,,,,,,,,,,,,-52.0706,,,,,-21.601,,-32.28619048,,
299,,,,,,,,,,,,,-53.031,,,,,-22.0051,,-31.95210526,,
298,,,,,,,,,,,,,-53.347,,,,,-21.3177,,-32.87952381,,
297,,,,,,,,,,,,,-53.7634,,,,,-22.397,,-35.29,,
296,,,,,,,,,,,,,-53.7557,,,,,-22.0026,,-36.61428571,,
295,,,,,,,,,,,,,-53.5409,,,,,-22.0764,,-35.27105263,,
294,,,,,,,,,,,,,-53.6159,,,,,-20.9265,,-33.83666667,,
293,,,,,,,,,,,,,-53.1518,,,,,-21.7384,,-31.65210526,,
292,,,,,,,,,,,,,-53.1109,,,,,-22.41,,-33.08,,
291,,,,,,,,,,,,,-53.1744,,,,,-22.2658,,-34.23789474,,
290,,,,,,,,,,,,,-53.2312,,,,,-20.9249,,-33.00619048,,
289,,,,,,,,,,,,,-53.3283,,,,,-22.1745,,-33.80421053,,
288,,,,,,,,,,,,,-53.6862,,,,,-23.4186,,-34.21,,
287,,,,,,,,,,,,,-53.8137,,,,,-22.3859,,-34.48105263,,
286,,,,,,,,,,,,,-54.3003,,,,,-23.6127,,-33.78190476,,
285,,,,,,,,,,,,,-54.8047,,,,,-23.0693,,-31.58789474,,
284,,,,,,,,,,,,,-55.3176,,,,,-22.0493,,-32.9847619,,
283,,,,,,,,,,,,,-55.7598,,,,,-22.1077,,-33.46052632,,
282,,,,,,,,,,,,,-55.5536,,,,,-22.0418,,-35.03380952,,
281,,,,,,,,,,,,,-55.2719,,,,,-23.2001,,-35.29894737,,
280,,,,,,,,,,,,,-54.7379,,,,,-22.7095,,-33.05238095,,
279,,,,,,,,,,,,,-54.1704,,,,,-21.5344,,-33.39421053,,
278,,,,,,,,,,,,,-53.591,,,,,-21.0078,,-33.86333333,,
277,,,,,,,,,,,,,-52.9727,,,,,-21.4344,,-33.11052632,,
276,,,,,,,,,,,,,-52.5798,,,,,-22.3737,,-34.28285714,,
275,,,,,,,,,,,,,-52.9218,,,,,-22.4026,,-33.63842105,,
274,,,,,,,,,,,,,-53.4518,,,,,-24.039,,-32.54666667,,
273,,,,,,,,,,,,,-54.0271,,,,,-22.3785,,-33.62526316,,
272,,,,,,,,,,,,,-54.651,,,,,-22.6797,,-33.41238095,,
271,,,,,,,,,,,,,-54.7704,,,,,-22.5414,,-33.25473684,,
270,,,,,,,,,,,,,-55.4681,,,,,-22.1054,,-30.60571429,,
269,,,,,,,,,,,,,-56.0766,,,,,-21.5375,,-31.87631579,,
268,,,,,,,,,,,,,-55.1547,,,,,-22.6786,,-32.97809524,,
267,,,,,,,,,,,,,-55.2334,,,,,-22.9978,,-34.05947368,,
266,,,,,,,,,,,,,-54.7869,,,,,-23.3145,,-33.82761905,,
265,,,,,,,,,,,,,-54.504,,,,,-21.9523,,-33.68947368,,
264,,,,,,,,,,,,,-54.3055,,,,,-22.2363,,-33.4447619,,
263,,,,,,,,,,,,,-53.9033,,,,,-21.7309,,-33.35631579,,
262,,,,,,,,,,,,,-53.5065,,,,,-21.6011,,-34.88809524,,
261,,,,,,,,,,,,,-53.5815,,,,,-21.3733,,-34.46789474,,
260,,,,,,,,,,,,,-53.577,,,,,-22.4855,,-34.6052381,,
259,,,,,,,,,,,,,-53.4227,,,,,-22.4255,,-33.36315789,,
258,,,,,,,,,,,,,-53.0759,,,,,-20.5838,,-33.5547619,,
257,,,,,,,,,,,,,-53.1574,,,,,-21.595,,-33.67578947,,
256,,,,,,,,,,,,,-53.9106,,,,,-22.6224,,-32.80666667,,
255,,,,,,,,,,,,,-54.5582,,,,,-22.9367,,-31.50315789,,
254,,,,,,,,,,,,,-55.7139,,,,,-22.6004,,-33.14142857,,
253,,,,,,,,,,,,,-56.2094,,,,,-21.8089,,-33.27947368,,
252,,,,,,,,,,,,,-56.3537,,,,,-22.3601,,-34.4547619,,
251,,,,,,,,,,,,,-56.2158,,,,,-22.4249,,-32.38789474,,
250,,,,,,,,,,,,,-56.1923,,,,,-22.2833,,-32.69714286,,
249,,,,,,,,,,,,,-55.9178,,,,,-21.3737,,-32.89526316,,
248,,,,,,,,,,,,,-55.6155,,,,,-21.3414,,-33.53619048,,
247,,,,,,,,,,,,,-55.3119,,,,,-21.2373,,-31.77947368,,
246,,,,,,,,,,,,,-54.9809,,,,,-20.974,,-33.83047619,,
245,,,,,,,,,,,,,-54.5031,,,,,-21.901,,-32.80789474,,
244,,,,,,,,,,,,,-53.9598,,,,,-21.7852,,-33.20857143,,
243,,,,,,,,,,,,,-52.7933,,,,,-22.4331,,-32.77947368,,
242,,,,,,,,,,,,,-52.3588,,,,,-22.7531,,-33.0052381,,
241,,,,,,,,,,,,,-52.3197,,,,,-22.6072,,-35.31789474,,
240,,,,,,,,,,,,,-53.4186,,,,,-22.5376,,-34.09809524,,
239,,,,,,,,,,,,,-54.8747,,,,,-21.6217,,-33.81526316,,
238,,,,,,,,,,,,,-55.2098,,,,,-22.5875,,-33.53285714,,
237,,,,,,,,,,,,,-54.9324,,,,,-22.1157,,-32.94947368,,
236,,,,,,,,,,,,,-54.3446,,,,,-23.3466,,-32.22142857,,
235,,,,,,,,,,,,,-53.5635,,,,,-23.2525,,-33.41421053,,
234,,,,,,,,,,,,,-52.9257,,,,,-23.3506,,-33.28238095,,
233,,,,,,,,,,,,,-52.2975,,,,,-22.2759,,-31.46631579,,
232,,,,,,,,,,,,,-52.0964,,,,,-21.4768,,-32.58666667,,
231,,,,,,,,,,,,,-52.5183,,,,,-23.4244,,-32.82368421,,
230,,,,,,,,,,,,,-52.8218,,,,,-21.9771,,-33.13428571,,
229,,,,,,,,,,,,,-53.2957,,,,,-21.6234,,-33.69789474,,
228,,,,,,,,,,,,,-53.2951,,,,,-21.7332,,-32.09,,
227,,,,,,,,,,,,,-53.3403,,,,,-22.4275,,-32.12368421,,
226,,,,,,,,,,,,,-53.1831,,,,,-21.6397,,-31.89904762,,
225,,,,,,,,,,,,,-53.6749,,,,,-22.7767,,-31.86526316,,
224,,,,,,,,,,,,,-54.4829,,,,,-21.4293,,-32.19142857,,
223,,,,,,,,,,,,,-55.4656,,,,,-22.6851,,-33.06684211,,
222,,,,,,,,,,,,,-55.1196,,,,,-22.0356,,-33.13952381,,
221,,,,,,,,,,,,,-54.0878,,,,,-23.009,,-31.96368421,,
220,,,,,,,,,,,,,-52.9926,,,,,-22.2085,,-31.85428571,,
219,,,,,,,,,,,,,-52.1669,,,,,-23.3444,,-33.24894737,,
218,,,,,,,,,,,,,-52.3556,,,,,-22.289,,-32.22190476,,
217,,,,,,,,,,,,,-53.004,,,,,-23.3804,,-32.37368421,,
216,,,,,,,,,,,,,-53.2994,,,,,-21.8103,,-34.1152381,,
215,,,,,,,,,,,,,-53.6375,,,,,-21.3681,,-33.59578947,,
214,,,,,,,,,,,,,-54.2892,,,,,-20.8517,,-34.14238095,,
213,,,,,,,,,,,,,-55.0047,,,,,-21.7015,,-31.20578947,,
212,,,,,,,,,,,,,-55.7086,,,,,-21.8969,,-31.19761905,,
211,,,,,,,,,,,,,-55.8135,,,,,-23.4352,,-33.04526316,,
210,,,,,,,,,,,,,-55.8814,,,,,-22.8235,,-31.82190476,,
209,,,,,,,,,,,,,-55.5012,,,,,-22.3184,,-32.46789474,,
208,,,,,,,,,,,,,-55.3391,,,,,-22.9797,,-33.76095238,,
207,,,,,,,,,,,,,-54.4813,,,,,-22.2408,,-33.02526316,,
206,,,,,,,,,,,,,-54.4688,,,,,-21.5707,,-31.77238095,,
205,,,,,,,,,,,,,-54.4606,,,,,-21.5221,,-32.05578947,,
204,,,,,,,,,,,,,-54.7067,,,,,-22.1882,,-32.73428571,,
203,,,,,,,,,,,,,-54.9299,,,,,-21.0767,,-33.43263158,,
202,,,,,,,,,,,,,-55.2908,,,,,-21.2913,,-33.96714286,,
201,,,,,,,,,,,,,-56.0173,,,,,-21.4672,,-32.96052632,,
200,,,,,,,,,,,,,-56.1506,,,,,-20.8864,,-33.65714286,,
199,,,,,,,,,,,,,-55.8876,,,,,-22.1354,,-33.50631579,,
198,,,,,,,,,,,,,-55.6837,,,,,-22.0912,,-33.3047619,,
197,,,,,,,,,,,,,-55.4871,,,,,-21.9606,,-33.92052632,,
196,,,,,,,,,,,,,-55.3266,,,,,-22.5528,,-33.7652381,,
195,,,,,,,,,,,,,-55.2641,,,,,-23.2099,,-33.05631579,,
194,,,,,,,,,,,,,-54.4066,,,,,-22.8822,,-32.7952381,,
193,,,,,,,,,,,,,-53.3849,,,,,-21.9564,,-34.62947368,,
192,,,,,,,,,,,,,-53.2203,,,,,-22.5939,,-33.0547619,,
191,,,,,,,,,,,,,-53.7774,,,,,-22.0912,,-33.95105263,,
190,,,,,,,,,,,,,-54.3308,,,,,-22.5821,,-34.64428571,,
189,,,,,,,,,,,,,-54.5746,,,,,-22.2265,,-34.26631579,,
188,,,,,,,,,,,,,-54.7008,,,,,-22.6234,,-32.95571429,,
187,,,,,,,,,,,,,-54.6549,,,,,-22.0504,,-33.24315789,,
186,,,,,,,,,,,,,-54.7634,,,,,-22.8845,,-33.00809524,,
185,,,,,,,,,,,,,-54.8891,,,,,-22.2899,,-32.91210526,,
184,,,,,,,,,,,,,-54.9694,,,,,-22.006,,-33.56238095,,
183,,,,,,,,,,,,,-54.9048,,,,,-20.6845,,-34.05105263,,
182,,,,,,,,,,,,,-54.8372,,,,,-20.3104,,-33.8252381,,
181,,,,,,,,,,,,,-54.6775,,,,,-21.2045,,-34.70578947,,
180,,,,,,,,,,,,,-53.4121,,,,,-20.7774,,-34.64857143,,
179,,,,,,,,,,,,,-52.1805,,,,,-22.6154,,-34.29526316,,
178,,,,,,,,,,,,,-51.385,,,,,-22.405,,-33.94666667,,
177,,,,,,,,,,,,,-50.6278,,,,,-22.5961,,-34.27315789,,
176,,,,,,,,,,,,,-50.9725,,,,,-22.5868,,-33.36238095,,
175,,,,,,,,,,,,,-51.5882,,,,,-21.8451,,-33.75210526,,
174,,,,,,,,,,,,,-52.2005,,,,,-22.8067,,-32.54857143,,
173,,,,,,,,,,,,,-52.8835,,,,,-23.1218,,-33.20842105,,
172,,,,,,,,,,,,,-53.5705,,,,,,,-32.81,,
171,,,,,,,,,,,,,-53.7646,,,,,,,-32.80684211,,
170,,,,,,,,,,,,,-53.8805,,,,,,,-33.24,,
169,,,,,,,,,,,,,-53.9964,,,,,,,-33.29526316,,
168,,,,,,,,,,,,,-53.3624,,,,,,,-34.19904762,,
167,,,,,,,,,,,,,-53.047,,,,,,,-34.96631579,,
166,,,,,,,,,,,,,-53.1372,,,,,,,-33.89333333,,
165,,,,,,,,,,,,,-53.0221,,,,,,,-31.99473684,,
164,,,,,,,,,,,,,-52.8746,,,,,,,-34.02285714,,
163,,,,,,,,,,,,,-53.0157,,,,,,,-33.13526316,,
162,,,,,,,,,,,,,-53.5087,,,,,,,-32.39047619,,
161,,,,,,,,,,,,,-53.9705,,,,,,,-31.09473684,,
160,,,,,,,,,,,,,-54.5954,,,,,,,-33.03333333,,
159,,,,,,,,,,,,,-54.1087,,,,,,,-31.85684211,,
158,,,,,,,,,,,,,-53.5222,,,,,,,-31.15904762,,
157,,,,,,,,,,,,,-53.5601,,,,,,,-32.49789474,,
156,,,,,,,,,,,,,-53.6558,,,,,,,-32.48238095,,
155,,,,,,,,,,,,,-53.9391,,,,,,,-32.72578947,,
154,,,,,,,,,,,,,-53.938,,,,,,,-32.2252381,,
153,,,,,,,,,,,,,-53.4936,,,,,,,-33.36894737,,
152,,,,,,,,,,,,,-53.0621,,,,,,,-32.66238095,,
151,,,,,,,,,,,,,-52.8915,,,,,,,-34.23684211,,
150,,,,,,,,,,,,,-52.4291,,,,,,,-34.79333333,,
149,,,,,,,,,,,,,-53.1207,,,,,,,-33.23052632,,
148,,,,,,,,,,,,,-53.6117,,,,,,,-32.22095238,,
147,,,,,,,,,,,,,-53.7884,,,,,,,-32.74368421,,
146,,,,,,,,,,,,,-54.1088,,,,,,,-33.64619048,,
145,,,,,,,,,,,,,-54.0586,,,,,,,-34.16736842,,
144,,,,,,,,,,,,,-53.6998,,,,,,,-32.5847619,,
143,,,,,,,,,,,,,-53.3065,,,,,,,-32.41578947,,
142,,,,,,,,,,,,,-53.2341,,,,,,,-32.86047619,,
141,,,,,,,,,,,,,-53.9194,,,,,,,-32.02842105,,
140,,,,,,,,,,,,,-54.4322,,,,,,,-32.57142857,,
139,,,,,,,,,,,,,-54.6952,,,,,,,-33.54210526,,
138,,,,,,,,,,,,,-55.1332,,,,,,,-32.73,,
137,,,,,,,,,,,,,-55.5712,,,,,,,-32.65684211,,
136,,,,,,,,,,,,,-55.2117,,,,,,,-34.44428571,,
135,,,,,,,,,,,,,-54.5886,,,,,,,-32.27315789,,
134,,,,,,,,,,,,,-54.3253,,,,,,,-33.79952381,,
133,,,,,,,,,,,,,-54.1401,,,,,,,-33.69684211,,
132,,,,,,,,,,,,,-54.07,,,,,,,-32.80809524,,
131,,,,,,,,,,,,,-54.3677,,,,,,,-33.07052632,,
130,,,,,,,,,,,,,-54.8052,,,,,,,-32.71142857,,
129,,,,,,,,,,,,,-54.8791,,,,,,,-32.75684211,,
128,,,,,,,,,,,,,-55.0124,,,,,,,-33.72190476,,
127,,,,,,,,,,,,,-54.6636,,,,,,,-34.68157895,,
126,,,,,,,,,,,,,-54.1679,,,,,,,-31.8047619,,
125,,,,,,,,,,,,,-53.1479,,,,,,,-32.95157895,,
124,,,,,,,,,,,,,-52.4697,,,,,,,-34.02190476,,
123,,,,,,,,,,,,,-52.0073,,,,,,,-34.65368421,,
122,,,,,,,,,,,,,-52.1857,,,,,,,-34.26380952,,
121,,,,,,,,,,,,,-52.6676,,,,,,,-33.92947368,,
120,,,,,,,,,,,,,-53.4573,,,,,,,-32.84571429,,
119,,,,,,,,,,,,,-54.4034,,,,,,,-33.18105263,,
118,,,,,,,,,,,,,-55.3303,,,,,,,-32.05047619,,
117,,,,,,,,,,,,,-55.3648,,,,,,,-34.27157895,,
116,,,,,,,,,,,,,-55.5496,,,,,,,-33.89571429,,
115,,,,,,,,,,,,,-55.5919,,,,,,,-34.37473684,,
114,,,,,,,,,,,,,-55.4165,,,,,,,-33.16142857,,
113,,,,,,,,,,,,,-55.2989,,,,,,,-33.02052632,,
112,,,,,,,,,,,,,-55.0427,,,,,,,-32.82380952,,
111,,,,,,,,,,,,,-54.5097,,,,,,,-31.16578947,,
110,,,,,,,,,,,,,-53.9165,,,,,,,-34.47952381,,
109,,,,,,,,,,,,,-54.03,,,,,,,-34.65315789,,
108,,,,,,,,,,,,,-53.9256,,,,,,,-33.96047619,,
107,,,,,,,,,,,,,-53.8557,,,,,,,-32.49315789,,
106,,,,,,,,,,,,,-54.16,,,,,,,-34.22904762,,
105,,,,,,,,,,,,,-54.6135,,,,,,,-31.84263158,,
104,,,,,,,,,,,,,-55.054,,,,,,,-32.5152381,,
103,,,,,,,,,,,,,-55.4533,,,,,,,-33.01421053,,
102,,,,,,,,,,,,,-55.9804,,,,,,,-31.79238095,,
101,,,,,,,,,,,,,-56.545,,,,,,,-33.12473684,,
100,,,,,,,,,,,,,-56.8103,,,,,,,-31.81571429,,
99,,,,,,,,,,,,,-56.8853,,,,,,,-33.75631579,,
98,,,,,,,,,,,,,-56.5593,,,,,,,-34.50047619,,
97,,,,,,,,,,,,,-56.3641,,,,,,,-33.38894737,,
96,,,,,,,,,,,,,-56.2043,,,,,,,-32.44857143,,
95,,,,,,,,,,,,,-55.9598,,,,,,,-31.49684211,,
94,,,,,,,,,,,,,-56.4602,,,,,,,-31.69333333,,
93,,,,,,,,,,,,,-56.7545,,,,,,,-32.73,,
92,,,,,,,,,,,,,-56.3382,,,,,,,-32.95761905,,
91,,,,,,,,,,,,,-55.8154,,,,,,,-34.04421053,,
90,,,,,,,,,,,,,-55.3129,,,,,,,-32.12761905,,
89,,,,,,,,,,,,,-55.2322,,,,,,,-32.49526316,,
88,,,,,,,,,,,,,-55.24,,,,,,,-32.4452381,,
87,,,,,,,,,,,,,-55.2347,,,,,,,-31.00368421,,
86,,,,,,,,,,,,,-55.1325,,,,,,,-33.21857143,,
85,,,,,,,,,,,,,-54.9149,,,,,,,-33.79578947,,
84,,,,,,,,,,,,,-54.9241,,,,,,,-35.55904762,,
83,,,,,,,,,,,,,-53.4529,,,,,,,-32.70684211,,
82,,,,,,,,,,,,,-51.84,,,,,,,-31.80714286,,
81,,,,,,,,,,,,,-51.5898,,,,,,,-32.78157895,,
80,,,,,,,,,,,,,-51.3723,,,,,,,-30.53238095,,
79,,,,,,,,,,,,,-51.9805,,,,,,,-33.99736842,,
78,,,,,,,,,,,,,-52.5547,,,,,,,-33.24666667,,
77,,,,,,,,,,,,,-53.264,,,,,,,-33.53789474,,
76,,,,,,,,,,,,,-54.3848,,,,,,,-32.10761905,,
75,,,,,,,,,,,,,-55.2709,,,,,,,-32.14,,
74,,,,,,,,,,,,,-55.9414,,,,,,,-32.18857143,,
73,,,,,,,,,,,,,-55.9615,,,,,,,-32.23684211,,
72,,,,,,,,,,,,,-55.7052,,,,,,,-32.2852381,,
71,,,,,,,,,,,,,-55.8435,,,,,,,-32.33157895,,
70,,,,,,,,,,,,,-55.5867,,,,,,,-31.79857143,,
69,,,,,,,,,,,,,-55.2734,,,,,,,-31.57263158,,
68,,,,,,,,,,,,,-54.8882,,,,,,,-33.86904762,,
67,,,,,,,,,,,,,-54.74,,,,,,,-32.44210526,,
66,,,,,,,,,,,,,-54.8711,,,,,,,-32.67142857,,
65,,,,,,,,,,,,,-55.1717,,,,,,,-33.94894737,,
64,,,,,,,,,,,,,-55.5649,,,,,,,-33.07809524,,
63,,,,,,,,,,,,,-55.2427,,,,,,,-33.74263158,,
62,,,,,,,,,,,,,-55.3611,,,,,,,-32.04047619,,
61,,,,,,,,,,,,,-55.5665,,,,,,,-31.90210526,,
60,,,,,,,,,,,,,-54.8452,,,,,,,-31.64380952,,
59,,,,,,,,,,,,,-54.1572,,,,,,,-30.85473684,,
58,,,,,,,,,,,,,-53.3397,,,,,,,-32.2347619,,
57,,,,,,,,,,,,,-52.6948,,,,,,,-33.38105263,,
56,,,,,,,,,,,,,-52.3959,,,,,,,-31.79619048,,
55,,,,,,,,,,,,,-52.2068,,,,,,,-31.34947368,,
54,,,,,,,,,,,,,-52.7036,,,,,,,-32.40095238,,
53,,,,,,,,,,,,,-52.938,,,,,,,-32.73421053,,
52,,,,,,,,,,,,,-53.1193,,,,,,,-34.47761905,,
51,,,,,,,,,,,,,-54.0203,,,,,,,-34.15842105,,
50,,,,,,,,,,,,,-55.8427,,,,,,,-33.65047619,,
49,,,,,,,,,,,,,-56.2609,,,,,,,-35.23842105,,
48,,,,,,,,,,,,,-54.9589,,,,,,,-33.9547619,,
47,,,,,,,,,,,,,-54.67,,,,,,,-33.26578947,,
46,,,,,,,,,,,,,-55.463,,,,,,,-32.53714286,,
45,,,,,,,,,,,,,-56.3145,,,,,,,-32.91684211,,
44,,,,,,,,,,,,,-56.9975,,,,,,,-32.96380952,,
43,,,,,,,,,,,,,-57.1053,,,,,,,-32.35842105,,
42,,,,,,,,,,,,,-56.4336,,,,,,,-31.98380952,,
41,,,,,,,,,,,,,-55.9106,,,,,,,-31.75157895,,
40,,,,,,,,,,,,,-55.7256,,,,,,,-30.94761905,,
39,,,,,,,,,,,,,-55.3409,,,,,,,-32.94368421,,
38,,,,,,,,,,,,,-54.9562,,,,,,,-33.50285714,,
37,,,,,,,,,,,,,-54.8308,,,,,,,-32.18578947,,
36,,,,,,,,,,,,,-54.8474,,,,,,,-32.2447619,,
35,,,,,,,,,,,,,-55.2429,,,,,,,-33.17947368,,
34,,,,,,,,,,,,,-55.4319,,,,,,,-32.08380952,,
33,,,,,,,,,,,,,-55.5769,,,,,,,-32.41736842,,
32,,,,,,,,,,,,,-55.3447,,,,,,,-33.06142857,,
31,,,,,,,,,,,,,-54.6992,,,,,,,-33.26578947,,
30,,,,,,,,,,,,,-54.798,,,,,,,-34.28714286,,
29,,,,,,,,,,,,,-54.6034,,,,,,,-35.33368421,,
28,,,,,,,,,,,,,-53.9463,,,,,,,-31.93190476,,
27,,,,,,,,,,,,,-53.3201,,,,,,,-32.84105263,,
26,,,,,,,,,,,,,-52.2055,,,,,,,-33.60047619,,
25,,,,,,,,,,,,,-52.0887,,,,,,,-31.94368421,,
24,,,,,,,,,,,,,-52.5418,,,,,,,-32.53380952,,
23,,,,,,,,,,,,,-52.9867,,,,,,,-33.34105263,,
22,,,,,,,,,,,,,-54.0397,,,,,,,-32.97,,
21,,,,,,,,,,,,,-54.6264,,,,,,,-34.25842105,,
20,,,,,,,,,,,,,-55.2519,,,,,,,-34.05285714,,
19,,,,,,,,,,,,,-55.8556,,,,,,,-31.32263158,,
18,,,,,,,,,,,,,-55.9891,,,,,,,-32.9047619,,
17,,,,,,,,,,,,,-55.5909,,,,,,,-33.60631579,,
16,,,,,,,,,,,,,-55.6985,,,,,,,-32.2247619,,
15,,,,,,,,,,,,,-56.4476,,,,,,,-31.53947368,,
14,,,,,,,,,,,,,-56.7124,,,,,,,-34.78333333,,
13,,,,,,,,,,,,,-56.3959,,,,,,,-32.67421053,,
12,,,,,,,,,,,,,-55.7553,,,,,,,-32.43952381,,
11,,,,,,,,,,,,,-55.2336,,,,,,,-32.91631579,,
10,,,,,,,,,,,,,-55.3339,,,,,,,-32.18,,
9,,,,,,,,,,,,,-54.651,,,,,,,-35.22684211,,
8,,,,,,,,,,,,,-54.7523,,,,,,,-34.97285714,,
7,,,,,,,,,,,,,-54.9407,,,,,,,-34.32736842,,
6,,,,,,,,,,,,,-55.266,,,,,,,-34.37095238,,
5,,,,,,,,,,,,,-55.4062,,,,,,,-35.05526316,,
4,,,,,,,,,,,,,-54.5326,,,,,,,-34.68857143,,
3,,,,,,,,,,,,,-53.4981,,,,,,,-33.26421053,,
2,,,,,,,,,,,,,-53.6778,,,,,,,-35.5252381,,
1,,,,,,,,,,,,,,,,,,,,-34.40157895,,
0,,,,,,,,,,,,,,,,,,,,-34.2447619,,
-1,,,,,,,,,,,,,,,,,,,,-34.56421053,,
-2,,,,,,,,,,,,,,,,,,,,-34.15761905,,
-3,,,,,,,,,,,,,,,,,,,,-33.92526316,,
-4,,,,,,,,,,,,,,,,,,,,-31.94666667,,
-5,,,,,,,,,,,,,,,,,,,,-31.91,,
-6,,,,,,,,,,,,,,,,,,,,-34.85904762,,
-7,,,,,,,,,,,,,,,,,,,,-33.25368421,,
-8,,,,,,,,,,,,,,,,,,,,-34.24571429,,
-9,,,,,,,,,,,,,,,,,,,,-34.91631579,,
-10,,,,,,,,,,,,,,,,,,,,-32.09380952,,
-11,,,,,,,,,,,,,,,,,,,,-32.74421053,,
-12,,,,,,,,,,,,,,,,,,,,-34.19142857,,
-13,,,,,,,,,,,,,,,,,,,,-32.86210526,,
-14,,,,,,,,,,,,,,,,,,,,-33.14857143,,
-15,,,,,,,,,,,,,,,,,,,,-32.26631579,,
-16,,,,,,,,,,,,,,,,,,,,-33.36809524,,
-17,,,,,,,,,,,,,,,,,,,,-33.82631579,,
-18,,,,,,,,,,,,,,,,,,,,-34.4652381,,
-19,,,,,,,,,,,,,,,,,,,,-31.63894737,,
-20,,,,,,,,,,,,,,,,,,,,-31.74190476,,
-21,,,,,,,,,,,,,,,,,,,,-32.83263158,,
-22,,,,,,,,,,,,,,,,,,,,-31.83238095,,
-23,,,,,,,,,,,,,,,,,,,,-32.86578947,,
-24,,,,,,,,,,,,,,,,,,,,-32.58571429,,
-25,,,,,,,,,,,,,,,,,,,,-31.92368421,,
-26,,,,,,,,,,,,,,,,,,,,-31.92238095,,
-27,,,,,,,,,,,,,,,,,,,,-32.57842105,,
-28,,,,,,,,,,,,,,,,,,,,-32.79857143,,
-29,,,,,,,,,,,,,,,,,,,,-33.44631579,,
-30,,,,,,,,,,,,,,,,,,,,-32.38904762,,
-31,,,,,,,,,,,,,,,,,,,,-32.70789474,,
-32,,,,,,,,,,,,,,,,,,,,-32.80619048,,
-33,,,,,,,,,,,,,,,,,,,,-33.55,,
-34,,,,,,,,,,,,,,,,,,,,-33.42761905,,
-35,,,,,,,,,,,,,,,,,,,,-32.60473684,,
-36,,,,,,,,,,,,,,,,,,,,-32.72666667,,
-37,,,,,,,,,,,,,,,,,,,,-33.09157895,,
-38,,,,,,,,,,,,,,,,,,,,-34.96904762,,
-39,,,,,,,,,,,,,,,,,,,,-34.15842105,,
-40,,,,,,,,,,,,,,,,,,,,-31.68333333,,
-41,,,,,,,,,,,,,,,,,,,,-32.27421053,,
-42,,,,,,,,,,,,,,,,,,,,-32.61333333,,
-43,,,,,,,,,,,,,,,,,,,,-34.75105263,,
-44,,,,,,,,,,,,,,,,,,,,-32.35761905,,
-45,,,,,,,,,,,,,,,,,,,,-33.39842105,,
-46,,,,,,,,,,,,,,,,,,,,-34.50047619,,
-47,,,,,,,,,,,,,,,,,,,,-34.18631579,,
-48,,,,,,,,,,,,,,,,,,,,-34.73238095,,
-49,,,,,,,,,,,,,,,,,,,,-33.68421053,,
-50,,,,,,,,,,,,,,,,,,,,-34.21363636,,
